family	id	kind	label	status	aot	run	interpret	diagnostic_codes	authority_links	sandbox_links	source_evidence	implementation_evidence	fixture_evidence	projection_evidence	intended_difference	runtime_comparison	runtime_aot	runtime_run	runtime_interpret
diagnostic	diagnostic:E0031	diagnostic	Teaching: `unsafe` / C-style FFI → `extern rust` (S50)	active					authority:application-boundary,authority:canonical-holds,authority:package-guarantees,authority:unsafe-policy	sandbox:sentry-fenced-scope	crates/jet-codegen/src/Prelude/Diagnostics.jet:37	crates/jet-cli/src/CLI.rs:79;crates/jet-foundation/src/Syntax/core_surface.rs:611;crates/jet-parser/src/Parser/Items/imports_policy.rs:791;crates/jet-parser/src/Parser/mod.rs:362	MISSING: no fixture reference for E0031	crates/jet-cli/src/CLI.rs:79;crates/jet-foundation/src/Syntax/core_surface.rs:611;crates/jet-parser/src/Parser/Items/imports_policy.rs:791;crates/jet-parser/src/Parser/mod.rs:362					
diagnostic	diagnostic:E0055	diagnostic	Teaching: `#Audit("…")` retired → reason is now the argument of `#Unsafe("…")` (D-UNSAFE2)	retired					authority:application-boundary,authority:canonical-holds,authority:package-guarantees,authority:unsafe-policy	sandbox:sentry-fenced-scope	crates/jet-codegen/src/Prelude/Diagnostics.jet:61	crates/jet-foundation/src/Syntax/core_surface.rs:422;crates/jet-foundation/src/Syntax/math_layout.rs:644;crates/jet-parser/src/Parser/mod.rs:366;crates/jet-parser/src/Parser/Statements/control.rs:960;crates/jet-parser/src/Parser/Statements/control.rs:964;crates/jet-parser/src/Parser/Statements/control.rs:983	MISSING: no fixture reference for E0055	crates/jet-foundation/src/Syntax/core_surface.rs:422;crates/jet-foundation/src/Syntax/math_layout.rs:644;crates/jet-parser/src/Parser/mod.rs:366;crates/jet-parser/src/Parser/Statements/control.rs:960;crates/jet-parser/src/Parser/Statements/control.rs:964;crates/jet-parser/src/Parser/Statements/control.rs:983					
diagnostic	diagnostic:E0066	diagnostic	Retired function effect syntax; use `-[Effects]>` or `-[]>` (D-SHAPE8, D-ARROW-RESPELL1)	retired					authority:application-boundary,authority:canonical-holds		crates/jet-codegen/src/Prelude/Diagnostics.jet:71	crates/jet-parser/src/Parser/Items/functions_params.rs:743;crates/jet-parser/src/Parser/mod.rs:369;crates/jet-parser/src/Parser/mod.rs:2079	tests/diagnostics_coverage.rs:1429;tests/effects.rs:504	crates/jet-parser/src/Parser/Items/functions_params.rs:743;crates/jet-parser/src/Parser/mod.rs:369;crates/jet-parser/src/Parser/mod.rs:2079					
diagnostic	diagnostic:E0068	diagnostic	Retired callable result shape; put the return type before the body arrow (D-SIG-SHAPE1=B)	retired					authority:application-boundary,authority:canonical-holds		crates/jet-codegen/src/Prelude/Diagnostics.jet:73	crates/jet-parser/src/Formatter/mod.rs:2244;crates/jet-parser/src/Parser/Items/functions_params.rs:754;crates/jet-parser/src/Parser/mod.rs:370;crates/jet-parser/src/Parser/mod.rs:2078;crates/jet-parser/src/Parser/mod.rs:2080	MISSING: no fixture reference for E0068	crates/jet-parser/src/Formatter/mod.rs:2244;crates/jet-parser/src/Parser/Items/functions_params.rs:754;crates/jet-parser/src/Parser/mod.rs:370;crates/jet-parser/src/Parser/mod.rs:2078;crates/jet-parser/src/Parser/mod.rs:2080					
diagnostic	diagnostic:E0070	diagnostic	A callable, arm, or lambda uses a retired arrow; use `->` (D-ARROW-RESPELL1=A)	retired					authority:application-boundary,authority:canonical-holds		crates/jet-codegen/src/Prelude/Diagnostics.jet:74	crates/jet-parser/src/Formatter/mod.rs:2244;crates/jet-parser/src/lib.rs:383;crates/jet-parser/src/Parser/Items/functions_params.rs:766;crates/jet-parser/src/Parser/mod.rs:371;crates/jet-parser/src/Parser/mod.rs:2081;crates/jet-parser/src/Parser/mod.rs:2082	tests/dev_parts/routine.rs:4768	crates/jet-parser/src/Formatter/mod.rs:2244;crates/jet-parser/src/lib.rs:383;crates/jet-parser/src/Parser/Items/functions_params.rs:766;crates/jet-parser/src/Parser/mod.rs:371;crates/jet-parser/src/Parser/mod.rs:2081;crates/jet-parser/src/Parser/mod.rs:2082					
diagnostic	diagnostic:E0071	diagnostic	Retired effect-only result-arrow teaching (D-ONELINE-BODY1=B; was D-ARROW-CONTROL1)	retired					authority:application-boundary,authority:canonical-holds		crates/jet-codegen/src/Prelude/Diagnostics.jet:75	MISSING: no implementation reference for E0071	tests/diagnostics_coverage.rs:2034	MISSING: no projection reference for E0071					
diagnostic	diagnostic:E0073	diagnostic	A collecting loop path produces no item or `()` (D-LOOPEVAL1)	active					authority:application-boundary,authority:canonical-holds		crates/jet-codegen/src/Prelude/Diagnostics.jet:77	crates/jet-parser/src/Parser/Statements/control.rs:336;crates/jet-parser/src/Parser/Statements/control.rs:349;crates/jet-sema/src/Sema/CheckerCore/statements.rs:2026;crates/jet-sema/src/Sema/CheckerInfer/calls/lambdas.rs:893;crates/jet-sema/src/Sema/CheckerInfer/calls/lambdas.rs:914	MISSING: no fixture reference for E0073	crates/jet-parser/src/Parser/Statements/control.rs:336;crates/jet-parser/src/Parser/Statements/control.rs:349;crates/jet-sema/src/Sema/CheckerCore/statements.rs:2026;crates/jet-sema/src/Sema/CheckerInfer/calls/lambdas.rs:893;crates/jet-sema/src/Sema/CheckerInfer/calls/lambdas.rs:914					
diagnostic	diagnostic:E0076	diagnostic	Ordinary-loop exits omit a result or use incompatible payload types (D-LOOPSTATE1)	active					authority:application-boundary,authority:canonical-holds		crates/jet-codegen/src/Prelude/Diagnostics.jet:80	crates/jet-sema/src/Sema/CheckerCore/statements.rs:269;crates/jet-sema/src/Sema/CheckerCore/statements.rs:317	MISSING: no fixture reference for E0076	crates/jet-sema/src/Sema/CheckerCore/statements.rs:269;crates/jet-sema/src/Sema/CheckerCore/statements.rs:317					
diagnostic	diagnostic:E0077	diagnostic	The retired Grant scope marker was used (D-AUTHORITY-SCOPE1, D-ONCE-RETIRE1)	retired					authority:application-boundary,authority:build-capabilities,authority:canonical-holds,authority:manifest-holds-allow,authority:manifest-holds-deny		crates/jet-codegen/src/Prelude/Diagnostics.jet:81	crates/jet-foundation/src/Syntax/retirements.rs:267;crates/jet-parser/src/Parser/mod.rs:373;crates/jet-parser/src/Parser/mod.rs:2087;crates/jet-parser/src/Parser/mod.rs:2116;crates/jet-parser/src/Parser/mod.rs:2120;crates/jet-parser/src/Parser/Statements/control.rs:1418	MISSING: no fixture reference for E0077	crates/jet-foundation/src/Syntax/retirements.rs:267;crates/jet-parser/src/Parser/mod.rs:373;crates/jet-parser/src/Parser/mod.rs:2087;crates/jet-parser/src/Parser/mod.rs:2116;crates/jet-parser/src/Parser/mod.rs:2120;crates/jet-parser/src/Parser/Statements/control.rs:1418					
diagnostic	diagnostic:E0079	diagnostic	Effect-only loop uses a result exit (D-LOOPSTATE1)	active					authority:application-boundary,authority:canonical-holds		crates/jet-codegen/src/Prelude/Diagnostics.jet:83	crates/jet-sema/src/Sema/CheckerCore/statements.rs:257	MISSING: no fixture reference for E0079	crates/jet-sema/src/Sema/CheckerCore/statements.rs:257					
diagnostic	diagnostic:E0119	diagnostic	Unknown type name	active					authority:application-boundary,authority:canonical-holds		crates/jet-codegen/src/Prelude/Diagnostics.jet:115	crates/jet-foundation/src/Syntax/retirements.rs:49;crates/jet-foundation/src/Traits.rs:1526;crates/jet-parser/src/Parser/Expressions/lambdas.rs:189;crates/jet-parser/src/Parser/Items/functions_params.rs:609;crates/jet-parser/src/Parser/Items/functions_params.rs:688;crates/jet-parser/src/Parser/mod.rs:951;crates/jet-parser/src/Parser/mod.rs:962;crates/jet-parser/src/Parser/mod.rs:971;crates/jet-parser/src/Parser/Statements/control.rs:1316;crates/jet-parser/src/Parser/Types.rs:956;crates/jet-parser/src/Parser/Types.rs:1484;crates/jet-sema/src/Sema/Bundle.rs:329;crates/jet-sema/src/Sema/Bundle.rs:332;crates/jet-sema/src/Sema/Bundle/GenericModules.rs:2818;crates/jet-sema/src/Sema/CheckerCore/statements.rs:3217;crates/jet-sema/src/Sema/CheckerCore/type_assign.rs:307;crates/jet-sema/src/Sema/CheckerCore/type_assign.rs:332;crates/jet-sema/src/Sema/CheckerCore/type_assign.rs:358;crates/jet-sema/src/Sema/CheckerCore/type_assign.rs:427;crates/jet-sema/src/Sema/CheckerCore/type_assign.rs:458;crates/jet-sema/src/Sema/CheckerCore/type_assign.rs:514;crates/jet-sema/src/Sema/CheckerCore/type_assign.rs:602;crates/jet-sema/src/Sema/CheckerCore/type_assign.rs:622;crates/jet-sema/src/Sema/CheckerCore/type_assign.rs:645	examples/features/web/ui_showcase.jet:21;tests/effect_roots.rs:102;tests/effect_roots.rs:103;tests/effects.rs:385;tests/effects.rs:391;tests/effects.rs:392;tests/effects.rs:674;tests/effects.rs:683;tests/effects.rs:684;tests/effects.rs:938;tests/effects.rs:951;tests/effects.rs:952;tests/effects.rs:1660;tests/effects.rs:1670;tests/effects.rs:1671;tests/effects.rs:1676;tests/fact_reads.rs:125;tests/fact_reads.rs:366;tests/gen_errors.rs:174;tests/gen_errors.rs:195;tests/generics.rs:858;tests/generics.rs:859;tests/generics.rs:886;tests/generics.rs:887	crates/jet-foundation/src/Syntax/retirements.rs:49;crates/jet-foundation/src/Traits.rs:1526;crates/jet-parser/src/Parser/Expressions/lambdas.rs:189;crates/jet-parser/src/Parser/Items/functions_params.rs:609;crates/jet-parser/src/Parser/Items/functions_params.rs:688;crates/jet-parser/src/Parser/mod.rs:951;crates/jet-parser/src/Parser/mod.rs:962;crates/jet-parser/src/Parser/mod.rs:971;crates/jet-parser/src/Parser/Statements/control.rs:1316;crates/jet-parser/src/Parser/Types.rs:956;crates/jet-parser/src/Parser/Types.rs:1484;crates/jet-sema/src/Sema/Bundle.rs:329;crates/jet-sema/src/Sema/Bundle.rs:332;crates/jet-sema/src/Sema/Bundle/GenericModules.rs:2818;crates/jet-sema/src/Sema/CheckerCore/statements.rs:3217;crates/jet-sema/src/Sema/CheckerCore/type_assign.rs:307;crates/jet-sema/src/Sema/CheckerCore/type_assign.rs:332;crates/jet-sema/src/Sema/CheckerCore/type_assign.rs:358;crates/jet-sema/src/Sema/CheckerCore/type_assign.rs:427;crates/jet-sema/src/Sema/CheckerCore/type_assign.rs:458;crates/jet-sema/src/Sema/CheckerCore/type_assign.rs:514;crates/jet-sema/src/Sema/CheckerCore/type_assign.rs:602;crates/jet-sema/src/Sema/CheckerCore/type_assign.rs:622;crates/jet-sema/src/Sema/CheckerCore/type_assign.rs:645					
diagnostic	diagnostic:E0138	diagnostic	An operation used on a nominal `distinct` type whose operation bundles don't grant it (D-CAPBUNDLE1)	active					authority:application-boundary,authority:build-capabilities,authority:canonical-holds,authority:manifest-holds-allow,authority:manifest-holds-deny		crates/jet-codegen/src/Prelude/Diagnostics.jet:130	crates/jet-sema/src/Sema/Diagnostics.rs:1721;crates/jet-sema/src/Sema/mod.rs:702	examples/features/types/capability_bundles.jet:22;tests/fuzz/sema/differential/ex_types_capability_bundles.jet:22	crates/jet-sema/src/Sema/Diagnostics.rs:1721;crates/jet-sema/src/Sema/mod.rs:702					
diagnostic	diagnostic:E0139	diagnostic	A `#Pre`/`#Post` contract condition uses an effect (D-PREPOST1)	active					authority:application-boundary,authority:canonical-holds		crates/jet-codegen/src/Prelude/Diagnostics.jet:131	crates/jet-sema/src/Sema/Diagnostics.rs:1739;crates/jet-sema/src/Sema/Registration.rs:575	MISSING: no fixture reference for E0139	crates/jet-sema/src/Sema/Diagnostics.rs:1739;crates/jet-sema/src/Sema/Registration.rs:575					
diagnostic	diagnostic:E0143	diagnostic	`consume` of a `#SingleUse` value outside an `#Unsafe("reason")` region/fn — the audited deliberate-discard hatch (D-LIN1-DROP/D-DROP-WORD1)	active					authority:application-boundary,authority:canonical-holds,authority:package-guarantees,authority:unsafe-policy	sandbox:sentry-fenced-scope	crates/jet-codegen/src/Prelude/Diagnostics.jet:135	crates/jet-foundation/src/Syntax/effects_surface.rs:432;crates/jet-sema/src/Sema/CheckerInfer/calls/direct_calls.rs:1204;crates/jet-sema/src/Sema/CheckerInfer/calls/direct_calls.rs:1234;crates/jet-sema/src/Sema/CheckerOwnership.rs:7047;crates/jet-sema/src/Sema/CheckerOwnership.rs:7108;crates/jet-sema/src/Sema/CheckerOwnership.rs:7115	examples/features/effects/single_use_discard.jet:13;tests/single_use.rs:245;tests/single_use.rs:258;tests/single_use.rs:259;tests/single_use.rs:262;tests/single_use.rs:265	crates/jet-foundation/src/Syntax/effects_surface.rs:432;crates/jet-sema/src/Sema/CheckerInfer/calls/direct_calls.rs:1204;crates/jet-sema/src/Sema/CheckerInfer/calls/direct_calls.rs:1234;crates/jet-sema/src/Sema/CheckerOwnership.rs:7047;crates/jet-sema/src/Sema/CheckerOwnership.rs:7108;crates/jet-sema/src/Sema/CheckerOwnership.rs:7115					
diagnostic	diagnostic:E0155	diagnostic	Typed URL, Path, or DateTime literal is invalid or contains unsupported interpolation	active					authority:application-boundary,authority:build-capabilities,authority:canonical-holds,authority:manifest-holds-allow,authority:manifest-holds-deny		crates/jet-codegen/src/Prelude/Diagnostics.jet:153	crates/jet-comptime/src/Comptime/mod.rs:210;crates/jet-comptime/src/Comptime/mod.rs:221;crates/jet-sema/src/Sema/CheckerInfer/expr.rs:1743;crates/jet-sema/src/Sema/CheckerInfer/expr.rs:1763;crates/jet-sema/src/Sema/Diagnostics.rs:119;crates/jet-sema/src/Sema/Diagnostics.rs:130	tests/dsl_blocks.rs:130;tests/dsl_blocks.rs:131;tests/dsl_blocks.rs:145;tests/dsl_blocks.rs:146	crates/jet-comptime/src/Comptime/mod.rs:210;crates/jet-comptime/src/Comptime/mod.rs:221;crates/jet-sema/src/Sema/CheckerInfer/expr.rs:1743;crates/jet-sema/src/Sema/CheckerInfer/expr.rs:1763;crates/jet-sema/src/Sema/Diagnostics.rs:119;crates/jet-sema/src/Sema/Diagnostics.rs:130					
diagnostic	diagnostic:E0202	diagnostic	The write-access marker `&` is required at call site — write access not granted	active					authority:application-boundary,authority:build-capabilities,authority:canonical-holds,authority:manifest-holds-allow,authority:manifest-holds-deny		crates/jet-codegen/src/Prelude/Diagnostics.jet:173	crates/jet-comptime/src/Comptime/Methods/dispatch/eval_method.rs:437;crates/jet-sema/src/Sema/CheckerCore/statements.rs:1466;crates/jet-sema/src/Sema/CheckerCore/statements.rs:1637;crates/jet-sema/src/Sema/CheckerCoreLib/core_call.rs:3820;crates/jet-sema/src/Sema/CheckerCoreLib/core_call.rs:5468;crates/jet-sema/src/Sema/CheckerCoreLib/core_call.rs:7567;crates/jet-sema/src/Sema/CheckerCoreLib/core_types.rs:2269;crates/jet-sema/src/Sema/CheckerCoreLib/core_types.rs:2282;crates/jet-sema/src/Sema/CheckerCoreLib/game_checks.rs:4;crates/jet-sema/src/Sema/CheckerCoreLib/game_checks.rs:17;crates/jet-sema/src/Sema/CheckerCoreLib/imports.rs:734;crates/jet-sema/src/Sema/CheckerInfer/calls/direct_calls.rs:2204;crates/jet-sema/src/Sema/CheckerInfer/calls/direct_calls.rs:2261;crates/jet-sema/src/Sema/CheckerInfer/calls/direct_calls.rs:2401;crates/jet-sema/src/Sema/CheckerInfer/calls/method_calls.rs:3842;crates/jet-sema/src/Sema/CheckerInfer/calls/options_rng.rs:192;crates/jet-sema/src/Sema/CheckerInfer/calls/options_rng.rs:242;crates/jet-sema/src/Sema/CheckerOwnership.rs:2264;crates/jet-sema/src/Sema/CheckerOwnership.rs:2361;crates/jet-sema/src/Sema/CheckerOwnership.rs:6002;crates/jet-sema/src/Sema/CheckerOwnership.rs:6056	tests/corelib_parts/runtime.rs:794;tests/corelib_parts/runtime.rs:795;tests/corelib_parts/runtime.rs:844;tests/corelib_parts/runtime.rs:845;tests/corelib_parts/runtime.rs:861;tests/corelib_parts/runtime.rs:862;tests/determinism.rs:570;tests/determinism.rs:585;tests/determinism.rs:586;tests/determinism.rs:591;tests/determinism.rs:610;tests/determinism.rs:611;tests/determinism.rs:639;tests/determinism.rs:654;tests/determinism.rs:655;tests/hardening.rs:42;tests/hardening.rs:194;tests/hardening.rs:307;tests/hardening.rs:372;tests/ownership.rs:712;tests/ownership.rs:2367;tests/ownership.rs:2419;tests/ownership.rs:2758	crates/jet-comptime/src/Comptime/Methods/dispatch/eval_method.rs:437;crates/jet-sema/src/Sema/CheckerCore/statements.rs:1466;crates/jet-sema/src/Sema/CheckerCore/statements.rs:1637;crates/jet-sema/src/Sema/CheckerCoreLib/core_call.rs:3820;crates/jet-sema/src/Sema/CheckerCoreLib/core_call.rs:5468;crates/jet-sema/src/Sema/CheckerCoreLib/core_call.rs:7567;crates/jet-sema/src/Sema/CheckerCoreLib/core_types.rs:2269;crates/jet-sema/src/Sema/CheckerCoreLib/core_types.rs:2282;crates/jet-sema/src/Sema/CheckerCoreLib/game_checks.rs:4;crates/jet-sema/src/Sema/CheckerCoreLib/game_checks.rs:17;crates/jet-sema/src/Sema/CheckerCoreLib/imports.rs:734;crates/jet-sema/src/Sema/CheckerInfer/calls/direct_calls.rs:2204;crates/jet-sema/src/Sema/CheckerInfer/calls/direct_calls.rs:2261;crates/jet-sema/src/Sema/CheckerInfer/calls/direct_calls.rs:2401;crates/jet-sema/src/Sema/CheckerInfer/calls/method_calls.rs:3842;crates/jet-sema/src/Sema/CheckerInfer/calls/options_rng.rs:192;crates/jet-sema/src/Sema/CheckerInfer/calls/options_rng.rs:242;crates/jet-sema/src/Sema/CheckerOwnership.rs:2264;crates/jet-sema/src/Sema/CheckerOwnership.rs:2361;crates/jet-sema/src/Sema/CheckerOwnership.rs:6002;crates/jet-sema/src/Sema/CheckerOwnership.rs:6056					
diagnostic	diagnostic:E0208	diagnostic	Raw pointer op outside `#Unsafe`: postfix `p.*` deref or prefix `*x` raw-of (D-CAP9)	active					authority:application-boundary,authority:canonical-holds,authority:package-guarantees,authority:unsafe-policy	sandbox:sentry-fenced-scope	crates/jet-codegen/src/Prelude/Diagnostics.jet:179	crates/jet-codegen/src/Codegen/TIR/mod.rs:8241;crates/jet-codegen/src/Codegen/TIR/mod.rs:8245;crates/jet-codegen/src/Codegen/TIR/subset/expressions.rs:995;crates/jet-foundation/src/AST/expressions.rs:726;crates/jet-foundation/src/AST/expressions.rs:729;crates/jet-sema/src/Sema/CheckerInfer/expr.rs:4482;crates/jet-sema/src/Sema/CheckerInfer/expr.rs:4505	tests/ownership.rs:2523	crates/jet-codegen/src/Codegen/TIR/mod.rs:8241;crates/jet-codegen/src/Codegen/TIR/mod.rs:8245;crates/jet-codegen/src/Codegen/TIR/subset/expressions.rs:995;crates/jet-foundation/src/AST/expressions.rs:726;crates/jet-foundation/src/AST/expressions.rs:729;crates/jet-sema/src/Sema/CheckerInfer/expr.rs:4482;crates/jet-sema/src/Sema/CheckerInfer/expr.rs:4505					
diagnostic	diagnostic:E0352	diagnostic	Invalid `#Meta` maturity value (D-MARK-META1)	active					authority:application-boundary,authority:build-capabilities,authority:canonical-holds,authority:manifest-holds-allow,authority:manifest-holds-deny		crates/jet-codegen/src/Prelude/Diagnostics.jet:261	crates/jet-parser/src/Parser/Statements/control.rs:818;crates/jet-sema/src/Sema/CheckerCore/bindings.rs:339	tests/ui/meta_bad_maturity.jet:1	crates/jet-parser/src/Parser/Statements/control.rs:818;crates/jet-sema/src/Sema/CheckerCore/bindings.rs:339					
diagnostic	diagnostic:E0355	diagnostic	Invalid scoped policy: unknown key, prohibited scope, conflict, or widening (D-MARK-SCOPE1)	active					authority:application-boundary,authority:build-capabilities,authority:canonical-holds,authority:manifest-holds-allow,authority:manifest-holds-deny		crates/jet-codegen/src/Prelude/Diagnostics.jet:264	crates/jet-driver/src/Loader.rs:1365;crates/jet-driver/src/Loader.rs:4171;crates/jet-foundation/src/Policy.rs:1736;crates/jet-parser/src/lib.rs:444;crates/jet-parser/src/lib.rs:457;crates/jet-parser/src/Parser/Items/imports_policy.rs:89;crates/jet-parser/src/Parser/Items/imports_policy.rs:179;crates/jet-parser/src/Parser/Items/imports_policy.rs:320;crates/jet-parser/src/Parser/Items/imports_policy.rs:329;crates/jet-parser/src/Parser/Items/imports_policy.rs:331;crates/jet-parser/src/Parser/Items/imports_policy.rs:334;crates/jet-parser/src/Parser/Items/imports_policy.rs:1632;crates/jet-parser/src/Parser/Items/imports_policy.rs:1657;crates/jet-parser/src/Parser/Items/marker_groups.rs:1298;crates/jet-parser/src/Parser/Items/marker_groups.rs:1333;crates/jet-parser/src/Parser/mod.rs:1786;crates/jet-parser/src/Parser/mod.rs:1857;crates/jet-parser/src/Parser/Statements/control.rs:2883;crates/jet-sema/src/Sema/Bundle/Validation.rs:2240;crates/jet-sema/src/Sema/CheckerInfer/calls/direct_calls.rs:425;crates/jet-sema/src/Sema/CheckerMarkers.rs:757;crates/jet-sema/src/Sema/CheckerMarkers.rs:1286;crates/jet-sema/src/Sema/MemoryFacts.rs:434;crates/jet-sema/src/Sema/mod.rs:2498	tests/cli_parts/inspect.rs:319;tests/marker_declarations.rs:550;tests/marker_registry_coverage.rs:198;tests/marker_registry_coverage.rs:316;tests/marker_registry_coverage.rs:335;tests/marker_rule_signatures.rs:74;tests/marker_rule_signatures.rs:168;tests/marker_rule_signatures.rs:201;tests/marker_rule_signatures.rs:287;tests/marker_rule_signatures.rs:298;tests/policy_scope.rs:153;tests/ui/E0927_unknown_marker_function.jet:3;tests/ui/job_on_method.jet:1	crates/jet-driver/src/Loader.rs:1365;crates/jet-driver/src/Loader.rs:4171;crates/jet-foundation/src/Policy.rs:1736;crates/jet-parser/src/lib.rs:444;crates/jet-parser/src/lib.rs:457;crates/jet-parser/src/Parser/Items/imports_policy.rs:89;crates/jet-parser/src/Parser/Items/imports_policy.rs:179;crates/jet-parser/src/Parser/Items/imports_policy.rs:320;crates/jet-parser/src/Parser/Items/imports_policy.rs:329;crates/jet-parser/src/Parser/Items/imports_policy.rs:331;crates/jet-parser/src/Parser/Items/imports_policy.rs:334;crates/jet-parser/src/Parser/Items/imports_policy.rs:1632;crates/jet-parser/src/Parser/Items/imports_policy.rs:1657;crates/jet-parser/src/Parser/Items/marker_groups.rs:1298;crates/jet-parser/src/Parser/Items/marker_groups.rs:1333;crates/jet-parser/src/Parser/mod.rs:1786;crates/jet-parser/src/Parser/mod.rs:1857;crates/jet-parser/src/Parser/Statements/control.rs:2883;crates/jet-sema/src/Sema/Bundle/Validation.rs:2240;crates/jet-sema/src/Sema/CheckerInfer/calls/direct_calls.rs:425;crates/jet-sema/src/Sema/CheckerMarkers.rs:757;crates/jet-sema/src/Sema/CheckerMarkers.rs:1286;crates/jet-sema/src/Sema/MemoryFacts.rs:434;crates/jet-sema/src/Sema/mod.rs:2498					
diagnostic	diagnostic:E0372	diagnostic	Teaching: an adjacent effect `if`, `else`, or `loop` body needs braces (D-ONELINE-BODY1=B)	active					authority:application-boundary,authority:canonical-holds		crates/jet-codegen/src/Prelude/Diagnostics.jet:282	crates/jet-parser/src/Parser/mod.rs:383;crates/jet-parser/src/Parser/mod.rs:2084;crates/jet-parser/src/Parser/Statements/conditionals.rs:578	tests/dev_parts/routine.rs:619	crates/jet-parser/src/Parser/mod.rs:383;crates/jet-parser/src/Parser/mod.rs:2084;crates/jet-parser/src/Parser/Statements/conditionals.rs:578					
diagnostic	diagnostic:E0384	diagnostic	Teaching: expression-position membership uses `.contains(x)`, not `in` (D-LOOP-IN1=A)	retired					authority:application-boundary,authority:build-capabilities,authority:canonical-holds,authority:manifest-holds-allow,authority:manifest-holds-deny		crates/jet-codegen/src/Prelude/Diagnostics.jet:934	crates/jet-parser/src/lib.rs:560;crates/jet-parser/src/Parser/Expressions/binary_unary.rs:381;crates/jet-parser/src/Parser/Expressions/ptr_tuple.rs:506;crates/jet-parser/src/Parser/mod.rs:389	MISSING: no fixture reference for E0384	crates/jet-parser/src/lib.rs:560;crates/jet-parser/src/Parser/Expressions/binary_unary.rs:381;crates/jet-parser/src/Parser/Expressions/ptr_tuple.rs:506;crates/jet-parser/src/Parser/mod.rs:389					
diagnostic	diagnostic:E0387	diagnostic	Checked text raw construction requires an audited `#Unsafe` region	active					authority:application-boundary,authority:canonical-holds,authority:package-guarantees,authority:unsafe-policy	sandbox:sentry-fenced-scope	crates/jet-codegen/src/Prelude/Diagnostics.jet:223	crates/jet-sema/src/Sema/CheckerInfer/calls/method_calls.rs:1159;crates/jet-sema/src/Sema/CheckerItems.rs:537	tests/checked_text.rs:206	crates/jet-sema/src/Sema/CheckerInfer/calls/method_calls.rs:1159;crates/jet-sema/src/Sema/CheckerItems.rs:537					
diagnostic	diagnostic:E0423	diagnostic	`Type{ uninit }` binding's type is not plain data (D-UNINIT1, reworded)	active					authority:application-boundary,authority:canonical-holds,authority:package-guarantees,authority:unsafe-policy	sandbox:sentry-fenced-scope	crates/jet-codegen/src/Prelude/Diagnostics.jet:320	crates/jet-codegen/src/Codegen/TIR/lower/statements.rs:2753;crates/jet-foundation/src/Syntax/core_surface.rs:631;crates/jet-sema/src/Sema/CheckerCore/bindings.rs:576;crates/jet-sema/src/Sema/CheckerCore/bindings.rs:610	tests/diagnostics_coverage.rs:1296;tests/ui/uninit_bad_type.jet:1	crates/jet-codegen/src/Codegen/TIR/lower/statements.rs:2753;crates/jet-foundation/src/Syntax/core_surface.rs:631;crates/jet-sema/src/Sema/CheckerCore/bindings.rs:576;crates/jet-sema/src/Sema/CheckerCore/bindings.rs:610					
diagnostic	diagnostic:E0424	diagnostic	`Type{ uninit }` used without `use core.mem` (D-UNINIT1, reworded)	active					authority:application-boundary,authority:canonical-holds,authority:package-guarantees,authority:unsafe-policy	sandbox:sentry-fenced-scope	crates/jet-codegen/src/Prelude/Diagnostics.jet:321	crates/jet-foundation/src/Syntax/core_surface.rs:631;crates/jet-sema/src/Sema/CheckerCore/bindings.rs:587	tests/diagnostics_coverage.rs:1297;tests/ui/uninit_no_core_mem.jet:1	crates/jet-foundation/src/Syntax/core_surface.rs:631;crates/jet-sema/src/Sema/CheckerCore/bindings.rs:587					
diagnostic	diagnostic:E0510	diagnostic	Raw crypto expert API used without `use core.crypto.expert` and/or outside `#Unsafe` — use `crypto.seal`/`open` instead (D-CRYPTOENV1)	active					authority:application-boundary,authority:canonical-holds,authority:package-guarantees,authority:unsafe-policy	sandbox:sentry-fenced-scope	crates/jet-codegen/src/Prelude/Diagnostics.jet:337	crates/jet-sema/src/Sema/Bundle.rs:359;crates/jet-sema/src/Sema/CheckerCoreLib/core_call.rs:6576;crates/jet-sema/src/Sema/CheckerCoreLib/core_call.rs:6593	tests/ui/crypto_expert_bypass.jet:1	crates/jet-sema/src/Sema/Bundle.rs:359;crates/jet-sema/src/Sema/CheckerCoreLib/core_call.rs:6576;crates/jet-sema/src/Sema/CheckerCoreLib/core_call.rs:6593					
diagnostic	diagnostic:E0620	diagnostic	Imported script has executable top-level statements	active					authority:application-boundary,authority:canonical-holds		crates/jet-codegen/src/Prelude/Diagnostics.jet:390	crates/jet-sema/src/Sema/Bundle.rs:1923	tests/run_entry.rs:397;tests/run_entry.rs:398	crates/jet-sema/src/Sema/Bundle.rs:1923					
diagnostic	diagnostic:E0702	diagnostic	An FFI boundary rejects a type or capability outside its checked value/audited #Unsafe tiers (D-FFI-CAP1)	active					authority:application-boundary,authority:canonical-holds,authority:package-guarantees,authority:unsafe-policy	sandbox:sentry-fenced-scope	crates/jet-codegen/src/Prelude/Diagnostics.jet:395	crates/jet-sema/src/Sema/CheckerInfer/calls/direct_calls.rs:1620;crates/jet-sema/src/Sema/FFI.rs:643;crates/jet-sema/src/Sema/FFI.rs:666	tests/cffi.rs:208;tests/cffi.rs:209;tests/cffi.rs:215;tests/cffi.rs:235;tests/cffi.rs:236;tests/cffi.rs:268;tests/cffi.rs:269;tests/cffi.rs:275;tests/cffi.rs:480;tests/checked_text_crossings.rs:31	crates/jet-sema/src/Sema/CheckerInfer/calls/direct_calls.rs:1620;crates/jet-sema/src/Sema/FFI.rs:643;crates/jet-sema/src/Sema/FFI.rs:666					
diagnostic	diagnostic:E0711	diagnostic	The `Authority` handle bound by a named `#FX(…)` region escapes its scope — returned, stored, or captured (D-AUTHORITY-SCOPE1)	active					authority:application-boundary,authority:build-capabilities,authority:canonical-holds,authority:manifest-holds-allow,authority:manifest-holds-deny		crates/jet-codegen/src/Prelude/Diagnostics.jet:403	crates/jet-sema/src/Sema/Effects.rs:2339;crates/jet-sema/src/Sema/Effects.rs:3068;crates/jet-sema/src/Sema/Effects.rs:3074	examples/features/effects/effect_grant.jet:9;tests/effects.rs:902;tests/effects.rs:914;tests/effects.rs:915;tests/fuzz/sema/invalid/ui_grant_handle_escapes.E0711.jet:5;tests/fuzz/sema/valid/ex_effects_effect_grant.jet:2;tests/fuzz/sema/valid/ex_effects_effect_grant.jet:11;tests/ui/grant_handle_escapes.jet:5	crates/jet-sema/src/Sema/Effects.rs:2339;crates/jet-sema/src/Sema/Effects.rs:3068;crates/jet-sema/src/Sema/Effects.rs:3074					
diagnostic	diagnostic:E0712	diagnostic	An effect used inside a `#FX(…)` region has no authority — it isn't in the authority list (D-AUTHORITY-SCOPE1)	active					authority:application-boundary,authority:build-capabilities,authority:canonical-holds,authority:manifest-holds-allow,authority:manifest-holds-deny		crates/jet-codegen/src/Prelude/Diagnostics.jet:404	crates/jet-codegen/src/Prelude/Core/Authority.rs:136;crates/jet-comptime/src/Comptime/Builtins.rs:309;crates/jet-jit/src/Collections.rs:5202;crates/jet-sema/src/Sema/Effects.rs:323;crates/jet-sema/src/Sema/Effects.rs:407;crates/jet-sema/src/Sema/Effects.rs:921;crates/jet-sema/src/Sema/Effects.rs:2299;crates/jet-sema/src/Sema/Effects.rs:3023;crates/jet-sema/src/Sema/Effects.rs:3046;crates/jet-sema/src/Sema/mod.rs:1802	examples/features/basics/build/callbacks.rs:8240;examples/features/basics/build/compound.rs:8240;examples/features/basics/build/hello.rs:5251;examples/features/basics/build/numbers.rs:8240;examples/features/effects/effect_authority.jet:3;examples/features/effects/effect_grant.jet:9;examples/features/lowlevel/cbind/build/run.rs:8247;examples/features/memory/program_allocator/build/main.rs:5457;examples/features/memory/program_allocator/build/run.rs:8792;examples/features/packages/outputs_nested/build/main.rs:8240;examples/features/tooling/build_entry_discovery/build/run.rs:4900;examples/features/tooling/build/output_callable.rs:5251;examples/features/tooling/run_default/build/run.rs:4938;examples/features/tooling/test_package_modules/build/run.rs:4938;examples/performance/receipts/hello/build/run.rs:4900;examples/performance/receipts/http_ready/build/run.rs:4900;tests/authority.rs:100;tests/effects.rs:577;tests/effects.rs:634;tests/effects.rs:647;tests/effects.rs:648;tests/effects.rs:654;tests/effects.rs:668;tests/effects.rs:669	crates/jet-codegen/src/Prelude/Core/Authority.rs:136;crates/jet-comptime/src/Comptime/Builtins.rs:309;crates/jet-jit/src/Collections.rs:5202;crates/jet-sema/src/Sema/Effects.rs:323;crates/jet-sema/src/Sema/Effects.rs:407;crates/jet-sema/src/Sema/Effects.rs:921;crates/jet-sema/src/Sema/Effects.rs:2299;crates/jet-sema/src/Sema/Effects.rs:3023;crates/jet-sema/src/Sema/Effects.rs:3046;crates/jet-sema/src/Sema/mod.rs:1802					
diagnostic	diagnostic:E0725	diagnostic	A `#Replayable` function reaches ambient `Time`/`Rand`/`Net`/`IO` (D-REPLAY1)	active					authority:application-boundary,authority:canonical-holds		crates/jet-codegen/src/Prelude/Diagnostics.jet:407	crates/jet-sema/src/Sema/Effects.rs:2156;crates/jet-sema/src/Sema/Effects.rs:2166	tests/feature_acceptance.rs:654;tests/feature_acceptance.rs:655	crates/jet-sema/src/Sema/Effects.rs:2156;crates/jet-sema/src/Sema/Effects.rs:2166					
diagnostic	diagnostic:E0733	diagnostic	A value tag does not name a declared `tag`, with a suggestion from declared tags (D-TAG-SURFACE1)	active					authority:application-boundary,authority:canonical-holds		crates/jet-codegen/src/Prelude/Diagnostics.jet:410	crates/jet-sema/src/Sema/Diagnostics.rs:164	MISSING: no fixture reference for E0733	crates/jet-sema/src/Sema/Diagnostics.rs:164					
diagnostic	diagnostic:E0734	diagnostic	A tag declaration has no policy body, lacks non-empty `deny`, repeats a field, or names an unknown body field (D-TAG-SURFACE1)	active					authority:application-boundary,authority:build-capabilities,authority:canonical-holds,authority:manifest-holds-allow,authority:manifest-holds-deny		crates/jet-codegen/src/Prelude/Diagnostics.jet:411	crates/jet-parser/src/Parser/Items/marker_groups.rs:2061;crates/jet-parser/src/Parser/Items/marker_groups.rs:2092;crates/jet-parser/src/Parser/Items/marker_groups.rs:2101;crates/jet-parser/src/Parser/Items/marker_groups.rs:2115	MISSING: no fixture reference for E0734	crates/jet-parser/src/Parser/Items/marker_groups.rs:2061;crates/jet-parser/src/Parser/Items/marker_groups.rs:2092;crates/jet-parser/src/Parser/Items/marker_groups.rs:2101;crates/jet-parser/src/Parser/Items/marker_groups.rs:2115					
diagnostic	diagnostic:E0735	diagnostic	A tag `deny` or `from` entry does not name a known effect, sink, or source path (D-TAG-SURFACE1)	active					authority:application-boundary,authority:canonical-holds		crates/jet-codegen/src/Prelude/Diagnostics.jet:412	crates/jet-sema/src/Sema/Taint.rs:1273;crates/jet-sema/src/Sema/Taint.rs:1298	MISSING: no fixture reference for E0735	crates/jet-sema/src/Sema/Taint.rs:1273;crates/jet-sema/src/Sema/Taint.rs:1298					
diagnostic	diagnostic:E0740	diagnostic	A function's inferred effects exceed its declared `-[…]>` bound (D-EFF1)	active					authority:application-boundary,authority:canonical-holds		crates/jet-codegen/src/Prelude/Diagnostics.jet:399	crates/jet-foundation/src/AST/items.rs:1119;crates/jet-sema/src/Sema/CheckerCoreLib/db_methods.rs:15;crates/jet-sema/src/Sema/CheckerCoreLib/db_methods.rs:23;crates/jet-sema/src/Sema/Effects.rs:13;crates/jet-sema/src/Sema/Effects.rs:323;crates/jet-sema/src/Sema/Effects.rs:333;crates/jet-sema/src/Sema/Effects.rs:1883;crates/jet-sema/src/Sema/Effects.rs:2185;crates/jet-sema/src/Sema/Effects.rs:2201;crates/jet-sema/src/Sema/Effects.rs:3197;crates/jet-sema/src/Sema/Registration.rs:1068;crates/jet-sema/src/Sema/Registration.rs:1149;crates/jet-sema/src/Sema/Registration.rs:1195	examples/features/io/db_read_footprint.jet:6;examples/features/io/db_read_footprint.jet:13;tests/browser_bidi.rs:743;tests/browser_lock.rs:262;tests/effects.rs:2;tests/effects.rs:417;tests/effects.rs:428;tests/effects.rs:429;tests/effects.rs:445;tests/effects.rs:446;tests/effects.rs:482;tests/effects.rs:491;tests/effects.rs:492;tests/effects.rs:556;tests/effects.rs:674;tests/effects.rs:688;tests/effects.rs:689;tests/effects.rs:1676;tests/ui/db_read_query_hidden_write.jet:4;tests/ui/effect_tree_sibling_rejected.jet:3	crates/jet-foundation/src/AST/items.rs:1119;crates/jet-sema/src/Sema/CheckerCoreLib/db_methods.rs:15;crates/jet-sema/src/Sema/CheckerCoreLib/db_methods.rs:23;crates/jet-sema/src/Sema/Effects.rs:13;crates/jet-sema/src/Sema/Effects.rs:323;crates/jet-sema/src/Sema/Effects.rs:333;crates/jet-sema/src/Sema/Effects.rs:1883;crates/jet-sema/src/Sema/Effects.rs:2185;crates/jet-sema/src/Sema/Effects.rs:2201;crates/jet-sema/src/Sema/Effects.rs:3197;crates/jet-sema/src/Sema/Registration.rs:1068;crates/jet-sema/src/Sema/Registration.rs:1149;crates/jet-sema/src/Sema/Registration.rs:1195					
diagnostic	diagnostic:E0741	diagnostic	Retired duplicate of the unified `#FX` check (D-AUTHORITY-SCOPE1)	retired					authority:application-boundary,authority:build-capabilities,authority:canonical-holds,authority:manifest-holds-allow,authority:manifest-holds-deny		crates/jet-codegen/src/Prelude/Diagnostics.jet:400	MISSING: no implementation reference for E0741	MISSING: no fixture reference for E0741	MISSING: no projection reference for E0741					
diagnostic	diagnostic:E0742	diagnostic	A trait-method impl uses effects beyond the trait method's declared bound (D-EFF3)	active					authority:application-boundary,authority:canonical-holds		crates/jet-codegen/src/Prelude/Diagnostics.jet:401	crates/jet-foundation/src/AST/items.rs:826;crates/jet-foundation/src/AST/items.rs:832;crates/jet-sema/src/Sema/Effects.rs:323;crates/jet-sema/src/Sema/Effects.rs:3097;crates/jet-sema/src/Sema/Effects.rs:3141;crates/jet-sema/src/Sema/Effects.rs:3164;crates/jet-sema/src/Sema/Registration.rs:1271	examples/features/effects/effect_trait_bound.jet:3;tests/effects.rs:507;tests/effects.rs:520;tests/effects.rs:521	crates/jet-foundation/src/AST/items.rs:826;crates/jet-foundation/src/AST/items.rs:832;crates/jet-sema/src/Sema/Effects.rs:323;crates/jet-sema/src/Sema/Effects.rs:3097;crates/jet-sema/src/Sema/Effects.rs:3141;crates/jet-sema/src/Sema/Effects.rs:3164;crates/jet-sema/src/Sema/Registration.rs:1271					
diagnostic	diagnostic:E0743	diagnostic	Dynamic trait dispatch has no declared effect bound under an enclosing effect ceiling (D-EFF3)	active					authority:application-boundary,authority:canonical-holds		crates/jet-codegen/src/Prelude/Diagnostics.jet:402	crates/jet-foundation/src/AST/items.rs:831;crates/jet-sema/src/Sema/Effects.rs:918;crates/jet-sema/src/Sema/Effects.rs:1735;crates/jet-sema/src/Sema/Effects.rs:1862	MISSING: no fixture reference for E0743	crates/jet-foundation/src/AST/items.rs:831;crates/jet-sema/src/Sema/Effects.rs:918;crates/jet-sema/src/Sema/Effects.rs:1735;crates/jet-sema/src/Sema/Effects.rs:1862					
diagnostic	diagnostic:E0745	diagnostic	*Retired by D-SHAPE8=A* (was: `#Pure fn` combined with a non-empty `#(…)` effect list)	retired					authority:application-boundary,authority:canonical-holds		crates/jet-codegen/src/Prelude/Diagnostics.jet:414	MISSING: no implementation reference for E0745	tests/diagnostics_coverage.rs:2041;tests/diagnostics_coverage.rs:2108;tests/diagnostics_coverage.rs:2109	MISSING: no projection reference for E0745					
diagnostic	diagnostic:E0746	diagnostic	An irreversible effect (Net/FS/Exec/FFI) used directly inside a `#Transact { … }` block — can't be rolled back (D-TXN2, D-BOUND-UNDO1)	active					authority:application-boundary,authority:canonical-holds		crates/jet-codegen/src/Prelude/Diagnostics.jet:415	crates/jet-codegen/src/Codegen/TIR/lower/lambdas.rs:409;crates/jet-codegen/src/Codegen/TIR/mod.rs:5054;crates/jet-foundation/src/AST/statements.rs:414;crates/jet-foundation/src/Syntax/effects_surface.rs:198;crates/jet-sema/src/Sema/CheckerCore/statements.rs:3335;crates/jet-sema/src/Sema/CheckerCoreLib/core_call.rs:2550;crates/jet-sema/src/Sema/Effects.rs:846;crates/jet-sema/src/Sema/Effects.rs:858;crates/jet-sema/src/Sema/Effects.rs:870;crates/jet-sema/src/Sema/mod.rs:1842;crates/jet-sema/src/Sema/mod.rs:1847	examples/features/errors/transact.jet:8;examples/features/memory/shared_transact.jet:10;examples/features/tooling/programmable_build/build/main.rs:3276;tests/effects.rs:1030;tests/effects.rs:1043;tests/effects.rs:1044;tests/effects.rs:1049;tests/effects.rs:1063;tests/effects.rs:1064;tests/effects.rs:1084;tests/effects.rs:1085;tests/fuzz/sema/valid/ex_errors_transact.jet:8	crates/jet-codegen/src/Codegen/TIR/lower/lambdas.rs:409;crates/jet-codegen/src/Codegen/TIR/mod.rs:5054;crates/jet-foundation/src/AST/statements.rs:414;crates/jet-foundation/src/Syntax/effects_surface.rs:198;crates/jet-sema/src/Sema/CheckerCore/statements.rs:3335;crates/jet-sema/src/Sema/CheckerCoreLib/core_call.rs:2550;crates/jet-sema/src/Sema/Effects.rs:846;crates/jet-sema/src/Sema/Effects.rs:858;crates/jet-sema/src/Sema/Effects.rs:870;crates/jet-sema/src/Sema/mod.rs:1842;crates/jet-sema/src/Sema/mod.rs:1847					
diagnostic	diagnostic:E0747	diagnostic	A callback argument exceeds its parameter's effect bound (`fn(…) -[]>` / `fn(…) -[E]>`) (D-EFF2)	active					authority:application-boundary,authority:canonical-holds		crates/jet-codegen/src/Prelude/Diagnostics.jet:416	crates/jet-foundation/src/AST/types.rs:970;crates/jet-foundation/src/Syntax/effects_surface.rs:9;crates/jet-sema/src/Sema/Bundle/Pipeline/Completion.rs:539;crates/jet-sema/src/Sema/Effects.rs:323;crates/jet-sema/src/Sema/Effects.rs:527;crates/jet-sema/src/Sema/Effects.rs:558;crates/jet-sema/src/Sema/Effects.rs:930;crates/jet-sema/src/Sema/Effects.rs:2004;crates/jet-sema/src/Sema/Effects.rs:2032;crates/jet-sema/src/Sema/Effects.rs:2070;crates/jet-sema/src/Sema/mod.rs:1809	examples/features/effects/effect_levers.jet:6;tests/effects.rs:1607;tests/effects.rs:1619;tests/effects.rs:1620;tests/effects.rs:1642;tests/effects.rs:1655;tests/effects.rs:1656;tests/effects.rs:1676;tests/fuzz/sema/invalid/ui_effect_callback_bound.E0747.jet:1;tests/fuzz/sema/valid/ex_effects_effect_levers.jet:6;tests/ui/effect_callback_bound.jet:1	crates/jet-foundation/src/AST/types.rs:970;crates/jet-foundation/src/Syntax/effects_surface.rs:9;crates/jet-sema/src/Sema/Bundle/Pipeline/Completion.rs:539;crates/jet-sema/src/Sema/Effects.rs:323;crates/jet-sema/src/Sema/Effects.rs:527;crates/jet-sema/src/Sema/Effects.rs:558;crates/jet-sema/src/Sema/Effects.rs:930;crates/jet-sema/src/Sema/Effects.rs:2004;crates/jet-sema/src/Sema/Effects.rs:2032;crates/jet-sema/src/Sema/Effects.rs:2070;crates/jet-sema/src/Sema/mod.rs:1809					
diagnostic	diagnostic:E0748	diagnostic	`-[via f]>` names a non-existent parameter, or one that isn't a function type (D-EFF2)	active					authority:application-boundary,authority:canonical-holds		crates/jet-codegen/src/Prelude/Diagnostics.jet:417	crates/jet-sema/src/Sema/Effects.rs:1878;crates/jet-sema/src/Sema/Effects.rs:1972;crates/jet-sema/src/Sema/Effects.rs:1975;crates/jet-sema/src/Sema/Effects.rs:1986;crates/jet-sema/src/Sema/Effects.rs:1989	tests/effects.rs:1713;tests/effects.rs:1721;tests/effects.rs:1724;tests/effects.rs:1733;tests/effects.rs:1734;tests/ui/effect_via_unknown_param.jet:2	crates/jet-sema/src/Sema/Effects.rs:1878;crates/jet-sema/src/Sema/Effects.rs:1972;crates/jet-sema/src/Sema/Effects.rs:1975;crates/jet-sema/src/Sema/Effects.rs:1986;crates/jet-sema/src/Sema/Effects.rs:1989					
diagnostic	diagnostic:E0749	diagnostic	A function reaches an effect it prohibits with `-[!E]>` in its own call graph, including a denied `Panic` stop (D-PROP1=A, D-NOPANIC1=D)	active					authority:application-boundary,authority:canonical-holds		crates/jet-codegen/src/Prelude/Diagnostics.jet:418	crates/jet-sema/src/Sema/Effects.rs:2223;crates/jet-sema/src/Sema/Effects.rs:2240;crates/jet-sema/src/Sema/Effects.rs:2262;crates/jet-sema/src/Sema/Effects.rs:2280;crates/jet-sema/src/Sema/Registration.rs:1211	tests/effects.rs:329;tests/effects.rs:330;tests/effects.rs:359;tests/effects.rs:395	crates/jet-sema/src/Sema/Effects.rs:2223;crates/jet-sema/src/Sema/Effects.rs:2240;crates/jet-sema/src/Sema/Effects.rs:2262;crates/jet-sema/src/Sema/Effects.rs:2280;crates/jet-sema/src/Sema/Registration.rs:1211					
diagnostic	diagnostic:E0750	diagnostic	An effect declaration lacks a leaf, or a dotted effect under a checked root is not a declared package-view leaf (D-EFFECT-DECL1=A)	active					authority:application-boundary,authority:canonical-holds		crates/jet-codegen/src/Prelude/Diagnostics.jet:419	crates/jet-sema/src/Sema/Effects.rs:197;crates/jet-sema/src/Sema/Effects.rs:222	examples/features/basics/build/callbacks.rs:45423;examples/features/basics/build/compound.rs:45423;examples/features/basics/build/numbers.rs:45423;examples/features/lowlevel/cbind/build/run.rs:45470;examples/features/memory/program_allocator/build/main.rs:36386;examples/features/memory/program_allocator/build/run.rs:46210;examples/features/memory/unsafe_sentries_package_off/build/run.rs:33349;examples/performance/receipts/http_ready/build/run.rs:35610;tests/effects.rs:718;tests/effects.rs:719;tests/effects.rs:743;tests/effects.rs:760;tests/effects.rs:816;tests/fixtures/fresh_agent_t4/build/run.rs:44977;tests/pkg.rs:2384;tests/project_check/fixtures/core_closure/build/run.rs:45463	crates/jet-sema/src/Sema/Effects.rs:197;crates/jet-sema/src/Sema/Effects.rs:222					
diagnostic	diagnostic:E0751	diagnostic	Panic is a deny-only effect row (D-PANICROOT1=A)	active					authority:application-boundary,authority:build-capabilities,authority:canonical-holds,authority:manifest-holds-allow,authority:manifest-holds-deny		crates/jet-codegen/src/Prelude/Diagnostics.jet:940	crates/jet-sema/src/Sema/Effects.rs:107	MISSING: no fixture reference for E0751	crates/jet-sema/src/Sema/Effects.rs:107					
diagnostic	diagnostic:E0907	diagnostic	Trait method doesn't match its contract	active					authority:application-boundary,authority:canonical-holds		crates/jet-codegen/src/Prelude/Diagnostics.jet:545	crates/jet-foundation/src/Generics.rs:503;crates/jet-foundation/src/Generics.rs:508;crates/jet-foundation/src/Traits.rs:1079;crates/jet-foundation/src/Traits.rs:1350;crates/jet-foundation/src/Traits.rs:1498	tests/checked_text.rs:184;tests/diagnostics_coverage.rs:1999;tests/ui/hand_serde_bad_signature.jet:3	crates/jet-foundation/src/Generics.rs:503;crates/jet-foundation/src/Generics.rs:508;crates/jet-foundation/src/Traits.rs:1079;crates/jet-foundation/src/Traits.rs:1350;crates/jet-foundation/src/Traits.rs:1498					
diagnostic	diagnostic:E0921	diagnostic	A reachable call violates a `!Mem.Alloc`, `!Mem.Rc`, or bounded `!Mem.Alloc(above: N)` denial; reports the source operation, full call path, denial, and provenance (D-MEM-FACTS1/D-AUTHORITY-MEM1)	active					authority:application-boundary,authority:build-capabilities,authority:canonical-holds,authority:manifest-holds-allow,authority:manifest-holds-deny		crates/jet-codegen/src/Prelude/Diagnostics.jet:559	crates/jet-sema/src/Sema/Effects.rs:1259;crates/jet-sema/src/Sema/MemoryFacts.rs:746;crates/jet-sema/src/Sema/MemoryFacts.rs:1294;crates/jet-sema/src/Sema/MemoryFacts.rs:1309	tests/diagnostic_snapshots.rs:1023;tests/effects.rs:232;tests/effects.rs:248;tests/memory_semantics.rs:91;tests/memory_semantics.rs:155	crates/jet-sema/src/Sema/Effects.rs:1259;crates/jet-sema/src/Sema/MemoryFacts.rs:746;crates/jet-sema/src/Sema/MemoryFacts.rs:1294;crates/jet-sema/src/Sema/MemoryFacts.rs:1309					
diagnostic	diagnostic:E0951	diagnostic	**Retired** (D-META-EFFECT1 c3, 2026-08-07): comptime purity and the run-time `-[]>` check are one call-graph walk now; redirected to E3401	retired					authority:application-boundary,authority:canonical-holds		crates/jet-codegen/src/Prelude/Diagnostics.jet:572	crates/jet-comptime/src/Comptime/Diagnostics.rs:102;crates/jet-comptime/src/Comptime/Diagnostics.rs:103	tests/diagnostics_coverage.rs:2063	crates/jet-comptime/src/Comptime/Diagnostics.rs:102;crates/jet-comptime/src/Comptime/Diagnostics.rs:103					
diagnostic	diagnostic:E0958	diagnostic	**Retired** (D-CTEFFECT1 2026-06-25): replaced by E3410 (Tier-2 effect without `#Impure` gate)	retired					authority:application-boundary,authority:canonical-holds		crates/jet-codegen/src/Prelude/Diagnostics.jet:579	MISSING: no implementation reference for E0958	tests/diagnostics_coverage.rs:2062;tests/fuzz/sema/invalid/ui_comptime_io_rejected.E3410.jet:1	MISSING: no projection reference for E0958					
diagnostic	diagnostic:E0977	diagnostic	An `Image` has no active `from`, or restates a frozen system field (D-JETOS-FREEZE1)	active					authority:application-boundary,authority:build-capabilities,authority:canonical-holds,authority:manifest-holds-allow,authority:manifest-holds-deny		crates/jet-codegen/src/Prelude/Diagnostics.jet:602	crates/jet-env-model/src/ModuleEval/Diagnostics.rs:183;crates/jet-env-model/src/ModuleEval/Diagnostics.rs:186;crates/jet-env-model/src/ModuleEval/Diagnostics.rs:194;crates/jet-env-model/src/ModuleEval/Diagnostics.rs:197;crates/jet-env-model/src/ModuleEval/mod.rs:1332;crates/jet-env-model/src/ModuleEval/mod.rs:1335;crates/jet-env-model/src/ModuleEval/mod.rs:1342;crates/jet-env-model/src/ModuleEval/mod.rs:1538;crates/jet-env-model/src/ModuleEval/mod.rs:1547	MISSING: no fixture reference for E0977	crates/jet-env-model/src/ModuleEval/Diagnostics.rs:183;crates/jet-env-model/src/ModuleEval/Diagnostics.rs:186;crates/jet-env-model/src/ModuleEval/Diagnostics.rs:194;crates/jet-env-model/src/ModuleEval/Diagnostics.rs:197;crates/jet-env-model/src/ModuleEval/mod.rs:1332;crates/jet-env-model/src/ModuleEval/mod.rs:1335;crates/jet-env-model/src/ModuleEval/mod.rs:1342;crates/jet-env-model/src/ModuleEval/mod.rs:1538;crates/jet-env-model/src/ModuleEval/mod.rs:1547					
diagnostic	diagnostic:E0986	diagnostic	Callable `->`, `-[Effects]>`, `::`, or `{` split incorrectly from the declaration head (S6-R, D-ONELINE-BODY1=B)	active					authority:application-boundary,authority:canonical-holds		crates/jet-codegen/src/Prelude/Diagnostics.jet:87	crates/jet-lexer/src/Lexer/Terminators.rs:272;crates/jet-lexer/src/Lexer/Terminators.rs:319;crates/jet-lexer/src/Lexer/Terminators.rs:340;crates/jet-parser/src/Parser/mod.rs:377	MISSING: no fixture reference for E0986	crates/jet-lexer/src/Lexer/Terminators.rs:272;crates/jet-lexer/src/Lexer/Terminators.rs:319;crates/jet-lexer/src/Lexer/Terminators.rs:340;crates/jet-parser/src/Parser/mod.rs:377					
diagnostic	diagnostic:E0995	diagnostic	`workspace.jet` has no `module workspace { … }` declaration.	active					authority:application-boundary,authority:build-capabilities,authority:canonical-holds,authority:manifest-holds-allow,authority:manifest-holds-deny		crates/jet-codegen/src/Prelude/Diagnostics.jet:921	crates/jet-env-model/src/WorkspaceFile.rs:22;crates/jet-env-model/src/WorkspaceFile.rs:931;crates/jet-env-model/src/WorkspaceFile.rs:961;crates/jet-env-model/src/WorkspaceFile.rs:1088;crates/jet-pkg-model/src/WorkspacePlan.rs:99;crates/jet-pkg-model/src/WorkspacePlan.rs:104	tests/canvas.rs:4583;tests/cli_parts/expand.rs:1222;tests/workspace.rs:3;tests/workspace.rs:4;tests/workspace.rs:114;tests/workspace.rs:123;tests/workspace.rs:124;tests/workspace.rs:137	crates/jet-env-model/src/WorkspaceFile.rs:22;crates/jet-env-model/src/WorkspaceFile.rs:931;crates/jet-env-model/src/WorkspaceFile.rs:961;crates/jet-env-model/src/WorkspaceFile.rs:1088;crates/jet-pkg-model/src/WorkspacePlan.rs:99;crates/jet-pkg-model/src/WorkspacePlan.rs:104					
diagnostic	diagnostic:E0997	diagnostic	`find("…")` in `members:` names a directory that doesn't exist.	active					authority:application-boundary,authority:build-capabilities,authority:canonical-holds,authority:manifest-holds-allow,authority:manifest-holds-deny		crates/jet-codegen/src/Prelude/Diagnostics.jet:923	crates/jet-env-model/src/WorkspaceFile.rs:24;crates/jet-env-model/src/WorkspaceFile.rs:680;crates/jet-env-model/src/WorkspaceFile.rs:683;crates/jet-env-model/src/WorkspaceFile.rs:952	tests/workspace.rs:3;tests/workspace.rs:6;tests/workspace.rs:169;tests/workspace.rs:178;tests/workspace.rs:179	crates/jet-env-model/src/WorkspaceFile.rs:24;crates/jet-env-model/src/WorkspaceFile.rs:680;crates/jet-env-model/src/WorkspaceFile.rs:683;crates/jet-env-model/src/WorkspaceFile.rs:952					
diagnostic	diagnostic:E1103	diagnostic	`.detach()` called on a task that had a sendability error at spawn (D-DETACH1)	active					authority:application-boundary,authority:canonical-holds,authority:package-guarantees,authority:unsafe-policy	sandbox:sentry-fenced-scope	crates/jet-codegen/src/Prelude/Diagnostics.jet:653	crates/jet-foundation/src/Syntax/package_files.rs:362;crates/jet-sema/src/Sema/CheckerCore/bindings.rs:1115;crates/jet-sema/src/Sema/CheckerInfer/calls/builtin_methods.rs:579;crates/jet-sema/src/Sema/CheckerInfer/calls/builtin_methods.rs:595;crates/jet-sema/src/Sema/CheckerOwnership.rs:5616;crates/jet-sema/src/Sema/mod.rs:2029;crates/jet-sema/src/Sema/mod.rs:2040	tests/fuzz/sema/invalid/ui_task_detach_unsound.E1102.jet:4;tests/ui/task_detach_unsound.jet:4	crates/jet-foundation/src/Syntax/package_files.rs:362;crates/jet-sema/src/Sema/CheckerCore/bindings.rs:1115;crates/jet-sema/src/Sema/CheckerInfer/calls/builtin_methods.rs:579;crates/jet-sema/src/Sema/CheckerInfer/calls/builtin_methods.rs:595;crates/jet-sema/src/Sema/CheckerOwnership.rs:5616;crates/jet-sema/src/Sema/mod.rs:2029;crates/jet-sema/src/Sema/mod.rs:2040					
diagnostic	diagnostic:E1104	diagnostic	`#Layout(c)` struct contains a growable field (D-REPRC1)	active					authority:application-boundary,authority:build-capabilities,authority:canonical-holds,authority:manifest-holds-allow,authority:manifest-holds-deny		crates/jet-codegen/src/Prelude/Diagnostics.jet:654	crates/jet-foundation/src/Syntax/package_files.rs:370;crates/jet-sema/src/Sema/FFI.rs:322;crates/jet-sema/src/Sema/Registration/Items.rs:1524	examples/features/lowlevel/layout_c.jet:5;tests/fuzz/sema/valid/ex_lowlevel_layout_c.jet:4;tests/ui/layout_c_growable_field.jet:1	crates/jet-foundation/src/Syntax/package_files.rs:370;crates/jet-sema/src/Sema/FFI.rs:322;crates/jet-sema/src/Sema/Registration/Items.rs:1524					
diagnostic	diagnostic:E1107	diagnostic	`columnar [T]` per-container layout prefix is reserved (D-SOA2C)	reserved					authority:application-boundary,authority:build-capabilities,authority:canonical-holds,authority:manifest-holds-allow,authority:manifest-holds-deny		crates/jet-codegen/src/Prelude/Diagnostics.jet:657	crates/jet-foundation/src/Syntax/package_files.rs:383;crates/jet-parser/src/Parser/Types.rs:668	tests/diagnostics_coverage.rs:1451	crates/jet-foundation/src/Syntax/package_files.rs:383;crates/jet-parser/src/Parser/Types.rs:668					
diagnostic	diagnostic:E1205	diagnostic	Unified lock file is corrupt or unsafe to read	active					authority:application-boundary,authority:canonical-holds,authority:package-guarantees,authority:unsafe-policy	sandbox:sentry-fenced-scope	crates/jet-codegen/src/Prelude/Diagnostics.jet:678	crates/jet-pkg-model/src/Lock.rs:4680;crates/jet-pkg-model/src/Lock.rs:4682;crates/jet-pkg-model/src/Lock.rs:5307;crates/jet-pkg-model/src/Lock.rs:5312	MISSING: no fixture reference for E1205	crates/jet-pkg-model/src/Lock.rs:4680;crates/jet-pkg-model/src/Lock.rs:4682;crates/jet-pkg-model/src/Lock.rs:5307;crates/jet-pkg-model/src/Lock.rs:5312					
diagnostic	diagnostic:E1220	diagnostic	A transitive dependency uses an effect outside the `package.jet` `authority.holds` budget (Panic names the stop site) (D-EFFBUDGET1, D-NOPANIC1=D)	active					authority:application-boundary,authority:build-capabilities,authority:canonical-holds,authority:manifest-holds-allow,authority:manifest-holds-deny		crates/jet-codegen/src/Prelude/Diagnostics.jet:692	crates/jet-pkg-model/src/EffectBudget.rs:195;crates/jet-pkg-model/src/EffectBudget.rs:198;crates/jet-pkg-model/src/EffectBudget.rs:682;crates/jet-pkg-model/src/EffectBudget.rs:800;crates/jet-pkg-model/src/EffectBudget.rs:815;crates/jet-pkg-model/src/EffectBudget.rs:825;crates/jet-pkg-model/src/EffectBudget.rs:829;crates/jet-pkg-model/src/EffectBudget.rs:884;crates/jet-sema/src/Sema/Bundle/Pipeline/Completion.rs:713	examples/features/packages/effect_budget/run.jet:6;tests/authority_manifest.rs:296;tests/effect_roots.rs:61;tests/pkg.rs:2121;tests/pkg.rs:2318;tests/pkg.rs:2355;tests/pkg.rs:2356	crates/jet-pkg-model/src/EffectBudget.rs:195;crates/jet-pkg-model/src/EffectBudget.rs:198;crates/jet-pkg-model/src/EffectBudget.rs:682;crates/jet-pkg-model/src/EffectBudget.rs:800;crates/jet-pkg-model/src/EffectBudget.rs:815;crates/jet-pkg-model/src/EffectBudget.rs:825;crates/jet-pkg-model/src/EffectBudget.rs:829;crates/jet-pkg-model/src/EffectBudget.rs:884;crates/jet-sema/src/Sema/Bundle/Pipeline/Completion.rs:713					
diagnostic	diagnostic:E1221	diagnostic	A malformed `authority:` block in `package.jet` (D-AUTHORITY-MANIFEST1)	active					authority:application-boundary,authority:build-capabilities,authority:canonical-holds,authority:manifest-holds-allow,authority:manifest-holds-deny		crates/jet-codegen/src/Prelude/Diagnostics.jet:693	crates/jet-pkg-model/src/Manifest.rs:140;crates/jet-pkg-model/src/Manifest.rs:544;crates/jet-pkg-model/src/Manifest.rs:548	tests/authority_manifest.rs:185;tests/build_entry.rs:2377;tests/diagnostics_coverage.rs:1341;tests/pkg.rs:2236;tests/pkg.rs:2239;tests/pkg.rs:2250;tests/pkg.rs:2251	crates/jet-pkg-model/src/Manifest.rs:140;crates/jet-pkg-model/src/Manifest.rs:544;crates/jet-pkg-model/src/Manifest.rs:548					
diagnostic	diagnostic:E1235	diagnostic	`jet registry publish`/`jet registry yank` couldn't reach the registry index, or the endpoint contains embedded credentials or URL parameters	active					authority:application-boundary,authority:build-capabilities,authority:canonical-holds,authority:manifest-holds-allow,authority:manifest-holds-deny		crates/jet-codegen/src/Prelude/Diagnostics.jet:704	MISSING: no implementation reference for E1235	tests/diagnostics_coverage.rs:1348;tests/pkg.rs:7951;tests/pkg.rs:7967;tests/pkg.rs:8024;tests/pkg.rs:8181;tests/pkg.rs:8214	MISSING: no projection reference for E1235					
diagnostic	diagnostic:E1238	diagnostic	A build recipe or staged plan fragment violated its realized-tool, sandbox, authority, or finite-graph contract (D-JPK-ADAPTER1, D-JPK-DYNAMICPLAN1)	active					authority:application-boundary,authority:canonical-holds,authority:package-guarantees,authority:sandbox-lending	sandbox:build-native-boundary,sandbox:substitute-or-refuse	crates/jet-codegen/src/Prelude/Diagnostics.jet:707	crates/jet-pkg-model/src/Recipe.rs:26;crates/jetpack/src/Recipe.rs:15;crates/jetpack/src/Recipe.rs:60;crates/jetpack/src/Recipe.rs:362;crates/jetpack/src/Recipe.rs:378;crates/jetpack/src/Recipe.rs:387;crates/jetpack/src/Recipe.rs:667;crates/jetpack/src/Recipe.rs:869;crates/jetpack/src/Recipe.rs:898;crates/jetpack/src/Recipe.rs:907;crates/jetpack/src/Recipe.rs:922;crates/jetpack/src/Recipe.rs:1923;crates/jetpack/src/Recipe.rs:2530;crates/jetpack/src/Recipe.rs:2552;crates/jetpack/src/Recipe.rs:2843;crates/jetpack/src/Recipe.rs:2846;crates/jetpack/src/Recipe.rs:2990;crates/jetpack/src/Recipe.rs:3004;crates/jetpack/src/Recipe.rs:3171;crates/jetpack/src/Recipe.rs:3185;crates/jetpack/src/Recipe.rs:3321;crates/jetpack/src/Recipe.rs:3337;crates/jetpack/src/Recipe.rs:3399	tests/build_sandbox.rs:178;tests/build_sandbox.rs:204;tests/build_sandbox.rs:602;tests/build_sandbox.rs:813;tests/build_sandbox.rs:941;tests/build_sandbox.rs:990;tests/build_sandbox.rs:1136;tests/diagnostics_coverage.rs:1351;tests/jetpack_engine.rs:9562;tests/jetpack_engine.rs:9585;tests/jetpack_engine.rs:9596;tests/jetpack_engine.rs:9608;tests/jetpack_engine.rs:9621;tests/jetpack_engine.rs:9634;tests/jetpack_engine.rs:9645;tests/jetpack_engine.rs:9663;tests/jetpack_engine.rs:9674;tests/jetpack_engine.rs:9685;tests/jetpack_engine.rs:9696	crates/jet-pkg-model/src/Recipe.rs:26;crates/jetpack/src/Recipe.rs:15;crates/jetpack/src/Recipe.rs:60;crates/jetpack/src/Recipe.rs:362;crates/jetpack/src/Recipe.rs:378;crates/jetpack/src/Recipe.rs:387;crates/jetpack/src/Recipe.rs:667;crates/jetpack/src/Recipe.rs:869;crates/jetpack/src/Recipe.rs:898;crates/jetpack/src/Recipe.rs:907;crates/jetpack/src/Recipe.rs:922;crates/jetpack/src/Recipe.rs:1923;crates/jetpack/src/Recipe.rs:2530;crates/jetpack/src/Recipe.rs:2552;crates/jetpack/src/Recipe.rs:2843;crates/jetpack/src/Recipe.rs:2846;crates/jetpack/src/Recipe.rs:2990;crates/jetpack/src/Recipe.rs:3004;crates/jetpack/src/Recipe.rs:3171;crates/jetpack/src/Recipe.rs:3185;crates/jetpack/src/Recipe.rs:3321;crates/jetpack/src/Recipe.rs:3337;crates/jetpack/src/Recipe.rs:3399					
diagnostic	diagnostic:E1255	diagnostic	An untrusted project environment or build hook hit a non-interactive path with no `--trust`/exact grant (U19, D-JPK-DEVCOMPOSE1, D-JPK-BUILDSCRIPT1)	active					authority:application-boundary,authority:build-capabilities,authority:canonical-holds,authority:manifest-holds-allow,authority:manifest-holds-deny		crates/jet-codegen/src/Prelude/Diagnostics.jet:724	crates/jetpack/src/Trust.rs:823;crates/jetpack/src/Trust.rs:940;crates/jetpack/src/Trust.rs:967;crates/jetpack/src/Trust.rs:978;crates/jetpack/src/Trust.rs:1048;crates/jetpack/src/Trust.rs:1060;crates/jetpack/src/Trust.rs:1161	tests/diagnostics_coverage.rs:1366;tests/env_dev_trust.rs:10;tests/env_dev_trust.rs:383;tests/env_dev_trust.rs:400;tests/env_dev_trust.rs:422;tests/env_dev_trust.rs:493;tests/env_hook.rs:601;tests/jetpack_engine.rs:4176;tests/jetpack_engine.rs:4197;tests/jetpack_engine.rs:4257;tests/jetpack_engine.rs:4533;tests/jetpack_engine.rs:6108;tests/jetpack_engine.rs:7796	crates/jetpack/src/Trust.rs:823;crates/jetpack/src/Trust.rs:940;crates/jetpack/src/Trust.rs:967;crates/jetpack/src/Trust.rs:978;crates/jetpack/src/Trust.rs:1048;crates/jetpack/src/Trust.rs:1060;crates/jetpack/src/Trust.rs:1161					
diagnostic	diagnostic:E1257	diagnostic	A `target: sandbox` package's exported interface changed incompatibly since the last frozen build (D-PLUGIN-VERSION1=A)	active					authority:application-boundary,authority:canonical-holds,authority:package-guarantees,authority:sandbox-lending	sandbox:build-native-boundary,sandbox:substitute-or-refuse	crates/jet-codegen/src/Prelude/Diagnostics.jet:726	crates/jet-driver/src/LibraryExport.rs:232;crates/jet-driver/src/PluginExport.rs:98;crates/jet-driver/src/PluginExport.rs:103;crates/jet-sema/src/Sema/CheckerCoreLib/core_call.rs:7464;crates/jet-sema/src/Sema/CheckerCoreLib/plugin_checks.rs:67;crates/jet-sema/src/Sema/CheckerCoreLib/plugin_checks.rs:136	tests/diagnostic_snapshots.rs:264	crates/jet-driver/src/LibraryExport.rs:232;crates/jet-driver/src/PluginExport.rs:98;crates/jet-driver/src/PluginExport.rs:103;crates/jet-sema/src/Sema/CheckerCoreLib/core_call.rs:7464;crates/jet-sema/src/Sema/CheckerCoreLib/plugin_checks.rs:67;crates/jet-sema/src/Sema/CheckerCoreLib/plugin_checks.rs:136					
diagnostic	diagnostic:E1258	diagnostic	A `target: sandbox` package's own code uses an effect — sandboxes are deny-by-default, zero host authority (D-PLUGIN1=B)	active					authority:application-boundary,authority:canonical-holds,authority:package-guarantees,authority:sandbox-lending	sandbox:build-native-boundary,sandbox:substitute-or-refuse	crates/jet-codegen/src/Prelude/Diagnostics.jet:727	crates/jet-pkg-model/src/Manifest.rs:714;crates/jet-pkg-model/src/Manifest.rs:720	examples/features/packages/sandbox_mathkit/run.jet:9;tests/cli_parts/expand.rs:919;tests/cli_parts/expand.rs:941;tests/cli_parts/expand.rs:942;tests/cli_parts/expand.rs:951;tests/cli_parts/expand.rs:970;tests/cli_parts/expand.rs:971	crates/jet-pkg-model/src/Manifest.rs:714;crates/jet-pkg-model/src/Manifest.rs:720					
diagnostic	diagnostic:E1259	diagnostic	Couldn't build a sandbox's WASM Component — missing/failed `rustc`/`wasm-tools` toolchain (D-DEP-WASM1=A)	active					authority:application-boundary,authority:canonical-holds,authority:package-guarantees,authority:sandbox-lending	sandbox:build-native-boundary,sandbox:substitute-or-refuse	crates/jet-codegen/src/Prelude/Diagnostics.jet:728	crates/jet-pkg-model/src/Manifest.rs:730;crates/jet-pkg-model/src/Manifest.rs:735	tests/cli_parts/expand.rs:974;tests/cli_parts/expand.rs:982;tests/cli_parts/expand.rs:1029;tests/cli_parts/expand.rs:1030;tests/diagnostic_snapshots.rs:832;tests/diagnostic_snapshots.rs:833;tests/diagnostic_snapshots.rs:839;tests/diagnostic_snapshots.rs:840;tests/diagnostic_snapshots.rs:843	crates/jet-pkg-model/src/Manifest.rs:730;crates/jet-pkg-model/src/Manifest.rs:735					
diagnostic	diagnostic:E1260	diagnostic	A sandbox's exported `pub fn` isn't one homogeneous `Int`, `Float`, `Bool`, or `Text` shape (D-PLUGIN-EXPORT1=A)	active					authority:application-boundary,authority:canonical-holds,authority:package-guarantees,authority:sandbox-lending	sandbox:build-native-boundary,sandbox:substitute-or-refuse	crates/jet-codegen/src/Prelude/Diagnostics.jet:729	crates/jet-driver/src/Driver/mod.rs:6760;crates/jet-driver/src/LibraryExport.rs:163;crates/jet-driver/src/PluginExport.rs:55;crates/jet-driver/src/PluginExport.rs:59;crates/jet-driver/src/PluginExport.rs:80;crates/jet-sema/src/Sema/CheckerCoreLib/plugin_checks.rs:102	tests/diagnostic_snapshots.rs:264;tests/ui/plugin_e1260_unsupported_shape/run.jet:4	crates/jet-driver/src/Driver/mod.rs:6760;crates/jet-driver/src/LibraryExport.rs:163;crates/jet-driver/src/PluginExport.rs:55;crates/jet-driver/src/PluginExport.rs:59;crates/jet-driver/src/PluginExport.rs:80;crates/jet-sema/src/Sema/CheckerCoreLib/plugin_checks.rs:102					
diagnostic	diagnostic:E1264	diagnostic	A function reaches `core.crypto.vault.get` without declaring the `Secret` effect (D-JPK-SECRETCRYPTO1)	active					authority:application-boundary,authority:build-capabilities,authority:canonical-holds,authority:manifest-holds-allow,authority:manifest-holds-deny		crates/jet-codegen/src/Prelude/Diagnostics.jet:751	crates/jet-sema/src/Sema/CheckerCoreLib/core_call.rs:6545;crates/jet-sema/src/Sema/Effects.rs:3196;crates/jet-sema/src/Sema/Effects.rs:3279;crates/jet-sema/src/Sema/Effects.rs:3283	examples/features/crypto/vault_secret.jet:4;tests/fuzz/sema/valid/ex_crypto_vault_secret.jet:4	crates/jet-sema/src/Sema/CheckerCoreLib/core_call.rs:6545;crates/jet-sema/src/Sema/Effects.rs:3196;crates/jet-sema/src/Sema/Effects.rs:3279;crates/jet-sema/src/Sema/Effects.rs:3283					
diagnostic	diagnostic:E1265	diagnostic	`core.crypto.vault.get` reached from a build-time (comptime) context — secrets are never readable at build time (D-JPK-SECRETCRYPTO1)	active					authority:application-boundary,authority:build-capabilities,authority:canonical-holds,authority:manifest-holds-allow,authority:manifest-holds-deny		crates/jet-codegen/src/Prelude/Diagnostics.jet:752	crates/jet-comptime/src/Comptime/Methods/dispatch.rs:116;crates/jet-sema/src/Sema/CheckerCoreLib/core_call.rs:6547	examples/features/crypto/vault_secret.jet:5;tests/build_entry.rs:3029;tests/dev_parts/support.rs:1854;tests/dev_parts/support.rs:1860;tests/dev_parts/support.rs:2787;tests/dev_parts/support.rs:2798;tests/dev_parts/support.rs:2886;tests/dev_parts/support.rs:2891;tests/dev_parts/support.rs:2981;tests/dev_parts/support.rs:2988;tests/dev_parts/support.rs:3064;tests/dev_parts/support.rs:3071;tests/dev_parts/support.rs:3149;tests/dev_parts/support.rs:3158;tests/dev_parts/support.rs:3257;tests/dev_parts/support.rs:3451;tests/dev_parts/support.rs:3457;tests/dev_parts/support.rs:3570;tests/dev_parts/support.rs:3576;tests/fuzz/sema/valid/ex_crypto_vault_secret.jet:5;tests/parity.rs:38	crates/jet-comptime/src/Comptime/Methods/dispatch.rs:116;crates/jet-sema/src/Sema/CheckerCoreLib/core_call.rs:6547					
diagnostic	diagnostic:E1267	diagnostic	An `.Oci` image's `from: packages.<name>` doesn't name an `executable`-kind package (U14, D-JPK-IMAGE1)	active					authority:application-boundary,authority:build-capabilities,authority:canonical-holds,authority:manifest-holds-allow,authority:manifest-holds-deny		crates/jet-codegen/src/Prelude/Diagnostics.jet:754	crates/jet-env-model/src/ModuleEval/Diagnostics.rs:2;crates/jet-env-model/src/ModuleEval/Diagnostics.rs:303;crates/jet-env-model/src/ModuleEval/Diagnostics.rs:314;crates/jet-env-model/src/ModuleEval/mod.rs:1373;crates/jet-env-model/src/ModuleEval/mod.rs:1487;crates/jet-env-model/src/ModuleEval/mod.rs:1500;crates/jet-env-model/src/ModuleEval/mod.rs:1508;crates/jet-env-model/src/ModuleEval/mod.rs:1514;crates/jet-env-model/src/ModuleEval/Source.rs:806;crates/jet-parser/src/Parser/Modules.rs:1603	tests/diagnostics_coverage.rs:1372;tests/fixtures/jetpack-typed/image.jet:14;tests/fixtures/jetpack-typed/package.jet:2;tests/image.rs:15;tests/image.rs:256;tests/image.rs:264	crates/jet-env-model/src/ModuleEval/Diagnostics.rs:2;crates/jet-env-model/src/ModuleEval/Diagnostics.rs:303;crates/jet-env-model/src/ModuleEval/Diagnostics.rs:314;crates/jet-env-model/src/ModuleEval/mod.rs:1373;crates/jet-env-model/src/ModuleEval/mod.rs:1487;crates/jet-env-model/src/ModuleEval/mod.rs:1500;crates/jet-env-model/src/ModuleEval/mod.rs:1508;crates/jet-env-model/src/ModuleEval/mod.rs:1514;crates/jet-env-model/src/ModuleEval/Source.rs:806;crates/jet-parser/src/Parser/Modules.rs:1603					
diagnostic	diagnostic:E1275	diagnostic	No enforceable native sandbox is available for a local executable action (U28, D-JPK-SANDBOX2)	active					authority:application-boundary,authority:canonical-holds,authority:package-guarantees,authority:sandbox-lending	sandbox:build-native-boundary,sandbox:substitute-or-refuse	crates/jet-codegen/src/Prelude/Diagnostics.jet:762	crates/jet-pkg-model/src/FFI.rs:2414;crates/jet-pkg-model/src/FFI.rs:2509;crates/jetpack/src/CLI/cc.rs:1595;crates/jetpack/src/CLI/cc.rs:1620;crates/jetpack/src/CLI/realize.rs:1071;crates/jetpack/src/JetOS/store_realize.rs:123;crates/jetpack/src/NixBuilder.rs:36;crates/jetpack/src/NixBuilder.rs:771;crates/jetpack/src/Provider.rs:1250;crates/jetpack/src/Provider.rs:1279;crates/jetpack/src/Provider/adapter.rs:93;crates/jetpack/src/Recipe.rs:20;crates/jetpack/src/Recipe.rs:2673;crates/jetpack/src/Recipe.rs:3058;crates/jetpack/src/RuntimePolicy.rs:510;crates/jetpack/src/RuntimePolicy.rs:513;crates/jetpack/src/RuntimePolicy.rs:530;crates/jetpack/src/RuntimePolicy.rs:553;crates/jetpack/src/RuntimePolicy.rs:563	tests/build_sandbox.rs:358;tests/build_sandbox.rs:654;tests/build_sandbox.rs:813;tests/build_sandbox.rs:894;tests/build_sandbox.rs:1078;tests/build_sandbox.rs:1296;tests/diagnostics_coverage.rs:1376;tests/jetpack_no_daemon.rs:95;tests/jetpack_no_daemon.rs:111;tests/jetpack_no_daemon.rs:145	crates/jet-pkg-model/src/FFI.rs:2414;crates/jet-pkg-model/src/FFI.rs:2509;crates/jetpack/src/CLI/cc.rs:1595;crates/jetpack/src/CLI/cc.rs:1620;crates/jetpack/src/CLI/realize.rs:1071;crates/jetpack/src/JetOS/store_realize.rs:123;crates/jetpack/src/NixBuilder.rs:36;crates/jetpack/src/NixBuilder.rs:771;crates/jetpack/src/Provider.rs:1250;crates/jetpack/src/Provider.rs:1279;crates/jetpack/src/Provider/adapter.rs:93;crates/jetpack/src/Recipe.rs:20;crates/jetpack/src/Recipe.rs:2673;crates/jetpack/src/Recipe.rs:3058;crates/jetpack/src/RuntimePolicy.rs:510;crates/jetpack/src/RuntimePolicy.rs:513;crates/jetpack/src/RuntimePolicy.rs:530;crates/jetpack/src/RuntimePolicy.rs:553;crates/jetpack/src/RuntimePolicy.rs:563					
diagnostic	diagnostic:E1326	diagnostic	A managed environment file has an invalid destination, source, mode, permission, or content shape (D-ENV-FILES1)	active					authority:application-boundary,authority:canonical-holds,authority:package-guarantees,authority:unsafe-policy	sandbox:sentry-fenced-scope	crates/jet-codegen/src/Prelude/Diagnostics.jet:640	crates/jet-env-model/src/ModuleEval/Eval.rs:1130;crates/jet-env-model/src/ModuleEval/Source.rs:711;crates/jet-env-model/src/ModuleEval/Source.rs:755	MISSING: no fixture reference for E1326	crates/jet-env-model/src/ModuleEval/Eval.rs:1130;crates/jet-env-model/src/ModuleEval/Source.rs:711;crates/jet-env-model/src/ModuleEval/Source.rs:755					
diagnostic	diagnostic:E1328	diagnostic	A typed service readiness probe has the wrong arguments or an unsafe path (D-JPK-SERVICEDEPTH1)	active					authority:application-boundary,authority:canonical-holds,authority:package-guarantees,authority:unsafe-policy	sandbox:sentry-fenced-scope	crates/jet-codegen/src/Prelude/Diagnostics.jet:642	crates/jet-env-model/src/ModuleEval/DevService.rs:149;crates/jet-env-model/src/ModuleEval/DevService.rs:159;crates/jet-env-model/src/ModuleEval/DevService.rs:170;crates/jet-env-model/src/ModuleEval/DevService.rs:183;crates/jet-env-model/src/ModuleEval/DevService.rs:198;crates/jet-env-model/src/ModuleEval/DevService.rs:213;crates/jet-env-model/src/ModuleEval/DevService.rs:231	MISSING: no fixture reference for E1328	crates/jet-env-model/src/ModuleEval/DevService.rs:149;crates/jet-env-model/src/ModuleEval/DevService.rs:159;crates/jet-env-model/src/ModuleEval/DevService.rs:170;crates/jet-env-model/src/ModuleEval/DevService.rs:183;crates/jet-env-model/src/ModuleEval/DevService.rs:198;crates/jet-env-model/src/ModuleEval/DevService.rs:213;crates/jet-env-model/src/ModuleEval/DevService.rs:231					
diagnostic	diagnostic:E1330	diagnostic	Task metadata has the wrong shape or an unsafe project path (D-TASK-META1)	active					authority:application-boundary,authority:canonical-holds,authority:package-guarantees,authority:unsafe-policy	sandbox:sentry-fenced-scope	crates/jet-codegen/src/Prelude/Diagnostics.jet:644	crates/jet-parser/src/Parser/Items/external_tests_ffi.rs:471;crates/jetpack/src/CLI/run_enter_dev.rs:434;crates/jetpack/src/CLI/run_enter_dev.rs:444;crates/jetpack/src/CLI/run_enter_dev.rs:457;crates/jetpack/src/CLI/run_enter_dev.rs:466;crates/jetpack/src/CLI/run_enter_dev.rs:475;crates/jetpack/src/CLI/run_enter_dev.rs:486;crates/jetpack/src/CLI/run_enter_dev.rs:514;crates/jetpack/src/CLI/run_enter_dev.rs:554;crates/jetpack/src/CLI/run_enter_dev.rs:592;crates/jetpack/src/CLI/run_enter_dev.rs:602;crates/jetpack/src/CLI/run_enter_dev.rs:611	tests/diagnostics_coverage.rs:1396	crates/jet-parser/src/Parser/Items/external_tests_ffi.rs:471;crates/jetpack/src/CLI/run_enter_dev.rs:434;crates/jetpack/src/CLI/run_enter_dev.rs:444;crates/jetpack/src/CLI/run_enter_dev.rs:457;crates/jetpack/src/CLI/run_enter_dev.rs:466;crates/jetpack/src/CLI/run_enter_dev.rs:475;crates/jetpack/src/CLI/run_enter_dev.rs:486;crates/jetpack/src/CLI/run_enter_dev.rs:514;crates/jetpack/src/CLI/run_enter_dev.rs:554;crates/jetpack/src/CLI/run_enter_dev.rs:592;crates/jetpack/src/CLI/run_enter_dev.rs:602;crates/jetpack/src/CLI/run_enter_dev.rs:611					
diagnostic	diagnostic:E1336	diagnostic	An environment image cannot project a service, verified package output, or extra file (D-ENV-IMAGE1)	active					authority:application-boundary,authority:canonical-holds,authority:package-guarantees,authority:unsafe-policy	sandbox:sentry-fenced-scope	crates/jet-codegen/src/Prelude/Diagnostics.jet:650	crates/jetpack/src/CLI/add_remove_push_image.rs:622;crates/jetpack/src/CLI/add_remove_push_image.rs:648;crates/jetpack/src/CLI/add_remove_push_image.rs:872;crates/jetpack/src/CLI/add_remove_push_image.rs:887;crates/jetpack/src/CLI/add_remove_push_image.rs:909;crates/jetpack/src/CLI/add_remove_push_image.rs:928;crates/jetpack/src/CLI/add_remove_push_image.rs:950;crates/jetpack/src/CLI/add_remove_push_image.rs:976;crates/jetpack/src/CLI/add_remove_push_image.rs:1360;crates/jetpack/src/CLI/add_remove_push_image.rs:1369;crates/jetpack/src/CLI/add_remove_push_image.rs:1394;crates/jetpack/src/CLI/add_remove_push_image.rs:1417;crates/jetpack/src/CLI/add_remove_push_image.rs:1435;crates/jetpack/src/CLI/add_remove_push_image.rs:1453	tests/diagnostics_coverage.rs:1398;tests/image.rs:644;tests/image.rs:681;tests/image.rs:756;tests/image.rs:780;tests/image.rs:907;tests/image.rs:1138;tests/image.rs:1147;tests/image.rs:1249	crates/jetpack/src/CLI/add_remove_push_image.rs:622;crates/jetpack/src/CLI/add_remove_push_image.rs:648;crates/jetpack/src/CLI/add_remove_push_image.rs:872;crates/jetpack/src/CLI/add_remove_push_image.rs:887;crates/jetpack/src/CLI/add_remove_push_image.rs:909;crates/jetpack/src/CLI/add_remove_push_image.rs:928;crates/jetpack/src/CLI/add_remove_push_image.rs:950;crates/jetpack/src/CLI/add_remove_push_image.rs:976;crates/jetpack/src/CLI/add_remove_push_image.rs:1360;crates/jetpack/src/CLI/add_remove_push_image.rs:1369;crates/jetpack/src/CLI/add_remove_push_image.rs:1394;crates/jetpack/src/CLI/add_remove_push_image.rs:1417;crates/jetpack/src/CLI/add_remove_push_image.rs:1435;crates/jetpack/src/CLI/add_remove_push_image.rs:1453					
diagnostic	diagnostic:E1339	diagnostic	A loaded library declares an effect the load site's grant doesn't cover — refused before mapping (D-LIB-DYNTRUST1=A)	active					authority:application-boundary,authority:build-capabilities,authority:canonical-holds,authority:manifest-holds-allow,authority:manifest-holds-deny		crates/jet-codegen/src/Prelude/Diagnostics.jet:733	crates/jet-codegen/src/Prelude/CoreLib/Top/Mod.rs:392;crates/jet-pkg-model/src/JetLib.rs:13;crates/jet-pkg-model/src/JetLib.rs:658;crates/jet-pkg-model/src/JetLib.rs:662;crates/jet-pkg-model/src/JetLib.rs:857;crates/jet-pkg-model/src/JetLib.rs:873	tests/diagnostic_snapshots.rs:358;tests/library_outputs.rs:494	crates/jet-codegen/src/Prelude/CoreLib/Top/Mod.rs:392;crates/jet-pkg-model/src/JetLib.rs:13;crates/jet-pkg-model/src/JetLib.rs:658;crates/jet-pkg-model/src/JetLib.rs:662;crates/jet-pkg-model/src/JetLib.rs:857;crates/jet-pkg-model/src/JetLib.rs:873					
diagnostic	diagnostic:E1343	diagnostic	The retired audited-effect boolean changed gate policy semantics (D-ONCE-GATE1=A)	retired					authority:application-boundary,authority:build-capabilities,authority:canonical-holds,authority:manifest-holds-allow,authority:manifest-holds-deny		crates/jet-codegen/src/Prelude/Diagnostics.jet:836	crates/jet-foundation/src/Syntax/retirements.rs:249	tests/diagnostics_coverage.rs:1458	crates/jet-foundation/src/Syntax/retirements.rs:249					
diagnostic	diagnostic:E1346	diagnostic	Callable CLI members are declared on a Codable struct (D-CLI-GLOBAL1=E)	active					authority:application-boundary,authority:build-capabilities,authority:canonical-holds,authority:manifest-holds-allow,authority:manifest-holds-deny		crates/jet-codegen/src/Prelude/Diagnostics.jet:632	crates/jet-sema/src/Sema/CheckerCli.rs:217	MISSING: no fixture reference for E1346	crates/jet-sema/src/Sema/CheckerCli.rs:217					
diagnostic	diagnostic:E1361	diagnostic	An inline `package { … }` declaration appears more than once (D-ECO-INLINEPACKAGE1)	active					authority:application-boundary,authority:build-capabilities,authority:canonical-holds,authority:manifest-holds-allow,authority:manifest-holds-deny		crates/jet-codegen/src/Prelude/Diagnostics.jet:949	crates/jet-driver/src/Formatter.rs:81;crates/jet-pkg-model/src/Package/Blocks.rs:3181	tests/inline_package.rs:557	crates/jet-driver/src/Formatter.rs:81;crates/jet-pkg-model/src/Package/Blocks.rs:3181					
diagnostic	diagnostic:E1363	diagnostic	An inline Package conflicts with `package.jet` (D-ECO-INLINEPACKAGE1)	active					authority:application-boundary,authority:build-capabilities,authority:canonical-holds,authority:manifest-holds-allow,authority:manifest-holds-deny		crates/jet-codegen/src/Prelude/Diagnostics.jet:951	crates/jet-driver/src/Loader.rs:192;crates/jet-driver/src/Loader.rs:287;crates/jet-driver/src/Loader.rs:334;crates/jet-driver/src/Loader.rs:347;crates/jet-driver/src/Loader.rs:358;crates/jet-driver/src/Loader.rs:1331;crates/jet-env-model/src/ModuleEval/Source.rs:109	tests/inline_package.rs:78;tests/inline_package.rs:86	crates/jet-driver/src/Loader.rs:192;crates/jet-driver/src/Loader.rs:287;crates/jet-driver/src/Loader.rs:334;crates/jet-driver/src/Loader.rs:347;crates/jet-driver/src/Loader.rs:358;crates/jet-driver/src/Loader.rs:1331;crates/jet-env-model/src/ModuleEval/Source.rs:109					
diagnostic	diagnostic:E1402	diagnostic	Compiler-extension host failure (load/analyze/validate fail-closed, D-DX5-HOOK1)	active					authority:application-boundary,authority:canonical-holds,authority:package-guarantees,authority:sandbox-lending	sandbox:build-native-boundary,sandbox:substitute-or-refuse	crates/jet-codegen/src/Prelude/Diagnostics.jet:202	crates/jet-driver/src/CompilerExtensionHook.rs:7;crates/jet-driver/src/CompilerExtensionHook.rs:524;crates/jet-driver/src/CompilerExtensionHook.rs:653;crates/jet-driver/src/CompilerExtensionHook.rs:710;crates/jet-driver/src/CompilerExtensionHook.rs:711;crates/jet-driver/src/CompilerExtensionHook.rs:732;crates/jet-driver/src/CompilerExtensionHook.rs:840;crates/jet-driver/src/CompilerExtensionHook.rs:841;crates/jet-driver/src/CompilerExtensionHook.rs:862;crates/jet-driver/src/CompilerExtensionHook.rs:863	MISSING: no fixture reference for E1402	crates/jet-driver/src/CompilerExtensionHook.rs:7;crates/jet-driver/src/CompilerExtensionHook.rs:524;crates/jet-driver/src/CompilerExtensionHook.rs:653;crates/jet-driver/src/CompilerExtensionHook.rs:710;crates/jet-driver/src/CompilerExtensionHook.rs:711;crates/jet-driver/src/CompilerExtensionHook.rs:732;crates/jet-driver/src/CompilerExtensionHook.rs:840;crates/jet-driver/src/CompilerExtensionHook.rs:841;crates/jet-driver/src/CompilerExtensionHook.rs:862;crates/jet-driver/src/CompilerExtensionHook.rs:863					
diagnostic	diagnostic:E1802	diagnostic	Hard-rejected feature in the REPL (FFI, tasks, `#Unsafe`, OS-level APIs)	active					authority:application-boundary,authority:canonical-holds,authority:package-guarantees,authority:unsafe-policy	sandbox:sentry-fenced-scope	crates/jet-codegen/src/Prelude/Diagnostics.jet:526	crates/jet-comptime/src/Comptime/CorePureParity.rs:281;crates/jet-comptime/src/Comptime/Interpreter.rs:196;crates/jet-comptime/src/Comptime/Methods/core_calls.rs:732;crates/jet-repl/src/lib.rs:21;crates/jet-repl/src/lib.rs:768;crates/jet-repl/src/lib.rs:771;crates/jet-repl/src/lib.rs:1542;crates/jet-repl/src/lib.rs:1880;crates/jet-repl/src/lib.rs:2748;crates/jet-repl/src/lib.rs:3463;crates/jet-repl/src/lib.rs:3757;crates/jet-repl/src/lib.rs:3758;crates/jet-repl/src/Notebook/eval.rs:174;crates/jet-repl/src/Notebook/eval.rs:175;crates/jet-repl/src/Sql.rs:67;crates/jet-repl/src/Sql.rs:76	tests/diagnostics_coverage.rs:1399;tests/repl.rs:751;tests/repl.rs:752;tests/repl.rs:761;tests/repl.rs:762;tests/repl.rs:1285;tests/repl.rs:1288;tests/repl.rs:1319;tests/repl.rs:1625;tests/repl.rs:2221	crates/jet-comptime/src/Comptime/CorePureParity.rs:281;crates/jet-comptime/src/Comptime/Interpreter.rs:196;crates/jet-comptime/src/Comptime/Methods/core_calls.rs:732;crates/jet-repl/src/lib.rs:21;crates/jet-repl/src/lib.rs:768;crates/jet-repl/src/lib.rs:771;crates/jet-repl/src/lib.rs:1542;crates/jet-repl/src/lib.rs:1880;crates/jet-repl/src/lib.rs:2748;crates/jet-repl/src/lib.rs:3463;crates/jet-repl/src/lib.rs:3757;crates/jet-repl/src/lib.rs:3758;crates/jet-repl/src/Notebook/eval.rs:174;crates/jet-repl/src/Notebook/eval.rs:175;crates/jet-repl/src/Sql.rs:67;crates/jet-repl/src/Sql.rs:76					
diagnostic	diagnostic:E1803	diagnostic	Application authority is undecided or denies a required effect	active					authority:application-boundary,authority:build-capabilities,authority:canonical-holds,authority:manifest-holds-allow,authority:manifest-holds-deny		crates/jet-codegen/src/Prelude/Diagnostics.jet:527	crates/jet-comptime/src/Comptime/Methods/repl_process.rs:200;crates/jet-comptime/src/Comptime/Methods/repl_process.rs:240;crates/jet-comptime/tests/tls_tier2.rs:74;crates/jet-comptime/tests/tls_tier2.rs:159;crates/jet-foundation/src/Authority.rs:397;crates/jet-foundation/src/Authority.rs:837;crates/jet-foundation/src/Authority.rs:854;crates/jet-pkg-model/src/EffectBudget.rs:163;crates/jet-pkg-model/src/EffectBudget.rs:988;crates/jet-repl/src/Console.rs:2981;crates/jet-repl/src/lib.rs:225;crates/jet-repl/src/lib.rs:1342;crates/jet-repl/src/lib.rs:1346;crates/jet-repl/src/lib.rs:1400;crates/jet-repl/src/lib.rs:3450;crates/jet-repl/src/lib.rs:3989	crates/jet-comptime/tests/tls_tier2.rs:74;crates/jet-comptime/tests/tls_tier2.rs:159;tests/cli_parts/surface.rs:2118;tests/cli_parts/surface.rs:2121;tests/dev_parts/support.rs:2720;tests/diagnostics_coverage.rs:1400;tests/repl.rs:975;tests/repl.rs:1543;tests/repl.rs:1560;tests/repl.rs:1640;tests/repl.rs:1656;tests/repl.rs:2000;tests/repl.rs:2019;tests/repl.rs:2033;tests/repl.rs:2081;tests/repl.rs:2102;tests/repl.rs:2129;tests/repl.rs:2157;tests/repl.rs:2213;tests/tir_patterns_and_fields.rs:1740	crates/jet-comptime/src/Comptime/Methods/repl_process.rs:200;crates/jet-comptime/src/Comptime/Methods/repl_process.rs:240;crates/jet-comptime/tests/tls_tier2.rs:74;crates/jet-comptime/tests/tls_tier2.rs:159;crates/jet-foundation/src/Authority.rs:397;crates/jet-foundation/src/Authority.rs:837;crates/jet-foundation/src/Authority.rs:854;crates/jet-pkg-model/src/EffectBudget.rs:163;crates/jet-pkg-model/src/EffectBudget.rs:988;crates/jet-repl/src/Console.rs:2981;crates/jet-repl/src/lib.rs:225;crates/jet-repl/src/lib.rs:1342;crates/jet-repl/src/lib.rs:1346;crates/jet-repl/src/lib.rs:1400;crates/jet-repl/src/lib.rs:3450;crates/jet-repl/src/lib.rs:3989					
diagnostic	diagnostic:E2103	diagnostic	External completion could not read a verified JetCommandSchema record (D-SHAPE-CLI-CARRIER1, D-SHAPE-CLI-COMPLETE1)	active					authority:application-boundary,authority:canonical-holds,authority:package-guarantees,authority:sandbox-lending	sandbox:build-native-boundary,sandbox:substitute-or-refuse	crates/jet-codegen/src/Prelude/Diagnostics.jet:795	MISSING: no implementation reference for E2103	tests/cli_parts/budget.rs:1645	MISSING: no projection reference for E2103					
diagnostic	diagnostic:E2110	diagnostic	Automatic GC or its trace failed safely (D-OPTGC1, cards #658/#659)	active					authority:application-boundary,authority:canonical-holds,authority:package-guarantees,authority:unsafe-policy	sandbox:sentry-fenced-scope	crates/jet-codegen/src/Prelude/Diagnostics.jet:799	crates/jet-rt/src/__gc_core.rs:93;crates/jet-rt/src/__gc_host.rs:3	examples/features/basics/build/callbacks.rs:21397;examples/features/basics/build/compound.rs:21397;examples/features/basics/build/hello.rs:15347;examples/features/basics/build/numbers.rs:21397;examples/features/lowlevel/cbind/build/run.rs:21404;examples/features/memory/program_allocator/build/main.rs:15547;examples/features/memory/program_allocator/build/run.rs:21994;examples/features/memory/unsafe_sentries_package_off/build/run.rs:14400;examples/features/packages/outputs_nested/build/main.rs:21397;examples/features/tooling/build_entry_discovery/build/run.rs:14947;examples/features/tooling/build/output_callable.rs:15363;examples/features/tooling/programmable_build/build/main.rs:4674;examples/features/tooling/run_default/build/run.rs:15031;examples/features/tooling/test_package_modules/build/run.rs:15031;examples/performance/receipts/hello/build/run.rs:14951;examples/performance/receipts/http_ready/build/run.rs:14951;tests/cli_parts/budget.rs:1215;tests/cli_parts/budget.rs:1236;tests/fixtures/fresh_agent_t4/build/run.rs:21400;tests/project_check/fixtures/core_closure/build/run.rs:21397;tests/project_check/fixtures/entry_resolution/build/main.rs:35275;tests/project_check/fixtures/entry_resolution/build/main.rs:35836;tests/project_check/fixtures/frozen_dogfood/build/main.rs:35275;tests/project_check/fixtures/frozen_dogfood/build/main.rs:35836	crates/jet-rt/src/__gc_core.rs:93;crates/jet-rt/src/__gc_host.rs:3					
diagnostic	diagnostic:E2112	diagnostic	The cross-run memory witness ledger is missing, unsafe, oversized, malformed, or incompatible (card #1895)	active					authority:application-boundary,authority:canonical-holds,authority:package-guarantees,authority:unsafe-policy	sandbox:sentry-fenced-scope	crates/jet-codegen/src/Prelude/Diagnostics.jet:801	MISSING: no implementation reference for E2112	MISSING: no fixture reference for E2112	MISSING: no projection reference for E2112					
diagnostic	diagnostic:E2201	diagnostic	`jet dev` can't interpret a feature (task/FFI/`#Unsafe`/native std); names it and `jet build`/`jet run` (E2-M4, D-DEV1)	active					authority:application-boundary,authority:canonical-holds,authority:package-guarantees,authority:unsafe-policy	sandbox:sentry-fenced-scope	crates/jet-codegen/src/Prelude/Diagnostics.jet:802	crates/jet-comptime/src/Comptime/mod.rs:1164;crates/jet-driver/src/InterpreterBoundary.rs:60;crates/jet-driver/src/InterpreterBoundary.rs:63;crates/jet-driver/src/InterpreterBoundary.rs:87;crates/jet-foundation/src/JitBackend.rs:27;crates/jet-foundation/src/JitBackend.rs:46	tests/comptime_cli_parity.rs:173;tests/comptime_core_pure_parity.rs:1322;tests/corelib_parts/compile.rs:710;tests/corelib_parts/compile.rs:1067;tests/dev_parts/corpus_gate.rs:292;tests/dev_parts/interp_parity.rs:9;tests/dev_parts/routine.rs:263;tests/dev_parts/routine.rs:273;tests/dev_parts/routine.rs:548;tests/dev_parts/routine.rs:564;tests/dev_parts/routine.rs:1635;tests/dev_parts/routine.rs:2004;tests/dev_parts/routine.rs:2007;tests/dev_parts/routine.rs:2024;tests/dev_parts/routine.rs:2026;tests/dev_parts/routine.rs:4009;tests/dev_parts/routine.rs:4011;tests/dev_parts/routine.rs:4720;tests/dev_parts/routine.rs:5384;tests/dev_parts/routine.rs:6435;tests/dev_parts/routine.rs:6463;tests/dev_parts/routine.rs:6792;tests/dev_parts/support.rs:171;tests/dev_parts/support.rs:1845	crates/jet-comptime/src/Comptime/mod.rs:1164;crates/jet-driver/src/InterpreterBoundary.rs:60;crates/jet-driver/src/InterpreterBoundary.rs:63;crates/jet-driver/src/InterpreterBoundary.rs:87;crates/jet-foundation/src/JitBackend.rs:27;crates/jet-foundation/src/JitBackend.rs:46					
diagnostic	diagnostic:E2203	diagnostic	An interpreter-only debug session can't step through a feature outside its safe boundary; the native `jet debug` CLI routes these programs to LLDB (D-DBG3)	active					authority:application-boundary,authority:canonical-holds,authority:package-guarantees,authority:unsafe-policy	sandbox:sentry-fenced-scope	crates/jet-codegen/src/Prelude/Diagnostics.jet:804	crates/jet-debug/src/lib.rs:14;crates/jet-debug/src/lib.rs:2227;crates/jet-debug/src/lib.rs:2824;crates/jet-debug/src/Native.rs:6;crates/jet-debug/src/Native.rs:443;crates/jet-devserver/src/Canvas/edit_actions.rs:1739;crates/jet-driver/src/InterpreterBoundary.rs:61;crates/jet-driver/src/InterpreterBoundary.rs:125	examples/features/tooling/debug_native.jet:8;tests/canvas.rs:6257;tests/debug.rs:485;tests/debug.rs:495;tests/debug.rs:496;tests/debug.rs:500;tests/debug.rs:1658;tests/dev_parts/routine.rs:258;tests/diagnostics_coverage.rs:1404;tests/fuzz/sema/valid/ex_tooling_debug_native.jet:8	crates/jet-debug/src/lib.rs:14;crates/jet-debug/src/lib.rs:2227;crates/jet-debug/src/lib.rs:2824;crates/jet-debug/src/Native.rs:6;crates/jet-debug/src/Native.rs:443;crates/jet-devserver/src/Canvas/edit_actions.rs:1739;crates/jet-driver/src/InterpreterBoundary.rs:61;crates/jet-driver/src/InterpreterBoundary.rs:125					
diagnostic	diagnostic:E2392	diagnostic	Project check could not prove tier lowering	active					authority:application-boundary,authority:canonical-holds		crates/jet-codegen/src/Prelude/Diagnostics.jet:860	MISSING: no implementation reference for E2392	tests/project_check.rs:195;tests/project_check.rs:326;tests/project_check.rs:328;tests/project_check.rs:582;tests/ui/e2392_linked_cascade.jet:1;tests/ui/e2392_root_cascade.jet:1	MISSING: no projection reference for E2392					
diagnostic	diagnostic:E2404	diagnostic	`?` can't turn the `{Source}` from `{callee}` into `{Target}` here	active					authority:application-boundary,authority:canonical-holds		crates/jet-codegen/src/Prelude/Diagnostics.jet:840	crates/jet-foundation/src/Diagnostics.rs:2023;crates/jet-sema/src/Sema/Bundle.rs:366;crates/jet-sema/src/Sema/Bundle.rs:394;crates/jet-sema/src/Sema/Bundle/Pipeline/Completion.rs:872;crates/jet-sema/src/Sema/CheckerInfer/fallible.rs:410;crates/jet-sema/src/Sema/CheckerInfer/fallible.rs:622	tests/error_conversions.rs:161;tests/error_conversions.rs:162;tests/error_conversions.rs:173;tests/error_conversions.rs:174;tests/error_conversions.rs:178;tests/error_conversions.rs:187;tests/error_conversions.rs:203;tests/error_conversions.rs:215;tests/error_conversions.rs:234;tests/error_conversions.rs:247;tests/error_conversions.rs:290;tests/error_conversions.rs:313;tests/error_conversions.rs:352;tests/error_conversions.rs:360;tests/failure_foundation.rs:221;tests/failure_foundation.rs:222;tests/failure_provenance.rs:33;tests/failure_provenance.rs:62;tests/ui/e2404_failure_contracts.jet:1;tests/ui/e2404_no_error_conv.jet:1	crates/jet-foundation/src/Diagnostics.rs:2023;crates/jet-sema/src/Sema/Bundle.rs:366;crates/jet-sema/src/Sema/Bundle.rs:394;crates/jet-sema/src/Sema/Bundle/Pipeline/Completion.rs:872;crates/jet-sema/src/Sema/CheckerInfer/fallible.rs:410;crates/jet-sema/src/Sema/CheckerInfer/fallible.rs:622					
diagnostic	diagnostic:E2476	diagnostic	A live query cannot be maintained for an untracked or ineligible query (D-QUERY-LIVE1)	active					authority:application-boundary,authority:canonical-holds,authority:package-guarantees,authority:unsafe-policy	sandbox:sentry-fenced-scope	crates/jet-codegen/src/Prelude/Diagnostics.jet:446	crates/jet-codegen/src/Prelude/CoreLib/JetStd/CommonTypes.rs:1636	tests/project_check/fixtures/entry_resolution/build/main.rs:3382;tests/project_check/fixtures/entry_resolution/build/main.rs:55755;tests/project_check/fixtures/frozen_dogfood/build/main.rs:3382;tests/project_check/fixtures/frozen_dogfood/build/main.rs:55755	crates/jet-codegen/src/Prelude/CoreLib/JetStd/CommonTypes.rs:1636					
diagnostic	diagnostic:E2703	diagnostic	A checked time-format pattern contains an unclosed literal, incomplete percent escape, unsupported token, or zone-only token without a zone	active					authority:application-boundary,authority:build-capabilities,authority:canonical-holds,authority:manifest-holds-allow,authority:manifest-holds-deny		crates/jet-codegen/src/Prelude/Diagnostics.jet:812	crates/jet-codegen/src/Prelude/Core/Time.rs:1924;crates/jet-codegen/src/Prelude/Core/Time.rs:1930;crates/jet-codegen/src/Prelude/Core/Time.rs:1939;crates/jet-codegen/src/Prelude/Core/Time.rs:1967;crates/jet-codegen/src/Prelude/Core/Time.rs:1973;crates/jet-codegen/src/Prelude/Core/Time.rs:1987;crates/jet-codegen/src/Prelude/Core/Time.rs:1989;crates/jet-codegen/src/Prelude/Core/Time.rs:1998	examples/features/basics/build/callbacks.rs:2934;examples/features/basics/build/callbacks.rs:7548;examples/features/basics/build/callbacks.rs:7554;examples/features/basics/build/callbacks.rs:7563;examples/features/basics/build/callbacks.rs:7591;examples/features/basics/build/callbacks.rs:7597;examples/features/basics/build/callbacks.rs:7611;examples/features/basics/build/callbacks.rs:7613;examples/features/basics/build/callbacks.rs:7622;examples/features/basics/build/compound.rs:2934;examples/features/basics/build/compound.rs:7548;examples/features/basics/build/compound.rs:7554;examples/features/basics/build/compound.rs:7563;examples/features/basics/build/compound.rs:7591;examples/features/basics/build/compound.rs:7597;examples/features/basics/build/compound.rs:7611;examples/features/basics/build/compound.rs:7613;examples/features/basics/build/compound.rs:7622;examples/features/basics/build/numbers.rs:2934;examples/features/basics/build/numbers.rs:7548;examples/features/basics/build/numbers.rs:7554;examples/features/basics/build/numbers.rs:7563;examples/features/basics/build/numbers.rs:7591;examples/features/basics/build/numbers.rs:7597	crates/jet-codegen/src/Prelude/Core/Time.rs:1924;crates/jet-codegen/src/Prelude/Core/Time.rs:1930;crates/jet-codegen/src/Prelude/Core/Time.rs:1939;crates/jet-codegen/src/Prelude/Core/Time.rs:1967;crates/jet-codegen/src/Prelude/Core/Time.rs:1973;crates/jet-codegen/src/Prelude/Core/Time.rs:1987;crates/jet-codegen/src/Prelude/Core/Time.rs:1989;crates/jet-codegen/src/Prelude/Core/Time.rs:1998					
diagnostic	diagnostic:E2904	diagnostic	Two performance budgets overlap on one effective key (D-PERFBUDGET-OUTPUT1)	active					authority:application-boundary,authority:canonical-holds		crates/jet-codegen/src/Prelude/Diagnostics.jet:815	crates/jet-sema/src/Sema/BudgetSpecs.rs:421	tests/modules.rs:187;tests/modules.rs:197	crates/jet-sema/src/Sema/BudgetSpecs.rs:421					
diagnostic	diagnostic:E2908	diagnostic	Performance-budget provider/protocol/storage operation failed before acceptance (D-PERFBUDGET-OUTPUT1)	active					authority:application-boundary,authority:build-capabilities,authority:canonical-holds,authority:manifest-holds-allow,authority:manifest-holds-deny		crates/jet-codegen/src/Prelude/Diagnostics.jet:819	MISSING: no implementation reference for E2908	tests/cli_parts/budget.rs:15;tests/cli_parts/budget.rs:16;tests/diagnostics_coverage.rs:1417	MISSING: no projection reference for E2908					
diagnostic	diagnostic:E2910	diagnostic	`reactive.derived`/`effect` argument isn't a lambda (D-REACT1)	active					authority:application-boundary,authority:canonical-holds		crates/jet-codegen/src/Prelude/Diagnostics.jet:820	crates/jet-sema/src/Sema/CheckerCoreLib/serde_diags.rs:790;crates/jet-sema/src/Sema/CheckerCoreLib/serde_diags.rs:793	MISSING: no fixture reference for E2910	crates/jet-sema/src/Sema/CheckerCoreLib/serde_diags.rs:790;crates/jet-sema/src/Sema/CheckerCoreLib/serde_diags.rs:793					
diagnostic	diagnostic:E2911	diagnostic	`reactive.derived`/`effect` lambda takes parameters (D-REACT1)	active					authority:application-boundary,authority:canonical-holds		crates/jet-codegen/src/Prelude/Diagnostics.jet:821	crates/jet-sema/src/Sema/CheckerCoreLib/serde_diags.rs:804;crates/jet-sema/src/Sema/CheckerCoreLib/serde_diags.rs:807	MISSING: no fixture reference for E2911	crates/jet-sema/src/Sema/CheckerCoreLib/serde_diags.rs:804;crates/jet-sema/src/Sema/CheckerCoreLib/serde_diags.rs:807					
diagnostic	diagnostic:E2912	diagnostic	`reactive.derived` lambda returns nothing (D-REACT1)	active					authority:application-boundary,authority:canonical-holds		crates/jet-codegen/src/Prelude/Diagnostics.jet:822	crates/jet-sema/src/Sema/CheckerCoreLib/serde_diags.rs:819;crates/jet-sema/src/Sema/CheckerCoreLib/serde_diags.rs:822	MISSING: no fixture reference for E2912	crates/jet-sema/src/Sema/CheckerCoreLib/serde_diags.rs:819;crates/jet-sema/src/Sema/CheckerCoreLib/serde_diags.rs:822					
diagnostic	diagnostic:E2913	diagnostic	A reactive `Signal`/`Derived` can't hold a function value (D-REACT1)	active					authority:application-boundary,authority:canonical-holds		crates/jet-codegen/src/Prelude/Diagnostics.jet:823	crates/jet-sema/src/Sema/CheckerCoreLib/reactive.rs:7;crates/jet-sema/src/Sema/CheckerCoreLib/serde_diags.rs:832;crates/jet-sema/src/Sema/CheckerCoreLib/serde_diags.rs:835	MISSING: no fixture reference for E2913	crates/jet-sema/src/Sema/CheckerCoreLib/reactive.rs:7;crates/jet-sema/src/Sema/CheckerCoreLib/serde_diags.rs:832;crates/jet-sema/src/Sema/CheckerCoreLib/serde_diags.rs:835					
diagnostic	diagnostic:E2936	diagnostic	Teaching: retired `LayoutHandle` → `Layout` (D-LAYOUT-CTOR1)	retired					authority:application-boundary,authority:build-capabilities,authority:canonical-holds,authority:manifest-holds-allow,authority:manifest-holds-deny		crates/jet-codegen/src/Prelude/Diagnostics.jet:831	crates/jet-foundation/src/Syntax/math_layout.rs:138;crates/jet-foundation/src/Syntax/math_layout.rs:144;crates/jet-sema/src/Sema/CheckerCoreLib/core_types.rs:112	tests/diagnostics_coverage.rs:1464;tests/ui/layout_handle_retired.jet:1	crates/jet-foundation/src/Syntax/math_layout.rs:138;crates/jet-foundation/src/Syntax/math_layout.rs:144;crates/jet-sema/src/Sema/CheckerCoreLib/core_types.rs:112					
diagnostic	diagnostic:E2937	diagnostic	A UI host service is used without its declared package capability (D-FOUND-PLATFORM1=A)	active					authority:application-boundary,authority:build-capabilities,authority:canonical-holds,authority:manifest-holds-allow,authority:manifest-holds-deny		crates/jet-codegen/src/Prelude/Diagnostics.jet:832	crates/jet-sema/src/Sema/Bundle/Validation/CoreUsage.rs:540	MISSING: no fixture reference for E2937	crates/jet-sema/src/Sema/Bundle/Validation/CoreUsage.rs:540					
diagnostic	diagnostic:E2941	diagnostic	Unknown proof lens `{value}`	active					authority:application-boundary,authority:canonical-holds		crates/jet-codegen/src/Prelude/Diagnostics.jet:905	MISSING: no implementation reference for E2941	tests/cli_parts/commands.rs:969;tests/cli_parts/commands.rs:972;tests/cli_parts/commands.rs:973;tests/cli_parts/expand.rs:736;tests/prove.rs:990;tests/prove.rs:1001	MISSING: no projection reference for E2941					
diagnostic	diagnostic:E2967	diagnostic	Checked frame resource accesses cannot produce a legal schedule (D-RESOURCE-SCHEDULE1=A)	active					authority:application-boundary,authority:canonical-holds,authority:package-guarantees,authority:unsafe-policy	sandbox:sentry-fenced-scope	crates/jet-codegen/src/Prelude/Diagnostics.jet:908	crates/jet-sema/src/Sema/ResourceSchedule.rs:76;crates/jet-sema/src/Sema/ResourceSchedule.rs:103	MISSING: no fixture reference for E2967	crates/jet-sema/src/Sema/ResourceSchedule.rs:76;crates/jet-sema/src/Sema/ResourceSchedule.rs:103					
diagnostic	diagnostic:E3101	diagnostic	Low-level memory operation used outside an `#Unsafe("…")` block (D-UNSAFE2)	active					authority:application-boundary,authority:canonical-holds,authority:package-guarantees,authority:unsafe-policy	sandbox:sentry-fenced-scope	crates/jet-codegen/src/Prelude/Diagnostics.jet:456	crates/jet-codegen/src/Codegen/TIR/subset/expressions.rs:991;crates/jet-foundation/src/AST/expressions.rs:910;crates/jet-sema/src/Sema/CheckerCoreLib/alloc_ptrs.rs:158;crates/jet-sema/src/Sema/CheckerCoreLib/alloc_ptrs.rs:161;crates/jet-sema/src/Sema/CheckerCoreLib/core_call.rs:6532;crates/jet-sema/src/Sema/CheckerCoreLib/fields_ptrs.rs:89;crates/jet-sema/src/Sema/CheckerCoreLib/fields_ptrs.rs:109	tests/observe.rs:413	crates/jet-codegen/src/Codegen/TIR/subset/expressions.rs:991;crates/jet-foundation/src/AST/expressions.rs:910;crates/jet-sema/src/Sema/CheckerCoreLib/alloc_ptrs.rs:158;crates/jet-sema/src/Sema/CheckerCoreLib/alloc_ptrs.rs:161;crates/jet-sema/src/Sema/CheckerCoreLib/core_call.rs:6532;crates/jet-sema/src/Sema/CheckerCoreLib/fields_ptrs.rs:89;crates/jet-sema/src/Sema/CheckerCoreLib/fields_ptrs.rs:109					
diagnostic	diagnostic:E3102	diagnostic	Low-level memory vocabulary used without `use core.mem` (D-UNSAFE2)	active					authority:application-boundary,authority:canonical-holds,authority:package-guarantees,authority:unsafe-policy	sandbox:sentry-fenced-scope	crates/jet-codegen/src/Prelude/Diagnostics.jet:457	crates/jet-codegen/src/Codegen/TIR/subset/expressions.rs:991;crates/jet-foundation/src/AST/expressions.rs:910;crates/jet-foundation/src/Syntax/core_surface.rs:702;crates/jet-sema/src/Sema/CheckerCoreLib/fields_ptrs.rs:89;crates/jet-sema/src/Sema/CheckerCoreLib/fields_ptrs.rs:98;crates/jet-sema/src/Sema/CheckerCoreLib/fields_ptrs.rs:133;crates/jet-sema/src/Sema/CheckerCoreLib/fields_ptrs.rs:136;crates/jet-sema/src/Sema/Registration.rs:232	examples/features/memory/arena.jet:4;tests/fuzz/sema/differential/ex_memory_arena.jet:3;tests/fuzz/sema/invalid/ui_mem_arena_gate.E0107.jet:1;tests/observe.rs:413;tests/ui/mem_arena_gate.jet:1	crates/jet-codegen/src/Codegen/TIR/subset/expressions.rs:991;crates/jet-foundation/src/AST/expressions.rs:910;crates/jet-foundation/src/Syntax/core_surface.rs:702;crates/jet-sema/src/Sema/CheckerCoreLib/fields_ptrs.rs:89;crates/jet-sema/src/Sema/CheckerCoreLib/fields_ptrs.rs:98;crates/jet-sema/src/Sema/CheckerCoreLib/fields_ptrs.rs:133;crates/jet-sema/src/Sema/CheckerCoreLib/fields_ptrs.rs:136;crates/jet-sema/src/Sema/Registration.rs:232					
diagnostic	diagnostic:E3103	diagnostic	`#Unsafe fn` called without an enclosing `#Unsafe("…")` block (D-UNSAFE2)	active					authority:application-boundary,authority:canonical-holds,authority:package-guarantees,authority:unsafe-policy	sandbox:sentry-fenced-scope	crates/jet-codegen/src/Prelude/Diagnostics.jet:458	crates/jet-codegen/src/Codegen/TIR/mod.rs:3991;crates/jet-foundation/src/AST/comptime.rs:272;crates/jet-foundation/src/AST/items.rs:1103;crates/jet-sema/src/Sema/Bundle/Validation.rs:2125;crates/jet-sema/src/Sema/FFI.rs:682;crates/jet-sema/src/Sema/mod.rs:934	tests/cffi.rs:214;tests/cffi.rs:215;tests/cffi.rs:274;tests/cffi.rs:275;tests/observe.rs:413	crates/jet-codegen/src/Codegen/TIR/mod.rs:3991;crates/jet-foundation/src/AST/comptime.rs:272;crates/jet-foundation/src/AST/items.rs:1103;crates/jet-sema/src/Sema/Bundle/Validation.rs:2125;crates/jet-sema/src/Sema/FFI.rs:682;crates/jet-sema/src/Sema/mod.rs:934					
diagnostic	diagnostic:E3105	diagnostic	An `#Unsafe` gate violates an organization/package `.Forbid` floor (D-UNSAFE-OBLIG1)	active					authority:application-boundary,authority:canonical-holds,authority:package-guarantees,authority:unsafe-policy	sandbox:sentry-fenced-scope	crates/jet-codegen/src/Prelude/Diagnostics.jet:460	crates/jet-sema/src/Sema/mod.rs:2485;crates/jet-sema/src/Sema/UnsafeObligations.rs:456	MISSING: no fixture reference for E3105	crates/jet-sema/src/Sema/mod.rs:2485;crates/jet-sema/src/Sema/UnsafeObligations.rs:456					
diagnostic	diagnostic:E3106	diagnostic	`.PerSite` gate selection is missing or `.Skip` is used without `.PerSite` (D-UNSAFE-OBLIG1)	active					authority:application-boundary,authority:canonical-holds,authority:package-guarantees,authority:unsafe-policy	sandbox:sentry-fenced-scope	crates/jet-codegen/src/Prelude/Diagnostics.jet:461	crates/jet-sema/src/Sema/UnsafeObligations.rs:429;crates/jet-sema/src/Sema/UnsafeObligations.rs:448	MISSING: no fixture reference for E3106	crates/jet-sema/src/Sema/UnsafeObligations.rs:429;crates/jet-sema/src/Sema/UnsafeObligations.rs:448					
diagnostic	diagnostic:E3107	diagnostic	A low-level operation is missing one or more required typed obligations (D-UNSAFE-OBLIG1)	active					authority:application-boundary,authority:canonical-holds,authority:package-guarantees,authority:unsafe-policy	sandbox:sentry-fenced-scope	crates/jet-codegen/src/Prelude/Diagnostics.jet:462	crates/jet-sema/src/Sema/UnsafeObligations.rs:626	tests/policy_scope.rs:184	crates/jet-sema/src/Sema/UnsafeObligations.rs:626					
diagnostic	diagnostic:E3108	diagnostic	Unknown unsafe option/obligation, or an obligation assertion outside `#Unsafe` (D-UNSAFE-OBLIG1)	active					authority:application-boundary,authority:canonical-holds,authority:package-guarantees,authority:unsafe-policy	sandbox:sentry-fenced-scope	crates/jet-codegen/src/Prelude/Diagnostics.jet:463	crates/jet-parser/src/Parser/Items/marker_groups.rs:1651;crates/jet-parser/src/Parser/Statements/control.rs:1052;crates/jet-sema/src/Sema/UnsafeObligations.rs:554;crates/jet-sema/src/Sema/UnsafeObligations.rs:567;crates/jet-sema/src/Sema/UnsafeObligations.rs:996	MISSING: no fixture reference for E3108	crates/jet-parser/src/Parser/Items/marker_groups.rs:1651;crates/jet-parser/src/Parser/Statements/control.rs:1052;crates/jet-sema/src/Sema/UnsafeObligations.rs:554;crates/jet-sema/src/Sema/UnsafeObligations.rs:567;crates/jet-sema/src/Sema/UnsafeObligations.rs:996					
diagnostic	diagnostic:E3109	diagnostic	Configured organization gate-policy input is unreadable or malformed; compilation fails closed	active					authority:application-boundary,authority:canonical-holds,authority:package-guarantees,authority:unsafe-policy	sandbox:sentry-fenced-scope	crates/jet-codegen/src/Prelude/Diagnostics.jet:464	crates/jet-driver/src/Loader.rs:2706;crates/jet-driver/src/Loader.rs:2726;crates/jet-driver/src/Loader.rs:2744	tests/cli_parts/core.rs:78	crates/jet-driver/src/Loader.rs:2706;crates/jet-driver/src/Loader.rs:2726;crates/jet-driver/src/Loader.rs:2744					
diagnostic	diagnostic:E3112	diagnostic	`#Unsafe` block/function missing its required reason argument (D-UNSAFE2, D-UNSAFE-REASON1=A)	active					authority:application-boundary,authority:canonical-holds,authority:package-guarantees,authority:unsafe-policy	sandbox:sentry-fenced-scope	crates/jet-codegen/src/Prelude/Diagnostics.jet:467	crates/jet-foundation/src/AST/items.rs:1103;crates/jet-foundation/src/AST/statements.rs:220;crates/jet-foundation/src/Syntax/core_surface.rs:420;crates/jet-parser/src/Parser/Items/marker_groups.rs:310;crates/jet-parser/src/Parser/Items/marker_groups.rs:1283;crates/jet-parser/src/Parser/Items/marker_groups.rs:1609;crates/jet-parser/src/Parser/Statements/control.rs:961;crates/jet-parser/src/Parser/Statements/control.rs:1008;crates/jet-sema/src/Sema/UnsafeObligations.rs:482	tests/marker_rule_signatures.rs:392;tests/marker_rule_signatures.rs:457;tests/marker_rule_signatures.rs:492	crates/jet-foundation/src/AST/items.rs:1103;crates/jet-foundation/src/AST/statements.rs:220;crates/jet-foundation/src/Syntax/core_surface.rs:420;crates/jet-parser/src/Parser/Items/marker_groups.rs:310;crates/jet-parser/src/Parser/Items/marker_groups.rs:1283;crates/jet-parser/src/Parser/Items/marker_groups.rs:1609;crates/jet-parser/src/Parser/Statements/control.rs:961;crates/jet-parser/src/Parser/Statements/control.rs:1008;crates/jet-sema/src/Sema/UnsafeObligations.rs:482					
diagnostic	diagnostic:E3202	diagnostic	pointer/gated type crosses C boundary outside `#Unsafe` / `core.mem`	active					authority:application-boundary,authority:canonical-holds,authority:package-guarantees,authority:unsafe-policy	sandbox:sentry-fenced-scope	crates/jet-codegen/src/Prelude/Diagnostics.jet:470	crates/jet-sema/src/Sema/FFI.rs:225;crates/jet-sema/src/Sema/FFI.rs:402;crates/jet-sema/src/Sema/FFI.rs:408;crates/jet-sema/src/Sema/FFI.rs:454;crates/jet-sema/src/Sema/FFI.rs:551	tests/cffi.rs:3001;tests/cffi.rs:3008;tests/cffi.rs:3009	crates/jet-sema/src/Sema/FFI.rs:225;crates/jet-sema/src/Sema/FFI.rs:402;crates/jet-sema/src/Sema/FFI.rs:408;crates/jet-sema/src/Sema/FFI.rs:454;crates/jet-sema/src/Sema/FFI.rs:551					
diagnostic	diagnostic:E3215	diagnostic	`#FFI(<lang>)` inline foreign fn in an unsafe language (`c`/`cpp`/`asm`) lacks the enclosing `#Unsafe("reason")` gate (D-FFI-INLINE1/ASM1/CPP1)	active					authority:application-boundary,authority:canonical-holds,authority:package-guarantees,authority:unsafe-policy	sandbox:sentry-fenced-scope	crates/jet-codegen/src/Prelude/Diagnostics.jet:485	crates/jet-sema/src/Sema/Registration.rs:180	MISSING: no fixture reference for E3215	crates/jet-sema/src/Sema/Registration.rs:180					
diagnostic	diagnostic:E3302	diagnostic	Target triple unknown or toolchain component missing	active					authority:application-boundary,authority:canonical-holds,authority:package-guarantees,authority:sandbox-lending	sandbox:build-native-boundary,sandbox:substitute-or-refuse	crates/jet-codegen/src/Prelude/Diagnostics.jet:490	crates/jet-sema/src/Sema/FFI.rs:428;crates/jet-sema/src/Sema/FFI.rs:431;crates/jetpack/batteries/embedded/embedded.jet:533	examples/embedded/battery/run.jet:8;tests/cli_parts/bindings.rs:286;tests/cli_parts/bindings.rs:362;tests/cli_parts/commands.rs:946;tests/cli_parts/commands.rs:949;tests/cli_parts/commands.rs:950;tests/cli_parts/surface.rs:136;tests/cli_parts/surface.rs:140;tests/cli_parts/surface.rs:141	crates/jet-sema/src/Sema/FFI.rs:428;crates/jet-sema/src/Sema/FFI.rs:431					
diagnostic	diagnostic:E3304	diagnostic	Selected target does not provide the runtime boundary for a reachable Core socket surface	active					authority:application-boundary,authority:canonical-holds,authority:package-guarantees,authority:sandbox-lending	sandbox:build-native-boundary,sandbox:substitute-or-refuse	crates/jet-codegen/src/Prelude/Diagnostics.jet:492	crates/jet-sema/src/Sema/TargetSurface.rs:110;crates/jet-sema/src/Sema/TargetSurface.rs:114	MISSING: no fixture reference for E3304	crates/jet-sema/src/Sema/TargetSurface.rs:110;crates/jet-sema/src/Sema/TargetSurface.rs:114					
diagnostic	diagnostic:E3306	diagnostic	Selected web target does not provide the Component Model host boundary for a reachable Core plugin import	active					authority:application-boundary,authority:canonical-holds,authority:package-guarantees,authority:sandbox-lending	sandbox:build-native-boundary,sandbox:substitute-or-refuse	crates/jet-codegen/src/Prelude/Diagnostics.jet:494	crates/jet-codegen/src/Codegen/MIRWeb.rs:2350;crates/jet-codegen/src/Codegen/MIRWeb.rs:2372;crates/jet-sema/src/Sema/TargetSurface.rs:75;crates/jet-sema/src/Sema/TargetSurface.rs:79;crates/jet-sema/src/Sema/TargetSurface.rs:92	MISSING: no fixture reference for E3306	crates/jet-codegen/src/Codegen/MIRWeb.rs:2350;crates/jet-codegen/src/Codegen/MIRWeb.rs:2372;crates/jet-sema/src/Sema/TargetSurface.rs:75;crates/jet-sema/src/Sema/TargetSurface.rs:79;crates/jet-sema/src/Sema/TargetSurface.rs:92					
diagnostic	diagnostic:E3313	diagnostic	Target MMIO access is outside its declared safety facts	active					authority:application-boundary,authority:canonical-holds,authority:package-guarantees,authority:unsafe-policy	sandbox:sentry-fenced-scope	crates/jet-codegen/src/Prelude/Diagnostics.jet:498	crates/jet-sema/src/Sema/Bundle/TargetMachine.rs:841;crates/jet-sema/src/Sema/Bundle/TargetMachine.rs:1183	tests/target_machines.rs:318	crates/jet-sema/src/Sema/Bundle/TargetMachine.rs:841;crates/jet-sema/src/Sema/Bundle/TargetMachine.rs:1183					
diagnostic	diagnostic:E3401	diagnostic	Impure call inside a `fn … -[]>` / pure-eval context, or reached from comptime evaluation (D-META-EFFECT1 c3, was E0951) — call-trace path	active					authority:application-boundary,authority:canonical-holds		crates/jet-codegen/src/Prelude/Diagnostics.jet:521	crates/jet-codegen/src/Codegen/TIR/subset/entry.rs:29;crates/jet-comptime/src/Comptime/Diagnostics.rs:1;crates/jet-comptime/src/Comptime/Diagnostics.rs:101;crates/jet-comptime/src/Comptime/Diagnostics.rs:103;crates/jet-comptime/src/Comptime/Diagnostics.rs:119;crates/jet-comptime/src/Comptime/Interpreter.rs:48;crates/jet-comptime/src/Comptime/Methods/dispatch.rs:841;crates/jet-comptime/src/Comptime/mod.rs:8;crates/jet-comptime/src/Comptime/mod.rs:1000;crates/jet-comptime/src/Comptime/mod.rs:1630;crates/jet-comptime/src/Comptime/Purity.rs:3;crates/jet-comptime/src/Comptime/Purity.rs:35;crates/jet-comptime/src/Comptime/Purity.rs:94;crates/jet-comptime/src/Comptime/Purity.rs:838;crates/jet-driver/src/QueryService.rs:953;crates/jet-driver/src/QueryService.rs:1023;crates/jet-foundation/src/AST/comptime.rs:275;crates/jet-foundation/src/AST/items.rs:1108;crates/jet-foundation/src/AST/statements.rs:364;crates/jet-foundation/src/AST/statements.rs:399;crates/jet-foundation/src/Syntax/core_surface.rs:847;crates/jet-sema/src/Sema/Bundle.rs:354;crates/jet-sema/src/Sema/CheckerCore/statements.rs:3317;crates/jet-sema/src/Sema/CheckerCoreLib/core_call.rs:2617	examples/features/effects/pure.jet:2;tests/determinism.rs:4;tests/determinism.rs:10;tests/determinism.rs:452;tests/determinism.rs:467;tests/dev_parts/routine.rs:2004;tests/effects.rs:179;tests/effects.rs:600;tests/effects.rs:610;tests/effects.rs:611;tests/effects.rs:1694;tests/effects.rs:1708;tests/effects.rs:1782;tests/effects.rs:1783;tests/fuzz/sema/invalid/ui_live_pure_e3401.E3401.jet:1;tests/fuzz/sema/invalid/ui_pure_e3401.E3401.jet:1;tests/fuzz/sema/invalid/ui_pure_e3401.E3401.jet:3;tests/fuzz/sema/invalid/ui_stdin_pure_e3401.E3401.jet:1;tests/pure.rs:54;tests/pure.rs:70;tests/pure.rs:71;tests/pure.rs:77;tests/pure.rs:100;tests/pure.rs:101	crates/jet-codegen/src/Codegen/TIR/subset/entry.rs:29;crates/jet-comptime/src/Comptime/Diagnostics.rs:1;crates/jet-comptime/src/Comptime/Diagnostics.rs:101;crates/jet-comptime/src/Comptime/Diagnostics.rs:103;crates/jet-comptime/src/Comptime/Diagnostics.rs:119;crates/jet-comptime/src/Comptime/Interpreter.rs:48;crates/jet-comptime/src/Comptime/Methods/dispatch.rs:841;crates/jet-comptime/src/Comptime/mod.rs:8;crates/jet-comptime/src/Comptime/mod.rs:1000;crates/jet-comptime/src/Comptime/mod.rs:1630;crates/jet-comptime/src/Comptime/Purity.rs:3;crates/jet-comptime/src/Comptime/Purity.rs:35;crates/jet-comptime/src/Comptime/Purity.rs:94;crates/jet-comptime/src/Comptime/Purity.rs:838;crates/jet-driver/src/QueryService.rs:953;crates/jet-driver/src/QueryService.rs:1023;crates/jet-foundation/src/AST/comptime.rs:275;crates/jet-foundation/src/AST/items.rs:1108;crates/jet-foundation/src/AST/statements.rs:364;crates/jet-foundation/src/AST/statements.rs:399;crates/jet-foundation/src/Syntax/core_surface.rs:847;crates/jet-sema/src/Sema/Bundle.rs:354;crates/jet-sema/src/Sema/CheckerCore/statements.rs:3317;crates/jet-sema/src/Sema/CheckerCoreLib/core_call.rs:2617					
diagnostic	diagnostic:E3402	diagnostic	Package build attempted ambient I/O or network (names the call)	active					authority:application-boundary,authority:canonical-holds,authority:package-guarantees,authority:sandbox-lending	sandbox:build-native-boundary,sandbox:substitute-or-refuse	crates/jet-codegen/src/Prelude/Diagnostics.jet:522	crates/jet-env-model/src/ModuleEval/Eval.rs:979;crates/jet-env-model/src/ModuleEval/Eval.rs:998;crates/jet-env-model/src/ModuleEval/mod.rs:484;crates/jet-env-model/src/ModuleEval/mod.rs:492;crates/jet-sema/src/Sema/Purity.rs:50;crates/jet-sema/src/Sema/Purity.rs:53	MISSING: no fixture reference for E3402	crates/jet-env-model/src/ModuleEval/Eval.rs:979;crates/jet-env-model/src/ModuleEval/Eval.rs:998;crates/jet-env-model/src/ModuleEval/mod.rs:484;crates/jet-env-model/src/ModuleEval/mod.rs:492;crates/jet-sema/src/Sema/Purity.rs:50;crates/jet-sema/src/Sema/Purity.rs:53					
diagnostic	diagnostic:E3403	diagnostic	Non-deterministic construct in pure evaluation (e.g. time/random)	active					authority:application-boundary,authority:canonical-holds		crates/jet-codegen/src/Prelude/Diagnostics.jet:523	crates/jet-comptime/src/Comptime/Methods/dispatch/eval_method.rs:428;crates/jet-env-model/src/ModuleEval/Eval.rs:1265;crates/jet-foundation/src/AST/statements.rs:399;crates/jet-foundation/src/Diagnostics.rs:249;crates/jet-foundation/src/Effects.rs:255;crates/jet-foundation/src/Syntax/core_surface.rs:847;crates/jet-foundation/src/Syntax/core_surface.rs:856;crates/jet-foundation/src/Syntax/core_surface.rs:869;crates/jet-sema/src/Sema/CheckerCore/statements.rs:3316;crates/jet-sema/src/Sema/CheckerCoreLib/core_call.rs:2603;crates/jet-sema/src/Sema/CheckerCoreLib/core_call.rs:2647;crates/jet-sema/src/Sema/CheckerCoreLib/fixed_sigs.rs:1838;crates/jet-sema/src/Sema/mod.rs:1858;crates/jet-sema/src/Sema/mod.rs:1871;crates/jet-sema/src/Sema/Purity.rs:64	examples/features/effects/determinism.jet:4;tests/corelib_parts/encoding_surface.rs:272;tests/corelib_parts/encoding_surface.rs:273;tests/corelib_parts/encoding_surface.rs:285;tests/corelib_parts/encoding_surface.rs:287;tests/determinism.rs:4;tests/determinism.rs:8;tests/determinism.rs:10;tests/determinism.rs:93;tests/determinism.rs:111;tests/determinism.rs:182;tests/determinism.rs:203;tests/determinism.rs:224;tests/determinism.rs:246;tests/determinism.rs:267;tests/determinism.rs:288;tests/determinism.rs:309;tests/determinism.rs:334;tests/determinism.rs:339;tests/determinism.rs:354;tests/determinism.rs:355;tests/determinism.rs:360;tests/determinism.rs:374;tests/determinism.rs:375	crates/jet-comptime/src/Comptime/Methods/dispatch/eval_method.rs:428;crates/jet-env-model/src/ModuleEval/Eval.rs:1265;crates/jet-foundation/src/AST/statements.rs:399;crates/jet-foundation/src/Diagnostics.rs:249;crates/jet-foundation/src/Effects.rs:255;crates/jet-foundation/src/Syntax/core_surface.rs:847;crates/jet-foundation/src/Syntax/core_surface.rs:856;crates/jet-foundation/src/Syntax/core_surface.rs:869;crates/jet-sema/src/Sema/CheckerCore/statements.rs:3316;crates/jet-sema/src/Sema/CheckerCoreLib/core_call.rs:2603;crates/jet-sema/src/Sema/CheckerCoreLib/core_call.rs:2647;crates/jet-sema/src/Sema/CheckerCoreLib/fixed_sigs.rs:1838;crates/jet-sema/src/Sema/mod.rs:1858;crates/jet-sema/src/Sema/mod.rs:1871;crates/jet-sema/src/Sema/Purity.rs:64					
diagnostic	diagnostic:E3404	diagnostic	Uncontrolled effect inside a deterministic world	active					authority:application-boundary,authority:canonical-holds		crates/jet-codegen/src/Prelude/Diagnostics.jet:524	crates/jet-sema/src/Sema/Effects.rs:439	MISSING: no fixture reference for E3404	crates/jet-sema/src/Sema/Effects.rs:439					
diagnostic	diagnostic:E3410	diagnostic	Tier-2 comptime effect (`core.files`/`core.sys`/`core.term`/`core.process`) called outside a `#Impure` gate (D-CTEFFECT1)	active					authority:application-boundary,authority:canonical-holds,authority:package-guarantees,authority:sandbox-lending	sandbox:build-native-boundary,sandbox:substitute-or-refuse	crates/jet-codegen/src/Prelude/Diagnostics.jet:500	crates/jet-comptime/src/Comptime/Methods/core_calls.rs:3427;crates/jet-comptime/src/Comptime/Methods/core_calls.rs:3449;crates/jet-comptime/src/Comptime/Methods/dispatch/eval_method.rs:829;crates/jet-comptime/src/Comptime/Methods/dispatch/eval_method.rs:903;crates/jet-comptime/tests/tls_tier2.rs:46	crates/jet-comptime/tests/tls_tier2.rs:46;tests/dev_parts/support.rs:1850;tests/dev_parts/support.rs:1860;tests/encoding_parity.rs:1928;tests/parity.rs:18;tests/parity.rs:28;tests/repl.rs:1524;tests/repl.rs:1543;tests/ui/comptime_io_rejected.jet:1	crates/jet-comptime/src/Comptime/Methods/core_calls.rs:3427;crates/jet-comptime/src/Comptime/Methods/core_calls.rs:3449;crates/jet-comptime/src/Comptime/Methods/dispatch/eval_method.rs:829;crates/jet-comptime/src/Comptime/Methods/dispatch/eval_method.rs:903;crates/jet-comptime/tests/tls_tier2.rs:46					
diagnostic	diagnostic:E3411	diagnostic	Tier-2 comptime effect inside `#Impure` gate but `--gate impure=allow` not passed (D-CTEFFECT1 / D-ONCE-GATE1=A)	active					authority:application-boundary,authority:canonical-holds		crates/jet-codegen/src/Prelude/Diagnostics.jet:501	crates/jet-comptime/src/Comptime/Interpreter.rs:193;crates/jet-comptime/src/Comptime/Methods/dispatch/eval_method.rs:920;crates/jet-comptime/src/Comptime/mod.rs:999;crates/jet-comptime/src/Comptime/Purity.rs:40;crates/jet-comptime/src/Comptime/Purity.rs:794;crates/jet-comptime/tests/tls_tier2.rs:50;crates/jet-driver/src/Driver/mod.rs:2819	crates/jet-comptime/tests/tls_tier2.rs:50;tests/build_entry.rs:1700;tests/build_entry.rs:1746;tests/build_entry.rs:3005;tests/build_entry.rs:3032;tests/dev_parts/support.rs:1850;tests/dev_parts/support.rs:1860	crates/jet-comptime/src/Comptime/Interpreter.rs:193;crates/jet-comptime/src/Comptime/Methods/dispatch/eval_method.rs:920;crates/jet-comptime/src/Comptime/mod.rs:999;crates/jet-comptime/src/Comptime/Purity.rs:40;crates/jet-comptime/src/Comptime/Purity.rs:794;crates/jet-comptime/tests/tls_tier2.rs:50;crates/jet-driver/src/Driver/mod.rs:2819					
diagnostic	diagnostic:E3412	diagnostic	`core.net.{method}()` is not available at comptime (only `fetch` is Tier-1)	active					authority:application-boundary,authority:canonical-holds		crates/jet-codegen/src/Prelude/Diagnostics.jet:503	crates/jet-comptime/src/Comptime/Methods/core_calls.rs:3449;crates/jet-comptime/src/Comptime/Methods/core_calls/impure.rs:546;crates/jet-comptime/src/Comptime/Methods/core_calls/impure.rs:615;crates/jet-comptime/src/Comptime/Methods/core_calls/impure.rs:623;crates/jet-comptime/tests/tls_tier2.rs:57	crates/jet-comptime/tests/tls_tier2.rs:57;tests/dev_parts/support.rs:1860;tests/dev_parts/support.rs:3152	crates/jet-comptime/src/Comptime/Methods/core_calls.rs:3449;crates/jet-comptime/src/Comptime/Methods/core_calls/impure.rs:546;crates/jet-comptime/src/Comptime/Methods/core_calls/impure.rs:615;crates/jet-comptime/src/Comptime/Methods/core_calls/impure.rs:623;crates/jet-comptime/tests/tls_tier2.rs:57					
diagnostic	diagnostic:E3413	diagnostic	Comptime `fetch` sha256 mismatch — content hash doesn't match the `sha256:` pin (D-CTEFFECT1 / D-NETDEP1=A)	active					authority:application-boundary,authority:canonical-holds		crates/jet-codegen/src/Prelude/Diagnostics.jet:504	crates/jet-comptime/src/Comptime/Methods/dispatch.rs:803	examples/features/comptime/comptime_tiers.jet:27	crates/jet-comptime/src/Comptime/Methods/dispatch.rs:803					
diagnostic	diagnostic:E3414	diagnostic	Comptime `fetch` failed — bad URL, unsupported scheme, network error, or non-UTF-8 content (D-CTEFFECT1 / D-NETDEP1=A)	active					authority:application-boundary,authority:canonical-holds		crates/jet-codegen/src/Prelude/Diagnostics.jet:505	crates/jet-comptime/src/Comptime/Methods/dispatch.rs:770;crates/jet-comptime/src/Comptime/Methods/dispatch.rs:782;crates/jet-comptime/src/Comptime/Methods/dispatch.rs:813;crates/jet-net/src/lib.rs:95	tests/build_entry.rs:2883;tests/build_entry.rs:2920;tests/build_entry.rs:2957;tests/net_tls.rs:55;tests/net_tls.rs:82;tests/net_tls.rs:92;tests/net_tls.rs:117	crates/jet-comptime/src/Comptime/Methods/dispatch.rs:770;crates/jet-comptime/src/Comptime/Methods/dispatch.rs:782;crates/jet-comptime/src/Comptime/Methods/dispatch.rs:813;crates/jet-net/src/lib.rs:95					
diagnostic	diagnostic:E3415	diagnostic	Audited gate denied by effective organization or package policy (D-ONCE-GATE1=A)	active					authority:application-boundary,authority:build-capabilities,authority:canonical-holds,authority:manifest-holds-allow,authority:manifest-holds-deny		crates/jet-codegen/src/Prelude/Diagnostics.jet:502	crates/jet-sema/src/Sema/mod.rs:2485;crates/jet-sema/src/Sema/mod.rs:2496;crates/jet-sema/src/Sema/UnsafeObligations.rs:412	tests/policy_scope.rs:412	crates/jet-sema/src/Sema/mod.rs:2485;crates/jet-sema/src/Sema/mod.rs:2496;crates/jet-sema/src/Sema/UnsafeObligations.rs:412					
diagnostic	diagnostic:E3501	diagnostic	Selected root `fn build` has wrong `fn(BuildContext) BuildPlan` signature (D-BUILDENTRY1)	active					authority:application-boundary,authority:build-capabilities,authority:canonical-holds,authority:manifest-holds-allow,authority:manifest-holds-deny		crates/jet-codegen/src/Prelude/Diagnostics.jet:506	crates/jet-driver/src/Driver/mod.rs:5154;crates/jet-driver/src/Driver/mod.rs:5766;crates/jet-sema/src/Sema/Bundle.rs:2317;crates/jet-sema/src/Sema/Bundle.rs:2334;crates/jet-sema/src/Sema/Bundle/Pipeline/Completion.rs:707	tests/build_entry.rs:1632;tests/ui/task_reserved_lifecycle.jet:3	crates/jet-driver/src/Driver/mod.rs:5154;crates/jet-driver/src/Driver/mod.rs:5766;crates/jet-sema/src/Sema/Bundle.rs:2317;crates/jet-sema/src/Sema/Bundle.rs:2334;crates/jet-sema/src/Sema/Bundle/Pipeline/Completion.rs:707					
diagnostic	diagnostic:E3503	diagnostic	Root build authority is undeclared, ungated, or denied by effective policy (D-BUILDPOLICY1)	active					authority:application-boundary,authority:build-capabilities,authority:canonical-holds,authority:manifest-holds-allow,authority:manifest-holds-deny		crates/jet-codegen/src/Prelude/Diagnostics.jet:508	crates/jet-driver/src/Driver/mod.rs:3357;crates/jet-driver/src/Driver/mod.rs:5580;crates/jet-driver/src/Driver/mod.rs:5600;crates/jet-driver/src/Driver/mod.rs:5615;crates/jet-env-model/src/WorkspaceFile.rs:250	tests/build_entry.rs:1396;tests/build_entry.rs:2299;tests/build_entry.rs:2402;tests/build_entry.rs:2429;tests/build_entry.rs:2471;tests/build_entry.rs:2584;tests/build_entry.rs:2631	crates/jet-driver/src/Driver/mod.rs:3357;crates/jet-driver/src/Driver/mod.rs:5580;crates/jet-driver/src/Driver/mod.rs:5600;crates/jet-driver/src/Driver/mod.rs:5615;crates/jet-env-model/src/WorkspaceFile.rs:250					
diagnostic	diagnostic:E3504	diagnostic	Build action requested authority not granted by CLI/package/workspace policy (D-BUILDPOLICY1)	active					authority:application-boundary,authority:build-capabilities,authority:canonical-holds,authority:manifest-holds-allow,authority:manifest-holds-deny		crates/jet-codegen/src/Prelude/Diagnostics.jet:509	crates/jet-driver/src/Driver/mod.rs:3356;crates/jet-driver/src/Driver/mod.rs:5604;crates/jet-driver/src/Driver/mod.rs:6237	tests/build_entry.rs:1220;tests/diagnostics_coverage.rs:1422	crates/jet-driver/src/Driver/mod.rs:3356;crates/jet-driver/src/Driver/mod.rs:5604;crates/jet-driver/src/Driver/mod.rs:6237					
diagnostic	diagnostic:E3505	diagnostic	Typed probe or sandboxed action execution failed (D-BUILDACTION1/D-BUILDPROBE1)	active					authority:application-boundary,authority:canonical-holds,authority:package-guarantees,authority:sandbox-lending	sandbox:build-native-boundary,sandbox:substitute-or-refuse	crates/jet-codegen/src/Prelude/Diagnostics.jet:510	crates/jet-comptime/src/Comptime/Build/execution_runtime.rs:129;crates/jet-driver/src/Driver/mod.rs:4203;crates/jet-driver/src/Driver/mod.rs:5121;crates/jet-driver/src/Driver/mod.rs:6245;crates/jet-driver/src/Driver/mod.rs:6260;crates/jet-driver/src/Driver/mod.rs:6267;crates/jet-driver/src/Driver/mod.rs:6274;crates/jetpack/src/CLI/cc.rs:1626	tests/build_entry.rs:2083;tests/feature_acceptance.rs:553;tests/feature_acceptance.rs:554	crates/jet-comptime/src/Comptime/Build/execution_runtime.rs:129;crates/jet-driver/src/Driver/mod.rs:4203;crates/jet-driver/src/Driver/mod.rs:5121;crates/jet-driver/src/Driver/mod.rs:6245;crates/jet-driver/src/Driver/mod.rs:6260;crates/jet-driver/src/Driver/mod.rs:6267;crates/jet-driver/src/Driver/mod.rs:6274;crates/jetpack/src/CLI/cc.rs:1626					
diagnostic	diagnostic:E3520	diagnostic	One package declares multiple `fn build` entries (D-CONF-ENTRY1)	active					authority:application-boundary,authority:build-capabilities,authority:canonical-holds,authority:manifest-holds-allow,authority:manifest-holds-deny		crates/jet-codegen/src/Prelude/Diagnostics.jet:511	crates/jet-driver/src/Driver/mod.rs:5414;crates/jet-driver/src/Driver/mod.rs:5418;crates/jet-driver/src/Driver/mod.rs:5815	tests/build_entry.rs:731;tests/build_entry.rs:826;tests/build_entry.rs:873	crates/jet-driver/src/Driver/mod.rs:5414;crates/jet-driver/src/Driver/mod.rs:5418;crates/jet-driver/src/Driver/mod.rs:5815					
diagnostic	diagnostic:E3623	diagnostic	Replay diverged from captured authority	active					authority:application-boundary,authority:build-capabilities,authority:canonical-holds,authority:manifest-holds-allow,authority:manifest-holds-deny		crates/jet-codegen/src/Prelude/Diagnostics.jet:912	MISSING: no implementation reference for E3623	tests/prove.rs:671;tests/prove.rs:698	MISSING: no projection reference for E3623					
diagnostic	diagnostic:E3625	diagnostic	Replay capture cannot model `{operation}`	active					authority:application-boundary,authority:canonical-holds		crates/jet-codegen/src/Prelude/Diagnostics.jet:914	MISSING: no implementation reference for E3625	tests/prove.rs:573;tests/prove.rs:595;tests/prove.rs:617	MISSING: no projection reference for E3625					
diagnostic	diagnostic:E3626	diagnostic	Replay capture lacks `{effect}` authority	active					authority:application-boundary,authority:build-capabilities,authority:canonical-holds,authority:manifest-holds-allow,authority:manifest-holds-deny		crates/jet-codegen/src/Prelude/Diagnostics.jet:915	MISSING: no implementation reference for E3626	tests/diagnostics_coverage.rs:2077	MISSING: no projection reference for E3626					
diagnostic	diagnostic:E3628	diagnostic	Replay capture exceeded its artifact limit	active					authority:application-boundary,authority:build-capabilities,authority:canonical-holds,authority:manifest-holds-allow,authority:manifest-holds-deny		crates/jet-codegen/src/Prelude/Diagnostics.jet:917	MISSING: no implementation reference for E3628	MISSING: no fixture reference for E3628	MISSING: no projection reference for E3628					
authority	authority:application-boundary	authority_hold	application authority boundary	found					authority:application-boundary		crates/jet-foundation/src/Authority.rs:275;crates/jet-foundation/src/Authority.rs:282;crates/jet-foundation/src/Authority.rs:288;crates/jet-foundation/src/Authority.rs:344;crates/jet-foundation/src/Authority.rs:353;crates/jet-foundation/src/Authority.rs:377;crates/jet-foundation/src/Authority.rs:381;crates/jet-foundation/src/Authority.rs:404;crates/jet-foundation/src/Authority.rs:812;crates/jet-foundation/src/Authority.rs:827;crates/jet-foundation/src/Authority.rs:837;crates/jet-foundation/src/Authority.rs:843;crates/jet-foundation/src/Authority.rs:851;crates/jet-foundation/src/Authority.rs:854	crates/jet-codegen/src/Codegen/TIR/mod.rs:527;crates/jet-codegen/src/Codegen/TIR/mod.rs:2302;crates/jet-driver/src/Driver/mod.rs:354;crates/jet-driver/src/Driver/mod.rs:359;crates/jet-driver/src/Driver/mod.rs:404;crates/jet-driver/src/Driver/mod.rs:645;crates/jet-driver/src/Driver/mod.rs:671;crates/jet-driver/src/Driver/mod.rs:1850;crates/jet-driver/src/Driver/mod.rs:6440;crates/jet-driver/src/Driver/mod.rs:6576;crates/jet-driver/src/Driver/mod.rs:6614;crates/jet-driver/src/Loader.rs:68;crates/jet-foundation/src/AST/program_imports.rs:704;crates/jet-foundation/src/Authority.rs:275;crates/jet-foundation/src/Authority.rs:282;crates/jet-foundation/src/Authority.rs:288;crates/jet-foundation/src/Authority.rs:344;crates/jet-foundation/src/Authority.rs:353;crates/jet-foundation/src/Authority.rs:377;crates/jet-foundation/src/Authority.rs:381;crates/jet-foundation/src/Authority.rs:404;crates/jet-foundation/src/Authority.rs:812;crates/jet-foundation/src/Authority.rs:827;crates/jet-foundation/src/Authority.rs:837	tests/dev_parts/support.rs:2697;tests/dev_parts/support.rs:2700;tests/dev_parts/support.rs:2705;tests/jetpack_engine.rs:1889;tests/policy_scope.rs:88;tests/policy_scope.rs:92;tests/policy_scope.rs:93;tests/policy_scope.rs:94;tests/policy_scope.rs:95;tests/policy_scope.rs:98	crates/jet-codegen/src/Codegen/TIR/mod.rs:527;crates/jet-codegen/src/Codegen/TIR/mod.rs:2302;crates/jet-driver/src/Driver/mod.rs:354;crates/jet-driver/src/Driver/mod.rs:359;crates/jet-driver/src/Driver/mod.rs:404;crates/jet-driver/src/Driver/mod.rs:645;crates/jet-driver/src/Driver/mod.rs:671;crates/jet-driver/src/Driver/mod.rs:1850;crates/jet-driver/src/Driver/mod.rs:6440;crates/jet-driver/src/Driver/mod.rs:6576;crates/jet-driver/src/Driver/mod.rs:6614;crates/jet-driver/src/Loader.rs:68;crates/jet-foundation/src/AST/program_imports.rs:704;crates/jet-foundation/src/Authority.rs:275;crates/jet-foundation/src/Authority.rs:282;crates/jet-foundation/src/Authority.rs:288;crates/jet-foundation/src/Authority.rs:344;crates/jet-foundation/src/Authority.rs:353;crates/jet-foundation/src/Authority.rs:377;crates/jet-foundation/src/Authority.rs:381;crates/jet-foundation/src/Authority.rs:404;crates/jet-foundation/src/Authority.rs:812;crates/jet-foundation/src/Authority.rs:827;crates/jet-foundation/src/Authority.rs:837					
authority	authority:build-capabilities	authority_hold	typed build capability grants	found					authority:build-capabilities		crates/jet-comptime/src/Comptime/Build/actions_policy.rs:9;crates/jet-comptime/src/Comptime/Build/actions_policy.rs:103;crates/jet-comptime/src/Comptime/Build/actions_policy.rs:199;crates/jet-comptime/src/Comptime/Build/actions_policy.rs:1269;crates/jet-comptime/src/Comptime/Build/actions_policy.rs:1347;crates/jet-comptime/src/Comptime/Build/actions_policy.rs:1450;crates/jet-comptime/src/Comptime/Build/actions_policy.rs:1495;crates/jet-comptime/src/Comptime/Build/actions_policy.rs:1536;crates/jet-comptime/src/Comptime/Build/actions_policy.rs:1583;crates/jet-comptime/src/Comptime/Build/actions_policy.rs:1597;crates/jet-comptime/src/Comptime/Build/actions_policy.rs:1601;crates/jet-comptime/src/Comptime/Build/actions_policy.rs:1613;crates/jet-comptime/src/Comptime/Build/actions_policy.rs:1630;crates/jet-comptime/src/Comptime/Build/actions_policy.rs:1849;crates/jet-driver/src/Driver/mod.rs:1826;crates/jet-driver/src/Driver/mod.rs:2812;crates/jet-driver/src/Driver/mod.rs:3822;crates/jet-driver/src/Driver/mod.rs:4036;crates/jet-driver/src/Driver/mod.rs:5553;crates/jet-driver/src/Driver/mod.rs:5555;crates/jet-driver/src/Driver/mod.rs:5575;crates/jet-driver/src/Driver/mod.rs:5724;crates/jet-driver/src/Driver/mod.rs:6236;crates/jet-driver/src/Driver/mod.rs:8386	crates/jet-comptime/src/Comptime/Build/actions_policy.rs:9;crates/jet-comptime/src/Comptime/Build/actions_policy.rs:103;crates/jet-comptime/src/Comptime/Build/actions_policy.rs:199;crates/jet-comptime/src/Comptime/Build/actions_policy.rs:1269;crates/jet-comptime/src/Comptime/Build/actions_policy.rs:1347;crates/jet-comptime/src/Comptime/Build/actions_policy.rs:1450;crates/jet-comptime/src/Comptime/Build/actions_policy.rs:1495;crates/jet-comptime/src/Comptime/Build/actions_policy.rs:1536;crates/jet-comptime/src/Comptime/Build/actions_policy.rs:1583;crates/jet-comptime/src/Comptime/Build/actions_policy.rs:1597;crates/jet-comptime/src/Comptime/Build/actions_policy.rs:1601;crates/jet-comptime/src/Comptime/Build/actions_policy.rs:1613;crates/jet-comptime/src/Comptime/Build/actions_policy.rs:1630;crates/jet-comptime/src/Comptime/Build/actions_policy.rs:1849;crates/jet-comptime/src/Comptime/Build/cache_cas.rs:1;crates/jet-comptime/src/Comptime/Build/cache_cas.rs:270;crates/jet-comptime/src/Comptime/Build/cache_cas.rs:376;crates/jet-comptime/src/Comptime/Build/cache_cas.rs:440;crates/jet-comptime/src/Comptime/Build/cache_cas.rs:456;crates/jet-comptime/src/Comptime/Build/cache_cas.rs:2003;crates/jet-comptime/src/Comptime/Build/cache_cas.rs:2042;crates/jet-comptime/src/Comptime/Build/context.rs:2;crates/jet-comptime/src/Comptime/Build/context.rs:610;crates/jet-comptime/src/Comptime/Build/context.rs:784	crates/jetpack-bin/tests/build_plugin_e2e.rs:4;crates/jetpack-bin/tests/build_plugin_e2e.rs:155;crates/jetpack-bin/tests/build_plugin_e2e.rs:167;crates/jetpack-bin/tests/build_plugin_e2e.rs:213;tests/build_entry_epoch4.rs:5;tests/build_entry_epoch4.rs:66;tests/build_entry.rs:6;tests/build_entry.rs:34;tests/build_entry.rs:58;tests/build_graph.rs:9;tests/build_graph.rs:34;tests/build_graph.rs:52;tests/build_graph.rs:89;tests/build_graph.rs:224;tests/build_graph.rs:403;tests/build_graph.rs:563;tests/build_graph.rs:621;tests/build_graph.rs:686;tests/build_graph.rs:699;tests/build_graph.rs:713;tests/build_graph.rs:727;tests/build_graph.rs:741;tests/build_graph.rs:755;tests/build_graph.rs:769	crates/jet-comptime/src/Comptime/Build/actions_policy.rs:9;crates/jet-comptime/src/Comptime/Build/actions_policy.rs:103;crates/jet-comptime/src/Comptime/Build/actions_policy.rs:199;crates/jet-comptime/src/Comptime/Build/actions_policy.rs:1269;crates/jet-comptime/src/Comptime/Build/actions_policy.rs:1347;crates/jet-comptime/src/Comptime/Build/actions_policy.rs:1450;crates/jet-comptime/src/Comptime/Build/actions_policy.rs:1495;crates/jet-comptime/src/Comptime/Build/actions_policy.rs:1536;crates/jet-comptime/src/Comptime/Build/actions_policy.rs:1583;crates/jet-comptime/src/Comptime/Build/actions_policy.rs:1597;crates/jet-comptime/src/Comptime/Build/actions_policy.rs:1601;crates/jet-comptime/src/Comptime/Build/actions_policy.rs:1613;crates/jet-comptime/src/Comptime/Build/actions_policy.rs:1630;crates/jet-comptime/src/Comptime/Build/actions_policy.rs:1849;crates/jet-comptime/src/Comptime/Build/cache_cas.rs:1;crates/jet-comptime/src/Comptime/Build/cache_cas.rs:270;crates/jet-comptime/src/Comptime/Build/cache_cas.rs:376;crates/jet-comptime/src/Comptime/Build/cache_cas.rs:440;crates/jet-comptime/src/Comptime/Build/cache_cas.rs:456;crates/jet-comptime/src/Comptime/Build/cache_cas.rs:2003;crates/jet-comptime/src/Comptime/Build/cache_cas.rs:2042;crates/jet-comptime/src/Comptime/Build/context.rs:2;crates/jet-comptime/src/Comptime/Build/context.rs:610;crates/jet-comptime/src/Comptime/Build/context.rs:784					
authority	authority:canonical-holds	authority_hold	canonical Holds relation	found					authority:canonical-holds		crates/jet-foundation/src/Authority.rs:102;crates/jet-foundation/src/Authority.rs:108;crates/jet-foundation/src/Authority.rs:156;crates/jet-foundation/src/Authority.rs:165;crates/jet-foundation/src/Authority.rs:181;crates/jet-foundation/src/Authority.rs:435	crates/jet-codegen/src/Prelude/Core/HostServices.rs:1119;crates/jet-codegen/src/Prelude/Core/HostServices.rs:1162;crates/jet-codegen/src/Prelude/Core/HumanOutput.rs:149;crates/jet-codegen/src/Prelude/Core/Preview.rs:337;crates/jet-devserver/src/Canvas/preview.rs:365;crates/jet-devserver/src/Canvas/preview.rs:374;crates/jet-devserver/src/CapturePolicy.rs:219;crates/jet-devserver/src/CapturePolicy.rs:264;crates/jet-devserver/src/lib.rs:591;crates/jet-devserver/src/lib.rs:877;crates/jet-devserver/src/NativeSwap.rs:1103;crates/jet-devserver/src/PausedEvaluate.rs:274;crates/jet-devserver/src/PausedEvaluate.rs:304;crates/jet-devserver/src/PausedEvaluate.rs:326;crates/jet-devserver/src/PausedEvaluate.rs:337;crates/jet-foundation/src/Authority.rs:102;crates/jet-foundation/src/Authority.rs:108;crates/jet-foundation/src/Authority.rs:156;crates/jet-foundation/src/Authority.rs:165;crates/jet-foundation/src/Authority.rs:181;crates/jet-foundation/src/Authority.rs:435;crates/jet-foundation/src/Numeric.rs:97;crates/jet-foundation/src/Policy.rs:194;crates/jet-foundation/src/Policy.rs:941	tests/authority.rs:1020;tests/authority.rs:1063;tests/project_check/fixtures/entry_resolution/build/main.rs:3541;tests/project_check/fixtures/entry_resolution/build/main.rs:28148;tests/project_check/fixtures/frozen_dogfood/build/main.rs:3541;tests/project_check/fixtures/frozen_dogfood/build/main.rs:28148;tests/ui/cli_authority_flags_reserved.jet:2	crates/jet-codegen/src/Prelude/Core/HostServices.rs:1119;crates/jet-codegen/src/Prelude/Core/HostServices.rs:1162;crates/jet-codegen/src/Prelude/Core/HumanOutput.rs:149;crates/jet-codegen/src/Prelude/Core/Preview.rs:337;crates/jet-devserver/src/Canvas/preview.rs:365;crates/jet-devserver/src/Canvas/preview.rs:374;crates/jet-devserver/src/CapturePolicy.rs:219;crates/jet-devserver/src/CapturePolicy.rs:264;crates/jet-devserver/src/lib.rs:591;crates/jet-devserver/src/lib.rs:877;crates/jet-devserver/src/NativeSwap.rs:1103;crates/jet-devserver/src/PausedEvaluate.rs:274;crates/jet-devserver/src/PausedEvaluate.rs:304;crates/jet-devserver/src/PausedEvaluate.rs:326;crates/jet-devserver/src/PausedEvaluate.rs:337;crates/jet-foundation/src/Authority.rs:102;crates/jet-foundation/src/Authority.rs:108;crates/jet-foundation/src/Authority.rs:156;crates/jet-foundation/src/Authority.rs:165;crates/jet-foundation/src/Authority.rs:181;crates/jet-foundation/src/Authority.rs:435;crates/jet-foundation/src/Numeric.rs:97;crates/jet-foundation/src/Policy.rs:194;crates/jet-foundation/src/Policy.rs:941					
authority	authority:effect-roots	authority_hold	closed effect roots	found					authority:effect-roots		crates/jet-foundation/src/Authority.rs:12;crates/jet-foundation/src/Authority.rs:13;crates/jet-foundation/src/Authority.rs:47;crates/jet-foundation/src/Authority.rs:797;crates/jet-foundation/src/Authority.rs:799	crates/jet-foundation/build.rs:54;crates/jet-foundation/build.rs:56;crates/jet-foundation/build.rs:69;crates/jet-foundation/build.rs:70;crates/jet-foundation/src/Authority.rs:12;crates/jet-foundation/src/Authority.rs:13;crates/jet-foundation/src/Authority.rs:47;crates/jet-foundation/src/Authority.rs:797;crates/jet-foundation/src/Authority.rs:799;crates/jet-foundation/src/Effects.rs:10;crates/jet-foundation/src/Effects.rs:37;crates/jet-foundation/src/Effects.rs:115;crates/jet-foundation/src/Facts.rs:55;crates/jet-foundation/src/Policy.rs:1256;crates/jet-foundation/src/Policy.rs:2134;crates/jet-sema/src/Sema/Bundle.rs:497	tests/marker_declarations.rs:276;tests/marker_declarations.rs:286;tests/marker_declarations.rs:915;tests/retirement_ratchet.rs:1411	crates/jet-foundation/build.rs:54;crates/jet-foundation/build.rs:56;crates/jet-foundation/build.rs:69;crates/jet-foundation/build.rs:70;crates/jet-foundation/src/Authority.rs:12;crates/jet-foundation/src/Authority.rs:13;crates/jet-foundation/src/Authority.rs:47;crates/jet-foundation/src/Authority.rs:797;crates/jet-foundation/src/Authority.rs:799;crates/jet-foundation/src/Effects.rs:10;crates/jet-foundation/src/Effects.rs:37;crates/jet-foundation/src/Effects.rs:115;crates/jet-foundation/src/Facts.rs:55;crates/jet-foundation/src/Policy.rs:1256;crates/jet-foundation/src/Policy.rs:2134;crates/jet-sema/src/Sema/Bundle.rs:497					
authority	authority:host-import-right	authority_hold	host import required grant	found					authority:host-import-right		crates/jet-foundation/src/Authority.rs:171;crates/jet-foundation/src/Authority.rs:172;crates/jet-foundation/src/Authority.rs:196;crates/jet-foundation/src/Authority.rs:201;crates/jet-foundation/src/Authority.rs:211;crates/jet-foundation/src/Authority.rs:221;crates/jet-foundation/src/Authority.rs:229;crates/jet-foundation/src/Authority.rs:255	crates/jet-codegen/src/Codegen/TIR/mir.rs:3670;crates/jet-devserver/src/EditorHost.rs:84;crates/jet-devserver/src/EditorHost.rs:435;crates/jet-devserver/src/EditorHost.rs:452;crates/jet-devserver/src/EditorHost.rs:453;crates/jet-devserver/src/EditorHost.rs:494;crates/jet-devserver/src/EditorHost.rs:523;crates/jet-devserver/src/EditorHost.rs:526;crates/jet-devserver/src/EditorHost.rs:1139;crates/jet-devserver/src/EditorHost.rs:1140;crates/jet-devserver/src/EditorHost.rs:1143;crates/jet-devserver/src/EditorHost.rs:1150;crates/jet-devserver/src/EditorHost.rs:1718;crates/jet-devserver/src/NativeOverlayAdapter.rs:98;crates/jet-devserver/src/NativeOverlayAdapter.rs:110;crates/jet-devserver/src/NativeOverlayAdapter.rs:120;crates/jet-devserver/src/NativeOverlayAdapter.rs:585;crates/jet-devserver/src/NativeOverlayAdapter.rs:613;crates/jet-devserver/src/NativeOverlayHost.rs:63;crates/jet-devserver/src/NativeOverlayHost.rs:67;crates/jet-devserver/src/NativeOverlayHost.rs:70;crates/jet-foundation/src/Authority.rs:171;crates/jet-foundation/src/Authority.rs:172;crates/jet-foundation/src/Authority.rs:196	MISSING: no fixture anchor for authority:host-import-right	crates/jet-codegen/src/Codegen/TIR/mir.rs:3670;crates/jet-devserver/src/EditorHost.rs:84;crates/jet-devserver/src/EditorHost.rs:435;crates/jet-devserver/src/EditorHost.rs:452;crates/jet-devserver/src/EditorHost.rs:453;crates/jet-devserver/src/EditorHost.rs:494;crates/jet-devserver/src/EditorHost.rs:523;crates/jet-devserver/src/EditorHost.rs:526;crates/jet-devserver/src/EditorHost.rs:1139;crates/jet-devserver/src/EditorHost.rs:1140;crates/jet-devserver/src/EditorHost.rs:1143;crates/jet-devserver/src/EditorHost.rs:1150;crates/jet-devserver/src/EditorHost.rs:1718;crates/jet-devserver/src/NativeOverlayAdapter.rs:98;crates/jet-devserver/src/NativeOverlayAdapter.rs:110;crates/jet-devserver/src/NativeOverlayAdapter.rs:120;crates/jet-devserver/src/NativeOverlayAdapter.rs:585;crates/jet-devserver/src/NativeOverlayAdapter.rs:613;crates/jet-devserver/src/NativeOverlayHost.rs:63;crates/jet-devserver/src/NativeOverlayHost.rs:67;crates/jet-devserver/src/NativeOverlayHost.rs:70;crates/jet-foundation/src/Authority.rs:171;crates/jet-foundation/src/Authority.rs:172;crates/jet-foundation/src/Authority.rs:196					
authority	authority:manifest-holds-allow	authority_hold	package authority allow holds	found					authority:manifest-holds-allow		crates/jet-pkg-model/src/Package/Blocks.rs:1734;crates/jet-pkg-model/src/Package/Blocks.rs:1735;crates/jet-pkg-model/src/Package/Blocks.rs:1736;crates/jet-pkg-model/src/Package/Blocks.rs:1749	crates/jet-codegen/src/Prelude/Diagnostics.jet:692;crates/jet-driver/src/Driver/mod.rs:313;crates/jet-driver/src/Driver/mod.rs:315;crates/jet-driver/src/Loader.rs:69;crates/jet-foundation/src/Syntax/predicates.rs:253;crates/jet-pkg-model/src/EffectBudget.rs:689;crates/jet-pkg-model/src/EffectBudget.rs:808;crates/jet-pkg-model/src/EffectBudget.rs:811;crates/jet-pkg-model/src/EffectBudget.rs:852;crates/jet-pkg-model/src/EffectBudget.rs:863;crates/jet-pkg-model/src/EffectBudget.rs:873;crates/jet-pkg-model/src/EffectBudget.rs:888;crates/jet-pkg-model/src/EffectBudget.rs:918;crates/jet-pkg-model/src/EffectBudget.rs:996;crates/jet-pkg-model/src/Lock.rs:1567;crates/jet-pkg-model/src/Manifest.rs:404;crates/jet-pkg-model/src/Package/Blocks.rs:1734;crates/jet-pkg-model/src/Package/Blocks.rs:1735;crates/jet-pkg-model/src/Package/Blocks.rs:1736;crates/jet-pkg-model/src/Package/Blocks.rs:1749;crates/jet-pkg-model/src/Package/Edit.rs:38;crates/jet-pkg-model/src/Package/Edit.rs:353;crates/jet-pkg-model/src/Package/mod.rs:2661;crates/jet-pkg-model/src/Package/mod.rs:2663	tests/authority_manifest.rs:300;tests/authority_manifest.rs:309;tests/authority_manifest.rs:351;tests/gate_ledger.rs:312;tests/pkg.rs:2157;tests/pkg.rs:2166	crates/jet-driver/src/Driver/mod.rs:313;crates/jet-driver/src/Driver/mod.rs:315;crates/jet-driver/src/Loader.rs:69;crates/jet-foundation/src/Syntax/predicates.rs:253;crates/jet-pkg-model/src/EffectBudget.rs:689;crates/jet-pkg-model/src/EffectBudget.rs:808;crates/jet-pkg-model/src/EffectBudget.rs:811;crates/jet-pkg-model/src/EffectBudget.rs:852;crates/jet-pkg-model/src/EffectBudget.rs:863;crates/jet-pkg-model/src/EffectBudget.rs:873;crates/jet-pkg-model/src/EffectBudget.rs:888;crates/jet-pkg-model/src/EffectBudget.rs:918;crates/jet-pkg-model/src/EffectBudget.rs:996;crates/jet-pkg-model/src/Lock.rs:1567;crates/jet-pkg-model/src/Manifest.rs:404;crates/jet-pkg-model/src/Package/Blocks.rs:1734;crates/jet-pkg-model/src/Package/Blocks.rs:1735;crates/jet-pkg-model/src/Package/Blocks.rs:1736;crates/jet-pkg-model/src/Package/Blocks.rs:1749;crates/jet-pkg-model/src/Package/Edit.rs:38;crates/jet-pkg-model/src/Package/Edit.rs:353;crates/jet-pkg-model/src/Package/mod.rs:2661;crates/jet-pkg-model/src/Package/mod.rs:2663;crates/jet-semindex/src/JSON.rs:226					
authority	authority:manifest-holds-deny	authority_hold	package authority deny holds	found					authority:manifest-holds-deny		crates/jet-pkg-model/src/Package/Blocks.rs:1590;crates/jet-pkg-model/src/Package/Blocks.rs:1740;crates/jet-pkg-model/src/Package/Blocks.rs:1741;crates/jet-pkg-model/src/Package/Blocks.rs:1742;crates/jet-pkg-model/src/Package/Blocks.rs:1750;crates/jet-pkg-model/src/Package/Blocks.rs:2064	crates/jet-driver/src/Driver/mod.rs:320;crates/jet-driver/src/Driver/mod.rs:322;crates/jet-driver/src/Loader.rs:70;crates/jet-foundation/src/AST/program_imports.rs:695;crates/jet-foundation/src/Authority.rs:361;crates/jet-foundation/src/Syntax/predicates.rs:254;crates/jet-pkg-model/src/EffectBudget.rs:786;crates/jet-pkg-model/src/EffectBudget.rs:919;crates/jet-pkg-model/src/EffectBudget.rs:997;crates/jet-pkg-model/src/Lock.rs:1570;crates/jet-pkg-model/src/Manifest.rs:500;crates/jet-pkg-model/src/Manifest.rs:604;crates/jet-pkg-model/src/Manifest.rs:605;crates/jet-pkg-model/src/Package/Blocks.rs:1590;crates/jet-pkg-model/src/Package/Blocks.rs:1740;crates/jet-pkg-model/src/Package/Blocks.rs:1741;crates/jet-pkg-model/src/Package/Blocks.rs:1742;crates/jet-pkg-model/src/Package/Blocks.rs:1750;crates/jet-pkg-model/src/Package/Blocks.rs:2064;crates/jet-pkg-model/src/Package/mod.rs:427;crates/jet-pkg-model/src/Package/mod.rs:432;crates/jet-pkg-model/src/Package/mod.rs:2661;crates/jet-pkg-model/src/Package/mod.rs:2664;crates/jet-sema/src/Sema/Bundle/Validation.rs:2419	tests/authority_manifest.rs:242;tests/authority_manifest.rs:255;tests/authority_manifest.rs:352;tests/gate_ledger.rs:313;tests/memory_semantics.rs:71;tests/pkg.rs:2160;tests/pkg.rs:2167	crates/jet-driver/src/Driver/mod.rs:320;crates/jet-driver/src/Driver/mod.rs:322;crates/jet-driver/src/Loader.rs:70;crates/jet-foundation/src/AST/program_imports.rs:695;crates/jet-foundation/src/Authority.rs:361;crates/jet-foundation/src/Syntax/predicates.rs:254;crates/jet-pkg-model/src/EffectBudget.rs:786;crates/jet-pkg-model/src/EffectBudget.rs:919;crates/jet-pkg-model/src/EffectBudget.rs:997;crates/jet-pkg-model/src/Lock.rs:1570;crates/jet-pkg-model/src/Manifest.rs:500;crates/jet-pkg-model/src/Manifest.rs:604;crates/jet-pkg-model/src/Manifest.rs:605;crates/jet-pkg-model/src/Package/Blocks.rs:1590;crates/jet-pkg-model/src/Package/Blocks.rs:1740;crates/jet-pkg-model/src/Package/Blocks.rs:1741;crates/jet-pkg-model/src/Package/Blocks.rs:1742;crates/jet-pkg-model/src/Package/Blocks.rs:1750;crates/jet-pkg-model/src/Package/Blocks.rs:2064;crates/jet-pkg-model/src/Package/mod.rs:427;crates/jet-pkg-model/src/Package/mod.rs:432;crates/jet-pkg-model/src/Package/mod.rs:2661;crates/jet-pkg-model/src/Package/mod.rs:2664;crates/jet-sema/src/Sema/Bundle/Validation.rs:2419					
authority	authority:memory-denials	authority_hold	package memory denial projection	found					authority:memory-denials		crates/jet-foundation/src/AST/program_imports.rs:694;crates/jet-foundation/src/AST/program_imports.rs:697;crates/jet-pkg-model/src/Package/mod.rs:431	crates/jet-codegen/src/Codegen/TIR/lower/core_calls.rs:607;crates/jet-codegen/src/Prelude/Diagnostics.jet:527;crates/jet-codegen/src/Prelude/Diagnostics.jet:559;crates/jet-driver/src/Loader.rs:45;crates/jet-driver/src/Loader.rs:65;crates/jet-driver/src/Loader.rs:1368;crates/jet-foundation/src/AST/program_imports.rs:694;crates/jet-foundation/src/AST/program_imports.rs:697;crates/jet-foundation/src/Authority.rs:292;crates/jet-foundation/src/Authority.rs:807;crates/jet-foundation/src/Authority.rs:817;crates/jet-foundation/src/Authority.rs:830;crates/jet-foundation/src/Authority.rs:838;crates/jet-foundation/src/Syntax/math_layout.rs:545;crates/jet-foundation/src/Syntax/retirements.rs:523;crates/jet-foundation/src/TargetMachine.rs:219;crates/jet-foundation/src/TargetMachine.rs:231;crates/jet-parser/src/lib.rs:433;crates/jet-parser/src/lib.rs:437;crates/jet-parser/src/Parser/Items/imports_policy.rs:171;crates/jet-parser/src/Parser/Items/imports_policy.rs:174;crates/jet-parser/src/Parser/Items/imports_policy.rs:176;crates/jet-parser/src/Parser/mod.rs:946;crates/jet-parser/src/Parser/mod.rs:952	examples/embedded/allocator_firmware/package.jet:10;examples/embedded/battery/package.jet:16;examples/embedded/browser_wasm/package.jet:10;examples/embedded/hosted_default/package.jet:10;examples/embedded/wasi/package.jet:10;examples/features/cli/battery/package.jet:12;examples/features/collections/data_battery/package.jet:12;examples/features/concurrency/package.jet:5;examples/features/devloop/static_site_generator/package.jet:5;examples/features/errors/package.jet:5;examples/features/foundations/arrays/package.jet:9;examples/features/foundations/capabilities/package.jet:13;examples/features/foundations/distributed/package.jet:6;examples/features/foundations/dsl/package.jet:6;examples/features/foundations/exact/package.jet:9;examples/features/foundations/realtime/package.jet:6;examples/features/foundations/receipts/package.jet:15;examples/features/foundations/storage/package.jet:6;examples/features/foundations/text/package.jet:6;examples/features/foundations/time/package.jet:6;examples/features/foundations/tooling/package.jet:6;examples/features/foundations/units/package.jet:9;examples/features/game/battery/package.jet:12;examples/features/io/env_unicode/package.jet:5	crates/jet-codegen/src/Codegen/TIR/lower/core_calls.rs:607;crates/jet-driver/src/Loader.rs:45;crates/jet-driver/src/Loader.rs:65;crates/jet-driver/src/Loader.rs:1368;crates/jet-foundation/src/AST/program_imports.rs:694;crates/jet-foundation/src/AST/program_imports.rs:697;crates/jet-foundation/src/Authority.rs:292;crates/jet-foundation/src/Authority.rs:807;crates/jet-foundation/src/Authority.rs:817;crates/jet-foundation/src/Authority.rs:830;crates/jet-foundation/src/Authority.rs:838;crates/jet-foundation/src/Syntax/math_layout.rs:545;crates/jet-foundation/src/Syntax/retirements.rs:523;crates/jet-foundation/src/TargetMachine.rs:219;crates/jet-foundation/src/TargetMachine.rs:231;crates/jet-parser/src/lib.rs:433;crates/jet-parser/src/lib.rs:437;crates/jet-parser/src/Parser/Items/imports_policy.rs:171;crates/jet-parser/src/Parser/Items/imports_policy.rs:174;crates/jet-parser/src/Parser/Items/imports_policy.rs:176;crates/jet-parser/src/Parser/mod.rs:946;crates/jet-parser/src/Parser/mod.rs:952;crates/jet-parser/src/Parser/mod.rs:954;crates/jet-parser/src/Parser/mod.rs:963					
authority	authority:package-guarantees	authority_hold	package contain and harden guarantees	found					authority:package-guarantees		crates/jet-foundation/src/AST/program_imports.rs:644;crates/jet-foundation/src/AST/program_imports.rs:670;crates/jet-foundation/src/AST/program_imports.rs:671;crates/jet-foundation/src/AST/program_imports.rs:672;crates/jet-foundation/src/AST/program_imports.rs:697;crates/jet-pkg-model/src/Package/mod.rs:428;crates/jet-pkg-model/src/Package/mod.rs:454;crates/jet-pkg-model/src/Package/mod.rs:457	crates/jet-codegen/src/Prelude/Core/DevtoolsTelemetryPanel.rs:1113;crates/jet-driver/src/Loader.rs:15;crates/jet-driver/src/Loader.rs:44;crates/jet-driver/src/Loader.rs:45;crates/jet-driver/src/Loader.rs:56;crates/jet-driver/src/Loader.rs:65;crates/jet-driver/src/Loader.rs:1851;crates/jet-foundation/src/AST.rs:30;crates/jet-foundation/src/AST/program_imports.rs:644;crates/jet-foundation/src/AST/program_imports.rs:670;crates/jet-foundation/src/AST/program_imports.rs:671;crates/jet-foundation/src/AST/program_imports.rs:672;crates/jet-foundation/src/AST/program_imports.rs:697;crates/jet-pkg-model/src/Package/mod.rs:428;crates/jet-pkg-model/src/Package/mod.rs:454;crates/jet-pkg-model/src/Package/mod.rs:457;crates/jet-sema/src/Sema/Bundle.rs:933;crates/jet-sema/src/Sema/MemoryFacts.rs:92;crates/jet-sema/src/Sema/PolicyFacts.rs:120;crates/jet-sema/src/Sema/PolicyFacts.rs:126;crates/jet-sema/src/Sema/PolicyFacts.rs:164	tests/memory_semantics.rs:86	crates/jet-codegen/src/Prelude/Core/DevtoolsTelemetryPanel.rs:1113;crates/jet-driver/src/Loader.rs:15;crates/jet-driver/src/Loader.rs:44;crates/jet-driver/src/Loader.rs:45;crates/jet-driver/src/Loader.rs:56;crates/jet-driver/src/Loader.rs:65;crates/jet-driver/src/Loader.rs:1851;crates/jet-foundation/src/AST.rs:30;crates/jet-foundation/src/AST/program_imports.rs:644;crates/jet-foundation/src/AST/program_imports.rs:670;crates/jet-foundation/src/AST/program_imports.rs:671;crates/jet-foundation/src/AST/program_imports.rs:672;crates/jet-foundation/src/AST/program_imports.rs:697;crates/jet-pkg-model/src/Package/mod.rs:428;crates/jet-pkg-model/src/Package/mod.rs:454;crates/jet-pkg-model/src/Package/mod.rs:457;crates/jet-sema/src/Sema/Bundle.rs:933;crates/jet-sema/src/Sema/MemoryFacts.rs:92;crates/jet-sema/src/Sema/PolicyFacts.rs:120;crates/jet-sema/src/Sema/PolicyFacts.rs:126;crates/jet-sema/src/Sema/PolicyFacts.rs:164					
authority	authority:sandbox-lending	authority_hold	tighten-only sandbox lending	found					authority:sandbox-lending	sandbox:authority-lend-tighten	crates/jet-pkg-model/src/Authority.rs:45;crates/jet-pkg-model/src/Authority.rs:48;crates/jet-pkg-model/src/Authority.rs:60;crates/jet-pkg-model/src/Authority.rs:63;crates/jet-pkg-model/src/Authority.rs:69;crates/jet-pkg-model/src/Authority.rs:72;crates/jet-pkg-model/src/Authority.rs:78;crates/jet-pkg-model/src/Authority.rs:83;crates/jet-pkg-model/src/Authority.rs:97;crates/jet-pkg-model/src/Authority.rs:103;crates/jet-pkg-model/src/Authority.rs:109;crates/jet-pkg-model/src/Authority.rs:112;crates/jet-pkg-model/src/Authority.rs:117;crates/jet-pkg-model/src/Authority.rs:123;crates/jet-pkg-model/src/Authority.rs:126;crates/jet-pkg-model/src/Authority.rs:129;crates/jet-pkg-model/src/Authority.rs:134;crates/jet-pkg-model/src/Authority.rs:171;crates/jet-pkg-model/src/Authority.rs:173;crates/jet-pkg-model/src/Authority.rs:182;crates/jet-pkg-model/src/Authority.rs:204;crates/jet-pkg-model/src/Authority.rs:213	crates/jet-foundation/src/Authority.rs:922;crates/jet-foundation/src/Authority.rs:925;crates/jet-pkg-model/src/Authority.rs:45;crates/jet-pkg-model/src/Authority.rs:48;crates/jet-pkg-model/src/Authority.rs:60;crates/jet-pkg-model/src/Authority.rs:63;crates/jet-pkg-model/src/Authority.rs:69;crates/jet-pkg-model/src/Authority.rs:72;crates/jet-pkg-model/src/Authority.rs:78;crates/jet-pkg-model/src/Authority.rs:83;crates/jet-pkg-model/src/Authority.rs:97;crates/jet-pkg-model/src/Authority.rs:103;crates/jet-pkg-model/src/Authority.rs:109;crates/jet-pkg-model/src/Authority.rs:112;crates/jet-pkg-model/src/Authority.rs:117;crates/jet-pkg-model/src/Authority.rs:123;crates/jet-pkg-model/src/Authority.rs:126;crates/jet-pkg-model/src/Authority.rs:129;crates/jet-pkg-model/src/Authority.rs:134;crates/jet-pkg-model/src/Authority.rs:171;crates/jet-pkg-model/src/Authority.rs:173;crates/jet-pkg-model/src/Authority.rs:182;crates/jet-pkg-model/src/Authority.rs:204;crates/jet-pkg-model/src/Authority.rs:213	tests/ownership.rs:4776	crates/jet-foundation/src/Authority.rs:922;crates/jet-foundation/src/Authority.rs:925;crates/jet-pkg-model/src/Authority.rs:45;crates/jet-pkg-model/src/Authority.rs:48;crates/jet-pkg-model/src/Authority.rs:60;crates/jet-pkg-model/src/Authority.rs:63;crates/jet-pkg-model/src/Authority.rs:69;crates/jet-pkg-model/src/Authority.rs:72;crates/jet-pkg-model/src/Authority.rs:78;crates/jet-pkg-model/src/Authority.rs:83;crates/jet-pkg-model/src/Authority.rs:97;crates/jet-pkg-model/src/Authority.rs:103;crates/jet-pkg-model/src/Authority.rs:109;crates/jet-pkg-model/src/Authority.rs:112;crates/jet-pkg-model/src/Authority.rs:117;crates/jet-pkg-model/src/Authority.rs:123;crates/jet-pkg-model/src/Authority.rs:126;crates/jet-pkg-model/src/Authority.rs:129;crates/jet-pkg-model/src/Authority.rs:134;crates/jet-pkg-model/src/Authority.rs:171;crates/jet-pkg-model/src/Authority.rs:173;crates/jet-pkg-model/src/Authority.rs:182;crates/jet-pkg-model/src/Authority.rs:204;crates/jet-pkg-model/src/Authority.rs:213					
authority	authority:unsafe-policy	authority_hold	unsafe gate and harden policy	found					authority:unsafe-policy		crates/jet-driver/src/Driver/mod.rs:117;crates/jet-driver/src/Driver/mod.rs:171;crates/jet-driver/src/Driver/mod.rs:180;crates/jet-driver/src/Driver/mod.rs:187;crates/jet-driver/src/Driver/mod.rs:195;crates/jet-driver/src/Driver/mod.rs:239;crates/jet-driver/src/Driver/mod.rs:266;crates/jet-driver/src/Driver/mod.rs:277;crates/jet-driver/src/Driver/mod.rs:284	crates/jet-cli/src/CLI.rs:79;crates/jet-codegen/src/Codegen/Context.rs:3357;crates/jet-codegen/src/Codegen/TIR/lower/expressions.rs:2731;crates/jet-codegen/src/Codegen/TIR/lower/lambdas.rs:612;crates/jet-codegen/src/Codegen/TIR/lower/statements.rs:292;crates/jet-codegen/src/Codegen/TIR/lower/statements.rs:1645;crates/jet-codegen/src/Codegen/TIR/lower/statements.rs:4131;crates/jet-codegen/src/Codegen/TIR/lower/statements.rs:4134;crates/jet-codegen/src/Codegen/TIR/lower/statements.rs:4252;crates/jet-codegen/src/Codegen/TIR/mod.rs:3918;crates/jet-codegen/src/Codegen/TIR/mod.rs:3989;crates/jet-codegen/src/Codegen/TIR/mod.rs:3991;crates/jet-codegen/src/Codegen/TIR/mod.rs:3992;crates/jet-codegen/src/Codegen/TIR/mod.rs:3996;crates/jet-codegen/src/Codegen/TIR/mod.rs:4133;crates/jet-codegen/src/Codegen/TIR/mod.rs:4134;crates/jet-codegen/src/Codegen/TIR/mod.rs:4964;crates/jet-codegen/src/Codegen/TIR/mod.rs:4968;crates/jet-codegen/src/Codegen/TIR/mod.rs:4976;crates/jet-codegen/src/Codegen/TIR/mod.rs:7117;crates/jet-codegen/src/Codegen/TIR/mod.rs:8097;crates/jet-codegen/src/Codegen/TIR/mod.rs:8241;crates/jet-codegen/src/Codegen/TIR/mod.rs:8244;crates/jet-codegen/src/Codegen/TIR/mod.rs:8245	examples/features/basics/build/callbacks.rs:2889;examples/features/basics/build/callbacks.rs:2938;examples/features/basics/build/callbacks.rs:2940;examples/features/basics/build/callbacks.rs:19392;examples/features/basics/build/callbacks.rs:19817;examples/features/basics/build/compound.rs:2889;examples/features/basics/build/compound.rs:2938;examples/features/basics/build/compound.rs:2940;examples/features/basics/build/compound.rs:19392;examples/features/basics/build/compound.rs:19817;examples/features/basics/build/hello.rs:1252;examples/features/basics/build/hello.rs:1280;examples/features/basics/build/hello.rs:1282;examples/features/basics/build/hello.rs:13977;examples/features/basics/build/numbers.rs:2889;examples/features/basics/build/numbers.rs:2938;examples/features/basics/build/numbers.rs:2940;examples/features/basics/build/numbers.rs:19392;examples/features/basics/build/numbers.rs:19817;examples/features/concurrency/bounded_spsc_atomic.jet:4;examples/features/crypto/crypto_migration.jet:1;examples/features/crypto/crypto_migration.jet:26;examples/features/crypto/random_api_split.jet:28;examples/features/crypto/vault_keys.jet:36	crates/jet-cli/src/CLI.rs:79;crates/jet-codegen/src/Codegen/Context.rs:3357;crates/jet-codegen/src/Codegen/TIR/lower/expressions.rs:2731;crates/jet-codegen/src/Codegen/TIR/lower/lambdas.rs:612;crates/jet-codegen/src/Codegen/TIR/lower/statements.rs:292;crates/jet-codegen/src/Codegen/TIR/lower/statements.rs:1645;crates/jet-codegen/src/Codegen/TIR/lower/statements.rs:4131;crates/jet-codegen/src/Codegen/TIR/lower/statements.rs:4134;crates/jet-codegen/src/Codegen/TIR/lower/statements.rs:4252;crates/jet-codegen/src/Codegen/TIR/mod.rs:3918;crates/jet-codegen/src/Codegen/TIR/mod.rs:3989;crates/jet-codegen/src/Codegen/TIR/mod.rs:3991;crates/jet-codegen/src/Codegen/TIR/mod.rs:3992;crates/jet-codegen/src/Codegen/TIR/mod.rs:3996;crates/jet-codegen/src/Codegen/TIR/mod.rs:4133;crates/jet-codegen/src/Codegen/TIR/mod.rs:4134;crates/jet-codegen/src/Codegen/TIR/mod.rs:4964;crates/jet-codegen/src/Codegen/TIR/mod.rs:4968;crates/jet-codegen/src/Codegen/TIR/mod.rs:4976;crates/jet-codegen/src/Codegen/TIR/mod.rs:7117;crates/jet-codegen/src/Codegen/TIR/mod.rs:8097;crates/jet-codegen/src/Codegen/TIR/mod.rs:8241;crates/jet-codegen/src/Codegen/TIR/mod.rs:8244;crates/jet-codegen/src/Codegen/TIR/mod.rs:8245					
authority	authority:workspace-default	authority_hold	workspace authority default	found					authority:workspace-default		crates/jet-codegen/src/Prelude/Core/Authority.rs:26;crates/jet-codegen/src/Prelude/Core/Authority.rs:29;crates/jet-codegen/src/Prelude/Core/Authority.rs:31;crates/jet-codegen/src/Prelude/Core/Authority.rs:115;crates/jet-codegen/src/Prelude/Core/Authority.rs:118;crates/jet-codegen/src/Prelude/Core/Authority.rs:120;crates/jet-codegen/src/Prelude/Core/Authority.rs:121	crates/jet-cli/src/CLI.rs:727;crates/jet-cli/src/CLI.rs:1850;crates/jet-cli/src/CLI.rs:1851;crates/jet-codegen/src/Codegen/MIRWeb.rs:3777;crates/jet-codegen/src/Codegen/Plugin.rs:1165;crates/jet-codegen/src/Codegen/Plugin.rs:1166;crates/jet-codegen/src/Codegen/Plugin.rs:1203;crates/jet-codegen/src/Codegen/Plugin.rs:1264;crates/jet-codegen/src/Codegen/Plugin.rs:1359;crates/jet-codegen/src/Codegen/Plugin.rs:1433;crates/jet-codegen/src/Codegen/Plugin.rs:1596;crates/jet-codegen/src/Codegen/TIR/lower/method_calls.rs:8928;crates/jet-codegen/src/Codegen/TIR/lower/method_calls.rs:8936;crates/jet-codegen/src/Codegen/TIR/mir.rs:3663;crates/jet-codegen/src/Codegen/TIR/subset/methods.rs:1519;crates/jet-codegen/src/Prelude/Core.jet:261;crates/jet-codegen/src/Prelude/Core.jet:1526;crates/jet-codegen/src/Prelude/Core/Authority.rs:26;crates/jet-codegen/src/Prelude/Core/Authority.rs:29;crates/jet-codegen/src/Prelude/Core/Authority.rs:31;crates/jet-codegen/src/Prelude/Core/Authority.rs:115;crates/jet-codegen/src/Prelude/Core/Authority.rs:118;crates/jet-codegen/src/Prelude/Core/Authority.rs:120;crates/jet-codegen/src/Prelude/Core/Authority.rs:121	crates/jet-sema/tests/generic_module_body.rs:511;crates/jetpack/src/CLI/usage_tests.rs:97;crates/jetpack/src/CLI/usage_tests.rs:156;crates/jetpack/src/CLI/usage_tests.rs:637;crates/jetpack/src/CLI/usage_tests.rs:660;examples/features/basics/build/callbacks.rs:8189;examples/features/basics/build/callbacks.rs:8192;examples/features/basics/build/callbacks.rs:8194;examples/features/basics/build/callbacks.rs:8219;examples/features/basics/build/callbacks.rs:8222;examples/features/basics/build/callbacks.rs:8224;examples/features/basics/build/callbacks.rs:8225;examples/features/basics/build/callbacks.rs:38951;examples/features/basics/build/callbacks.rs:38966;examples/features/basics/build/callbacks.rs:51575;examples/features/basics/build/callbacks.rs:51579;examples/features/basics/build/callbacks.rs:51585;examples/features/basics/build/callbacks.rs:51589;examples/features/basics/build/callbacks.rs:51595;examples/features/basics/build/callbacks.rs:51599;examples/features/basics/build/callbacks.rs:51615;examples/features/basics/build/callbacks.rs:51619;examples/features/basics/build/callbacks.rs:51653;examples/features/basics/build/callbacks.rs:51657	crates/jet-cli/src/CLI.rs:727;crates/jet-cli/src/CLI.rs:1850;crates/jet-cli/src/CLI.rs:1851;crates/jet-codegen/src/Codegen/MIRWeb.rs:3777;crates/jet-codegen/src/Codegen/Plugin.rs:1165;crates/jet-codegen/src/Codegen/Plugin.rs:1166;crates/jet-codegen/src/Codegen/Plugin.rs:1203;crates/jet-codegen/src/Codegen/Plugin.rs:1264;crates/jet-codegen/src/Codegen/Plugin.rs:1359;crates/jet-codegen/src/Codegen/Plugin.rs:1433;crates/jet-codegen/src/Codegen/Plugin.rs:1596;crates/jet-codegen/src/Codegen/TIR/lower/method_calls.rs:8928;crates/jet-codegen/src/Codegen/TIR/lower/method_calls.rs:8936;crates/jet-codegen/src/Codegen/TIR/mir.rs:3663;crates/jet-codegen/src/Codegen/TIR/subset/methods.rs:1519;crates/jet-codegen/src/Prelude/Core/Authority.rs:26;crates/jet-codegen/src/Prelude/Core/Authority.rs:29;crates/jet-codegen/src/Prelude/Core/Authority.rs:31;crates/jet-codegen/src/Prelude/Core/Authority.rs:115;crates/jet-codegen/src/Prelude/Core/Authority.rs:118;crates/jet-codegen/src/Prelude/Core/Authority.rs:120;crates/jet-codegen/src/Prelude/Core/Authority.rs:121;crates/jet-codegen/src/Prelude/CoreLib/JetStd/CommonTypes.rs:433;crates/jet-codegen/src/Prelude/CoreLib/JetStd/CommonTypes.rs:448					
sandbox	sandbox:authority-lend-tighten	sandbox_fact	guest authority only tightens host rights	found					authority:sandbox-lending	sandbox:authority-lend-tighten	crates/jet-pkg-model/src/Authority.rs:12;crates/jet-pkg-model/src/Authority.rs:36;crates/jet-pkg-model/src/Authority.rs:41;crates/jet-pkg-model/src/Authority.rs:45;crates/jet-pkg-model/src/Authority.rs:48;crates/jet-pkg-model/src/Authority.rs:60;crates/jet-pkg-model/src/Authority.rs:63;crates/jet-pkg-model/src/Authority.rs:69;crates/jet-pkg-model/src/Authority.rs:71;crates/jet-pkg-model/src/Authority.rs:73;crates/jet-pkg-model/src/Authority.rs:74;crates/jet-pkg-model/src/Authority.rs:75;crates/jet-pkg-model/src/Authority.rs:78;crates/jet-pkg-model/src/Authority.rs:86;crates/jet-pkg-model/src/Authority.rs:89;crates/jet-pkg-model/src/Authority.rs:92;crates/jet-pkg-model/src/Authority.rs:97;crates/jet-pkg-model/src/Authority.rs:103;crates/jet-pkg-model/src/Authority.rs:106;crates/jet-pkg-model/src/Authority.rs:109;crates/jet-pkg-model/src/Authority.rs:111;crates/jet-pkg-model/src/Authority.rs:116;crates/jet-pkg-model/src/Authority.rs:117;crates/jet-pkg-model/src/Authority.rs:123	crates/jet-cli/src/DynamicCompletions.rs:504;crates/jet-cli/src/DynamicCompletions.rs:532;crates/jet-cli/src/DynamicCompletions.rs:552;crates/jet-cli/src/Explain.rs:252;crates/jet-cli/src/Explain.rs:314;crates/jet-cli/src/Explain.rs:363;crates/jet-codegen/src/Prelude/Core/FSOps.rs:46;crates/jet-codegen/src/Prelude/CoreLib/Top/HTTPServer.rs:5645;crates/jet-codegen/src/Prelude/CoreLib/Top/HTTPServer.rs:5646;crates/jet-codegen/src/Prelude/Deadline.rs:61;crates/jet-codegen/src/Prelude/DevServer.rs:609;crates/jet-codegen/src/Prelude/DevServer.rs:660;crates/jet-codegen/src/Prelude/DevServer.rs:669;crates/jet-codegen/src/Prelude/DevServer.rs:690;crates/jet-codegen/src/Prelude/DevServer.rs:707;crates/jet-codegen/src/Prelude/DevServer.rs:825;crates/jet-codegen/src/Prelude/Diagnostics.jet:154;crates/jet-codegen/src/Prelude/Diagnostics.jet:585;crates/jet-codegen/src/Prelude/Diagnostics.jet:829;crates/jet-codegen/src/Prelude/Markers.jet:16;crates/jet-codegen/src/Prelude/Markers.jet:24;crates/jet-comptime/src/Comptime/Build/cache_cas.rs:53;crates/jet-comptime/src/Comptime/Build/cache_cas.rs:74;crates/jet-comptime/src/Comptime/Build/cache_cas.rs:3285	crates/jetpack/src/Store/Tests/tests/late.rs:1204;examples/features/basics/build/callbacks.rs:59627;examples/features/basics/build/compound.rs:59627;examples/features/basics/build/numbers.rs:59627;examples/features/lowlevel/cbind/build/run.rs:59654;examples/features/memory/program_allocator/build/main.rs:50071;examples/features/memory/program_allocator/build/run.rs:60394;examples/features/memory/unsafe_sentries_package_off/build/run.rs:46607;examples/features/tooling/data_hostile.jet:124;examples/performance/receipts/http_ready/build/run.rs:48966;tests/cli_parts/inspect.rs:295;tests/cli_parts/inspect.rs:301;tests/cli_parts/inspect.rs:302;tests/common/mod.rs:505;tests/common/mod.rs:529;tests/common/mod.rs:535;tests/common/mod.rs:2133;tests/common/mod.rs:2157;tests/common/mod.rs:2161;tests/common/mod.rs:2178;tests/dev_parts/support.rs:1495;tests/fact_contribution_law.rs:123;tests/fact_contribution_law.rs:156;tests/fixtures/fresh_agent_t4/build/run.rs:59181	crates/jet-cli/src/DynamicCompletions.rs:504;crates/jet-cli/src/DynamicCompletions.rs:532;crates/jet-cli/src/DynamicCompletions.rs:552;crates/jet-cli/src/Explain.rs:252;crates/jet-cli/src/Explain.rs:314;crates/jet-cli/src/Explain.rs:363;crates/jet-codegen/src/Prelude/Core/FSOps.rs:46;crates/jet-codegen/src/Prelude/CoreLib/Top/HTTPServer.rs:5645;crates/jet-codegen/src/Prelude/CoreLib/Top/HTTPServer.rs:5646;crates/jet-codegen/src/Prelude/Deadline.rs:61;crates/jet-codegen/src/Prelude/DevServer.rs:609;crates/jet-codegen/src/Prelude/DevServer.rs:660;crates/jet-codegen/src/Prelude/DevServer.rs:669;crates/jet-codegen/src/Prelude/DevServer.rs:690;crates/jet-codegen/src/Prelude/DevServer.rs:707;crates/jet-codegen/src/Prelude/DevServer.rs:825;crates/jet-comptime/src/Comptime/Build/cache_cas.rs:53;crates/jet-comptime/src/Comptime/Build/cache_cas.rs:74;crates/jet-comptime/src/Comptime/Build/cache_cas.rs:3285;crates/jet-comptime/src/Comptime/Build/cache_cas.rs:3301;crates/jet-comptime/src/Comptime/Build/cache_cas.rs:3315;crates/jet-comptime/src/Comptime/Build/cache_cas.rs:3331;crates/jet-comptime/src/Comptime/Build/cache_cas.rs:3384;crates/jet-comptime/src/Comptime/Build/cache_cas.rs:3400					
sandbox	sandbox:build-native-boundary	sandbox_fact	build actions cross a native child boundary	found					authority:package-guarantees,authority:application-boundary	sandbox:build-native-boundary	crates/jet-comptime/src/Comptime/Build/execution_runtime.rs:161;crates/jet-comptime/src/Comptime/Build/execution_runtime.rs:231;crates/jet-comptime/src/Comptime/Build/execution_runtime.rs:241;crates/jet-comptime/src/Comptime/Build/execution_runtime.rs:249;crates/jet-comptime/src/Comptime/Build/execution_runtime.rs:261;crates/jet-comptime/src/Comptime/Build/execution_runtime.rs:270;crates/jet-comptime/src/Comptime/Build/execution_runtime.rs:282;crates/jet-comptime/src/Comptime/Build/execution_runtime.rs:291;crates/jet-comptime/src/Comptime/Build/execution_runtime.rs:303;crates/jet-comptime/src/Comptime/Build/execution_runtime.rs:337;crates/jet-comptime/src/Comptime/Build/execution_runtime.rs:378;crates/jet-comptime/src/Comptime/Build/execution_runtime.rs:384;crates/jet-comptime/src/Comptime/Build/execution_runtime.rs:385;crates/jet-comptime/src/Comptime/Build/execution_runtime.rs:923;crates/jet-comptime/src/Comptime/Build/execution_runtime.rs:1752;crates/jet-comptime/src/Comptime/Build/execution_runtime.rs:2413;crates/jet-comptime/src/Comptime/Build/execution_runtime.rs:2764;crates/jet-comptime/src/Comptime/Build/execution_runtime.rs:2829;crates/jet-comptime/src/Comptime/Build/execution_runtime.rs:2897	crates/jet-codegen/src/Prelude/CoreLib/ProcessPty.rs:35;crates/jet-codegen/src/Prelude/CoreLib/Top/Process.rs:2803;crates/jet-codegen/src/Prelude/CoreLib/Top/ProcessSandbox.rs:1;crates/jet-codegen/src/Prelude/CoreLib/Top/ProcessSandbox.rs:108;crates/jet-codegen/src/Prelude/CoreLib/Top/ProcessSandbox.rs:116;crates/jet-codegen/src/Prelude/CoreLib/Top/ProcessSandbox.rs:139;crates/jet-codegen/src/Prelude/CoreLib/Top/ProcessSandbox.rs:145;crates/jet-codegen/src/Prelude/CoreLib/Top/ProcessSandbox.rs:151;crates/jet-codegen/src/Prelude/CoreLib/Top/ProcessSandbox.rs:161;crates/jet-codegen/src/Prelude/CoreLib/Top/ProcessSandbox.rs:169;crates/jet-codegen/src/Prelude/CoreLib/Top/ProcessSandbox.rs:186;crates/jet-codegen/src/Prelude/CoreLib/Top/ProcessSandbox.rs:188;crates/jet-codegen/src/Prelude/CoreLib/Top/ProcessSandbox.rs:192;crates/jet-codegen/src/Prelude/CoreLib/Top/ProcessSandbox.rs:194;crates/jet-codegen/src/Prelude/CoreLib/Top/ProcessSandbox.rs:198;crates/jet-codegen/src/Prelude/CoreLib/Top/ProcessSandbox.rs:200;crates/jet-codegen/src/Prelude/CoreLib/Top/ProcessSandbox.rs:222;crates/jet-codegen/src/Prelude/CoreLib/Top/ProcessSandbox.rs:323;crates/jet-codegen/src/Prelude/CoreLib/Top/ProcessSandbox.rs:347;crates/jet-codegen/src/Prelude/CoreLib/Top/ProcessSandbox.rs:384;crates/jet-codegen/src/Prelude/CoreLib/Top/ProcessSandbox.rs:460;crates/jet-codegen/src/Prelude/CoreLib/Top/ProcessSandbox.rs:461;crates/jet-codegen/src/Prelude/CoreLib/Top/ProcessSandbox.rs:712;crates/jet-codegen/src/Prelude/CoreLib/Top/ProcessSandbox.rs:713	tests/agent_executor.rs:142;tests/agent_executor.rs:170;tests/agent_executor.rs:172;tests/agent_executor.rs:178;tests/agent_executor.rs:207;tests/agent_executor.rs:209;tests/authority.rs:774;tests/authority.rs:795;tests/authority.rs:797;tests/authority.rs:812;tests/authority.rs:878;tests/authority.rs:892;tests/authority.rs:918;tests/authority.rs:943;tests/build_sandbox.rs:377;tests/build_sandbox.rs:387;tests/build_sandbox.rs:414;tests/build_sandbox.rs:415;tests/build_sandbox.rs:420;tests/build_sandbox.rs:423;tests/build_sandbox.rs:437;tests/build_sandbox.rs:472;tests/build_sandbox.rs:485;tests/build_sandbox.rs:490	crates/jet-codegen/src/Prelude/CoreLib/ProcessPty.rs:35;crates/jet-codegen/src/Prelude/CoreLib/Top/Process.rs:2803;crates/jet-codegen/src/Prelude/CoreLib/Top/ProcessSandbox.rs:1;crates/jet-codegen/src/Prelude/CoreLib/Top/ProcessSandbox.rs:108;crates/jet-codegen/src/Prelude/CoreLib/Top/ProcessSandbox.rs:116;crates/jet-codegen/src/Prelude/CoreLib/Top/ProcessSandbox.rs:139;crates/jet-codegen/src/Prelude/CoreLib/Top/ProcessSandbox.rs:145;crates/jet-codegen/src/Prelude/CoreLib/Top/ProcessSandbox.rs:151;crates/jet-codegen/src/Prelude/CoreLib/Top/ProcessSandbox.rs:161;crates/jet-codegen/src/Prelude/CoreLib/Top/ProcessSandbox.rs:169;crates/jet-codegen/src/Prelude/CoreLib/Top/ProcessSandbox.rs:186;crates/jet-codegen/src/Prelude/CoreLib/Top/ProcessSandbox.rs:188;crates/jet-codegen/src/Prelude/CoreLib/Top/ProcessSandbox.rs:192;crates/jet-codegen/src/Prelude/CoreLib/Top/ProcessSandbox.rs:194;crates/jet-codegen/src/Prelude/CoreLib/Top/ProcessSandbox.rs:198;crates/jet-codegen/src/Prelude/CoreLib/Top/ProcessSandbox.rs:200;crates/jet-codegen/src/Prelude/CoreLib/Top/ProcessSandbox.rs:222;crates/jet-codegen/src/Prelude/CoreLib/Top/ProcessSandbox.rs:323;crates/jet-codegen/src/Prelude/CoreLib/Top/ProcessSandbox.rs:347;crates/jet-codegen/src/Prelude/CoreLib/Top/ProcessSandbox.rs:384;crates/jet-codegen/src/Prelude/CoreLib/Top/ProcessSandbox.rs:460;crates/jet-codegen/src/Prelude/CoreLib/Top/ProcessSandbox.rs:461;crates/jet-codegen/src/Prelude/CoreLib/Top/ProcessSandbox.rs:712;crates/jet-codegen/src/Prelude/CoreLib/Top/ProcessSandbox.rs:713					
sandbox	sandbox:network-deny	sandbox_fact	network sharing is an explicit sandbox fact	found					authority:package-guarantees,authority:application-boundary	sandbox:network-deny	crates/jet-comptime/src/Comptime/Build/execution_runtime.rs:247;crates/jet-comptime/src/Comptime/Build/execution_runtime.rs:255;crates/jet-comptime/src/Comptime/Build/execution_runtime.rs:267;crates/jet-comptime/src/Comptime/Build/execution_runtime.rs:276;crates/jet-comptime/src/Comptime/Build/execution_runtime.rs:288;crates/jet-comptime/src/Comptime/Build/execution_runtime.rs:297;crates/jet-comptime/src/Comptime/Build/execution_runtime.rs:309;crates/jet-comptime/src/Comptime/Build/execution_runtime.rs:322;crates/jet-comptime/src/Comptime/Build/execution_runtime.rs:339;crates/jet-comptime/src/Comptime/Build/execution_runtime.rs:351	crates/jet-codegen/src/Prelude/CoreLib/Top/Process.rs:664;crates/jet-codegen/src/Prelude/CoreLib/Top/Process.rs:801;crates/jet-codegen/src/Prelude/CoreLib/Top/Process.rs:1457;crates/jet-codegen/src/Prelude/CoreLib/Top/Process.rs:1595;crates/jet-codegen/src/Prelude/CoreLib/Top/ProcessPolicy.rs:217;crates/jet-codegen/src/Prelude/CoreLib/Top/ProcessPolicy.rs:232;crates/jet-codegen/src/Prelude/CoreLib/Top/ProcessSandbox.rs:58;crates/jet-codegen/src/Prelude/CoreLib/Top/ProcessSandbox.rs:68;crates/jet-codegen/src/Prelude/CoreLib/Top/ProcessSandbox.rs:84;crates/jet-codegen/src/Prelude/CoreLib/Top/ProcessSandbox.rs:245;crates/jet-codegen/src/Prelude/CoreLib/Top/ProcessSandbox.rs:260;crates/jet-codegen/src/Prelude/CoreLib/Top/ProcessSandbox.rs:275;crates/jet-codegen/src/Prelude/CoreLib/Top/ProcessSandbox.rs:315;crates/jet-codegen/src/Prelude/CoreLib/Top/ProcessSandbox.rs:354;crates/jet-codegen/src/Prelude/CoreLib/Top/ProcessSandbox.rs:376;crates/jet-codegen/src/Prelude/CoreLib/Top/ProcessSandbox.rs:396;crates/jet-codegen/src/Prelude/CoreLib/Top/ProcessSandbox.rs:404;crates/jet-codegen/src/Prelude/CoreLib/Top/ProcessSandbox.rs:415;crates/jet-codegen/src/Prelude/CoreLib/Top/ProcessSandbox.rs:424;crates/jet-codegen/src/Prelude/CoreLib/Top/ProcessSandbox.rs:436;crates/jet-codegen/src/Prelude/CoreLib/Top/ProcessSandbox.rs:447;crates/jet-codegen/src/Prelude/CoreLib/Top/ProcessSandbox.rs:739;crates/jet-codegen/src/Prelude/CoreLib/Top/ProcessSandbox.rs:834;crates/jet-codegen/src/Prelude/CoreLib/Top/ProcessSandbox.rs:890	tests/build_sandbox.rs:1311;tests/fixtures/fresh_agent_t4/build/run.rs:65459;tests/fixtures/fresh_agent_t4/build/run.rs:65469;tests/fixtures/fresh_agent_t4/build/run.rs:65485;tests/fixtures/fresh_agent_t4/build/run.rs:65646;tests/fixtures/fresh_agent_t4/build/run.rs:65661;tests/fixtures/fresh_agent_t4/build/run.rs:65676;tests/fixtures/fresh_agent_t4/build/run.rs:65716;tests/fixtures/fresh_agent_t4/build/run.rs:65755;tests/fixtures/fresh_agent_t4/build/run.rs:65777;tests/fixtures/fresh_agent_t4/build/run.rs:65797;tests/fixtures/fresh_agent_t4/build/run.rs:65805;tests/fixtures/fresh_agent_t4/build/run.rs:65816;tests/fixtures/fresh_agent_t4/build/run.rs:65825;tests/fixtures/fresh_agent_t4/build/run.rs:65837;tests/fixtures/fresh_agent_t4/build/run.rs:65848;tests/fixtures/fresh_agent_t4/build/run.rs:66140;tests/fixtures/fresh_agent_t4/build/run.rs:66235;tests/fixtures/fresh_agent_t4/build/run.rs:66291;tests/fixtures/fresh_agent_t4/build/run.rs:66342;tests/fixtures/fresh_agent_t4/build/run.rs:67432;tests/fixtures/fresh_agent_t4/build/run.rs:67445;tests/fixtures/fresh_agent_t4/build/run.rs:67532;tests/fixtures/fresh_agent_t4/build/run.rs:67544	crates/jet-codegen/src/Prelude/CoreLib/Top/Process.rs:664;crates/jet-codegen/src/Prelude/CoreLib/Top/Process.rs:801;crates/jet-codegen/src/Prelude/CoreLib/Top/Process.rs:1457;crates/jet-codegen/src/Prelude/CoreLib/Top/Process.rs:1595;crates/jet-codegen/src/Prelude/CoreLib/Top/ProcessPolicy.rs:217;crates/jet-codegen/src/Prelude/CoreLib/Top/ProcessPolicy.rs:232;crates/jet-codegen/src/Prelude/CoreLib/Top/ProcessSandbox.rs:58;crates/jet-codegen/src/Prelude/CoreLib/Top/ProcessSandbox.rs:68;crates/jet-codegen/src/Prelude/CoreLib/Top/ProcessSandbox.rs:84;crates/jet-codegen/src/Prelude/CoreLib/Top/ProcessSandbox.rs:245;crates/jet-codegen/src/Prelude/CoreLib/Top/ProcessSandbox.rs:260;crates/jet-codegen/src/Prelude/CoreLib/Top/ProcessSandbox.rs:275;crates/jet-codegen/src/Prelude/CoreLib/Top/ProcessSandbox.rs:315;crates/jet-codegen/src/Prelude/CoreLib/Top/ProcessSandbox.rs:354;crates/jet-codegen/src/Prelude/CoreLib/Top/ProcessSandbox.rs:376;crates/jet-codegen/src/Prelude/CoreLib/Top/ProcessSandbox.rs:396;crates/jet-codegen/src/Prelude/CoreLib/Top/ProcessSandbox.rs:404;crates/jet-codegen/src/Prelude/CoreLib/Top/ProcessSandbox.rs:415;crates/jet-codegen/src/Prelude/CoreLib/Top/ProcessSandbox.rs:424;crates/jet-codegen/src/Prelude/CoreLib/Top/ProcessSandbox.rs:436;crates/jet-codegen/src/Prelude/CoreLib/Top/ProcessSandbox.rs:447;crates/jet-codegen/src/Prelude/CoreLib/Top/ProcessSandbox.rs:739;crates/jet-codegen/src/Prelude/CoreLib/Top/ProcessSandbox.rs:834;crates/jet-codegen/src/Prelude/CoreLib/Top/ProcessSandbox.rs:890					
sandbox	sandbox:plugin-export-contract	sandbox_fact	plugin export shape is checked before sandbox entry	found					authority:package-guarantees,authority:application-boundary	sandbox:plugin-export-contract	crates/jet-driver/src/Driver/mod.rs:4547;crates/jet-driver/src/Driver/mod.rs:4601;crates/jet-driver/src/Driver/mod.rs:4608;crates/jet-driver/src/Driver/mod.rs:6684;crates/jet-driver/src/Driver/mod.rs:6760;crates/jet-driver/src/Driver/mod.rs:6762;crates/jet-driver/src/Driver/mod.rs:6769;crates/jet-driver/src/PluginExport.rs:55;crates/jet-driver/src/PluginExport.rs:57;crates/jet-driver/src/PluginExport.rs:59;crates/jet-driver/src/PluginExport.rs:80;crates/jet-driver/src/PluginExport.rs:89	crates/jet-codegen/src/Codegen/Embedding.rs:1;crates/jet-codegen/src/Prelude/Diagnostics.jet:729;crates/jet-codegen/src/Prelude/Diagnostics.jet:734;crates/jet-comptime/src/Comptime/Build/context.rs:522;crates/jet-comptime/src/Comptime/Build/plugins_modules.rs:692;crates/jet-driver/src/Driver/mod.rs:4547;crates/jet-driver/src/Driver/mod.rs:4601;crates/jet-driver/src/Driver/mod.rs:4608;crates/jet-driver/src/Driver/mod.rs:6684;crates/jet-driver/src/Driver/mod.rs:6760;crates/jet-driver/src/Driver/mod.rs:6762;crates/jet-driver/src/Driver/mod.rs:6769;crates/jet-driver/src/lib.rs:63;crates/jet-driver/src/lib.rs:69;crates/jet-driver/src/LibraryExport.rs:163;crates/jet-driver/src/PluginExport.rs:55;crates/jet-driver/src/PluginExport.rs:57;crates/jet-driver/src/PluginExport.rs:59;crates/jet-driver/src/PluginExport.rs:80;crates/jet-driver/src/PluginExport.rs:89;crates/jet-sema/src/Sema/CheckerCoreLib/plugin_checks.rs:4;crates/jet-sema/src/Sema/CheckerCoreLib/plugin_checks.rs:83;crates/jet-sema/src/Sema/CheckerCoreLib/plugin_checks.rs:102;crates/jet-sema/src/Sema/Guest.rs:369	tests/diagnostic_snapshots.rs:264;tests/ui/plugin_e1260_unsupported_shape/run.jet:4	crates/jet-codegen/src/Codegen/Embedding.rs:1;crates/jet-comptime/src/Comptime/Build/context.rs:522;crates/jet-comptime/src/Comptime/Build/plugins_modules.rs:692;crates/jet-driver/src/Driver/mod.rs:4547;crates/jet-driver/src/Driver/mod.rs:4601;crates/jet-driver/src/Driver/mod.rs:4608;crates/jet-driver/src/Driver/mod.rs:6684;crates/jet-driver/src/Driver/mod.rs:6760;crates/jet-driver/src/Driver/mod.rs:6762;crates/jet-driver/src/Driver/mod.rs:6769;crates/jet-driver/src/lib.rs:63;crates/jet-driver/src/lib.rs:69;crates/jet-driver/src/LibraryExport.rs:163;crates/jet-driver/src/PluginExport.rs:55;crates/jet-driver/src/PluginExport.rs:57;crates/jet-driver/src/PluginExport.rs:59;crates/jet-driver/src/PluginExport.rs:80;crates/jet-driver/src/PluginExport.rs:89;crates/jet-sema/src/Sema/CheckerCoreLib/plugin_checks.rs:4;crates/jet-sema/src/Sema/CheckerCoreLib/plugin_checks.rs:83;crates/jet-sema/src/Sema/CheckerCoreLib/plugin_checks.rs:102;crates/jet-sema/src/Sema/Guest.rs:369;crates/jet-sema/src/Sema/Guest.rs:382;crates/jet-sema/src/Sema/Guest.rs:528					
sandbox	sandbox:project-contained-outputs	sandbox_fact	inputs and outputs stay inside declared project paths	found					authority:package-guarantees,authority:application-boundary	sandbox:project-contained-outputs	crates/jet-comptime/src/Comptime/Build/execution_runtime.rs:237;crates/jet-comptime/src/Comptime/Build/execution_runtime.rs:238;crates/jet-comptime/src/Comptime/Build/execution_runtime.rs:244;crates/jet-comptime/src/Comptime/Build/execution_runtime.rs:245;crates/jet-comptime/src/Comptime/Build/execution_runtime.rs:252;crates/jet-comptime/src/Comptime/Build/execution_runtime.rs:253;crates/jet-comptime/src/Comptime/Build/execution_runtime.rs:264;crates/jet-comptime/src/Comptime/Build/execution_runtime.rs:265;crates/jet-comptime/src/Comptime/Build/execution_runtime.rs:273;crates/jet-comptime/src/Comptime/Build/execution_runtime.rs:274;crates/jet-comptime/src/Comptime/Build/execution_runtime.rs:285;crates/jet-comptime/src/Comptime/Build/execution_runtime.rs:286;crates/jet-comptime/src/Comptime/Build/execution_runtime.rs:294;crates/jet-comptime/src/Comptime/Build/execution_runtime.rs:295;crates/jet-comptime/src/Comptime/Build/execution_runtime.rs:306;crates/jet-comptime/src/Comptime/Build/execution_runtime.rs:307;crates/jet-comptime/src/Comptime/Build/execution_runtime.rs:315;crates/jet-comptime/src/Comptime/Build/execution_runtime.rs:319;crates/jet-comptime/src/Comptime/Build/execution_runtime.rs:320;crates/jet-comptime/src/Comptime/Build/execution_runtime.rs:348;crates/jet-comptime/src/Comptime/Build/execution_runtime.rs:349;crates/jet-comptime/src/Comptime/Build/execution_runtime.rs:353;crates/jet-comptime/src/Comptime/Build/execution_runtime.rs:1914;crates/jet-driver/src/Driver/mod.rs:157	crates/jet-cli/src/CLI.rs:796;crates/jet-cli/src/CLI.rs:1847;crates/jet-cli/src/DynamicCompletions.rs:465;crates/jet-cli/src/Explain.rs:253;crates/jet-cli/src/Explain.rs:305;crates/jet-cli/src/Help/Render.rs:531;crates/jet-cli/src/MultiProgress.rs:254;crates/jet-cli/src/OutputProfile.rs:161;crates/jet-codegen/src/Codegen/Context.rs:2106;crates/jet-codegen/src/Codegen/TIR/lower/expressions.rs:3817;crates/jet-codegen/src/Codegen/TIR/lower/lambdas.rs:73;crates/jet-codegen/src/Codegen/TIR/lower/lambdas.rs:866;crates/jet-codegen/src/Codegen/TIR/mod.rs:262;crates/jet-codegen/src/Codegen/TIR/mod.rs:3926;crates/jet-codegen/src/Codegen/TIR/mod.rs:5677;crates/jet-codegen/src/Codegen/TIR/mod.rs:5704;crates/jet-codegen/src/Codegen/TIR/mod.rs:5821;crates/jet-codegen/src/Codegen/TIR/mod.rs:7678;crates/jet-codegen/src/Codegen/TIR/mod.rs:8421;crates/jet-codegen/src/Codegen/TIR/mod.rs:9114;crates/jet-codegen/src/Codegen/TIR/mod.rs:9393;crates/jet-codegen/src/Codegen/TIR/mod.rs:9958;crates/jet-codegen/src/Codegen/TIR/subset/types.rs:512;crates/jet-codegen/src/Prelude/Core.rs:2328	crates/jet-sema/tests/generic_module_body.rs:761;crates/jetpack-bin/tests/theme.rs:19;crates/jetpack-bin/tests/theme.rs:33;crates/jetpack-bin/tests/theme.rs:34;crates/jetpack/src/Store/Tests/tests/late.rs:45;examples/features/basics/build/callbacks.rs:2353;examples/features/basics/build/callbacks.rs:10417;examples/features/basics/build/callbacks.rs:22297;examples/features/basics/build/compound.rs:2353;examples/features/basics/build/compound.rs:10417;examples/features/basics/build/compound.rs:22297;examples/features/basics/build/hello.rs:959;examples/features/basics/build/hello.rs:6711;examples/features/basics/build/hello.rs:16257;examples/features/basics/build/numbers.rs:2353;examples/features/basics/build/numbers.rs:10417;examples/features/basics/build/numbers.rs:22297;examples/features/cli/subcommands.jet:3;examples/features/comptime/comptime_tiers.jet:21;examples/features/concurrency/parallel_scan.jet:16;examples/features/crypto/vault_keys.jet:15;examples/features/effects/determinism.jet:14;examples/features/io/db_read_footprint.jet:4;examples/features/io/db_read_footprint.jet:9	crates/jet-cli/src/CLI.rs:796;crates/jet-cli/src/CLI.rs:1847;crates/jet-cli/src/DynamicCompletions.rs:465;crates/jet-cli/src/Explain.rs:253;crates/jet-cli/src/Explain.rs:305;crates/jet-cli/src/Help/Render.rs:531;crates/jet-cli/src/MultiProgress.rs:254;crates/jet-cli/src/OutputProfile.rs:161;crates/jet-codegen/src/Codegen/Context.rs:2106;crates/jet-codegen/src/Codegen/TIR/lower/expressions.rs:3817;crates/jet-codegen/src/Codegen/TIR/lower/lambdas.rs:73;crates/jet-codegen/src/Codegen/TIR/lower/lambdas.rs:866;crates/jet-codegen/src/Codegen/TIR/mod.rs:262;crates/jet-codegen/src/Codegen/TIR/mod.rs:3926;crates/jet-codegen/src/Codegen/TIR/mod.rs:5677;crates/jet-codegen/src/Codegen/TIR/mod.rs:5704;crates/jet-codegen/src/Codegen/TIR/mod.rs:5821;crates/jet-codegen/src/Codegen/TIR/mod.rs:7678;crates/jet-codegen/src/Codegen/TIR/mod.rs:8421;crates/jet-codegen/src/Codegen/TIR/mod.rs:9114;crates/jet-codegen/src/Codegen/TIR/mod.rs:9393;crates/jet-codegen/src/Codegen/TIR/mod.rs:9958;crates/jet-codegen/src/Codegen/TIR/subset/types.rs:512;crates/jet-codegen/src/Prelude/Core.rs:2328					
sandbox	sandbox:sentry-fenced-scope	sandbox_fact	foreign and raw memory edges use shared sentry fences	found					authority:package-guarantees,authority:application-boundary	sandbox:sentry-fenced-scope	crates/jet-foundation/src/MemSentry.rs:267;crates/jet-foundation/src/MemSentry.rs:367;crates/jet-foundation/src/MemSentry.rs:388;crates/jet-foundation/src/MemSentry.rs:439;crates/jet-foundation/src/MemSentry.rs:539;crates/jet-foundation/src/MemSentry.rs:566;crates/jet-foundation/src/MemSentry.rs:571;crates/jet-foundation/src/MemSentry.rs:673	crates/jet-codegen/src/Prelude/Core.rs:825;crates/jet-codegen/src/Prelude/Core.rs:1113;crates/jet-codegen/src/Prelude/Core.rs:1116;crates/jet-codegen/src/Prelude/CoreLib/Top/CryptoEntropy.rs:506;crates/jet-codegen/src/Prelude/Diagnostics.jet:455;crates/jet-codegen/src/Prelude/Diagnostics.jet:471;crates/jet-codegen/src/Prelude/Diagnostics.jet:802;crates/jet-codegen/src/Prelude/Diagnostics.jet:936;crates/jet-codegen/src/Prelude/Mem.rs:38;crates/jet-codegen/src/Prelude/Mem.rs:55;crates/jet-codegen/src/Prelude/Mem.rs:56;crates/jet-codegen/src/Prelude/Mem.rs:59;crates/jet-codegen/src/Prelude/Mem.rs:60;crates/jet-codegen/src/Prelude/Mem.rs:332;crates/jet-codegen/src/Prelude/Mem.rs:830;crates/jet-codegen/src/Prelude/Scheduler.rs:109;crates/jet-codegen/src/Prelude/Scheduler.rs:296;crates/jet-codegen/src/Prelude/Scheduler.rs:359;crates/jet-codegen/src/Prelude/Scheduler.rs:4146;crates/jet-codegen/src/Prelude/Scheduler.rs:4167;crates/jet-codegen/src/Prelude/Scheduler.rs:4223;crates/jet-foundation/src/ArrowData.rs:22;crates/jet-foundation/src/AST.rs:108;crates/jet-foundation/src/AST/ffi.rs:131	examples/features/basics/build/callbacks.rs:2812;examples/features/basics/build/callbacks.rs:2932;examples/features/basics/build/callbacks.rs:2938;examples/features/basics/build/callbacks.rs:9509;examples/features/basics/build/callbacks.rs:9797;examples/features/basics/build/callbacks.rs:9800;examples/features/basics/build/callbacks.rs:19462;examples/features/basics/build/callbacks.rs:19562;examples/features/basics/build/callbacks.rs:19583;examples/features/basics/build/callbacks.rs:19634;examples/features/basics/build/callbacks.rs:19734;examples/features/basics/build/callbacks.rs:19761;examples/features/basics/build/callbacks.rs:19766;examples/features/basics/build/callbacks.rs:19868;examples/features/basics/build/callbacks.rs:19961;examples/features/basics/build/callbacks.rs:19978;examples/features/basics/build/callbacks.rs:19979;examples/features/basics/build/callbacks.rs:19982;examples/features/basics/build/callbacks.rs:19983;examples/features/basics/build/callbacks.rs:20255;examples/features/basics/build/callbacks.rs:20869;examples/features/basics/build/callbacks.rs:59458;examples/features/basics/build/callbacks.rs:65342;examples/features/basics/build/callbacks.rs:65529	crates/jet-codegen/src/Prelude/Core.rs:825;crates/jet-codegen/src/Prelude/Core.rs:1113;crates/jet-codegen/src/Prelude/Core.rs:1116;crates/jet-codegen/src/Prelude/CoreLib/Top/CryptoEntropy.rs:506;crates/jet-codegen/src/Prelude/Mem.rs:38;crates/jet-codegen/src/Prelude/Mem.rs:55;crates/jet-codegen/src/Prelude/Mem.rs:56;crates/jet-codegen/src/Prelude/Mem.rs:59;crates/jet-codegen/src/Prelude/Mem.rs:60;crates/jet-codegen/src/Prelude/Mem.rs:332;crates/jet-codegen/src/Prelude/Mem.rs:830;crates/jet-codegen/src/Prelude/Scheduler.rs:109;crates/jet-codegen/src/Prelude/Scheduler.rs:296;crates/jet-codegen/src/Prelude/Scheduler.rs:359;crates/jet-codegen/src/Prelude/Scheduler.rs:4146;crates/jet-codegen/src/Prelude/Scheduler.rs:4167;crates/jet-codegen/src/Prelude/Scheduler.rs:4223;crates/jet-foundation/src/ArrowData.rs:22;crates/jet-foundation/src/AST.rs:108;crates/jet-foundation/src/AST/ffi.rs:131;crates/jet-foundation/src/AST/ffi.rs:145;crates/jet-foundation/src/AST/ffi.rs:205;crates/jet-foundation/src/AST/ffi.rs:208;crates/jet-foundation/src/AST/ffi.rs:227					
sandbox	sandbox:substitute-or-refuse	sandbox_fact	substitute first, then refuse unsandboxed execution	found					authority:package-guarantees,authority:application-boundary	sandbox:substitute-or-refuse	crates/jetpack/src/RuntimePolicy.rs:5;crates/jetpack/src/RuntimePolicy.rs:510;crates/jetpack/src/RuntimePolicy.rs:513;crates/jetpack/src/RuntimePolicy.rs:530;crates/jetpack/src/RuntimePolicy.rs:539;crates/jetpack/src/RuntimePolicy.rs:553;crates/jetpack/src/RuntimePolicy.rs:556;crates/jetpack/src/RuntimePolicy.rs:563	crates/jet-codegen/src/Prelude/Diagnostics.jet:198;crates/jet-codegen/src/Prelude/Diagnostics.jet:762;crates/jet-comptime/src/Comptime/Build/execution_runtime.rs:386;crates/jet-pkg-model/src/FFI.rs:2414;crates/jet-pkg-model/src/FFI.rs:2509;crates/jetpack/src/CLI/cc.rs:1595;crates/jetpack/src/CLI/cc.rs:1620;crates/jetpack/src/CLI/realize.rs:1071;crates/jetpack/src/JetOS/store_realize.rs:123;crates/jetpack/src/NixBuilder.rs:36;crates/jetpack/src/NixBuilder.rs:771;crates/jetpack/src/Provider.rs:1250;crates/jetpack/src/Provider.rs:1279;crates/jetpack/src/Provider/adapter.rs:93;crates/jetpack/src/Recipe.rs:20;crates/jetpack/src/Recipe.rs:2673;crates/jetpack/src/Recipe.rs:3058;crates/jetpack/src/RuntimePolicy.rs:5;crates/jetpack/src/RuntimePolicy.rs:510;crates/jetpack/src/RuntimePolicy.rs:513;crates/jetpack/src/RuntimePolicy.rs:530;crates/jetpack/src/RuntimePolicy.rs:539;crates/jetpack/src/RuntimePolicy.rs:553;crates/jetpack/src/RuntimePolicy.rs:556	tests/build_sandbox.rs:358;tests/build_sandbox.rs:654;tests/build_sandbox.rs:813;tests/build_sandbox.rs:894;tests/build_sandbox.rs:1078;tests/build_sandbox.rs:1296;tests/diagnostics_coverage.rs:1376;tests/jetpack_no_daemon.rs:95;tests/jetpack_no_daemon.rs:111;tests/jetpack_no_daemon.rs:145	crates/jet-comptime/src/Comptime/Build/execution_runtime.rs:386;crates/jet-pkg-model/src/FFI.rs:2414;crates/jet-pkg-model/src/FFI.rs:2509;crates/jetpack/src/CLI/cc.rs:1595;crates/jetpack/src/CLI/cc.rs:1620;crates/jetpack/src/CLI/realize.rs:1071;crates/jetpack/src/JetOS/store_realize.rs:123;crates/jetpack/src/NixBuilder.rs:36;crates/jetpack/src/NixBuilder.rs:771;crates/jetpack/src/Provider.rs:1250;crates/jetpack/src/Provider.rs:1279;crates/jetpack/src/Provider/adapter.rs:93;crates/jetpack/src/Recipe.rs:20;crates/jetpack/src/Recipe.rs:2673;crates/jetpack/src/Recipe.rs:3058;crates/jetpack/src/RuntimePolicy.rs:5;crates/jetpack/src/RuntimePolicy.rs:510;crates/jetpack/src/RuntimePolicy.rs:513;crates/jetpack/src/RuntimePolicy.rs:530;crates/jetpack/src/RuntimePolicy.rs:539;crates/jetpack/src/RuntimePolicy.rs:553;crates/jetpack/src/RuntimePolicy.rs:556;crates/jetpack/src/RuntimePolicy.rs:563					
sandbox	sandbox:target-zero-host-authority	sandbox_fact	sandbox target has zero host authority	found					authority:package-guarantees,authority:application-boundary	sandbox:target-zero-host-authority	crates/jet-codegen/src/Codegen/Plugin.rs:2;crates/jet-codegen/src/Codegen/Plugin.rs:3;crates/jet-codegen/src/Codegen/Plugin.rs:21;crates/jet-codegen/src/Codegen/Plugin.rs:27;crates/jet-codegen/src/Codegen/Plugin.rs:30;crates/jet-codegen/src/Codegen/Plugin.rs:1155;crates/jet-codegen/src/Codegen/Plugin.rs:1180;crates/jet-codegen/src/Codegen/Plugin.rs:1403;crates/jet-codegen/src/Codegen/Plugin.rs:1585;crates/jet-codegen/src/Codegen/Plugin.rs:1586;crates/jet-codegen/src/Codegen/Plugin.rs:1588;crates/jet-codegen/src/Codegen/Plugin.rs:1592;crates/jet-codegen/src/Codegen/Plugin.rs:1598;crates/jet-codegen/src/Codegen/Plugin.rs:1600;crates/jet-codegen/src/Codegen/Plugin.rs:1601;crates/jet-codegen/src/Codegen/Plugin.rs:1605;crates/jet-driver/src/PluginExport.rs:55;crates/jet-driver/src/PluginExport.rs:57;crates/jet-driver/src/PluginExport.rs:59;crates/jet-driver/src/PluginExport.rs:67;crates/jet-driver/src/PluginExport.rs:68;crates/jet-driver/src/PluginExport.rs:72;crates/jet-driver/src/PluginExport.rs:80;crates/jet-driver/src/PluginExport.rs:85	crates/jet-codegen/src/Codegen/Context.rs:3622;crates/jet-codegen/src/Codegen/Context.rs:3623;crates/jet-codegen/src/Codegen/Context.rs:3626;crates/jet-codegen/src/Codegen/Plugin.rs:2;crates/jet-codegen/src/Codegen/Plugin.rs:3;crates/jet-codegen/src/Codegen/Plugin.rs:21;crates/jet-codegen/src/Codegen/Plugin.rs:27;crates/jet-codegen/src/Codegen/Plugin.rs:30;crates/jet-codegen/src/Codegen/Plugin.rs:1155;crates/jet-codegen/src/Codegen/Plugin.rs:1180;crates/jet-codegen/src/Codegen/Plugin.rs:1403;crates/jet-codegen/src/Codegen/Plugin.rs:1585;crates/jet-codegen/src/Codegen/Plugin.rs:1586;crates/jet-codegen/src/Codegen/Plugin.rs:1588;crates/jet-codegen/src/Codegen/Plugin.rs:1592;crates/jet-codegen/src/Codegen/Plugin.rs:1598;crates/jet-codegen/src/Codegen/Plugin.rs:1600;crates/jet-codegen/src/Codegen/Plugin.rs:1601;crates/jet-codegen/src/Codegen/Plugin.rs:1605;crates/jet-codegen/src/Codegen/TIR/artifact_plan.rs:1617;crates/jet-codegen/src/Codegen/TIR/lower/expressions.rs:5093;crates/jet-codegen/src/Codegen/TIR/lower/fields.rs:1086;crates/jet-codegen/src/Codegen/TIR/mir.rs:3658;crates/jet-codegen/src/Codegen/TIR/mod.rs:341	crates/jetpack-bin/tests/build_plugin_e2e.rs:41;crates/jetpack-bin/tests/build_plugin_e2e.rs:60;crates/jetpack-bin/tests/build_plugin_e2e.rs:78;crates/jetpack-bin/tests/build_plugin_e2e.rs:135;crates/jetpack-bin/tests/build_plugin_e2e.rs:143;crates/jetpack-bin/tests/build_plugin_e2e.rs:187;crates/jetpack-bin/tests/build_plugin_e2e.rs:195;crates/jetpack-bin/tests/compiler_extension_e2e.rs:1;crates/jetpack-bin/tests/compiler_extension_e2e.rs:7;crates/jetpack-bin/tests/compiler_extension_e2e.rs:9;crates/jetpack-bin/tests/compiler_extension_e2e.rs:10;crates/jetpack-bin/tests/compiler_extension_e2e.rs:11;crates/jetpack-bin/tests/compiler_extension_e2e.rs:70;crates/jetpack-bin/tests/compiler_extension_e2e.rs:71;crates/jetpack-bin/tests/compiler_extension_e2e.rs:87;crates/jetpack-bin/tests/compiler_extension_e2e.rs:100;crates/jetpack-bin/tests/compiler_extension_e2e.rs:137;crates/jetpack-bin/tests/compiler_extension_e2e.rs:158;crates/jetpack-bin/tests/compiler_extension_e2e.rs:166;crates/jetpack-bin/tests/compiler_extension_e2e.rs:168;crates/jetpack-bin/tests/compiler_extension_e2e.rs:188;crates/jetpack-bin/tests/compiler_extension_e2e.rs:193;crates/jetpack-bin/tests/compiler_extension_e2e.rs:204;crates/jetpack-bin/tests/compiler_extension_e2e.rs:205	crates/jet-codegen/src/Codegen/Context.rs:3622;crates/jet-codegen/src/Codegen/Context.rs:3623;crates/jet-codegen/src/Codegen/Context.rs:3626;crates/jet-codegen/src/Codegen/Plugin.rs:2;crates/jet-codegen/src/Codegen/Plugin.rs:3;crates/jet-codegen/src/Codegen/Plugin.rs:21;crates/jet-codegen/src/Codegen/Plugin.rs:27;crates/jet-codegen/src/Codegen/Plugin.rs:30;crates/jet-codegen/src/Codegen/Plugin.rs:1155;crates/jet-codegen/src/Codegen/Plugin.rs:1180;crates/jet-codegen/src/Codegen/Plugin.rs:1403;crates/jet-codegen/src/Codegen/Plugin.rs:1585;crates/jet-codegen/src/Codegen/Plugin.rs:1586;crates/jet-codegen/src/Codegen/Plugin.rs:1588;crates/jet-codegen/src/Codegen/Plugin.rs:1592;crates/jet-codegen/src/Codegen/Plugin.rs:1598;crates/jet-codegen/src/Codegen/Plugin.rs:1600;crates/jet-codegen/src/Codegen/Plugin.rs:1601;crates/jet-codegen/src/Codegen/Plugin.rs:1605;crates/jet-codegen/src/Codegen/TIR/artifact_plan.rs:1617;crates/jet-codegen/src/Codegen/TIR/lower/expressions.rs:5093;crates/jet-codegen/src/Codegen/TIR/lower/fields.rs:1086;crates/jet-codegen/src/Codegen/TIR/mir.rs:3658;crates/jet-codegen/src/Codegen/TIR/mod.rs:341					
sandbox	sandbox:wasm-component-toolchain	sandbox_fact	WASM plugin toolchain is sandboxed	found					authority:package-guarantees,authority:application-boundary	sandbox:wasm-component-toolchain	crates/jet-codegen/src/Codegen/Plugin.rs:1;crates/jet-codegen/src/Codegen/Plugin.rs:7;crates/jet-codegen/src/Codegen/Plugin.rs:19;crates/jet-codegen/src/Codegen/Plugin.rs:29;crates/jet-codegen/src/Codegen/Plugin.rs:49;crates/jet-codegen/src/Codegen/Plugin.rs:176;crates/jet-codegen/src/Codegen/Plugin.rs:178;crates/jet-codegen/src/Codegen/Plugin.rs:179;crates/jet-codegen/src/Codegen/Plugin.rs:180;crates/jet-codegen/src/Codegen/Plugin.rs:181;crates/jet-codegen/src/Codegen/Plugin.rs:184;crates/jet-codegen/src/Codegen/Plugin.rs:189;crates/jet-codegen/src/Codegen/Plugin.rs:197;crates/jet-codegen/src/Codegen/Plugin.rs:209;crates/jet-codegen/src/Codegen/Plugin.rs:211;crates/jet-codegen/src/Codegen/Plugin.rs:212;crates/jet-codegen/src/Codegen/Plugin.rs:213;crates/jet-codegen/src/Codegen/Plugin.rs:214;crates/jet-codegen/src/Codegen/Plugin.rs:219;crates/jet-codegen/src/Codegen/Plugin.rs:229;crates/jet-codegen/src/Codegen/Plugin.rs:242;crates/jet-codegen/src/Codegen/Plugin.rs:254;crates/jet-codegen/src/Codegen/Plugin.rs:255;crates/jet-codegen/src/Codegen/Plugin.rs:267	crates/jet-canvas/src/html.rs:134;crates/jet-canvas/src/html.rs:135;crates/jet-canvas/src/html.rs:136;crates/jet-canvas/src/html.rs:137;crates/jet-canvas/src/html.rs:138;crates/jet-canvas/src/html.rs:139;crates/jet-canvas/src/html.rs:140;crates/jet-canvas/src/html.rs:141;crates/jet-canvas/src/html.rs:142;crates/jet-canvas/src/html.rs:143;crates/jet-canvas/src/html.rs:626;crates/jet-canvas/src/html.rs:627;crates/jet-canvas/src/html.rs:628;crates/jet-canvas/src/html.rs:634;crates/jet-canvas/src/html.rs:641;crates/jet-canvas/src/html.rs:647;crates/jet-canvas/src/html.rs:649;crates/jet-canvas/src/html.rs:653;crates/jet-canvas/src/html.rs:655;crates/jet-cli/src/DynamicCompletions.rs:14;crates/jet-cli/src/DynamicCompletions.rs:26;crates/jet-cli/src/DynamicCompletions.rs:318;crates/jet-cli/src/DynamicCompletions.rs:677;crates/jet-cli/src/DynamicCompletions.rs:1198	crates/jetpack-bin/tests/build_plugin_e2e.rs:1;crates/jetpack-bin/tests/build_plugin_e2e.rs:5;crates/jetpack-bin/tests/build_plugin_e2e.rs:86;crates/jetpack-bin/tests/build_plugin_e2e.rs:90;crates/jetpack-bin/tests/build_plugin_e2e.rs:122;crates/jetpack-bin/tests/build_plugin_e2e.rs:123;crates/jetpack-bin/tests/build_plugin_e2e.rs:128;crates/jetpack-bin/tests/build_plugin_e2e.rs:135;crates/jetpack-bin/tests/build_plugin_e2e.rs:143;crates/jetpack-bin/tests/build_plugin_e2e.rs:144;crates/jetpack-bin/tests/build_plugin_e2e.rs:145;crates/jetpack-bin/tests/build_plugin_e2e.rs:147;crates/jetpack-bin/tests/build_plugin_e2e.rs:149;crates/jetpack-bin/tests/build_plugin_e2e.rs:154;crates/jetpack-bin/tests/build_plugin_e2e.rs:158;crates/jetpack-bin/tests/build_plugin_e2e.rs:169;crates/jetpack-bin/tests/build_plugin_e2e.rs:171;crates/jetpack-bin/tests/build_plugin_e2e.rs:182;crates/jetpack-bin/tests/build_plugin_e2e.rs:196;crates/jetpack-bin/tests/build_plugin_e2e.rs:197;crates/jetpack-bin/tests/build_plugin_e2e.rs:198;crates/jetpack-bin/tests/build_plugin_e2e.rs:199;crates/jetpack-bin/tests/build_plugin_e2e.rs:201;crates/jetpack-bin/tests/build_plugin_e2e.rs:215	crates/jet-canvas/src/html.rs:134;crates/jet-canvas/src/html.rs:135;crates/jet-canvas/src/html.rs:136;crates/jet-canvas/src/html.rs:137;crates/jet-canvas/src/html.rs:138;crates/jet-canvas/src/html.rs:139;crates/jet-canvas/src/html.rs:140;crates/jet-canvas/src/html.rs:141;crates/jet-canvas/src/html.rs:142;crates/jet-canvas/src/html.rs:143;crates/jet-canvas/src/html.rs:626;crates/jet-canvas/src/html.rs:627;crates/jet-canvas/src/html.rs:628;crates/jet-canvas/src/html.rs:634;crates/jet-canvas/src/html.rs:641;crates/jet-canvas/src/html.rs:647;crates/jet-canvas/src/html.rs:649;crates/jet-canvas/src/html.rs:653;crates/jet-canvas/src/html.rs:655;crates/jet-cli/src/DynamicCompletions.rs:14;crates/jet-cli/src/DynamicCompletions.rs:26;crates/jet-cli/src/DynamicCompletions.rs:318;crates/jet-cli/src/DynamicCompletions.rs:677;crates/jet-cli/src/DynamicCompletions.rs:1198					
sandbox	sandbox:workspace-default	sandbox_fact	workspace sandbox starts with narrow rights	found					authority:workspace-default	sandbox:workspace-default	crates/jet-codegen/src/Prelude/Core/Authority.rs:26;crates/jet-codegen/src/Prelude/Core/Authority.rs:29;crates/jet-codegen/src/Prelude/Core/Authority.rs:31;crates/jet-codegen/src/Prelude/Core/Authority.rs:115;crates/jet-codegen/src/Prelude/Core/Authority.rs:118;crates/jet-codegen/src/Prelude/Core/Authority.rs:120;crates/jet-codegen/src/Prelude/Core/Authority.rs:121;crates/jet-codegen/src/Prelude/Core/Authority.rs:141;crates/jet-codegen/src/Prelude/Core/Authority.rs:142;crates/jet-codegen/src/Prelude/Core/Authority.rs:161;crates/jet-codegen/src/Prelude/Core/Authority.rs:162;crates/jet-codegen/src/Prelude/Core/Authority.rs:167	crates/jet-cli/src/AdaptiveTable.rs:23;crates/jet-cli/src/AdaptiveTable.rs:25;crates/jet-cli/src/CLI.rs:358;crates/jet-cli/src/CLI.rs:727;crates/jet-cli/src/CLI.rs:1087;crates/jet-cli/src/CLI.rs:1129;crates/jet-cli/src/CLI.rs:1824;crates/jet-cli/src/CLI.rs:1830;crates/jet-cli/src/CLI.rs:1850;crates/jet-cli/src/CLI.rs:1851;crates/jet-cli/src/CLI.rs:1873;crates/jet-cli/src/CLI.rs:1917;crates/jet-cli/src/CLI.rs:2303;crates/jet-cli/src/CommandHarness.rs:88;crates/jet-cli/src/CommandHarness.rs:330;crates/jet-cli/src/DynamicCompletions.rs:65;crates/jet-cli/src/DynamicCompletions.rs:450;crates/jet-cli/src/DynamicCompletions.rs:458;crates/jet-cli/src/DynamicCompletions.rs:527;crates/jet-cli/src/Explain.rs:5;crates/jet-cli/src/Headless.rs:63;crates/jet-cli/src/Headless.rs:124;crates/jet-cli/src/Headless.rs:171;crates/jet-cli/src/Headless.rs:215	crates/jet-rt/tests/gc_collector.rs:55;crates/jet-sema/tests/generic_module_body.rs:511;crates/jetpack-bin/tests/compiler_extension_e2e.rs:136;crates/jetpack-bin/tests/compiler_extension_e2e.rs:166;crates/jetpack-bin/tests/environment_formatter.rs:185;crates/jetpack/src/CLI/usage_tests.rs:97;crates/jetpack/src/CLI/usage_tests.rs:101;crates/jetpack/src/CLI/usage_tests.rs:149;crates/jetpack/src/CLI/usage_tests.rs:156;crates/jetpack/src/CLI/usage_tests.rs:161;crates/jetpack/src/CLI/usage_tests.rs:170;crates/jetpack/src/CLI/usage_tests.rs:637;crates/jetpack/src/CLI/usage_tests.rs:660;crates/jetpack/src/CLI/usage_tests.rs:676;crates/jetpack/src/Store/Tests/tests/late.rs:697;crates/jetpack/src/Store/Tests/tests/late.rs:811;crates/jetpack/src/Store/Tests/tests/late.rs:967;crates/jetpack/src/Store/Tests/tests/late.rs:987;crates/jetpack/src/Store/Tests/tests/late.rs:1007;crates/jetpack/src/Store/Tests/tests/late.rs:1078;crates/jetpack/src/Store/Tests/tests/late.rs:1096;crates/jetpack/src/Store/Tests/tests/late.rs:1179;crates/jetpack/src/Store/Tests/tests/nix_projection.rs:26;crates/jetpack/src/Store/Tests/tests/nix_projection.rs:100	crates/jet-cli/src/AdaptiveTable.rs:23;crates/jet-cli/src/AdaptiveTable.rs:25;crates/jet-cli/src/CLI.rs:358;crates/jet-cli/src/CLI.rs:727;crates/jet-cli/src/CLI.rs:1087;crates/jet-cli/src/CLI.rs:1129;crates/jet-cli/src/CLI.rs:1824;crates/jet-cli/src/CLI.rs:1830;crates/jet-cli/src/CLI.rs:1850;crates/jet-cli/src/CLI.rs:1851;crates/jet-cli/src/CLI.rs:1873;crates/jet-cli/src/CLI.rs:1917;crates/jet-cli/src/CLI.rs:2303;crates/jet-cli/src/CommandHarness.rs:88;crates/jet-cli/src/CommandHarness.rs:330;crates/jet-cli/src/DynamicCompletions.rs:65;crates/jet-cli/src/DynamicCompletions.rs:450;crates/jet-cli/src/DynamicCompletions.rs:458;crates/jet-cli/src/DynamicCompletions.rs:527;crates/jet-cli/src/Explain.rs:5;crates/jet-cli/src/Headless.rs:63;crates/jet-cli/src/Headless.rs:124;crates/jet-cli/src/Headless.rs:171;crates/jet-cli/src/Headless.rs:215					
core_effect_leaf	core-call:core.db.migrate	plain	core.db.migrate	found					authority:application-boundary,authority:canonical-holds		crates/jet-foundation/src/Syntax/core_calls.rs:443;crates/jet-foundation/src/Syntax/core_calls.rs:444;crates/jet-foundation/src/Syntax/core_calls.rs:2120	crates/jet-cli/src/CLI.rs:665;crates/jet-cli/src/CLI.rs:666;crates/jet-cli/src/CLI.rs:1811;crates/jet-cli/src/CLI.rs:1846;crates/jet-cli/src/CLI.rs:1936;crates/jet-cli/src/CLI.rs:1937;crates/jet-cli/src/CLI.rs:1938;crates/jet-cli/src/CLI.rs:1939;crates/jet-cli/src/CLI.rs:1940;crates/jet-cli/src/CLI.rs:1941;crates/jet-codegen/src/Prelude/Core.jet:42;crates/jet-codegen/src/Prelude/Core.jet:750;crates/jet-codegen/src/Prelude/Core.jet:1363;crates/jet-codegen/src/Prelude/CoreLib/JetStd/DBPluginWire.rs:789;crates/jet-codegen/src/Prelude/CoreLib/JetStd/DBPluginWire.rs:885;crates/jet-codegen/src/Prelude/CoreLib/JetStd/DBPluginWire.rs:914;crates/jet-codegen/src/Prelude/CoreLib/JetStd/DBPluginWire.rs:1774;crates/jet-codegen/src/Prelude/Diagnostics.jet:792	crates/jetpack/src/CLI/usage_tests.rs:51;examples/features/basics/build/callbacks.rs:42645;examples/features/basics/build/callbacks.rs:42741;examples/features/basics/build/callbacks.rs:42770;examples/features/basics/build/compound.rs:42645;examples/features/basics/build/compound.rs:42741;examples/features/basics/build/compound.rs:42770;examples/features/basics/build/numbers.rs:42645;examples/features/basics/build/numbers.rs:42741;examples/features/basics/build/numbers.rs:42770;examples/features/io/db_checked_sql.jet:8;examples/features/io/db_checked_sql.jet:9;examples/features/io/db_policy.jet:9;examples/features/io/db_read_footprint.jet:27;examples/features/io/db.jet:12;examples/features/lowlevel/cbind/build/run.rs:42660;examples/features/lowlevel/cbind/build/run.rs:42756;examples/features/lowlevel/cbind/build/run.rs:42785	crates/jet-cli/src/CLI.rs:665;crates/jet-cli/src/CLI.rs:666;crates/jet-cli/src/CLI.rs:1811;crates/jet-cli/src/CLI.rs:1846;crates/jet-cli/src/CLI.rs:1936;crates/jet-cli/src/CLI.rs:1937;crates/jet-cli/src/CLI.rs:1938;crates/jet-cli/src/CLI.rs:1939;crates/jet-cli/src/CLI.rs:1940;crates/jet-cli/src/CLI.rs:1941;crates/jet-codegen/src/Prelude/CoreLib/JetStd/DBPluginWire.rs:789;crates/jet-codegen/src/Prelude/CoreLib/JetStd/DBPluginWire.rs:885;crates/jet-codegen/src/Prelude/CoreLib/JetStd/DBPluginWire.rs:914;crates/jet-codegen/src/Prelude/CoreLib/JetStd/DBPluginWire.rs:1774;crates/jet-comptime/src/Comptime/AmbientRuntime.rs:314;crates/jet-devserver/src/NativeSwap.rs:270;crates/jet-devserver/src/WatchService.rs:1967;crates/jet-devserver/src/WatchService.rs:1971					
core_effect_leaf	core-call:core.db.transaction	plain	core.db.transaction	found					authority:application-boundary,authority:canonical-holds		crates/jet-foundation/src/Syntax/core_calls.rs:443;crates/jet-foundation/src/Syntax/core_calls.rs:444;crates/jet-foundation/src/Syntax/core_calls.rs:2119	crates/jet-canvas/src/html.rs:18;crates/jet-codegen/src/Codegen/MIREval.rs:6744;crates/jet-codegen/src/Codegen/MIREval.rs:6752;crates/jet-codegen/src/Codegen/MIREval.rs:7509;crates/jet-codegen/src/Codegen/MIRWeb.rs:2042;crates/jet-codegen/src/Codegen/TIR/lower/env.rs:81;crates/jet-codegen/src/Codegen/TIR/lower/env.rs:84;crates/jet-codegen/src/Codegen/TIR/lower/env.rs:85;crates/jet-codegen/src/Codegen/TIR/lower/env.rs:425;crates/jet-codegen/src/Codegen/TIR/lower/expressions.rs:7695;crates/jet-codegen/src/Codegen/TIR/lower/lambdas.rs:264;crates/jet-codegen/src/Codegen/TIR/lower/lambdas.rs:265;crates/jet-codegen/src/Codegen/TIR/lower/lambdas.rs:406;crates/jet-codegen/src/Codegen/TIR/lower/lambdas.rs:407;crates/jet-codegen/src/Codegen/TIR/lower/method_calls.rs:3984;crates/jet-codegen/src/Codegen/TIR/lower/method_calls.rs:3991;crates/jet-codegen/src/Codegen/TIR/lower/method_calls.rs:4001;crates/jet-codegen/src/Codegen/TIR/lower/method_calls.rs:4017	crates/jetpack/src/Store/Tests/tests/late.rs:490;crates/jetpack/src/Store/Tests/tests/late.rs:505;crates/jetpack/src/Store/Tests/tests/late.rs:605;examples/features/basics/build/callbacks.rs:3052;examples/features/basics/build/callbacks.rs:14566;examples/features/basics/build/callbacks.rs:14653;examples/features/basics/build/callbacks.rs:14662;examples/features/basics/build/callbacks.rs:14683;examples/features/basics/build/callbacks.rs:14703;examples/features/basics/build/callbacks.rs:14742;examples/features/basics/build/callbacks.rs:15338;examples/features/basics/build/callbacks.rs:15339;examples/features/basics/build/callbacks.rs:15342;examples/features/basics/build/callbacks.rs:15346;examples/features/basics/build/callbacks.rs:15351;examples/features/basics/build/callbacks.rs:15360;examples/features/basics/build/callbacks.rs:15361;examples/features/basics/build/callbacks.rs:16553	crates/jet-canvas/src/html.rs:18;crates/jet-codegen/src/Codegen/MIREval.rs:6744;crates/jet-codegen/src/Codegen/MIREval.rs:6752;crates/jet-codegen/src/Codegen/MIREval.rs:7509;crates/jet-codegen/src/Codegen/MIRWeb.rs:2042;crates/jet-codegen/src/Codegen/TIR/lower/env.rs:81;crates/jet-codegen/src/Codegen/TIR/lower/env.rs:84;crates/jet-codegen/src/Codegen/TIR/lower/env.rs:85;crates/jet-codegen/src/Codegen/TIR/lower/env.rs:425;crates/jet-codegen/src/Codegen/TIR/lower/expressions.rs:7695;crates/jet-codegen/src/Codegen/TIR/lower/lambdas.rs:264;crates/jet-codegen/src/Codegen/TIR/lower/lambdas.rs:265;crates/jet-codegen/src/Codegen/TIR/lower/lambdas.rs:406;crates/jet-codegen/src/Codegen/TIR/lower/lambdas.rs:407;crates/jet-codegen/src/Codegen/TIR/lower/method_calls.rs:3984;crates/jet-codegen/src/Codegen/TIR/lower/method_calls.rs:3991;crates/jet-codegen/src/Codegen/TIR/lower/method_calls.rs:4001;crates/jet-codegen/src/Codegen/TIR/lower/method_calls.rs:4017					
core_effect_leaf	core-call:core.encoding.cbor.reader	plain	core.encoding.cbor.reader	missing					authority:application-boundary,authority:canonical-holds		crates/jet-foundation/src/Syntax/core_calls.rs:433;crates/jet-foundation/src/Syntax/core_calls.rs:441	crates/jet-cli/src/Help/Interactive.rs:759;crates/jet-cli/src/Help/Interactive.rs:764;crates/jet-codegen/src/Codegen/Context.rs:6429;crates/jet-codegen/src/Codegen/TIR/lower/fields.rs:622;crates/jet-codegen/src/Codegen/TIR/lower/method_calls.rs:8119;crates/jet-codegen/src/Codegen/TIR/lower/method_calls.rs:9021;crates/jet-codegen/src/Codegen/TIR/lower/method_calls.rs:9022;crates/jet-codegen/src/Codegen/TIR/lower/patterns.rs:89;crates/jet-codegen/src/Codegen/TIR/lower/statements.rs:3958;crates/jet-codegen/src/Codegen/TIR/mod.rs:4189;crates/jet-codegen/src/Codegen/TIR/mod.rs:4190;crates/jet-codegen/src/Codegen/TIR/mod.rs:4198;crates/jet-codegen/src/Codegen/TIR/mod.rs:4205;crates/jet-codegen/src/Codegen/TIR/mod.rs:4334;crates/jet-codegen/src/Codegen/TIR/mod.rs:10183;crates/jet-codegen/src/Codegen/TIR/mod.rs:10710;crates/jet-codegen/src/Codegen/TIR/mod.rs:10733;crates/jet-codegen/src/Codegen/TIR/mod.rs:10737	crates/jetpack/src/Store/Tests/tests/late.rs:843;crates/jetpack/src/Store/Tests/tests/late.rs:844;crates/jetpack/src/Store/Tests/tests/late.rs:850;crates/jetpack/src/Store/Tests/tests/late.rs:858;crates/jetpack/src/Store/Tests/tests/late.rs:863;examples/canon.jet:265;examples/features/basics/build/callbacks.rs:5800;examples/features/basics/build/callbacks.rs:15733;examples/features/basics/build/callbacks.rs:15754;examples/features/basics/build/callbacks.rs:15847;examples/features/basics/build/callbacks.rs:18310;examples/features/basics/build/callbacks.rs:18312;examples/features/basics/build/callbacks.rs:18768;examples/features/basics/build/callbacks.rs:18841;examples/features/basics/build/callbacks.rs:38621;examples/features/basics/build/callbacks.rs:39281;examples/features/basics/build/callbacks.rs:39285;examples/features/basics/build/callbacks.rs:52992	crates/jet-cli/src/Help/Interactive.rs:759;crates/jet-cli/src/Help/Interactive.rs:764;crates/jet-codegen/src/Codegen/Context.rs:6429;crates/jet-codegen/src/Codegen/TIR/lower/fields.rs:622;crates/jet-codegen/src/Codegen/TIR/lower/method_calls.rs:8119;crates/jet-codegen/src/Codegen/TIR/lower/method_calls.rs:9021;crates/jet-codegen/src/Codegen/TIR/lower/method_calls.rs:9022;crates/jet-codegen/src/Codegen/TIR/lower/patterns.rs:89;crates/jet-codegen/src/Codegen/TIR/lower/statements.rs:3958;crates/jet-codegen/src/Codegen/TIR/mod.rs:4189;crates/jet-codegen/src/Codegen/TIR/mod.rs:4190;crates/jet-codegen/src/Codegen/TIR/mod.rs:4198;crates/jet-codegen/src/Codegen/TIR/mod.rs:4205;crates/jet-codegen/src/Codegen/TIR/mod.rs:4334;crates/jet-codegen/src/Codegen/TIR/mod.rs:10183;crates/jet-codegen/src/Codegen/TIR/mod.rs:10710;crates/jet-codegen/src/Codegen/TIR/mod.rs:10733;crates/jet-codegen/src/Codegen/TIR/mod.rs:10737					
core_effect_leaf	core-call:core.encoding.cbor.writer	plain	core.encoding.cbor.writer	missing					authority:application-boundary,authority:canonical-holds		crates/jet-foundation/src/Syntax/core_calls.rs:433;crates/jet-foundation/src/Syntax/core_calls.rs:441	crates/jet-cli/src/Explain.rs:191;crates/jet-cli/src/Explain.rs:193;crates/jet-cli/src/Explain.rs:372;crates/jet-cli/src/Explain.rs:383;crates/jet-cli/src/Explain.rs:384;crates/jet-codegen/src/Codegen/mod.rs:358;crates/jet-codegen/src/Codegen/mod.rs:3318;crates/jet-codegen/src/Codegen/TIR/lower/fields.rs:622;crates/jet-codegen/src/Codegen/TIR/lower/method_calls.rs:5785;crates/jet-codegen/src/Codegen/TIR/lower/method_calls.rs:5801;crates/jet-codegen/src/Codegen/TIR/mod.rs:10183;crates/jet-codegen/src/Codegen/TIR/mod.rs:10446;crates/jet-codegen/src/Codegen/Web.rs:5;crates/jet-codegen/src/Prelude/Core.jet:47;crates/jet-codegen/src/Prelude/Core.jet:48;crates/jet-codegen/src/Prelude/Core.jet:50;crates/jet-codegen/src/Prelude/Core.jet:51;crates/jet-codegen/src/Prelude/Core.jet:53	crates/jetpack/src/Store/Tests/tests/late.rs:835;crates/jetpack/src/Store/Tests/tests/late.rs:862;examples/features/basics/build/callbacks.rs:14575;examples/features/basics/build/callbacks.rs:14610;examples/features/basics/build/callbacks.rs:14612;examples/features/basics/build/callbacks.rs:14617;examples/features/basics/build/callbacks.rs:14776;examples/features/basics/build/callbacks.rs:14804;examples/features/basics/build/callbacks.rs:14806;examples/features/basics/build/callbacks.rs:14811;examples/features/basics/build/callbacks.rs:16799;examples/features/basics/build/callbacks.rs:26493;examples/features/basics/build/callbacks.rs:26519;examples/features/basics/build/callbacks.rs:26700;examples/features/basics/build/callbacks.rs:26707;examples/features/basics/build/callbacks.rs:26710;examples/features/basics/build/callbacks.rs:27989;examples/features/basics/build/callbacks.rs:27992	crates/jet-cli/src/Explain.rs:191;crates/jet-cli/src/Explain.rs:193;crates/jet-cli/src/Explain.rs:372;crates/jet-cli/src/Explain.rs:383;crates/jet-cli/src/Explain.rs:384;crates/jet-codegen/src/Codegen/mod.rs:358;crates/jet-codegen/src/Codegen/mod.rs:3318;crates/jet-codegen/src/Codegen/TIR/lower/fields.rs:622;crates/jet-codegen/src/Codegen/TIR/lower/method_calls.rs:5785;crates/jet-codegen/src/Codegen/TIR/lower/method_calls.rs:5801;crates/jet-codegen/src/Codegen/TIR/mod.rs:10183;crates/jet-codegen/src/Codegen/TIR/mod.rs:10446;crates/jet-codegen/src/Codegen/Web.rs:5;crates/jet-codegen/src/Prelude/CoreLib/JetStd/MappedFile.rs:169;crates/jet-codegen/src/Prelude/CoreLib/JetStd/MappedFile.rs:355;crates/jet-codegen/src/Prelude/CoreLib/Top/EncodingHostileIo.rs:262;crates/jet-codegen/src/Prelude/CoreLib/Top/EncodingHostileIo.rs:269;crates/jet-codegen/src/Prelude/CoreLib/Top/EncodingHostileIo.rs:284					
core_effect_leaf	core-call:core.encoding.csv.query	plain	core.encoding.csv.query	found					authority:application-boundary,authority:canonical-holds		crates/jet-foundation/src/Syntax/core_calls.rs:433;crates/jet-foundation/src/Syntax/core_calls.rs:441;crates/jet-foundation/src/Syntax/core_calls.rs:1731	crates/jet-canvas/src/html.rs:18;crates/jet-canvas/src/js.rs:8;crates/jet-cli/src/CLI.rs:572;crates/jet-cli/src/CLI.rs:682;crates/jet-cli/src/CLI.rs:1051;crates/jet-cli/src/CLI.rs:1419;crates/jet-cli/src/CLI.rs:1428;crates/jet-cli/src/CLI.rs:1951;crates/jet-cli/src/DynamicCompletions.rs:1;crates/jet-cli/src/DynamicCompletions.rs:18;crates/jet-cli/src/DynamicCompletions.rs:22;crates/jet-cli/src/DynamicCompletions.rs:134;crates/jet-cli/src/DynamicCompletions.rs:212;crates/jet-cli/src/DynamicCompletions.rs:309;crates/jet-cli/src/DynamicCompletions.rs:562;crates/jet-cli/src/DynamicCompletions.rs:574;crates/jet-cli/src/DynamicCompletions.rs:603;crates/jet-cli/src/DynamicCompletions.rs:637	crates/jetpack/src/CLI/usage_tests.rs:86;examples/features/basics/build/callbacks.rs:34127;examples/features/basics/build/callbacks.rs:37188;examples/features/basics/build/callbacks.rs:37190;examples/features/basics/build/callbacks.rs:37226;examples/features/basics/build/callbacks.rs:37238;examples/features/basics/build/callbacks.rs:37261;examples/features/basics/build/callbacks.rs:37281;examples/features/basics/build/callbacks.rs:37300;examples/features/basics/build/callbacks.rs:37377;examples/features/basics/build/callbacks.rs:37378;examples/features/basics/build/callbacks.rs:37381;examples/features/basics/build/callbacks.rs:37421;examples/features/basics/build/callbacks.rs:37423;examples/features/basics/build/callbacks.rs:37462;examples/features/basics/build/callbacks.rs:37463;examples/features/basics/build/callbacks.rs:37468;examples/features/basics/build/callbacks.rs:37508	crates/jet-canvas/src/html.rs:18;crates/jet-canvas/src/js.rs:8;crates/jet-cli/src/CLI.rs:572;crates/jet-cli/src/CLI.rs:682;crates/jet-cli/src/CLI.rs:1051;crates/jet-cli/src/CLI.rs:1419;crates/jet-cli/src/CLI.rs:1428;crates/jet-cli/src/CLI.rs:1951;crates/jet-cli/src/DynamicCompletions.rs:1;crates/jet-cli/src/DynamicCompletions.rs:18;crates/jet-cli/src/DynamicCompletions.rs:22;crates/jet-cli/src/DynamicCompletions.rs:134;crates/jet-cli/src/DynamicCompletions.rs:212;crates/jet-cli/src/DynamicCompletions.rs:309;crates/jet-cli/src/DynamicCompletions.rs:562;crates/jet-cli/src/DynamicCompletions.rs:574;crates/jet-cli/src/DynamicCompletions.rs:603;crates/jet-cli/src/DynamicCompletions.rs:637					
core_effect_leaf	core-call:core.encoding.csv.reader	plain	core.encoding.csv.reader	missing					authority:application-boundary,authority:canonical-holds		crates/jet-foundation/src/Syntax/core_calls.rs:433;crates/jet-foundation/src/Syntax/core_calls.rs:441	crates/jet-cli/src/Help/Interactive.rs:759;crates/jet-cli/src/Help/Interactive.rs:764;crates/jet-codegen/src/Codegen/Context.rs:6429;crates/jet-codegen/src/Codegen/TIR/lower/fields.rs:622;crates/jet-codegen/src/Codegen/TIR/lower/method_calls.rs:8119;crates/jet-codegen/src/Codegen/TIR/lower/method_calls.rs:9021;crates/jet-codegen/src/Codegen/TIR/lower/method_calls.rs:9022;crates/jet-codegen/src/Codegen/TIR/lower/patterns.rs:89;crates/jet-codegen/src/Codegen/TIR/lower/statements.rs:3958;crates/jet-codegen/src/Codegen/TIR/mod.rs:4189;crates/jet-codegen/src/Codegen/TIR/mod.rs:4190;crates/jet-codegen/src/Codegen/TIR/mod.rs:4198;crates/jet-codegen/src/Codegen/TIR/mod.rs:4205;crates/jet-codegen/src/Codegen/TIR/mod.rs:4334;crates/jet-codegen/src/Codegen/TIR/mod.rs:10183;crates/jet-codegen/src/Codegen/TIR/mod.rs:10710;crates/jet-codegen/src/Codegen/TIR/mod.rs:10733;crates/jet-codegen/src/Codegen/TIR/mod.rs:10737	crates/jetpack/src/Store/Tests/tests/late.rs:843;crates/jetpack/src/Store/Tests/tests/late.rs:844;crates/jetpack/src/Store/Tests/tests/late.rs:850;crates/jetpack/src/Store/Tests/tests/late.rs:858;crates/jetpack/src/Store/Tests/tests/late.rs:863;examples/canon.jet:265;examples/features/basics/build/callbacks.rs:5800;examples/features/basics/build/callbacks.rs:15733;examples/features/basics/build/callbacks.rs:15754;examples/features/basics/build/callbacks.rs:15847;examples/features/basics/build/callbacks.rs:18310;examples/features/basics/build/callbacks.rs:18312;examples/features/basics/build/callbacks.rs:18768;examples/features/basics/build/callbacks.rs:18841;examples/features/basics/build/callbacks.rs:38621;examples/features/basics/build/callbacks.rs:39281;examples/features/basics/build/callbacks.rs:39285;examples/features/basics/build/callbacks.rs:52992	crates/jet-cli/src/Help/Interactive.rs:759;crates/jet-cli/src/Help/Interactive.rs:764;crates/jet-codegen/src/Codegen/Context.rs:6429;crates/jet-codegen/src/Codegen/TIR/lower/fields.rs:622;crates/jet-codegen/src/Codegen/TIR/lower/method_calls.rs:8119;crates/jet-codegen/src/Codegen/TIR/lower/method_calls.rs:9021;crates/jet-codegen/src/Codegen/TIR/lower/method_calls.rs:9022;crates/jet-codegen/src/Codegen/TIR/lower/patterns.rs:89;crates/jet-codegen/src/Codegen/TIR/lower/statements.rs:3958;crates/jet-codegen/src/Codegen/TIR/mod.rs:4189;crates/jet-codegen/src/Codegen/TIR/mod.rs:4190;crates/jet-codegen/src/Codegen/TIR/mod.rs:4198;crates/jet-codegen/src/Codegen/TIR/mod.rs:4205;crates/jet-codegen/src/Codegen/TIR/mod.rs:4334;crates/jet-codegen/src/Codegen/TIR/mod.rs:10183;crates/jet-codegen/src/Codegen/TIR/mod.rs:10710;crates/jet-codegen/src/Codegen/TIR/mod.rs:10733;crates/jet-codegen/src/Codegen/TIR/mod.rs:10737					
core_effect_leaf	core-call:core.encoding.csv.writer	plain	core.encoding.csv.writer	missing					authority:application-boundary,authority:canonical-holds		crates/jet-foundation/src/Syntax/core_calls.rs:433;crates/jet-foundation/src/Syntax/core_calls.rs:441	crates/jet-cli/src/Explain.rs:191;crates/jet-cli/src/Explain.rs:193;crates/jet-cli/src/Explain.rs:372;crates/jet-cli/src/Explain.rs:383;crates/jet-cli/src/Explain.rs:384;crates/jet-codegen/src/Codegen/mod.rs:358;crates/jet-codegen/src/Codegen/mod.rs:3318;crates/jet-codegen/src/Codegen/TIR/lower/fields.rs:622;crates/jet-codegen/src/Codegen/TIR/lower/method_calls.rs:5785;crates/jet-codegen/src/Codegen/TIR/lower/method_calls.rs:5801;crates/jet-codegen/src/Codegen/TIR/mod.rs:10183;crates/jet-codegen/src/Codegen/TIR/mod.rs:10446;crates/jet-codegen/src/Codegen/Web.rs:5;crates/jet-codegen/src/Prelude/Core.jet:47;crates/jet-codegen/src/Prelude/Core.jet:48;crates/jet-codegen/src/Prelude/Core.jet:50;crates/jet-codegen/src/Prelude/Core.jet:51;crates/jet-codegen/src/Prelude/Core.jet:53	crates/jetpack/src/Store/Tests/tests/late.rs:835;crates/jetpack/src/Store/Tests/tests/late.rs:862;examples/features/basics/build/callbacks.rs:14575;examples/features/basics/build/callbacks.rs:14610;examples/features/basics/build/callbacks.rs:14612;examples/features/basics/build/callbacks.rs:14617;examples/features/basics/build/callbacks.rs:14776;examples/features/basics/build/callbacks.rs:14804;examples/features/basics/build/callbacks.rs:14806;examples/features/basics/build/callbacks.rs:14811;examples/features/basics/build/callbacks.rs:16799;examples/features/basics/build/callbacks.rs:26493;examples/features/basics/build/callbacks.rs:26519;examples/features/basics/build/callbacks.rs:26700;examples/features/basics/build/callbacks.rs:26707;examples/features/basics/build/callbacks.rs:26710;examples/features/basics/build/callbacks.rs:27989;examples/features/basics/build/callbacks.rs:27992	crates/jet-cli/src/Explain.rs:191;crates/jet-cli/src/Explain.rs:193;crates/jet-cli/src/Explain.rs:372;crates/jet-cli/src/Explain.rs:383;crates/jet-cli/src/Explain.rs:384;crates/jet-codegen/src/Codegen/mod.rs:358;crates/jet-codegen/src/Codegen/mod.rs:3318;crates/jet-codegen/src/Codegen/TIR/lower/fields.rs:622;crates/jet-codegen/src/Codegen/TIR/lower/method_calls.rs:5785;crates/jet-codegen/src/Codegen/TIR/lower/method_calls.rs:5801;crates/jet-codegen/src/Codegen/TIR/mod.rs:10183;crates/jet-codegen/src/Codegen/TIR/mod.rs:10446;crates/jet-codegen/src/Codegen/Web.rs:5;crates/jet-codegen/src/Prelude/CoreLib/JetStd/MappedFile.rs:169;crates/jet-codegen/src/Prelude/CoreLib/JetStd/MappedFile.rs:355;crates/jet-codegen/src/Prelude/CoreLib/Top/EncodingHostileIo.rs:262;crates/jet-codegen/src/Prelude/CoreLib/Top/EncodingHostileIo.rs:269;crates/jet-codegen/src/Prelude/CoreLib/Top/EncodingHostileIo.rs:284					
core_effect_leaf	core-call:core.encoding.json.reader	plain	core.encoding.json.reader	missing					authority:application-boundary,authority:canonical-holds		crates/jet-foundation/src/Syntax/core_calls.rs:433;crates/jet-foundation/src/Syntax/core_calls.rs:441	crates/jet-cli/src/Help/Interactive.rs:759;crates/jet-cli/src/Help/Interactive.rs:764;crates/jet-codegen/src/Codegen/Context.rs:6429;crates/jet-codegen/src/Codegen/TIR/lower/fields.rs:622;crates/jet-codegen/src/Codegen/TIR/lower/method_calls.rs:8119;crates/jet-codegen/src/Codegen/TIR/lower/method_calls.rs:9021;crates/jet-codegen/src/Codegen/TIR/lower/method_calls.rs:9022;crates/jet-codegen/src/Codegen/TIR/lower/patterns.rs:89;crates/jet-codegen/src/Codegen/TIR/lower/statements.rs:3958;crates/jet-codegen/src/Codegen/TIR/mod.rs:4189;crates/jet-codegen/src/Codegen/TIR/mod.rs:4190;crates/jet-codegen/src/Codegen/TIR/mod.rs:4198;crates/jet-codegen/src/Codegen/TIR/mod.rs:4205;crates/jet-codegen/src/Codegen/TIR/mod.rs:4334;crates/jet-codegen/src/Codegen/TIR/mod.rs:10183;crates/jet-codegen/src/Codegen/TIR/mod.rs:10710;crates/jet-codegen/src/Codegen/TIR/mod.rs:10733;crates/jet-codegen/src/Codegen/TIR/mod.rs:10737	crates/jetpack/src/Store/Tests/tests/late.rs:843;crates/jetpack/src/Store/Tests/tests/late.rs:844;crates/jetpack/src/Store/Tests/tests/late.rs:850;crates/jetpack/src/Store/Tests/tests/late.rs:858;crates/jetpack/src/Store/Tests/tests/late.rs:863;examples/canon.jet:265;examples/features/basics/build/callbacks.rs:5800;examples/features/basics/build/callbacks.rs:15733;examples/features/basics/build/callbacks.rs:15754;examples/features/basics/build/callbacks.rs:15847;examples/features/basics/build/callbacks.rs:18310;examples/features/basics/build/callbacks.rs:18312;examples/features/basics/build/callbacks.rs:18768;examples/features/basics/build/callbacks.rs:18841;examples/features/basics/build/callbacks.rs:38621;examples/features/basics/build/callbacks.rs:39281;examples/features/basics/build/callbacks.rs:39285;examples/features/basics/build/callbacks.rs:52992	crates/jet-cli/src/Help/Interactive.rs:759;crates/jet-cli/src/Help/Interactive.rs:764;crates/jet-codegen/src/Codegen/Context.rs:6429;crates/jet-codegen/src/Codegen/TIR/lower/fields.rs:622;crates/jet-codegen/src/Codegen/TIR/lower/method_calls.rs:8119;crates/jet-codegen/src/Codegen/TIR/lower/method_calls.rs:9021;crates/jet-codegen/src/Codegen/TIR/lower/method_calls.rs:9022;crates/jet-codegen/src/Codegen/TIR/lower/patterns.rs:89;crates/jet-codegen/src/Codegen/TIR/lower/statements.rs:3958;crates/jet-codegen/src/Codegen/TIR/mod.rs:4189;crates/jet-codegen/src/Codegen/TIR/mod.rs:4190;crates/jet-codegen/src/Codegen/TIR/mod.rs:4198;crates/jet-codegen/src/Codegen/TIR/mod.rs:4205;crates/jet-codegen/src/Codegen/TIR/mod.rs:4334;crates/jet-codegen/src/Codegen/TIR/mod.rs:10183;crates/jet-codegen/src/Codegen/TIR/mod.rs:10710;crates/jet-codegen/src/Codegen/TIR/mod.rs:10733;crates/jet-codegen/src/Codegen/TIR/mod.rs:10737					
core_effect_leaf	core-call:core.encoding.json.writer	plain	core.encoding.json.writer	missing					authority:application-boundary,authority:canonical-holds		crates/jet-foundation/src/Syntax/core_calls.rs:433;crates/jet-foundation/src/Syntax/core_calls.rs:441	crates/jet-cli/src/Explain.rs:191;crates/jet-cli/src/Explain.rs:193;crates/jet-cli/src/Explain.rs:372;crates/jet-cli/src/Explain.rs:383;crates/jet-cli/src/Explain.rs:384;crates/jet-codegen/src/Codegen/mod.rs:358;crates/jet-codegen/src/Codegen/mod.rs:3318;crates/jet-codegen/src/Codegen/TIR/lower/fields.rs:622;crates/jet-codegen/src/Codegen/TIR/lower/method_calls.rs:5785;crates/jet-codegen/src/Codegen/TIR/lower/method_calls.rs:5801;crates/jet-codegen/src/Codegen/TIR/mod.rs:10183;crates/jet-codegen/src/Codegen/TIR/mod.rs:10446;crates/jet-codegen/src/Codegen/Web.rs:5;crates/jet-codegen/src/Prelude/Core.jet:47;crates/jet-codegen/src/Prelude/Core.jet:48;crates/jet-codegen/src/Prelude/Core.jet:50;crates/jet-codegen/src/Prelude/Core.jet:51;crates/jet-codegen/src/Prelude/Core.jet:53	crates/jetpack/src/Store/Tests/tests/late.rs:835;crates/jetpack/src/Store/Tests/tests/late.rs:862;examples/features/basics/build/callbacks.rs:14575;examples/features/basics/build/callbacks.rs:14610;examples/features/basics/build/callbacks.rs:14612;examples/features/basics/build/callbacks.rs:14617;examples/features/basics/build/callbacks.rs:14776;examples/features/basics/build/callbacks.rs:14804;examples/features/basics/build/callbacks.rs:14806;examples/features/basics/build/callbacks.rs:14811;examples/features/basics/build/callbacks.rs:16799;examples/features/basics/build/callbacks.rs:26493;examples/features/basics/build/callbacks.rs:26519;examples/features/basics/build/callbacks.rs:26700;examples/features/basics/build/callbacks.rs:26707;examples/features/basics/build/callbacks.rs:26710;examples/features/basics/build/callbacks.rs:27989;examples/features/basics/build/callbacks.rs:27992	crates/jet-cli/src/Explain.rs:191;crates/jet-cli/src/Explain.rs:193;crates/jet-cli/src/Explain.rs:372;crates/jet-cli/src/Explain.rs:383;crates/jet-cli/src/Explain.rs:384;crates/jet-codegen/src/Codegen/mod.rs:358;crates/jet-codegen/src/Codegen/mod.rs:3318;crates/jet-codegen/src/Codegen/TIR/lower/fields.rs:622;crates/jet-codegen/src/Codegen/TIR/lower/method_calls.rs:5785;crates/jet-codegen/src/Codegen/TIR/lower/method_calls.rs:5801;crates/jet-codegen/src/Codegen/TIR/mod.rs:10183;crates/jet-codegen/src/Codegen/TIR/mod.rs:10446;crates/jet-codegen/src/Codegen/Web.rs:5;crates/jet-codegen/src/Prelude/CoreLib/JetStd/MappedFile.rs:169;crates/jet-codegen/src/Prelude/CoreLib/JetStd/MappedFile.rs:355;crates/jet-codegen/src/Prelude/CoreLib/Top/EncodingHostileIo.rs:262;crates/jet-codegen/src/Prelude/CoreLib/Top/EncodingHostileIo.rs:269;crates/jet-codegen/src/Prelude/CoreLib/Top/EncodingHostileIo.rs:284					
core_effect_leaf	core-call:core.encoding.jsonl.reader	plain	core.encoding.jsonl.reader	missing					authority:application-boundary,authority:canonical-holds		crates/jet-foundation/src/Syntax/core_calls.rs:433;crates/jet-foundation/src/Syntax/core_calls.rs:441	crates/jet-cli/src/Help/Interactive.rs:759;crates/jet-cli/src/Help/Interactive.rs:764;crates/jet-codegen/src/Codegen/Context.rs:6429;crates/jet-codegen/src/Codegen/TIR/lower/fields.rs:622;crates/jet-codegen/src/Codegen/TIR/lower/method_calls.rs:8119;crates/jet-codegen/src/Codegen/TIR/lower/method_calls.rs:9021;crates/jet-codegen/src/Codegen/TIR/lower/method_calls.rs:9022;crates/jet-codegen/src/Codegen/TIR/lower/patterns.rs:89;crates/jet-codegen/src/Codegen/TIR/lower/statements.rs:3958;crates/jet-codegen/src/Codegen/TIR/mod.rs:4189;crates/jet-codegen/src/Codegen/TIR/mod.rs:4190;crates/jet-codegen/src/Codegen/TIR/mod.rs:4198;crates/jet-codegen/src/Codegen/TIR/mod.rs:4205;crates/jet-codegen/src/Codegen/TIR/mod.rs:4334;crates/jet-codegen/src/Codegen/TIR/mod.rs:10183;crates/jet-codegen/src/Codegen/TIR/mod.rs:10710;crates/jet-codegen/src/Codegen/TIR/mod.rs:10733;crates/jet-codegen/src/Codegen/TIR/mod.rs:10737	crates/jetpack/src/Store/Tests/tests/late.rs:843;crates/jetpack/src/Store/Tests/tests/late.rs:844;crates/jetpack/src/Store/Tests/tests/late.rs:850;crates/jetpack/src/Store/Tests/tests/late.rs:858;crates/jetpack/src/Store/Tests/tests/late.rs:863;examples/canon.jet:265;examples/features/basics/build/callbacks.rs:5800;examples/features/basics/build/callbacks.rs:15733;examples/features/basics/build/callbacks.rs:15754;examples/features/basics/build/callbacks.rs:15847;examples/features/basics/build/callbacks.rs:18310;examples/features/basics/build/callbacks.rs:18312;examples/features/basics/build/callbacks.rs:18768;examples/features/basics/build/callbacks.rs:18841;examples/features/basics/build/callbacks.rs:38621;examples/features/basics/build/callbacks.rs:39281;examples/features/basics/build/callbacks.rs:39285;examples/features/basics/build/callbacks.rs:52992	crates/jet-cli/src/Help/Interactive.rs:759;crates/jet-cli/src/Help/Interactive.rs:764;crates/jet-codegen/src/Codegen/Context.rs:6429;crates/jet-codegen/src/Codegen/TIR/lower/fields.rs:622;crates/jet-codegen/src/Codegen/TIR/lower/method_calls.rs:8119;crates/jet-codegen/src/Codegen/TIR/lower/method_calls.rs:9021;crates/jet-codegen/src/Codegen/TIR/lower/method_calls.rs:9022;crates/jet-codegen/src/Codegen/TIR/lower/patterns.rs:89;crates/jet-codegen/src/Codegen/TIR/lower/statements.rs:3958;crates/jet-codegen/src/Codegen/TIR/mod.rs:4189;crates/jet-codegen/src/Codegen/TIR/mod.rs:4190;crates/jet-codegen/src/Codegen/TIR/mod.rs:4198;crates/jet-codegen/src/Codegen/TIR/mod.rs:4205;crates/jet-codegen/src/Codegen/TIR/mod.rs:4334;crates/jet-codegen/src/Codegen/TIR/mod.rs:10183;crates/jet-codegen/src/Codegen/TIR/mod.rs:10710;crates/jet-codegen/src/Codegen/TIR/mod.rs:10733;crates/jet-codegen/src/Codegen/TIR/mod.rs:10737					
core_effect_leaf	core-call:core.encoding.jsonl.writer	plain	core.encoding.jsonl.writer	missing					authority:application-boundary,authority:canonical-holds		crates/jet-foundation/src/Syntax/core_calls.rs:433;crates/jet-foundation/src/Syntax/core_calls.rs:441	crates/jet-cli/src/Explain.rs:191;crates/jet-cli/src/Explain.rs:193;crates/jet-cli/src/Explain.rs:372;crates/jet-cli/src/Explain.rs:383;crates/jet-cli/src/Explain.rs:384;crates/jet-codegen/src/Codegen/mod.rs:358;crates/jet-codegen/src/Codegen/mod.rs:3318;crates/jet-codegen/src/Codegen/TIR/lower/fields.rs:622;crates/jet-codegen/src/Codegen/TIR/lower/method_calls.rs:5785;crates/jet-codegen/src/Codegen/TIR/lower/method_calls.rs:5801;crates/jet-codegen/src/Codegen/TIR/mod.rs:10183;crates/jet-codegen/src/Codegen/TIR/mod.rs:10446;crates/jet-codegen/src/Codegen/Web.rs:5;crates/jet-codegen/src/Prelude/Core.jet:47;crates/jet-codegen/src/Prelude/Core.jet:48;crates/jet-codegen/src/Prelude/Core.jet:50;crates/jet-codegen/src/Prelude/Core.jet:51;crates/jet-codegen/src/Prelude/Core.jet:53	crates/jetpack/src/Store/Tests/tests/late.rs:835;crates/jetpack/src/Store/Tests/tests/late.rs:862;examples/features/basics/build/callbacks.rs:14575;examples/features/basics/build/callbacks.rs:14610;examples/features/basics/build/callbacks.rs:14612;examples/features/basics/build/callbacks.rs:14617;examples/features/basics/build/callbacks.rs:14776;examples/features/basics/build/callbacks.rs:14804;examples/features/basics/build/callbacks.rs:14806;examples/features/basics/build/callbacks.rs:14811;examples/features/basics/build/callbacks.rs:16799;examples/features/basics/build/callbacks.rs:26493;examples/features/basics/build/callbacks.rs:26519;examples/features/basics/build/callbacks.rs:26700;examples/features/basics/build/callbacks.rs:26707;examples/features/basics/build/callbacks.rs:26710;examples/features/basics/build/callbacks.rs:27989;examples/features/basics/build/callbacks.rs:27992	crates/jet-cli/src/Explain.rs:191;crates/jet-cli/src/Explain.rs:193;crates/jet-cli/src/Explain.rs:372;crates/jet-cli/src/Explain.rs:383;crates/jet-cli/src/Explain.rs:384;crates/jet-codegen/src/Codegen/mod.rs:358;crates/jet-codegen/src/Codegen/mod.rs:3318;crates/jet-codegen/src/Codegen/TIR/lower/fields.rs:622;crates/jet-codegen/src/Codegen/TIR/lower/method_calls.rs:5785;crates/jet-codegen/src/Codegen/TIR/lower/method_calls.rs:5801;crates/jet-codegen/src/Codegen/TIR/mod.rs:10183;crates/jet-codegen/src/Codegen/TIR/mod.rs:10446;crates/jet-codegen/src/Codegen/Web.rs:5;crates/jet-codegen/src/Prelude/CoreLib/JetStd/MappedFile.rs:169;crates/jet-codegen/src/Prelude/CoreLib/JetStd/MappedFile.rs:355;crates/jet-codegen/src/Prelude/CoreLib/Top/EncodingHostileIo.rs:262;crates/jet-codegen/src/Prelude/CoreLib/Top/EncodingHostileIo.rs:269;crates/jet-codegen/src/Prelude/CoreLib/Top/EncodingHostileIo.rs:284					
core_effect_leaf	core-call:core.encoding.xml.reader	plain	core.encoding.xml.reader	missing					authority:application-boundary,authority:canonical-holds		crates/jet-foundation/src/Syntax/core_calls.rs:433;crates/jet-foundation/src/Syntax/core_calls.rs:441	crates/jet-cli/src/Help/Interactive.rs:759;crates/jet-cli/src/Help/Interactive.rs:764;crates/jet-codegen/src/Codegen/Context.rs:6429;crates/jet-codegen/src/Codegen/TIR/lower/fields.rs:622;crates/jet-codegen/src/Codegen/TIR/lower/method_calls.rs:8119;crates/jet-codegen/src/Codegen/TIR/lower/method_calls.rs:9021;crates/jet-codegen/src/Codegen/TIR/lower/method_calls.rs:9022;crates/jet-codegen/src/Codegen/TIR/lower/patterns.rs:89;crates/jet-codegen/src/Codegen/TIR/lower/statements.rs:3958;crates/jet-codegen/src/Codegen/TIR/mod.rs:4189;crates/jet-codegen/src/Codegen/TIR/mod.rs:4190;crates/jet-codegen/src/Codegen/TIR/mod.rs:4198;crates/jet-codegen/src/Codegen/TIR/mod.rs:4205;crates/jet-codegen/src/Codegen/TIR/mod.rs:4334;crates/jet-codegen/src/Codegen/TIR/mod.rs:10183;crates/jet-codegen/src/Codegen/TIR/mod.rs:10710;crates/jet-codegen/src/Codegen/TIR/mod.rs:10733;crates/jet-codegen/src/Codegen/TIR/mod.rs:10737	crates/jetpack/src/Store/Tests/tests/late.rs:843;crates/jetpack/src/Store/Tests/tests/late.rs:844;crates/jetpack/src/Store/Tests/tests/late.rs:850;crates/jetpack/src/Store/Tests/tests/late.rs:858;crates/jetpack/src/Store/Tests/tests/late.rs:863;examples/canon.jet:265;examples/features/basics/build/callbacks.rs:5800;examples/features/basics/build/callbacks.rs:15733;examples/features/basics/build/callbacks.rs:15754;examples/features/basics/build/callbacks.rs:15847;examples/features/basics/build/callbacks.rs:18310;examples/features/basics/build/callbacks.rs:18312;examples/features/basics/build/callbacks.rs:18768;examples/features/basics/build/callbacks.rs:18841;examples/features/basics/build/callbacks.rs:38621;examples/features/basics/build/callbacks.rs:39281;examples/features/basics/build/callbacks.rs:39285;examples/features/basics/build/callbacks.rs:52992	crates/jet-cli/src/Help/Interactive.rs:759;crates/jet-cli/src/Help/Interactive.rs:764;crates/jet-codegen/src/Codegen/Context.rs:6429;crates/jet-codegen/src/Codegen/TIR/lower/fields.rs:622;crates/jet-codegen/src/Codegen/TIR/lower/method_calls.rs:8119;crates/jet-codegen/src/Codegen/TIR/lower/method_calls.rs:9021;crates/jet-codegen/src/Codegen/TIR/lower/method_calls.rs:9022;crates/jet-codegen/src/Codegen/TIR/lower/patterns.rs:89;crates/jet-codegen/src/Codegen/TIR/lower/statements.rs:3958;crates/jet-codegen/src/Codegen/TIR/mod.rs:4189;crates/jet-codegen/src/Codegen/TIR/mod.rs:4190;crates/jet-codegen/src/Codegen/TIR/mod.rs:4198;crates/jet-codegen/src/Codegen/TIR/mod.rs:4205;crates/jet-codegen/src/Codegen/TIR/mod.rs:4334;crates/jet-codegen/src/Codegen/TIR/mod.rs:10183;crates/jet-codegen/src/Codegen/TIR/mod.rs:10710;crates/jet-codegen/src/Codegen/TIR/mod.rs:10733;crates/jet-codegen/src/Codegen/TIR/mod.rs:10737					
core_effect_leaf	core-call:core.encoding.xml.writer	plain	core.encoding.xml.writer	missing					authority:application-boundary,authority:canonical-holds		crates/jet-foundation/src/Syntax/core_calls.rs:433;crates/jet-foundation/src/Syntax/core_calls.rs:441	crates/jet-cli/src/Explain.rs:191;crates/jet-cli/src/Explain.rs:193;crates/jet-cli/src/Explain.rs:372;crates/jet-cli/src/Explain.rs:383;crates/jet-cli/src/Explain.rs:384;crates/jet-codegen/src/Codegen/mod.rs:358;crates/jet-codegen/src/Codegen/mod.rs:3318;crates/jet-codegen/src/Codegen/TIR/lower/fields.rs:622;crates/jet-codegen/src/Codegen/TIR/lower/method_calls.rs:5785;crates/jet-codegen/src/Codegen/TIR/lower/method_calls.rs:5801;crates/jet-codegen/src/Codegen/TIR/mod.rs:10183;crates/jet-codegen/src/Codegen/TIR/mod.rs:10446;crates/jet-codegen/src/Codegen/Web.rs:5;crates/jet-codegen/src/Prelude/Core.jet:47;crates/jet-codegen/src/Prelude/Core.jet:48;crates/jet-codegen/src/Prelude/Core.jet:50;crates/jet-codegen/src/Prelude/Core.jet:51;crates/jet-codegen/src/Prelude/Core.jet:53	crates/jetpack/src/Store/Tests/tests/late.rs:835;crates/jetpack/src/Store/Tests/tests/late.rs:862;examples/features/basics/build/callbacks.rs:14575;examples/features/basics/build/callbacks.rs:14610;examples/features/basics/build/callbacks.rs:14612;examples/features/basics/build/callbacks.rs:14617;examples/features/basics/build/callbacks.rs:14776;examples/features/basics/build/callbacks.rs:14804;examples/features/basics/build/callbacks.rs:14806;examples/features/basics/build/callbacks.rs:14811;examples/features/basics/build/callbacks.rs:16799;examples/features/basics/build/callbacks.rs:26493;examples/features/basics/build/callbacks.rs:26519;examples/features/basics/build/callbacks.rs:26700;examples/features/basics/build/callbacks.rs:26707;examples/features/basics/build/callbacks.rs:26710;examples/features/basics/build/callbacks.rs:27989;examples/features/basics/build/callbacks.rs:27992	crates/jet-cli/src/Explain.rs:191;crates/jet-cli/src/Explain.rs:193;crates/jet-cli/src/Explain.rs:372;crates/jet-cli/src/Explain.rs:383;crates/jet-cli/src/Explain.rs:384;crates/jet-codegen/src/Codegen/mod.rs:358;crates/jet-codegen/src/Codegen/mod.rs:3318;crates/jet-codegen/src/Codegen/TIR/lower/fields.rs:622;crates/jet-codegen/src/Codegen/TIR/lower/method_calls.rs:5785;crates/jet-codegen/src/Codegen/TIR/lower/method_calls.rs:5801;crates/jet-codegen/src/Codegen/TIR/mod.rs:10183;crates/jet-codegen/src/Codegen/TIR/mod.rs:10446;crates/jet-codegen/src/Codegen/Web.rs:5;crates/jet-codegen/src/Prelude/CoreLib/JetStd/MappedFile.rs:169;crates/jet-codegen/src/Prelude/CoreLib/JetStd/MappedFile.rs:355;crates/jet-codegen/src/Prelude/CoreLib/Top/EncodingHostileIo.rs:262;crates/jet-codegen/src/Prelude/CoreLib/Top/EncodingHostileIo.rs:269;crates/jet-codegen/src/Prelude/CoreLib/Top/EncodingHostileIo.rs:284					
core_effect_leaf	core-call:core.files.absolute	plain	core.files.absolute	found					authority:application-boundary,authority:canonical-holds		crates/jet-foundation/src/Syntax/core_calls.rs:335;crates/jet-foundation/src/Syntax/core_calls.rs:336;crates/jet-foundation/src/Syntax/core_calls.rs:1538	crates/jet-canvas/src/html.rs:60;crates/jet-canvas/src/html.rs:207;crates/jet-canvas/src/html.rs:210;crates/jet-canvas/src/html.rs:213;crates/jet-canvas/src/html.rs:223;crates/jet-canvas/src/html.rs:235;crates/jet-canvas/src/html.rs:237;crates/jet-canvas/src/html.rs:308;crates/jet-canvas/src/html.rs:313;crates/jet-canvas/src/html.rs:314;crates/jet-canvas/src/html.rs:422;crates/jet-canvas/src/html.rs:459;crates/jet-cli/src/DynamicCompletions.rs:457;crates/jet-cli/src/DynamicCompletions.rs:465;crates/jet-cli/src/DynamicCompletions.rs:525;crates/jet-cli/src/DynamicCompletions.rs:545;crates/jet-cli/src/DynamicCompletions.rs:1191;crates/jet-codegen/src/Codegen/TIR/mod.rs:10233	examples/features/basics/build/callbacks.rs:37917;examples/features/basics/build/callbacks.rs:37970;examples/features/basics/build/callbacks.rs:38293;examples/features/basics/build/callbacks.rs:38306;examples/features/basics/build/callbacks.rs:38313;examples/features/basics/build/callbacks.rs:53255;examples/features/basics/build/compound.rs:37917;examples/features/basics/build/compound.rs:37970;examples/features/basics/build/compound.rs:38293;examples/features/basics/build/compound.rs:38306;examples/features/basics/build/compound.rs:38313;examples/features/basics/build/compound.rs:53255;examples/features/basics/build/numbers.rs:37917;examples/features/basics/build/numbers.rs:37970;examples/features/basics/build/numbers.rs:38293;examples/features/basics/build/numbers.rs:38306;examples/features/basics/build/numbers.rs:38313;examples/features/basics/build/numbers.rs:53255	crates/jet-canvas/src/html.rs:60;crates/jet-canvas/src/html.rs:207;crates/jet-canvas/src/html.rs:210;crates/jet-canvas/src/html.rs:213;crates/jet-canvas/src/html.rs:223;crates/jet-canvas/src/html.rs:235;crates/jet-canvas/src/html.rs:237;crates/jet-canvas/src/html.rs:308;crates/jet-canvas/src/html.rs:313;crates/jet-canvas/src/html.rs:314;crates/jet-canvas/src/html.rs:422;crates/jet-canvas/src/html.rs:459;crates/jet-cli/src/DynamicCompletions.rs:457;crates/jet-cli/src/DynamicCompletions.rs:465;crates/jet-cli/src/DynamicCompletions.rs:525;crates/jet-cli/src/DynamicCompletions.rs:545;crates/jet-cli/src/DynamicCompletions.rs:1191;crates/jet-codegen/src/Codegen/TIR/mod.rs:10233					
core_effect_leaf	core-call:core.files.append	plain	core.files.append	found					authority:application-boundary,authority:canonical-holds		crates/jet-foundation/src/Syntax/core_calls.rs:335;crates/jet-foundation/src/Syntax/core_calls.rs:336;crates/jet-foundation/src/Syntax/core_calls.rs:1896	crates/jet-codegen/src/Codegen/Context.rs:4435;crates/jet-codegen/src/Codegen/TIR/lower/expressions.rs:1147;crates/jet-codegen/src/Codegen/TIR/lower/method_calls.rs:3382;crates/jet-codegen/src/Codegen/TIR/lower/method_calls.rs:6293;crates/jet-codegen/src/Codegen/TIR/routes.rs:2560;crates/jet-codegen/src/Codegen/TIR/subset/builtin_methods.rs:447;crates/jet-codegen/src/Prelude/BrowserTest.rs:1128;crates/jet-codegen/src/Prelude/BrowserTest.rs:1129;crates/jet-codegen/src/Prelude/Core.jet:56;crates/jet-codegen/src/Prelude/Core.jet:526;crates/jet-codegen/src/Prelude/Core.jet:1466;crates/jet-codegen/src/Prelude/Core/DevtoolsTelemetryPanel.rs:1227;crates/jet-codegen/src/Prelude/Core/DevtoolsTelemetryPanel.rs:1590;crates/jet-codegen/src/Prelude/Core/DevtoolsTelemetryPanel.rs:1829;crates/jet-codegen/src/Prelude/Core/DevtoolsTelemetryPanel.rs:1836;crates/jet-codegen/src/Prelude/Core/DevtoolsTelemetryPanel.rs:2106;crates/jet-codegen/src/Prelude/Core/DevtoolsTelemetryPanel.rs:2117;crates/jet-codegen/src/Prelude/Core/GameFrameProfiler.rs:817	crates/jetpack/src/Store/Tests/tests/late.rs:504;examples/features/basics/build/callbacks.rs:9900;examples/features/basics/build/callbacks.rs:19346;examples/features/basics/build/callbacks.rs:19357;examples/features/basics/build/callbacks.rs:29629;examples/features/basics/build/callbacks.rs:29673;examples/features/basics/build/callbacks.rs:33031;examples/features/basics/build/callbacks.rs:43412;examples/features/basics/build/callbacks.rs:43574;examples/features/basics/build/callbacks.rs:51605;examples/features/basics/build/callbacks.rs:52392;examples/features/basics/build/callbacks.rs:52412;examples/features/basics/build/callbacks.rs:53705;examples/features/basics/build/callbacks.rs:53707;examples/features/basics/build/callbacks.rs:53724;examples/features/basics/build/callbacks.rs:58556;examples/features/basics/build/callbacks.rs:58758;examples/features/basics/build/compound.rs:9900	crates/jet-codegen/src/Codegen/Context.rs:4435;crates/jet-codegen/src/Codegen/TIR/lower/expressions.rs:1147;crates/jet-codegen/src/Codegen/TIR/lower/method_calls.rs:3382;crates/jet-codegen/src/Codegen/TIR/lower/method_calls.rs:6293;crates/jet-codegen/src/Codegen/TIR/routes.rs:2560;crates/jet-codegen/src/Codegen/TIR/subset/builtin_methods.rs:447;crates/jet-codegen/src/Prelude/BrowserTest.rs:1128;crates/jet-codegen/src/Prelude/BrowserTest.rs:1129;crates/jet-codegen/src/Prelude/Core/DevtoolsTelemetryPanel.rs:1227;crates/jet-codegen/src/Prelude/Core/DevtoolsTelemetryPanel.rs:1590;crates/jet-codegen/src/Prelude/Core/DevtoolsTelemetryPanel.rs:1829;crates/jet-codegen/src/Prelude/Core/DevtoolsTelemetryPanel.rs:1836;crates/jet-codegen/src/Prelude/Core/DevtoolsTelemetryPanel.rs:2106;crates/jet-codegen/src/Prelude/Core/DevtoolsTelemetryPanel.rs:2117;crates/jet-codegen/src/Prelude/Core/GameFrameProfiler.rs:817;crates/jet-codegen/src/Prelude/Core/GameFrameProfiler.rs:1515;crates/jet-codegen/src/Prelude/Core/GameFrameProfiler.rs:2250;crates/jet-codegen/src/Prelude/Core/GameFrameProfiler.rs:2263					
core_effect_leaf	core-call:core.files.append_all	plain	core.files.append_all	found					authority:application-boundary,authority:canonical-holds		crates/jet-foundation/src/Syntax/core_calls.rs:335;crates/jet-foundation/src/Syntax/core_calls.rs:336;crates/jet-foundation/src/Syntax/core_calls.rs:1520	crates/jet-codegen/src/Prelude/Core.jet:56;crates/jet-codegen/src/Prelude/Core.jet:150;crates/jet-comptime/src/Comptime/Methods/core_calls/impure.rs:135;crates/jet-comptime/src/Comptime/Methods/core_calls/impure.rs:160;crates/jet-comptime/src/Comptime/Methods/core_calls/impure.rs:163;crates/jet-comptime/src/Comptime/Methods/repl_process.rs:50;crates/jet-comptime/src/Comptime/Methods/repl_process.rs:89;crates/jet-comptime/src/Comptime/Methods/repl_process.rs:105;crates/jet-comptime/src/Comptime/Methods/repl_process.rs:108;crates/jet-foundation/src/CoreModuleExports.rs:316;crates/jet-foundation/src/Syntax/core_calls.rs:1060;crates/jet-foundation/src/Syntax/core_calls.rs:1520;crates/jet-sema/src/Sema/CheckerCoreLib/fixed_sigs.rs:1227;crates/jet-sema/src/Sema/CheckerCoreLib/fixed_sigs.rs:1229;crates/jet-sema/src/Sema/CheckerCoreLib/fixed_sigs.rs:1232;crates/jet-sema/src/Sema/CheckerCoreLib/module_items.rs:718;crates/jet-sema/src/Sema/CheckerCoreLib/module_items.rs:726;crates/jetpack/batteries/cli/cli.jet:30	examples/features/foundations/storage/log.jet:13;examples/features/foundations/storage/run.jet:17;tests/conformance/corpus/core/files/append_all.jet:1;tests/conformance/corpus/core/files/append_all.jet:9	crates/jet-comptime/src/Comptime/Methods/core_calls/impure.rs:135;crates/jet-comptime/src/Comptime/Methods/core_calls/impure.rs:160;crates/jet-comptime/src/Comptime/Methods/core_calls/impure.rs:163;crates/jet-comptime/src/Comptime/Methods/repl_process.rs:50;crates/jet-comptime/src/Comptime/Methods/repl_process.rs:89;crates/jet-comptime/src/Comptime/Methods/repl_process.rs:105;crates/jet-comptime/src/Comptime/Methods/repl_process.rs:108;crates/jet-foundation/src/CoreModuleExports.rs:316;crates/jet-foundation/src/Syntax/core_calls.rs:1060;crates/jet-foundation/src/Syntax/core_calls.rs:1520;crates/jet-sema/src/Sema/CheckerCoreLib/fixed_sigs.rs:1227;crates/jet-sema/src/Sema/CheckerCoreLib/fixed_sigs.rs:1229;crates/jet-sema/src/Sema/CheckerCoreLib/fixed_sigs.rs:1232;crates/jet-sema/src/Sema/CheckerCoreLib/module_items.rs:718;crates/jet-sema/src/Sema/CheckerCoreLib/module_items.rs:726					
core_effect_leaf	core-call:core.files.canonicalize	plain	core.files.canonicalize	found					authority:application-boundary,authority:canonical-holds		crates/jet-foundation/src/Syntax/core_calls.rs:335;crates/jet-foundation/src/Syntax/core_calls.rs:336;crates/jet-foundation/src/Syntax/core_calls.rs:1537	crates/jet-codegen/src/Codegen/TIR/mir.rs:2246;crates/jet-codegen/src/Prelude/Core.jet:56;crates/jet-codegen/src/Prelude/Core.jet:167;crates/jet-codegen/src/Prelude/Core.jet:1460;crates/jet-codegen/src/Prelude/Core/FSOps.rs:19;crates/jet-codegen/src/Prelude/Core/Path.rs:167;crates/jet-codegen/src/Prelude/Core/TestEvidence.rs:276;crates/jet-codegen/src/Prelude/CoreLib/JetStd/MappedFile.rs:18;crates/jet-codegen/src/Prelude/CoreLib/Top/HTTPServer.rs:5488;crates/jet-codegen/src/Prelude/CoreLib/Top/HTTPServer.rs:5506;crates/jet-codegen/src/Prelude/CoreLib/Top/HTTPServer.rs:5638;crates/jet-codegen/src/Prelude/CoreLib/Top/HTTPServer.rs:5651;crates/jet-codegen/src/Prelude/CoreLib/Top/HTTPServer.rs:5655;crates/jet-codegen/src/Prelude/CoreLib/Top/HTTPServer.rs:5704;crates/jet-codegen/src/Prelude/CoreLib/Top/Mod.rs:871;crates/jet-codegen/src/Prelude/CoreLib/Top/Mod.rs:874;crates/jet-codegen/src/Prelude/CoreLib/Top/ProcessPolicy.rs:453;crates/jet-codegen/src/Prelude/CoreLib/Top/ProcessPolicy.rs:473	crates/jetpack/src/Store/Tests/tests/nix_projection.rs:230;examples/features/basics/build/callbacks.rs:50698;examples/features/basics/build/compound.rs:50698;examples/features/basics/build/numbers.rs:50698;examples/features/io/files_depth.jet:44;examples/features/io/path.jet:24;examples/features/lowlevel/cbind/build/run.rs:50745;examples/features/memory/program_allocator/build/main.rs:41306;examples/features/memory/program_allocator/build/run.rs:51485;examples/features/memory/unsafe_sentries_package_off/build/run.rs:37905;examples/performance/receipts/http_ready/build/run.rs:40201;examples/performance/receipts/http_ready/build/run.rs:55517;tests/agent_executor_closeout.rs:21;tests/allocator_families.rs:900;tests/authority.rs:58;tests/authority.rs:142;tests/browser_lock.rs:106;tests/build_graph.rs:369	crates/jet-codegen/src/Codegen/TIR/mir.rs:2246;crates/jet-codegen/src/Prelude/Core/FSOps.rs:19;crates/jet-codegen/src/Prelude/Core/Path.rs:167;crates/jet-codegen/src/Prelude/Core/TestEvidence.rs:276;crates/jet-codegen/src/Prelude/CoreLib/JetStd/MappedFile.rs:18;crates/jet-codegen/src/Prelude/CoreLib/Top/HTTPServer.rs:5488;crates/jet-codegen/src/Prelude/CoreLib/Top/HTTPServer.rs:5506;crates/jet-codegen/src/Prelude/CoreLib/Top/HTTPServer.rs:5638;crates/jet-codegen/src/Prelude/CoreLib/Top/HTTPServer.rs:5651;crates/jet-codegen/src/Prelude/CoreLib/Top/HTTPServer.rs:5655;crates/jet-codegen/src/Prelude/CoreLib/Top/HTTPServer.rs:5704;crates/jet-codegen/src/Prelude/CoreLib/Top/Mod.rs:871;crates/jet-codegen/src/Prelude/CoreLib/Top/Mod.rs:874;crates/jet-codegen/src/Prelude/CoreLib/Top/ProcessPolicy.rs:453;crates/jet-codegen/src/Prelude/CoreLib/Top/ProcessPolicy.rs:473;crates/jet-codegen/src/Prelude/CoreLib/Top/ProcessSandbox.rs:296;crates/jet-codegen/src/Prelude/CoreLib/Top/ProcessSandbox.rs:648;crates/jet-codegen/src/Prelude/CoreLib/Top/ProcessSandbox.rs:720					
core_effect_leaf	core-call:core.files.copy	plain	core.files.copy	found					authority:application-boundary,authority:canonical-holds		crates/jet-foundation/src/Syntax/core_calls.rs:335;crates/jet-foundation/src/Syntax/core_calls.rs:336;crates/jet-foundation/src/Syntax/core_calls.rs:1529	crates/jet-canvas/src/html.rs:103;crates/jet-canvas/src/html.rs:105;crates/jet-canvas/src/html.rs:106;crates/jet-canvas/src/html.rs:622;crates/jet-canvas/src/html.rs:721;crates/jet-cli/src/CLI.rs:107;crates/jet-cli/src/CLI.rs:701;crates/jet-cli/src/CLI.rs:1868;crates/jet-cli/src/CLI.rs:2020;crates/jet-cli/src/CommandHarness.rs:154;crates/jet-cli/src/Explain.rs:267;crates/jet-cli/src/Explain.rs:281;crates/jet-cli/src/Explain.rs:287;crates/jet-cli/src/Explain.rs:484;crates/jet-cli/src/Help/mod.rs:465;crates/jet-cli/src/Help/mod.rs:472;crates/jet-cli/src/Help/mod.rs:473;crates/jet-codegen/src/Codegen/Context.rs:451	crates/jetpack/src/CLI/usage_tests.rs:43;crates/jetpack/src/CLI/usage_tests.rs:65;crates/jetpack/src/CLI/usage_tests.rs:123;crates/jetpack/src/CLI/usage_tests.rs:166;examples/embedded/battery/run.jet:2;examples/features/basics/build/callbacks.rs:10240;examples/features/basics/build/callbacks.rs:10473;examples/features/basics/build/callbacks.rs:10577;examples/features/basics/build/callbacks.rs:11064;examples/features/basics/build/callbacks.rs:12177;examples/features/basics/build/callbacks.rs:18248;examples/features/basics/build/callbacks.rs:39306;examples/features/basics/build/callbacks.rs:39311;examples/features/basics/build/callbacks.rs:39560;examples/features/basics/build/callbacks.rs:39565;examples/features/basics/build/callbacks.rs:40814;examples/features/basics/build/callbacks.rs:45284;examples/features/basics/build/callbacks.rs:45785	crates/jet-canvas/src/html.rs:103;crates/jet-canvas/src/html.rs:105;crates/jet-canvas/src/html.rs:106;crates/jet-canvas/src/html.rs:622;crates/jet-canvas/src/html.rs:721;crates/jet-cli/src/CLI.rs:107;crates/jet-cli/src/CLI.rs:701;crates/jet-cli/src/CLI.rs:1868;crates/jet-cli/src/CLI.rs:2020;crates/jet-cli/src/CommandHarness.rs:154;crates/jet-cli/src/Explain.rs:267;crates/jet-cli/src/Explain.rs:281;crates/jet-cli/src/Explain.rs:287;crates/jet-cli/src/Explain.rs:484;crates/jet-cli/src/Help/mod.rs:465;crates/jet-cli/src/Help/mod.rs:472;crates/jet-cli/src/Help/mod.rs:473;crates/jet-codegen/src/Codegen/Context.rs:451					
core_effect_leaf	core-call:core.files.copy_dir	plain	core.files.copy_dir	found					authority:application-boundary,authority:canonical-holds		crates/jet-foundation/src/Syntax/core_calls.rs:335;crates/jet-foundation/src/Syntax/core_calls.rs:336;crates/jet-foundation/src/Syntax/core_calls.rs:1530	crates/jet-codegen/src/Prelude/Core.jet:56;crates/jet-codegen/src/Prelude/Core.jet:160;crates/jet-comptime/src/Comptime/Methods/core_calls/impure.rs:137;crates/jet-comptime/src/Comptime/Methods/core_calls/impure.rs:173;crates/jet-devserver/src/WatchService.rs:845;crates/jet-devserver/src/WatchService.rs:1869;crates/jet-foundation/src/CoreModuleExports.rs:316;crates/jet-foundation/src/Syntax/core_calls.rs:1061;crates/jet-foundation/src/Syntax/core_calls.rs:1530;crates/jet-jit/src/CoreHost.rs:1862;crates/jet-pkg-model/src/CobolBind.rs:129;crates/jet-pkg-model/src/CobolBind.rs:133;crates/jet-sema/src/Sema/CheckerCoreLib/fixed_sigs.rs:1270;crates/jet-sema/src/Sema/CheckerCoreLib/module_items.rs:736;crates/jetpack/src/CLI/package_hangar_vendor.rs:1705;crates/jetpack/src/CLI/package_hangar_vendor.rs:1861;crates/jetpack/src/CLI/package_hangar_vendor.rs:1868	examples/features/io/files_depth.jet:50;tests/agent_workloads/adapters/build_test_recovery.jet:16;tests/agent_workloads/adapters/repository_semantic_edit.jet:16;tests/agent_workloads/adapters/service_lifecycle.jet:29;tests/conformance/corpus/core/files/copy_dir.jet:1;tests/conformance/corpus/core/files/copy_dir.jet:13;tests/jetpack_discovery.rs:27;tests/jetpack_discovery.rs:30;tests/jetpack_discovery.rs:37	crates/jet-comptime/src/Comptime/Methods/core_calls/impure.rs:137;crates/jet-comptime/src/Comptime/Methods/core_calls/impure.rs:173;crates/jet-devserver/src/WatchService.rs:845;crates/jet-devserver/src/WatchService.rs:1869;crates/jet-foundation/src/CoreModuleExports.rs:316;crates/jet-foundation/src/Syntax/core_calls.rs:1061;crates/jet-foundation/src/Syntax/core_calls.rs:1530;crates/jet-jit/src/CoreHost.rs:1862;crates/jet-pkg-model/src/CobolBind.rs:129;crates/jet-pkg-model/src/CobolBind.rs:133;crates/jet-sema/src/Sema/CheckerCoreLib/fixed_sigs.rs:1270;crates/jet-sema/src/Sema/CheckerCoreLib/module_items.rs:736;crates/jetpack/src/CLI/package_hangar_vendor.rs:1705;crates/jetpack/src/CLI/package_hangar_vendor.rs:1861;crates/jetpack/src/CLI/package_hangar_vendor.rs:1868					
core_effect_leaf	core-call:core.files.create	plain	core.files.create	found					authority:application-boundary,authority:canonical-holds		crates/jet-foundation/src/Syntax/core_calls.rs:335;crates/jet-foundation/src/Syntax/core_calls.rs:336;crates/jet-foundation/src/Syntax/core_calls.rs:1895	crates/jet-cli/src/CLI.rs:667;crates/jet-cli/src/Headless.rs:115;crates/jet-codegen/src/Codegen/Context.rs:6482;crates/jet-codegen/src/Codegen/mod.rs:998;crates/jet-codegen/src/Codegen/mod.rs:2968;crates/jet-codegen/src/Codegen/mod.rs:3320;crates/jet-codegen/src/Codegen/TIR/mod.rs:4753;crates/jet-codegen/src/Codegen/TIR/mod.rs:8213;crates/jet-codegen/src/Codegen/Web.rs:94;crates/jet-codegen/src/Prelude/Core.jet:56;crates/jet-codegen/src/Prelude/Core.jet:525;crates/jet-codegen/src/Prelude/Core.jet:1465;crates/jet-codegen/src/Prelude/Core/Atomic.rs:133;crates/jet-codegen/src/Prelude/Core/GameAssetPipeline.rs:859;crates/jet-codegen/src/Prelude/Core/GameAssetPipeline.rs:861;crates/jet-codegen/src/Prelude/Core/LazyTablePlan.rs:7;crates/jet-codegen/src/Prelude/Core/LazyTablePlan.rs:1313;crates/jet-codegen/src/Prelude/Core/Stream.rs:4	crates/jetpack/src/CLI/usage_tests.rs:482;crates/jetpack/src/Store/Tests/tests/late.rs:927;examples/features/basics/build/callbacks.rs:3200;examples/features/basics/build/callbacks.rs:9900;examples/features/basics/build/callbacks.rs:19300;examples/features/basics/build/callbacks.rs:19346;examples/features/basics/build/callbacks.rs:21200;examples/features/basics/build/callbacks.rs:21256;examples/features/basics/build/callbacks.rs:42601;examples/features/basics/build/callbacks.rs:42757;examples/features/basics/build/callbacks.rs:51604;examples/features/basics/build/callbacks.rs:58557;examples/features/basics/build/callbacks.rs:58757;examples/features/basics/build/compound.rs:3200;examples/features/basics/build/compound.rs:9900;examples/features/basics/build/compound.rs:19300;examples/features/basics/build/compound.rs:19346;examples/features/basics/build/compound.rs:21200	crates/jet-cli/src/CLI.rs:667;crates/jet-cli/src/Headless.rs:115;crates/jet-codegen/src/Codegen/Context.rs:6482;crates/jet-codegen/src/Codegen/mod.rs:998;crates/jet-codegen/src/Codegen/mod.rs:2968;crates/jet-codegen/src/Codegen/mod.rs:3320;crates/jet-codegen/src/Codegen/TIR/mod.rs:4753;crates/jet-codegen/src/Codegen/TIR/mod.rs:8213;crates/jet-codegen/src/Codegen/Web.rs:94;crates/jet-codegen/src/Prelude/Core/Atomic.rs:133;crates/jet-codegen/src/Prelude/Core/GameAssetPipeline.rs:859;crates/jet-codegen/src/Prelude/Core/GameAssetPipeline.rs:861;crates/jet-codegen/src/Prelude/Core/LazyTablePlan.rs:7;crates/jet-codegen/src/Prelude/Core/LazyTablePlan.rs:1313;crates/jet-codegen/src/Prelude/Core/Stream.rs:4;crates/jet-codegen/src/Prelude/CoreLib/JetStd/DBPluginWire.rs:525;crates/jet-codegen/src/Prelude/CoreLib/JetStd/DBPluginWire.rs:531;crates/jet-codegen/src/Prelude/CoreLib/JetStd/DBPluginWire.rs:742					
core_effect_leaf	core-call:core.files.create_dir	plain	core.files.create_dir	found					authority:application-boundary,authority:canonical-holds		crates/jet-foundation/src/Syntax/core_calls.rs:335;crates/jet-foundation/src/Syntax/core_calls.rs:336;crates/jet-foundation/src/Syntax/core_calls.rs:1526	crates/jet-codegen/src/Prelude/Core.jet:56;crates/jet-codegen/src/Prelude/Core.jet:156;crates/jet-codegen/src/Prelude/CoreLib/Top/FSRuntimeOps.rs:126;crates/jet-codegen/src/Prelude/CoreLib/Top/ProcessSandbox.rs:867;crates/jet-codegen/src/Prelude/DevServer.rs:561;crates/jet-codegen/src/Prelude/DevServer.rs:1891;crates/jet-codegen/src/Prelude/DevServer.rs:2093;crates/jet-comptime/src/Comptime/Build/cache_cas.rs:2858;crates/jet-comptime/src/Comptime/Build/execution_runtime.rs:1626;crates/jet-comptime/src/Comptime/Methods/core_calls/impure.rs:136;crates/jet-comptime/src/Comptime/Methods/core_calls/impure.rs:167;crates/jet-comptime/src/Comptime/Methods/repl_process.rs:50;crates/jet-comptime/src/Comptime/Methods/repl_process.rs:89;crates/jet-comptime/src/Comptime/Methods/repl_process.rs:126;crates/jet-comptime/src/Comptime/TextLite.rs:325;crates/jet-devserver/src/lib.rs:1344;crates/jet-devserver/src/lib.rs:1390;crates/jet-devserver/src/lib.rs:1442	crates/jetpack/src/Store/Tests/tests/nix_projection.rs:497;examples/features/io/dir_entry.jet:7;examples/features/io/dir_entry.jet:10;examples/performance/receipts/http_ready/build/run.rs:55736;tests/agent_workloads.rs:2541;tests/agent_workloads.rs:2582;tests/agent_workloads.rs:2597;tests/build_entry.rs:2415;tests/cli_parts/budget.rs:482;tests/cli_parts/support.rs:163;tests/cli_parts/surface.rs:2262;tests/cli_parts/surface.rs:2290;tests/codemod.rs:751;tests/conformance/corpus/core/files/copy_dir.jet:11;tests/conformance/corpus/core/files/create_dir.jet:1;tests/conformance/corpus/core/files/create_dir.jet:8;tests/conformance/corpus/core/files/remove_dir.jet:8;tests/corelib_parts/platform.rs:153	crates/jet-codegen/src/Prelude/CoreLib/Top/FSRuntimeOps.rs:126;crates/jet-codegen/src/Prelude/CoreLib/Top/ProcessSandbox.rs:867;crates/jet-codegen/src/Prelude/DevServer.rs:561;crates/jet-codegen/src/Prelude/DevServer.rs:1891;crates/jet-codegen/src/Prelude/DevServer.rs:2093;crates/jet-comptime/src/Comptime/Build/cache_cas.rs:2858;crates/jet-comptime/src/Comptime/Build/execution_runtime.rs:1626;crates/jet-comptime/src/Comptime/Methods/core_calls/impure.rs:136;crates/jet-comptime/src/Comptime/Methods/core_calls/impure.rs:167;crates/jet-comptime/src/Comptime/Methods/repl_process.rs:50;crates/jet-comptime/src/Comptime/Methods/repl_process.rs:89;crates/jet-comptime/src/Comptime/Methods/repl_process.rs:126;crates/jet-comptime/src/Comptime/TextLite.rs:325;crates/jet-devserver/src/lib.rs:1344;crates/jet-devserver/src/lib.rs:1390;crates/jet-devserver/src/lib.rs:1442;crates/jet-devserver/src/lib.rs:1457;crates/jet-devserver/src/lib.rs:1463					
core_effect_leaf	core-call:core.files.create_dir_all	plain	core.files.create_dir_all	found					authority:application-boundary,authority:canonical-holds		crates/jet-foundation/src/Syntax/core_calls.rs:335;crates/jet-foundation/src/Syntax/core_calls.rs:336;crates/jet-foundation/src/Syntax/core_calls.rs:1527	crates/jet-cli/src/Recording.rs:591;crates/jet-codegen/src/Codegen/mod.rs:985;crates/jet-codegen/src/lib.rs:142;crates/jet-codegen/src/Prelude/BrowserTest.rs:592;crates/jet-codegen/src/Prelude/Core.jet:56;crates/jet-codegen/src/Prelude/Core.jet:157;crates/jet-codegen/src/Prelude/Core/GameFrameProfiler.rs:2095;crates/jet-codegen/src/Prelude/CoreLib/Top/FSIoEnvOsTesting.rs:940;crates/jet-codegen/src/Prelude/CoreLib/Top/ProcessWindowsSandbox.rs:1097;crates/jet-codegen/src/Prelude/CoreLib/Top/ServiceAuthority.rs:376;crates/jet-codegen/src/Prelude/CoreLib/Top/Services.rs:3846;crates/jet-codegen/src/Prelude/CoreLib/Top/Services.rs:4243;crates/jet-codegen/src/Prelude/CoreLib/Top/TestingShared.rs:53;crates/jet-codegen/src/Prelude/CoreLib/Top/Text.rs:1160;crates/jet-codegen/src/Prelude/CoreLib/Top/Text.rs:1170;crates/jet-codegen/src/Prelude/CoreLib/Top/Text.rs:1239;crates/jet-codegen/src/Prelude/CoreLib/Top/WebQuery.rs:217;crates/jet-comptime/src/Comptime/Build/cache_cas.rs:3504	crates/jet-sema/tests/generic_module_body.rs:490;crates/jet-sema/tests/generic_module_body.rs:491;crates/jet-sema/tests/generic_module_body.rs:515;crates/jet-sema/tests/generic_module_body.rs:516;crates/jetpack-bin/tests/build_plugin_e2e.rs:142;crates/jetpack-bin/tests/build_plugin_e2e.rs:194;crates/jetpack-bin/tests/criterion1.rs:21;crates/jetpack-bin/tests/criterion1.rs:28;crates/jetpack-bin/tests/environment_formatter.rs:17;crates/jetpack-bin/tests/environment_formatter.rs:53;crates/jetpack-bin/tests/environment_formatter.rs:56;crates/jetpack-bin/tests/environment_formatter.rs:106;crates/jetpack-bin/tests/environment_formatter.rs:107;crates/jetpack-bin/tests/environment_formatter.rs:108;crates/jetpack-bin/tests/environment_formatter.rs:131;crates/jetpack-bin/tests/environment_formatter.rs:132;crates/jetpack-bin/tests/environment_formatter.rs:163;crates/jetpack-bin/tests/environment_formatter.rs:164	crates/jet-cli/src/Recording.rs:591;crates/jet-codegen/src/Codegen/mod.rs:985;crates/jet-codegen/src/lib.rs:142;crates/jet-codegen/src/Prelude/BrowserTest.rs:592;crates/jet-codegen/src/Prelude/Core/GameFrameProfiler.rs:2095;crates/jet-codegen/src/Prelude/CoreLib/Top/FSIoEnvOsTesting.rs:940;crates/jet-codegen/src/Prelude/CoreLib/Top/ProcessWindowsSandbox.rs:1097;crates/jet-codegen/src/Prelude/CoreLib/Top/ServiceAuthority.rs:376;crates/jet-codegen/src/Prelude/CoreLib/Top/Services.rs:3846;crates/jet-codegen/src/Prelude/CoreLib/Top/Services.rs:4243;crates/jet-codegen/src/Prelude/CoreLib/Top/TestingShared.rs:53;crates/jet-codegen/src/Prelude/CoreLib/Top/Text.rs:1160;crates/jet-codegen/src/Prelude/CoreLib/Top/Text.rs:1170;crates/jet-codegen/src/Prelude/CoreLib/Top/Text.rs:1239;crates/jet-codegen/src/Prelude/CoreLib/Top/WebQuery.rs:217;crates/jet-comptime/src/Comptime/Build/cache_cas.rs:3504;crates/jet-comptime/src/Comptime/Build/cache_cas.rs:3520;crates/jet-comptime/src/Comptime/Build/execution_runtime.rs:885					
core_effect_leaf	core-call:core.files.exists	plain	core.files.exists	found					authority:application-boundary,authority:canonical-holds		crates/jet-foundation/src/Syntax/core_calls.rs:335;crates/jet-foundation/src/Syntax/core_calls.rs:336;crates/jet-foundation/src/Syntax/core_calls.rs:1521	crates/jet-cli/src/CommandHarness.rs:392;crates/jet-cli/src/DynamicCompletions.rs:533;crates/jet-cli/src/DynamicCompletions.rs:696;crates/jet-cli/src/MultiProgress.rs:868;crates/jet-cli/src/Recording.rs:660;crates/jet-codegen/src/Codegen/MIREval.rs:9413;crates/jet-codegen/src/Codegen/MIRRust.rs:267;crates/jet-codegen/src/Codegen/MIRWeb.rs:596;crates/jet-codegen/src/Codegen/MIRWeb.rs:3399;crates/jet-codegen/src/Codegen/mod.rs:3179;crates/jet-codegen/src/Codegen/mod.rs:3386;crates/jet-codegen/src/Codegen/TIR/lower/call_args.rs:1400;crates/jet-codegen/src/Codegen/TIR/lower/expressions.rs:1538;crates/jet-codegen/src/Codegen/TIR/lower/expressions.rs:6976;crates/jet-codegen/src/Codegen/TIR/mir.rs:3390;crates/jet-codegen/src/Codegen/TIR/mod.rs:3;crates/jet-codegen/src/Codegen/TIR/mod.rs:4841;crates/jet-codegen/src/Codegen/TIR/mod.rs:4967	crates/jetpack/src/CLI/usage_tests.rs:725;crates/jetpack/src/Store/Tests/tests/late.rs:214;crates/jetpack/src/Store/Tests/tests/late.rs:488;crates/jetpack/src/Store/Tests/tests/late.rs:579;crates/jetpack/src/Store/Tests/tests/late.rs:759;crates/jetpack/src/Store/Tests/tests/late.rs:1002;crates/jetpack/src/Store/Tests/tests/late.rs:1067;examples/features/basics/build/callbacks.rs:3995;examples/features/basics/build/callbacks.rs:9586;examples/features/basics/build/callbacks.rs:10337;examples/features/basics/build/callbacks.rs:17167;examples/features/basics/build/callbacks.rs:20933;examples/features/basics/build/callbacks.rs:42601;examples/features/basics/build/callbacks.rs:43561;examples/features/basics/build/callbacks.rs:45682;examples/features/basics/build/callbacks.rs:48423;examples/features/basics/build/callbacks.rs:51612;examples/features/basics/build/callbacks.rs:54586	crates/jet-cli/src/CommandHarness.rs:392;crates/jet-cli/src/DynamicCompletions.rs:533;crates/jet-cli/src/DynamicCompletions.rs:696;crates/jet-cli/src/MultiProgress.rs:868;crates/jet-cli/src/Recording.rs:660;crates/jet-codegen/src/Codegen/MIREval.rs:9413;crates/jet-codegen/src/Codegen/MIRRust.rs:267;crates/jet-codegen/src/Codegen/MIRWeb.rs:596;crates/jet-codegen/src/Codegen/MIRWeb.rs:3399;crates/jet-codegen/src/Codegen/mod.rs:3179;crates/jet-codegen/src/Codegen/mod.rs:3386;crates/jet-codegen/src/Codegen/TIR/lower/call_args.rs:1400;crates/jet-codegen/src/Codegen/TIR/lower/expressions.rs:1538;crates/jet-codegen/src/Codegen/TIR/lower/expressions.rs:6976;crates/jet-codegen/src/Codegen/TIR/mir.rs:3390;crates/jet-codegen/src/Codegen/TIR/mod.rs:3;crates/jet-codegen/src/Codegen/TIR/mod.rs:4841;crates/jet-codegen/src/Codegen/TIR/mod.rs:4967					
core_effect_leaf	core-call:core.files.fsync	plain	core.files.fsync	found					authority:application-boundary,authority:canonical-holds		crates/jet-foundation/src/Syntax/core_calls.rs:335;crates/jet-foundation/src/Syntax/core_calls.rs:336;crates/jet-foundation/src/Syntax/core_calls.rs:1545	crates/jet-codegen/src/Prelude/Core.jet:56;crates/jet-codegen/src/Prelude/Core.jet:175;crates/jet-codegen/src/Prelude/Core.jet:1454;crates/jet-codegen/src/Prelude/CoreLib/Top/ServiceAuthority.rs:2;crates/jet-codegen/src/Prelude/CoreLib/Top/ServiceAuthority.rs:2024;crates/jet-foundation/src/CoreModuleExports.rs:316;crates/jet-foundation/src/Syntax/core_calls.rs:1054;crates/jet-foundation/src/Syntax/core_calls.rs:1254;crates/jet-foundation/src/Syntax/core_calls.rs:1545;crates/jet-pkg-model/src/Prelude/Crypto.rs:1332;crates/jet-pkg-model/src/Prelude/Crypto.rs:1414;crates/jet-pkg-model/src/Prelude/Crypto.rs:1415;crates/jet-pkg-model/src/Prelude/Crypto.rs:1567;crates/jet-pkg-model/src/Prelude/Crypto.rs:1835;crates/jet-pkg-model/src/Prelude/SecretsCrypto.rs:2764;crates/jet-repl/src/HistoryPlatform.rs:424;crates/jet-repl/src/HistoryPlatform.rs:460;crates/jet-repl/src/HistoryPlatform.rs:476	examples/features/foundations/storage/cache.jet:12;examples/features/foundations/storage/log.jet:14;examples/features/foundations/storage/log.jet:51;examples/features/foundations/storage/run.jet:18;examples/features/foundations/text/run.jet:123;examples/features/io/files_depth.jet:19;tests/conformance/corpus/core/files/fsync.jet:1;tests/conformance/corpus/core/files/fsync.jet:6;tests/conformance/corpus/core/files/fsync.jet:9;tests/corelib_parts/platform.rs:284;tests/corelib_parts/platform.rs:291;tests/corelib_parts/platform.rs:299;tests/corelib_parts/platform.rs:311;tests/corelib_parts/platform.rs:324;tests/corelib_parts/platform.rs:328;tests/corelib_parts/platform.rs:332;tests/fixtures/crypto_bridge_entropy.rs:1439;tests/fixtures/crypto_bridge_entropy.rs:1441	crates/jet-codegen/src/Prelude/CoreLib/Top/ServiceAuthority.rs:2;crates/jet-codegen/src/Prelude/CoreLib/Top/ServiceAuthority.rs:2024;crates/jet-foundation/src/CoreModuleExports.rs:316;crates/jet-foundation/src/Syntax/core_calls.rs:1054;crates/jet-foundation/src/Syntax/core_calls.rs:1254;crates/jet-foundation/src/Syntax/core_calls.rs:1545;crates/jet-pkg-model/src/Prelude/Crypto.rs:1332;crates/jet-pkg-model/src/Prelude/Crypto.rs:1414;crates/jet-pkg-model/src/Prelude/Crypto.rs:1415;crates/jet-pkg-model/src/Prelude/Crypto.rs:1567;crates/jet-pkg-model/src/Prelude/Crypto.rs:1835;crates/jet-pkg-model/src/Prelude/SecretsCrypto.rs:2764;crates/jet-repl/src/HistoryPlatform.rs:424;crates/jet-repl/src/HistoryPlatform.rs:460;crates/jet-repl/src/HistoryPlatform.rs:476;crates/jet-repl/src/HistoryPlatform.rs:485;crates/jet-sema/src/Sema/CheckerCoreLib/fixed_sigs.rs:1307;crates/jet-sema/src/Sema/CheckerCoreLib/module_items.rs:752					
core_effect_leaf	core-call:core.files.glob	plain	core.files.glob	found					authority:application-boundary,authority:canonical-holds		crates/jet-foundation/src/Syntax/core_calls.rs:335;crates/jet-foundation/src/Syntax/core_calls.rs:336;crates/jet-foundation/src/Syntax/core_calls.rs:1542	crates/jet-codegen/src/Codegen/mod.rs:4070;crates/jet-codegen/src/Codegen/TIR/mod.rs:34;crates/jet-codegen/src/Codegen/TIR/mod.rs:8443;crates/jet-codegen/src/Prelude/Core.jet:56;crates/jet-codegen/src/Prelude/Core.jet:172;crates/jet-codegen/src/Prelude/Core.jet:1459;crates/jet-codegen/src/Prelude/Diagnostics.jet:578;crates/jet-comptime/src/Comptime/Build/runtime_bridge.rs:825;crates/jet-comptime/src/Comptime/Build/runtime_bridge.rs:828;crates/jet-comptime/src/Comptime/Build/runtime_bridge.rs:831;crates/jet-comptime/src/Comptime/Build/runtime_bridge.rs:832;crates/jet-comptime/src/Comptime/Diagnostics.rs:122;crates/jet-comptime/src/Comptime/Methods/core_calls/impure.rs:137;crates/jet-comptime/src/Comptime/Methods/core_calls/impure.rs:175;crates/jet-comptime/src/Comptime/Methods/dispatch.rs:318;crates/jet-comptime/src/Comptime/Methods/dispatch.rs:349;crates/jet-comptime/src/Comptime/Methods/dispatch.rs:352;crates/jet-comptime/src/Comptime/Methods/dispatch.rs:358	examples/features/comptime/find_empty.jet:1;examples/features/comptime/find.jet:1;examples/features/io/files_depth.jet:34;examples/features/io/files_depth.jet:35;tests/compiled_workloads/adapters/jet/cli-archive-filter.jet:9;tests/conformance/corpus/core/files/glob.jet:1;tests/conformance/corpus/core/files/glob.jet:6;tests/conformance/corpus/core/files/glob.jet:12;tests/core_call_table.rs:194	crates/jet-codegen/src/Codegen/mod.rs:4070;crates/jet-codegen/src/Codegen/TIR/mod.rs:34;crates/jet-codegen/src/Codegen/TIR/mod.rs:8443;crates/jet-comptime/src/Comptime/Build/runtime_bridge.rs:825;crates/jet-comptime/src/Comptime/Build/runtime_bridge.rs:828;crates/jet-comptime/src/Comptime/Build/runtime_bridge.rs:831;crates/jet-comptime/src/Comptime/Build/runtime_bridge.rs:832;crates/jet-comptime/src/Comptime/Diagnostics.rs:122;crates/jet-comptime/src/Comptime/Methods/core_calls/impure.rs:137;crates/jet-comptime/src/Comptime/Methods/core_calls/impure.rs:175;crates/jet-comptime/src/Comptime/Methods/dispatch.rs:318;crates/jet-comptime/src/Comptime/Methods/dispatch.rs:349;crates/jet-comptime/src/Comptime/Methods/dispatch.rs:352;crates/jet-comptime/src/Comptime/Methods/dispatch.rs:358;crates/jet-comptime/src/Comptime/Methods/dispatch.rs:360;crates/jet-comptime/src/Comptime/Methods/dispatch.rs:472;crates/jet-comptime/src/Comptime/Methods/dispatch.rs:480;crates/jet-comptime/src/Comptime/Methods/dispatch.rs:482					
core_effect_leaf	core-call:core.files.hard_link	plain	core.files.hard_link	found					authority:application-boundary,authority:canonical-holds		crates/jet-foundation/src/Syntax/core_calls.rs:335;crates/jet-foundation/src/Syntax/core_calls.rs:336;crates/jet-foundation/src/Syntax/core_calls.rs:1534	crates/jet-cli/src/Recording.rs:603;crates/jet-codegen/src/Prelude/Core.jet:56;crates/jet-codegen/src/Prelude/Core.jet:164;crates/jet-codegen/src/Prelude/Core.jet:1467;crates/jet-codegen/src/Prelude/Core/Receipt.rs:305;crates/jet-codegen/src/Prelude/CoreLib/Top/FSRuntimeOps.rs:92;crates/jet-comptime/src/Comptime/Methods/dispatch.rs:1952;crates/jet-devserver/src/lib.rs:1338;crates/jet-devserver/src/lib.rs:1437;crates/jet-devserver/src/WebHost.rs:6769;crates/jet-env-model/src/ModuleEval/Environment.rs:3797;crates/jet-foundation/src/CoreModuleExports.rs:316;crates/jet-foundation/src/SHA256.rs:1465;crates/jet-foundation/src/Syntax/core_calls.rs:1061;crates/jet-foundation/src/Syntax/core_calls.rs:1267;crates/jet-foundation/src/Syntax/core_calls.rs:1534;crates/jet-jit/src/CoreHost.rs:1816;crates/jet-jit/src/CoreHost.rs:1818	crates/jetpack/src/Store/Tests/tests/late.rs:949;crates/jetpack/src/Store/Tests/tests/late.rs:974;examples/features/io/files_depth.jet:42;examples/performance/receipts/http_ready/build/run.rs:55460;tests/build_entry.rs:2938;tests/canvas.rs:5620;tests/codemod.rs:770;tests/codemod.rs:777;tests/codemod.rs:800;tests/codemod.rs:809;tests/conformance/corpus/core/files/hard_link.jet:1;tests/conformance/corpus/core/files/hard_link.jet:11;tests/dev_parts/support.rs:473;tests/dev_parts/support.rs:505;tests/fixtures/fresh_agent_t4/build/run.rs:72360;tests/image.rs:1019;tests/jetpack_jetos.rs:3534;tests/net_tls.rs:106	crates/jet-cli/src/Recording.rs:603;crates/jet-codegen/src/Prelude/Core/Receipt.rs:305;crates/jet-codegen/src/Prelude/CoreLib/Top/FSRuntimeOps.rs:92;crates/jet-comptime/src/Comptime/Methods/dispatch.rs:1952;crates/jet-devserver/src/lib.rs:1338;crates/jet-devserver/src/lib.rs:1437;crates/jet-devserver/src/WebHost.rs:6769;crates/jet-env-model/src/ModuleEval/Environment.rs:3797;crates/jet-foundation/src/CoreModuleExports.rs:316;crates/jet-foundation/src/SHA256.rs:1465;crates/jet-foundation/src/Syntax/core_calls.rs:1061;crates/jet-foundation/src/Syntax/core_calls.rs:1267;crates/jet-foundation/src/Syntax/core_calls.rs:1534;crates/jet-jit/src/CoreHost.rs:1816;crates/jet-jit/src/CoreHost.rs:1818;crates/jet-pkg-model/src/Envelope.rs:1410;crates/jet-pkg-model/src/Envelope.rs:1505;crates/jet-pkg-model/src/Envelope.rs:1524					
core_effect_leaf	core-call:core.files.is_dir	plain	core.files.is_dir	found					authority:application-boundary,authority:canonical-holds		crates/jet-foundation/src/Syntax/core_calls.rs:335;crates/jet-foundation/src/Syntax/core_calls.rs:336;crates/jet-foundation/src/Syntax/core_calls.rs:1528	crates/jet-cli/src/DynamicCompletions.rs:499;crates/jet-cli/src/DynamicCompletions.rs:1332;crates/jet-cli/src/DynamicCompletions.rs:1335;crates/jet-cli/src/DynamicCompletions.rs:1341;crates/jet-cli/src/DynamicCompletions.rs:1372;crates/jet-cli/src/DynamicCompletions.rs:1374;crates/jet-cli/src/DynamicCompletions.rs:1377;crates/jet-cli/src/DynamicCompletions.rs:1389;crates/jet-cli/src/DynamicCompletions.rs:1395;crates/jet-cli/src/DynamicCompletions.rs:1407;crates/jet-cli/src/DynamicCompletions.rs:1421;crates/jet-cli/src/DynamicCompletions.rs:1446;crates/jet-cli/src/DynamicCompletions.rs:1451;crates/jet-codegen/src/Codegen/TIR/lower/fields.rs:642;crates/jet-codegen/src/Codegen/TIR/lower/fields.rs:643;crates/jet-codegen/src/Codegen/TIR/lower/fields.rs:652;crates/jet-codegen/src/Codegen/TIR/lower/fields.rs:657;crates/jet-codegen/src/Codegen/Web.rs:187	crates/jetpack/src/Store/Tests/tests/late.rs:930;crates/jetpack/src/Store/Tests/tests/nix_projection.rs:259;crates/jetpack/src/Store/Tests/tests/nix_projection.rs:381;examples/features/basics/build/callbacks.rs:3188;examples/features/basics/build/callbacks.rs:12231;examples/features/basics/build/callbacks.rs:12345;examples/features/basics/build/callbacks.rs:12352;examples/features/basics/build/callbacks.rs:12356;examples/features/basics/build/callbacks.rs:12360;examples/features/basics/build/callbacks.rs:12441;examples/features/basics/build/callbacks.rs:12442;examples/features/basics/build/callbacks.rs:19294;examples/features/basics/build/callbacks.rs:21186;examples/features/basics/build/callbacks.rs:39079;examples/features/basics/build/callbacks.rs:39089;examples/features/basics/build/callbacks.rs:39099;examples/features/basics/build/callbacks.rs:41771;examples/features/basics/build/callbacks.rs:41772	crates/jet-cli/src/DynamicCompletions.rs:499;crates/jet-cli/src/DynamicCompletions.rs:1332;crates/jet-cli/src/DynamicCompletions.rs:1335;crates/jet-cli/src/DynamicCompletions.rs:1341;crates/jet-cli/src/DynamicCompletions.rs:1372;crates/jet-cli/src/DynamicCompletions.rs:1374;crates/jet-cli/src/DynamicCompletions.rs:1377;crates/jet-cli/src/DynamicCompletions.rs:1389;crates/jet-cli/src/DynamicCompletions.rs:1395;crates/jet-cli/src/DynamicCompletions.rs:1407;crates/jet-cli/src/DynamicCompletions.rs:1421;crates/jet-cli/src/DynamicCompletions.rs:1446;crates/jet-cli/src/DynamicCompletions.rs:1451;crates/jet-codegen/src/Codegen/TIR/lower/fields.rs:642;crates/jet-codegen/src/Codegen/TIR/lower/fields.rs:643;crates/jet-codegen/src/Codegen/TIR/lower/fields.rs:652;crates/jet-codegen/src/Codegen/TIR/lower/fields.rs:657;crates/jet-codegen/src/Codegen/Web.rs:187					
core_effect_leaf	core-call:core.files.list_dir	plain	core.files.list_dir	found					authority:application-boundary,authority:canonical-holds		crates/jet-foundation/src/Syntax/core_calls.rs:335;crates/jet-foundation/src/Syntax/core_calls.rs:336;crates/jet-foundation/src/Syntax/core_calls.rs:1525	crates/jet-codegen/src/Codegen/Context.rs:687;crates/jet-codegen/src/Prelude/Core.jet:56;crates/jet-codegen/src/Prelude/Core.jet:155;crates/jet-comptime/src/Comptime/Methods/core_calls/impure.rs:137;crates/jet-devserver/src/WatchService.rs:848;crates/jet-foundation/src/CoreModuleExports.rs:316;crates/jet-foundation/src/Syntax/core_calls.rs:1043;crates/jet-foundation/src/Syntax/core_calls.rs:1525;crates/jet-jit/src/CoreHost.rs:1303;crates/jet-jit/src/CoreHost.rs:1309;crates/jet-sema/src/Sema/CheckerCoreLib/fixed_sigs.rs:1259;crates/jet-sema/src/Sema/CheckerCoreLib/module_items.rs:731	examples/features/io/dir_entry.jet:1;examples/features/io/dir_entry.jet:11;examples/features/io/files_depth.jet:1;tests/conformance/corpus/core/files/list_dir.jet:1;tests/conformance/corpus/core/files/list_dir.jet:9;tests/support/corpus_policy.rs:3180	crates/jet-codegen/src/Codegen/Context.rs:687;crates/jet-comptime/src/Comptime/Methods/core_calls/impure.rs:137;crates/jet-devserver/src/WatchService.rs:848;crates/jet-foundation/src/CoreModuleExports.rs:316;crates/jet-foundation/src/Syntax/core_calls.rs:1043;crates/jet-foundation/src/Syntax/core_calls.rs:1525;crates/jet-jit/src/CoreHost.rs:1303;crates/jet-jit/src/CoreHost.rs:1309;crates/jet-sema/src/Sema/CheckerCoreLib/fixed_sigs.rs:1259;crates/jet-sema/src/Sema/CheckerCoreLib/module_items.rs:731					
core_effect_leaf	core-call:core.files.lock	plain	core.files.lock	found					authority:application-boundary,authority:canonical-holds		crates/jet-foundation/src/Syntax/core_calls.rs:335;crates/jet-foundation/src/Syntax/core_calls.rs:336;crates/jet-foundation/src/Syntax/core_calls.rs:1549	crates/jet-cli/src/CLI.rs:666;crates/jet-cli/src/CLI.rs:1281;crates/jet-cli/src/CLI.rs:1570;crates/jet-cli/src/CLI.rs:1571;crates/jet-cli/src/CLI.rs:1605;crates/jet-cli/src/CLI.rs:1606;crates/jet-cli/src/CLI.rs:1749;crates/jet-cli/src/CLI.rs:1757;crates/jet-cli/src/CLI.rs:1846;crates/jet-cli/src/Help/Interactive.rs:759;crates/jet-codegen/src/Codegen/Context.rs:442;crates/jet-codegen/src/Codegen/Context.rs:2105;crates/jet-codegen/src/Codegen/mod.rs:1616;crates/jet-codegen/src/Codegen/mod.rs:1617;crates/jet-codegen/src/Codegen/mod.rs:3001;crates/jet-codegen/src/Codegen/mod.rs:3007;crates/jet-codegen/src/Codegen/TIR/mod.rs:8201;crates/jet-codegen/src/Codegen/TIR/mod.rs:8206	crates/jet-rt/tests/gc_collector.rs:33;crates/jet-rt/tests/gc_collector.rs:40;crates/jet-rt/tests/gc_collector.rs:51;crates/jet-rt/tests/gc_collector.rs:313;crates/jet-rt/tests/gc_collector.rs:318;crates/jet-sema/tests/generic_module_body.rs:527;crates/jet-sema/tests/generic_module_body.rs:528;crates/jet-sema/tests/generic_module_body.rs:543;crates/jetpack/src/CLI/usage_tests.rs:36;crates/jetpack/src/CLI/usage_tests.rs:37;crates/jetpack/src/CLI/usage_tests.rs:48;crates/jetpack/src/CLI/usage_tests.rs:51;crates/jetpack/src/CLI/usage_tests.rs:163;crates/jetpack/src/CLI/usage_tests.rs:232;crates/jetpack/src/CLI/usage_tests.rs:318;crates/jetpack/src/Store/Tests/tests/nix_projection.rs:761;examples/features/basics/build/callbacks.rs:7685;examples/features/basics/build/callbacks.rs:7693	crates/jet-cli/src/CLI.rs:666;crates/jet-cli/src/CLI.rs:1281;crates/jet-cli/src/CLI.rs:1570;crates/jet-cli/src/CLI.rs:1571;crates/jet-cli/src/CLI.rs:1605;crates/jet-cli/src/CLI.rs:1606;crates/jet-cli/src/CLI.rs:1749;crates/jet-cli/src/CLI.rs:1757;crates/jet-cli/src/CLI.rs:1846;crates/jet-cli/src/Help/Interactive.rs:759;crates/jet-codegen/src/Codegen/Context.rs:442;crates/jet-codegen/src/Codegen/Context.rs:2105;crates/jet-codegen/src/Codegen/mod.rs:1616;crates/jet-codegen/src/Codegen/mod.rs:1617;crates/jet-codegen/src/Codegen/mod.rs:3001;crates/jet-codegen/src/Codegen/mod.rs:3007;crates/jet-codegen/src/Codegen/TIR/mod.rs:8201;crates/jet-codegen/src/Codegen/TIR/mod.rs:8206					
core_effect_leaf	core-call:core.files.map	plain	core.files.map	found					authority:application-boundary,authority:canonical-holds		crates/jet-foundation/src/Syntax/core_calls.rs:335;crates/jet-foundation/src/Syntax/core_calls.rs:336;crates/jet-foundation/src/Syntax/core_calls.rs:1517	crates/jet-canvas/src/html.rs:95;crates/jet-canvas/src/html.rs:96;crates/jet-canvas/src/html.rs:97;crates/jet-canvas/src/html.rs:98;crates/jet-canvas/src/html.rs:294;crates/jet-canvas/src/html.rs:295;crates/jet-canvas/src/html.rs:454;crates/jet-canvas/src/html.rs:469;crates/jet-canvas/src/html.rs:617;crates/jet-cli/src/AdaptiveTable.rs:293;crates/jet-cli/src/AdaptiveTable.rs:299;crates/jet-cli/src/AdaptiveTable.rs:405;crates/jet-cli/src/AdaptiveTable.rs:455;crates/jet-cli/src/AdaptiveTable.rs:458;crates/jet-cli/src/AdaptiveTable.rs:463;crates/jet-cli/src/AdaptiveTable.rs:465;crates/jet-cli/src/AdaptiveTable.rs:474;crates/jet-cli/src/AdaptiveTable.rs:482	crates/jet-comptime/tests/crypto_lite.rs:13;crates/jet-comptime/tests/crypto_lite.rs:37;crates/jet-sema/tests/error_family_conv.rs:83;crates/jet-sema/tests/generic_module_body.rs:79;crates/jet-sema/tests/generic_module_body.rs:154;crates/jet-sema/tests/generic_module_body.rs:706;crates/jet-sema/tests/generic_module_body.rs:804;crates/jet-sema/tests/generic_module_body.rs:831;crates/jet-sema/tests/generic_module_body.rs:859;crates/jet-sema/tests/must_use.rs:15;crates/jet-sema/tests/must_use.rs:19;crates/jet-sema/tests/must_use.rs:64;crates/jetpack-bin/tests/build_plugin_e2e.rs:32;crates/jetpack-bin/tests/build_plugin_e2e.rs:52;crates/jetpack-bin/tests/build_plugin_e2e.rs:60;crates/jetpack-bin/tests/build_plugin_e2e.rs:61;crates/jetpack-bin/tests/build_plugin_e2e.rs:78;crates/jetpack/src/CLI/usage_tests.rs:351	crates/jet-canvas/src/html.rs:95;crates/jet-canvas/src/html.rs:96;crates/jet-canvas/src/html.rs:97;crates/jet-canvas/src/html.rs:98;crates/jet-canvas/src/html.rs:294;crates/jet-canvas/src/html.rs:295;crates/jet-canvas/src/html.rs:454;crates/jet-canvas/src/html.rs:469;crates/jet-canvas/src/html.rs:617;crates/jet-cli/src/AdaptiveTable.rs:293;crates/jet-cli/src/AdaptiveTable.rs:299;crates/jet-cli/src/AdaptiveTable.rs:405;crates/jet-cli/src/AdaptiveTable.rs:455;crates/jet-cli/src/AdaptiveTable.rs:458;crates/jet-cli/src/AdaptiveTable.rs:463;crates/jet-cli/src/AdaptiveTable.rs:465;crates/jet-cli/src/AdaptiveTable.rs:474;crates/jet-cli/src/AdaptiveTable.rs:482					
core_effect_leaf	core-call:core.files.open	plain	core.files.open	found					authority:application-boundary,authority:canonical-holds		crates/jet-foundation/src/Syntax/core_calls.rs:335;crates/jet-foundation/src/Syntax/core_calls.rs:336;crates/jet-foundation/src/Syntax/core_calls.rs:1894	crates/jet-canvas/src/html.rs:59;crates/jet-canvas/src/html.rs:81;crates/jet-canvas/src/html.rs:148;crates/jet-canvas/src/html.rs:373;crates/jet-canvas/src/html.rs:398;crates/jet-canvas/src/html.rs:399;crates/jet-canvas/src/html.rs:417;crates/jet-canvas/src/html.rs:461;crates/jet-canvas/src/html.rs:471;crates/jet-canvas/src/html.rs:629;crates/jet-canvas/src/html.rs:635;crates/jet-canvas/src/html.rs:642;crates/jet-canvas/src/html.rs:648;crates/jet-canvas/src/html.rs:654;crates/jet-canvas/src/html.rs:661;crates/jet-canvas/src/html.rs:694;crates/jet-canvas/src/html.rs:696;crates/jet-canvas/src/html.rs:697	crates/jet-comptime/tests/crypto_lite.rs:31;crates/jetpack/src/CLI/usage_tests.rs:114;crates/jetpack/src/CLI/usage_tests.rs:150;crates/jetpack/src/Store/Tests/tests/late.rs:505;examples/features/basics/build/callbacks.rs:1727;examples/features/basics/build/callbacks.rs:1765;examples/features/basics/build/callbacks.rs:3151;examples/features/basics/build/callbacks.rs:4495;examples/features/basics/build/callbacks.rs:5183;examples/features/basics/build/callbacks.rs:5278;examples/features/basics/build/callbacks.rs:9900;examples/features/basics/build/callbacks.rs:17195;examples/features/basics/build/callbacks.rs:18310;examples/features/basics/build/callbacks.rs:19353;examples/features/basics/build/callbacks.rs:19354;examples/features/basics/build/callbacks.rs:21248;examples/features/basics/build/callbacks.rs:21348;examples/features/basics/build/callbacks.rs:25988	crates/jet-canvas/src/html.rs:59;crates/jet-canvas/src/html.rs:81;crates/jet-canvas/src/html.rs:148;crates/jet-canvas/src/html.rs:373;crates/jet-canvas/src/html.rs:398;crates/jet-canvas/src/html.rs:399;crates/jet-canvas/src/html.rs:417;crates/jet-canvas/src/html.rs:461;crates/jet-canvas/src/html.rs:471;crates/jet-canvas/src/html.rs:629;crates/jet-canvas/src/html.rs:635;crates/jet-canvas/src/html.rs:642;crates/jet-canvas/src/html.rs:648;crates/jet-canvas/src/html.rs:654;crates/jet-canvas/src/html.rs:661;crates/jet-canvas/src/html.rs:694;crates/jet-canvas/src/html.rs:696;crates/jet-canvas/src/html.rs:697					
core_effect_leaf	core-call:core.files.read	plain	core.files.read	found					authority:application-boundary,authority:canonical-holds		crates/jet-foundation/src/Syntax/core_calls.rs:335;crates/jet-foundation/src/Syntax/core_calls.rs:336;crates/jet-foundation/src/Syntax/core_calls.rs:1514	crates/jet-canvas/src/html.rs:729;crates/jet-cli/src/AdaptiveTable.rs:254;crates/jet-cli/src/CLI.rs:241;crates/jet-cli/src/CLI.rs:727;crates/jet-cli/src/CLI.rs:796;crates/jet-cli/src/CLI.rs:1836;crates/jet-cli/src/CLI.rs:1847;crates/jet-cli/src/CLI.rs:2066;crates/jet-cli/src/DynamicCompletions.rs:465;crates/jet-cli/src/DynamicCompletions.rs:1426;crates/jet-cli/src/DynamicCompletions.rs:1430;crates/jet-cli/src/Explain.rs:253;crates/jet-cli/src/Explain.rs:305;crates/jet-cli/src/Explain.rs:319;crates/jet-cli/src/Help/mod.rs:167;crates/jet-cli/src/Help/mod.rs:563;crates/jet-cli/src/Help/Render.rs:578;crates/jet-cli/src/OutputProfile.rs:52	crates/jet-rt/tests/gc_collector.rs:98;crates/jet-rt/tests/gc_collector.rs:132;crates/jet-rt/tests/gc_collector.rs:232;crates/jet-rt/tests/gc_collector.rs:278;crates/jetpack/src/CLI/usage_tests.rs:81;crates/jetpack/src/CLI/usage_tests.rs:84;crates/jetpack/src/CLI/usage_tests.rs:151;crates/jetpack/src/Store/Tests/tests/late.rs:767;crates/jetpack/src/Store/Tests/tests/nix_projection.rs:752;examples/canon.jet:98;examples/canon.jet:124;examples/features/basics/branches.jet:3;examples/features/basics/build/callbacks.rs:2033;examples/features/basics/build/callbacks.rs:2925;examples/features/basics/build/callbacks.rs:3908;examples/features/basics/build/callbacks.rs:3947;examples/features/basics/build/callbacks.rs:3951;examples/features/basics/build/callbacks.rs:3957	crates/jet-canvas/src/html.rs:729;crates/jet-cli/src/AdaptiveTable.rs:254;crates/jet-cli/src/CLI.rs:241;crates/jet-cli/src/CLI.rs:727;crates/jet-cli/src/CLI.rs:796;crates/jet-cli/src/CLI.rs:1836;crates/jet-cli/src/CLI.rs:1847;crates/jet-cli/src/CLI.rs:2066;crates/jet-cli/src/DynamicCompletions.rs:465;crates/jet-cli/src/DynamicCompletions.rs:1426;crates/jet-cli/src/DynamicCompletions.rs:1430;crates/jet-cli/src/Explain.rs:253;crates/jet-cli/src/Explain.rs:305;crates/jet-cli/src/Explain.rs:319;crates/jet-cli/src/Help/mod.rs:167;crates/jet-cli/src/Help/mod.rs:563;crates/jet-cli/src/Help/Render.rs:578;crates/jet-cli/src/OutputProfile.rs:52					
core_effect_leaf	core-call:core.files.read_at	plain	core.files.read_at	found					authority:application-boundary,authority:canonical-holds		crates/jet-foundation/src/Syntax/core_calls.rs:335;crates/jet-foundation/src/Syntax/core_calls.rs:336;crates/jet-foundation/src/Syntax/core_calls.rs:1543	crates/jet-codegen/src/Prelude/Core.jet:56;crates/jet-codegen/src/Prelude/Core.jet:173;crates/jet-codegen/src/Prelude/Core.jet:1357;crates/jet-foundation/src/CoreModuleExports.rs:316;crates/jet-foundation/src/Syntax/core_calls.rs:1065;crates/jet-foundation/src/Syntax/core_calls.rs:1157;crates/jet-foundation/src/Syntax/core_calls.rs:1543;crates/jet-jit/src/CoreHost.rs:1631;crates/jet-jit/src/CoreHost.rs:1634;crates/jet-jit/src/CoreHost.rs:1639;crates/jet-sema/src/Sema/CheckerCoreLib/fixed_sigs.rs:1295;crates/jet-sema/src/Sema/CheckerCoreLib/module_items.rs:750	examples/features/io/files_depth.jet:15;examples/features/io/files_depth.jet:16;tests/conformance/corpus/core/files/read_at.jet:1;tests/conformance/corpus/core/files/read_at.jet:9;tests/support/corpus_policy.rs:3180	crates/jet-foundation/src/CoreModuleExports.rs:316;crates/jet-foundation/src/Syntax/core_calls.rs:1065;crates/jet-foundation/src/Syntax/core_calls.rs:1157;crates/jet-foundation/src/Syntax/core_calls.rs:1543;crates/jet-jit/src/CoreHost.rs:1631;crates/jet-jit/src/CoreHost.rs:1634;crates/jet-jit/src/CoreHost.rs:1639;crates/jet-sema/src/Sema/CheckerCoreLib/fixed_sigs.rs:1295;crates/jet-sema/src/Sema/CheckerCoreLib/module_items.rs:750					
core_effect_leaf	core-call:core.files.read_bytes	plain	core.files.read_bytes	found					authority:application-boundary,authority:canonical-holds		crates/jet-foundation/src/Syntax/core_calls.rs:335;crates/jet-foundation/src/Syntax/core_calls.rs:336;crates/jet-foundation/src/Syntax/core_calls.rs:1516	crates/jet-codegen/src/Codegen/TIR/lower/builtins.rs:426;crates/jet-codegen/src/Codegen/TIR/lower/builtins.rs:449;crates/jet-codegen/src/Codegen/TIR/mod.rs:10043;crates/jet-codegen/src/Codegen/TIR/routes.rs:807;crates/jet-codegen/src/Codegen/TIR/routes.rs:1607;crates/jet-codegen/src/Codegen/TIR/subset/builtin_methods.rs:106;crates/jet-codegen/src/Prelude/Core.jet:56;crates/jet-codegen/src/Prelude/Core.jet:146;crates/jet-codegen/src/Prelude/Core.jet:1358;crates/jet-codegen/src/Prelude/Core/Bytes.rs:157;crates/jet-codegen/src/Prelude/Core/Bytes.rs:183;crates/jet-codegen/src/Prelude/CoreLib/ProcessPty.rs:450;crates/jet-codegen/src/Prelude/CoreLib/ProcessPty.rs:769;crates/jet-codegen/src/Prelude/CoreLib/ProcessPty.rs:1168;crates/jet-codegen/src/Prelude/CoreLib/Top/EncodingStream.rs:3128;crates/jet-codegen/src/Prelude/CoreLib/Top/EncodingStream.rs:3139;crates/jet-codegen/src/Prelude/CoreLib/Top/EncodingStream.rs:3145;crates/jet-codegen/src/Prelude/CoreLib/Top/ProcessWindowsSandbox.rs:153	examples/features/basics/build/callbacks.rs:12061;examples/features/basics/build/callbacks.rs:12087;examples/features/basics/build/callbacks.rs:56058;examples/features/basics/build/callbacks.rs:56069;examples/features/basics/build/callbacks.rs:56075;examples/features/basics/build/compound.rs:12061;examples/features/basics/build/compound.rs:12087;examples/features/basics/build/compound.rs:56058;examples/features/basics/build/compound.rs:56069;examples/features/basics/build/compound.rs:56075;examples/features/basics/build/hello.rs:7905;examples/features/basics/build/hello.rs:7926;examples/features/basics/build/numbers.rs:12061;examples/features/basics/build/numbers.rs:12087;examples/features/basics/build/numbers.rs:56058;examples/features/basics/build/numbers.rs:56069;examples/features/basics/build/numbers.rs:56075;examples/features/io/files_depth.jet:25	crates/jet-codegen/src/Codegen/TIR/lower/builtins.rs:426;crates/jet-codegen/src/Codegen/TIR/lower/builtins.rs:449;crates/jet-codegen/src/Codegen/TIR/mod.rs:10043;crates/jet-codegen/src/Codegen/TIR/routes.rs:807;crates/jet-codegen/src/Codegen/TIR/routes.rs:1607;crates/jet-codegen/src/Codegen/TIR/subset/builtin_methods.rs:106;crates/jet-codegen/src/Prelude/Core/Bytes.rs:157;crates/jet-codegen/src/Prelude/Core/Bytes.rs:183;crates/jet-codegen/src/Prelude/CoreLib/ProcessPty.rs:450;crates/jet-codegen/src/Prelude/CoreLib/ProcessPty.rs:769;crates/jet-codegen/src/Prelude/CoreLib/ProcessPty.rs:1168;crates/jet-codegen/src/Prelude/CoreLib/Top/EncodingStream.rs:3128;crates/jet-codegen/src/Prelude/CoreLib/Top/EncodingStream.rs:3139;crates/jet-codegen/src/Prelude/CoreLib/Top/EncodingStream.rs:3145;crates/jet-codegen/src/Prelude/CoreLib/Top/ProcessWindowsSandbox.rs:153;crates/jet-codegen/src/Prelude/CoreLib/Top/ProcessWindowsSandbox.rs:805;crates/jet-comptime/src/Comptime/CollectionEval.rs:1748;crates/jet-comptime/src/Comptime/Methods/core_calls/impure.rs:135					
core_effect_leaf	core-call:core.files.read_link	plain	core.files.read_link	found					authority:application-boundary,authority:canonical-holds		crates/jet-foundation/src/Syntax/core_calls.rs:335;crates/jet-foundation/src/Syntax/core_calls.rs:336;crates/jet-foundation/src/Syntax/core_calls.rs:1533	crates/jet-codegen/src/Prelude/Core.jet:56;crates/jet-codegen/src/Prelude/Core.jet:163;crates/jet-codegen/src/Prelude/Core.jet:1469;crates/jet-codegen/src/Prelude/CoreLib/Top/FSRuntimeOps.rs:76;crates/jet-codegen/src/Prelude/Job.rs:460;crates/jet-foundation/src/CoreModuleExports.rs:316;crates/jet-foundation/src/Syntax/core_calls.rs:1064;crates/jet-foundation/src/Syntax/core_calls.rs:1269;crates/jet-foundation/src/Syntax/core_calls.rs:1533;crates/jet-jit/src/CoreHost.rs:1799;crates/jet-jit/src/CoreHost.rs:1806;crates/jet-pkg-model/src/Envelope.rs:693;crates/jet-pkg-model/src/Envelope.rs:954;crates/jet-pkg-model/src/Envelope.rs:2014;crates/jet-sema/src/Sema/CheckerCoreLib/fixed_sigs.rs:1278;crates/jet-sema/src/Sema/CheckerCoreLib/module_items.rs:738;crates/jetpack/src/CLI/profile.rs:1066;crates/jetpack/src/CLI/studio_transactions.rs:942	crates/jetpack/src/Store/Tests/tests/late.rs:34;crates/jetpack/src/Store/Tests/tests/nix_projection.rs:343;examples/features/io/files_depth.jet:39;examples/performance/receipts/http_ready/build/run.rs:55448;tests/conformance/corpus/core/files/read_link.jet:1;tests/conformance/corpus/core/files/read_link.jet:11;tests/fixtures/fresh_agent_t4/build/run.rs:72348;tests/http_client_law.rs:3497;tests/jetpack_engine.rs:294;tests/jetpack_engine.rs:396;tests/jetpack_nix_closure_replay.rs:213;tests/jetpack_nix_closure_replay.rs:600;tests/jetpack_studio.rs:659;tests/jetpack_studio.rs:666;tests/project_check/fixtures/entry_resolution/build/main.rs:9557;tests/project_check/fixtures/frozen_dogfood/build/main.rs:9557;tests/support/corpus_policy.rs:3180;tests/support/jetpack_fixtures.rs:237	crates/jet-codegen/src/Prelude/CoreLib/Top/FSRuntimeOps.rs:76;crates/jet-codegen/src/Prelude/Job.rs:460;crates/jet-foundation/src/CoreModuleExports.rs:316;crates/jet-foundation/src/Syntax/core_calls.rs:1064;crates/jet-foundation/src/Syntax/core_calls.rs:1269;crates/jet-foundation/src/Syntax/core_calls.rs:1533;crates/jet-jit/src/CoreHost.rs:1799;crates/jet-jit/src/CoreHost.rs:1806;crates/jet-pkg-model/src/Envelope.rs:693;crates/jet-pkg-model/src/Envelope.rs:954;crates/jet-pkg-model/src/Envelope.rs:2014;crates/jet-sema/src/Sema/CheckerCoreLib/fixed_sigs.rs:1278;crates/jet-sema/src/Sema/CheckerCoreLib/module_items.rs:738;crates/jetpack/src/CLI/profile.rs:1066;crates/jetpack/src/CLI/studio_transactions.rs:942;crates/jetpack/src/Doctor.rs:630;crates/jetpack/src/EnvFiles.rs:267;crates/jetpack/src/EnvFiles.rs:1089					
core_effect_leaf	core-call:core.files.remove	plain	core.files.remove	found					authority:application-boundary,authority:canonical-holds		crates/jet-foundation/src/Syntax/core_calls.rs:335;crates/jet-foundation/src/Syntax/core_calls.rs:336;crates/jet-foundation/src/Syntax/core_calls.rs:1522	crates/jet-cli/src/CLI.rs:1281;crates/jet-cli/src/CLI.rs:1398;crates/jet-cli/src/CLI.rs:1399;crates/jet-cli/src/CLI.rs:1474;crates/jet-cli/src/CLI.rs:1825;crates/jet-cli/src/CLI.rs:2424;crates/jet-cli/src/CLI.rs:3406;crates/jet-cli/src/DynamicCompletions.rs:1461;crates/jet-cli/src/Explain.rs:364;crates/jet-cli/src/Explain.rs:384;crates/jet-cli/src/Help/mod.rs:100;crates/jet-codegen/src/BrowserHost.rs:585;crates/jet-codegen/src/Codegen/Context.rs:1504;crates/jet-codegen/src/Codegen/Context.rs:1569;crates/jet-codegen/src/Codegen/Context.rs:1639;crates/jet-codegen/src/Codegen/Context.rs:1786;crates/jet-codegen/src/Codegen/Context.rs:4751;crates/jet-codegen/src/Codegen/Embedding.rs:166	crates/jetpack/src/CLI/usage_tests.rs:28;crates/jetpack/src/CLI/usage_tests.rs:44;crates/jetpack/src/CLI/usage_tests.rs:132;crates/jetpack/src/Store/Tests/tests/nix_projection.rs:412;examples/features/basics/build/callbacks.rs:2926;examples/features/basics/build/callbacks.rs:10870;examples/features/basics/build/callbacks.rs:10971;examples/features/basics/build/callbacks.rs:12696;examples/features/basics/build/callbacks.rs:12698;examples/features/basics/build/callbacks.rs:12742;examples/features/basics/build/callbacks.rs:12743;examples/features/basics/build/callbacks.rs:12816;examples/features/basics/build/callbacks.rs:12817;examples/features/basics/build/callbacks.rs:13178;examples/features/basics/build/callbacks.rs:13188;examples/features/basics/build/callbacks.rs:13196;examples/features/basics/build/callbacks.rs:13258;examples/features/basics/build/callbacks.rs:13287	crates/jet-cli/src/CLI.rs:1281;crates/jet-cli/src/CLI.rs:1398;crates/jet-cli/src/CLI.rs:1399;crates/jet-cli/src/CLI.rs:1474;crates/jet-cli/src/CLI.rs:1825;crates/jet-cli/src/CLI.rs:2424;crates/jet-cli/src/CLI.rs:3406;crates/jet-cli/src/DynamicCompletions.rs:1461;crates/jet-cli/src/Explain.rs:364;crates/jet-cli/src/Explain.rs:384;crates/jet-cli/src/Help/mod.rs:100;crates/jet-codegen/src/BrowserHost.rs:585;crates/jet-codegen/src/Codegen/Context.rs:1504;crates/jet-codegen/src/Codegen/Context.rs:1569;crates/jet-codegen/src/Codegen/Context.rs:1639;crates/jet-codegen/src/Codegen/Context.rs:1786;crates/jet-codegen/src/Codegen/Context.rs:4751;crates/jet-codegen/src/Codegen/Embedding.rs:166					
core_effect_leaf	core-call:core.files.remove_all	plain	core.files.remove_all	found					authority:application-boundary,authority:canonical-holds		crates/jet-foundation/src/Syntax/core_calls.rs:335;crates/jet-foundation/src/Syntax/core_calls.rs:336;crates/jet-foundation/src/Syntax/core_calls.rs:1524	crates/jet-codegen/src/Prelude/Core.jet:56;crates/jet-codegen/src/Prelude/Core.jet:154;crates/jet-comptime/src/Comptime/Methods/core_calls/impure.rs:122;crates/jet-comptime/src/Comptime/Methods/core_calls/impure.rs:136;crates/jet-comptime/src/Comptime/Methods/core_calls/impure.rs:171;crates/jet-comptime/src/Comptime/TextLite.rs:324;crates/jet-foundation/src/CoreModuleExports.rs:316;crates/jet-foundation/src/Syntax/core_calls.rs:1042;crates/jet-foundation/src/Syntax/core_calls.rs:1524;crates/jet-jit/src/CoreHost.rs:1594;crates/jet-sema/src/Sema/CheckerCoreLib/fixed_sigs.rs:1241;crates/jet-sema/src/Sema/CheckerCoreLib/module_items.rs:730	examples/features/io/files_depth.jet:7;examples/features/io/files_depth.jet:8;examples/features/io/files_depth.jet:59;examples/features/io/files_depth.jet:60;examples/features/io/watcher.jet:49;examples/features/io/watcher.jet:118;examples/features/ui/battery/run.jet:16;examples/features/ui/battery/run.jet:259;tests/agent_workloads/adapters/build_test_recovery.jet:49;tests/agent_workloads/adapters/repository_semantic_edit.jet:26;tests/agent_workloads/adapters/service_lifecycle.jet:70;tests/agent_workloads/adapters/service_lifecycle.jet:71;tests/agent_workloads/adapters/service_lifecycle.jet:72;tests/conformance/corpus/core/files/absolute.jet:10;tests/conformance/corpus/core/files/append_all.jet:13;tests/conformance/corpus/core/files/append.jet:11;tests/conformance/corpus/core/files/canonicalize.jet:11;tests/conformance/corpus/core/files/copy_dir.jet:16	crates/jet-comptime/src/Comptime/Methods/core_calls/impure.rs:122;crates/jet-comptime/src/Comptime/Methods/core_calls/impure.rs:136;crates/jet-comptime/src/Comptime/Methods/core_calls/impure.rs:171;crates/jet-comptime/src/Comptime/TextLite.rs:324;crates/jet-foundation/src/CoreModuleExports.rs:316;crates/jet-foundation/src/Syntax/core_calls.rs:1042;crates/jet-foundation/src/Syntax/core_calls.rs:1524;crates/jet-jit/src/CoreHost.rs:1594;crates/jet-sema/src/Sema/CheckerCoreLib/fixed_sigs.rs:1241;crates/jet-sema/src/Sema/CheckerCoreLib/module_items.rs:730					
core_effect_leaf	core-call:core.files.remove_dir	plain	core.files.remove_dir	found					authority:application-boundary,authority:canonical-holds		crates/jet-foundation/src/Syntax/core_calls.rs:335;crates/jet-foundation/src/Syntax/core_calls.rs:336;crates/jet-foundation/src/Syntax/core_calls.rs:1523	crates/jet-codegen/src/Prelude/Core.jet:56;crates/jet-codegen/src/Prelude/Core.jet:153;crates/jet-codegen/src/Prelude/CoreLib/Top/Text.rs:1183;crates/jet-codegen/src/Prelude/DevServer.rs:1905;crates/jet-comptime/src/Comptime/Methods/core_calls/impure.rs:136;crates/jet-comptime/src/Comptime/Methods/core_calls/impure.rs:170;crates/jet-foundation/src/CoreModuleExports.rs:316;crates/jet-foundation/src/Syntax/core_calls.rs:1041;crates/jet-foundation/src/Syntax/core_calls.rs:1523;crates/jet-jit/src/CoreHost.rs:1186;crates/jet-jit/src/CoreHost.rs:1188;crates/jet-jit/src/CoreHost.rs:1574;crates/jet-pkg-model/src/Envelope.rs:1485;crates/jet-pkg-model/src/FFI.rs:2893;crates/jet-pkg-model/src/FFI.rs:2913;crates/jet-sema/src/Sema/CheckerCoreLib/fixed_sigs.rs:1241;crates/jet-sema/src/Sema/CheckerCoreLib/module_items.rs:729;crates/jetpack/src/BuildDebug.rs:526	examples/features/basics/build/callbacks.rs:51683;examples/features/basics/build/compound.rs:51683;examples/features/basics/build/numbers.rs:51683;examples/features/lowlevel/cbind/build/run.rs:51710;examples/features/memory/program_allocator/build/main.rs:42291;examples/features/memory/program_allocator/build/run.rs:52450;examples/features/memory/unsafe_sentries_package_off/build/run.rs:38890;examples/performance/receipts/http_ready/build/run.rs:41186;tests/canvas_scenarios.rs:98;tests/cli_parts/surface.rs:1075;tests/comptime_sequence_parity.rs:440;tests/conformance/corpus/core/files/remove_dir.jet:1;tests/conformance/corpus/core/files/remove_dir.jet:10;tests/dev_parts/support.rs:538;tests/dev_parts/support.rs:551;tests/fixtures/fresh_agent_t4/build/run.rs:51237;tests/fixtures/vault_key_runtime.rs:336;tests/project_check/fixtures/core_closure/build/run.rs:51703	crates/jet-codegen/src/Prelude/CoreLib/Top/Text.rs:1183;crates/jet-codegen/src/Prelude/DevServer.rs:1905;crates/jet-comptime/src/Comptime/Methods/core_calls/impure.rs:136;crates/jet-comptime/src/Comptime/Methods/core_calls/impure.rs:170;crates/jet-foundation/src/CoreModuleExports.rs:316;crates/jet-foundation/src/Syntax/core_calls.rs:1041;crates/jet-foundation/src/Syntax/core_calls.rs:1523;crates/jet-jit/src/CoreHost.rs:1186;crates/jet-jit/src/CoreHost.rs:1188;crates/jet-jit/src/CoreHost.rs:1574;crates/jet-pkg-model/src/Envelope.rs:1485;crates/jet-pkg-model/src/FFI.rs:2893;crates/jet-pkg-model/src/FFI.rs:2913;crates/jet-sema/src/Sema/CheckerCoreLib/fixed_sigs.rs:1241;crates/jet-sema/src/Sema/CheckerCoreLib/module_items.rs:729;crates/jetpack/src/BuildDebug.rs:526;crates/jetpack/src/CLI/studio_transactions.rs:1468;crates/jetpack/src/EnvFiles.rs:523					
core_effect_leaf	core-call:core.files.rename	plain	core.files.rename	found					authority:application-boundary,authority:canonical-holds		crates/jet-foundation/src/Syntax/core_calls.rs:335;crates/jet-foundation/src/Syntax/core_calls.rs:336;crates/jet-foundation/src/Syntax/core_calls.rs:1531	crates/jet-canvas/src/html.rs:354;crates/jet-codegen/src/Prelude/Core.jet:56;crates/jet-codegen/src/Prelude/Core.jet:161;crates/jet-codegen/src/Prelude/Core.jet:1453;crates/jet-codegen/src/Prelude/Core/FSOps.rs:11;crates/jet-codegen/src/Prelude/Core/GameFrameProfiler.rs:2101;crates/jet-codegen/src/Prelude/CoreLib/Top/FSWriteOps.rs:132;crates/jet-codegen/src/Prelude/CoreLib/Top/PathFiles.rs:216;crates/jet-codegen/src/Prelude/CoreLib/Top/PathFiles.rs:259;crates/jet-codegen/src/Prelude/CoreLib/Top/Services.rs:3878;crates/jet-codegen/src/Prelude/CoreLib/Top/Services.rs:4279;crates/jet-codegen/src/Prelude/CoreLib/Top/WebForms.rs:1335;crates/jet-codegen/src/Prelude/CoreLib/Top/WebForms.rs:2469;crates/jet-codegen/src/Prelude/CoreLib/Top/WebQuery.rs:222;crates/jet-codegen/src/Prelude/Diagnostics.jet:165;crates/jet-codegen/src/Prelude/Diagnostics.jet:166;crates/jet-codegen/src/Prelude/Diagnostics.jet:167;crates/jet-codegen/src/Prelude/Diagnostics.jet:168	examples/canon.jet:154;examples/features/basics/build/callbacks.rs:17197;examples/features/basics/build/callbacks.rs:21299;examples/features/basics/build/compound.rs:17197;examples/features/basics/build/compound.rs:21299;examples/features/basics/build/hello.rs:12098;examples/features/basics/build/hello.rs:15249;examples/features/basics/build/numbers.rs:17197;examples/features/basics/build/numbers.rs:21299;examples/features/foundations/storage/log.jet:52;examples/features/lowlevel/cbind/build/run.rs:17204;examples/features/lowlevel/cbind/build/run.rs:21306;examples/features/memory/program_allocator/build/main.rs:12299;examples/features/memory/program_allocator/build/main.rs:15449;examples/features/memory/program_allocator/build/run.rs:17780;examples/features/memory/program_allocator/build/run.rs:21896;examples/features/memory/unsafe_sentries_package_off/build/run.rs:11401;examples/features/memory/unsafe_sentries_package_off/build/run.rs:14302	crates/jet-canvas/src/html.rs:354;crates/jet-codegen/src/Prelude/Core/FSOps.rs:11;crates/jet-codegen/src/Prelude/Core/GameFrameProfiler.rs:2101;crates/jet-codegen/src/Prelude/CoreLib/Top/FSWriteOps.rs:132;crates/jet-codegen/src/Prelude/CoreLib/Top/PathFiles.rs:216;crates/jet-codegen/src/Prelude/CoreLib/Top/PathFiles.rs:259;crates/jet-codegen/src/Prelude/CoreLib/Top/Services.rs:3878;crates/jet-codegen/src/Prelude/CoreLib/Top/Services.rs:4279;crates/jet-codegen/src/Prelude/CoreLib/Top/WebForms.rs:1335;crates/jet-codegen/src/Prelude/CoreLib/Top/WebForms.rs:2469;crates/jet-codegen/src/Prelude/CoreLib/Top/WebQuery.rs:222;crates/jet-codegen/src/Prelude/Observe.rs:168;crates/jet-codegen/src/Prelude/Observe.rs:632;crates/jet-comptime/src/Comptime/Build/cache_cas.rs:3698;crates/jet-comptime/src/Comptime/Interpreter.rs:462;crates/jet-comptime/src/Comptime/Methods/core_calls/impure.rs:137;crates/jet-comptime/src/Comptime/Methods/core_calls/impure.rs:174;crates/jet-debug/src/Dap.rs:5488					
core_effect_leaf	core-call:core.files.scope	plain	core.files.scope	found					authority:application-boundary,authority:canonical-holds		crates/jet-foundation/src/Syntax/core_calls.rs:335;crates/jet-foundation/src/Syntax/core_calls.rs:336;crates/jet-foundation/src/Syntax/core_calls.rs:1515	crates/jet-cli/src/CLI.rs:363;crates/jet-cli/src/CLI.rs:369;crates/jet-cli/src/CLI.rs:458;crates/jet-cli/src/CLI.rs:460;crates/jet-cli/src/CLI.rs:465;crates/jet-cli/src/CLI.rs:469;crates/jet-cli/src/CLI.rs:495;crates/jet-cli/src/CLI.rs:1799;crates/jet-cli/src/CLI.rs:2022;crates/jet-cli/src/CLI.rs:2331;crates/jet-cli/src/DynamicCompletions.rs:623;crates/jet-cli/src/DynamicCompletions.rs:625;crates/jet-cli/src/Explain.rs:192;crates/jet-cli/src/Explain.rs:261;crates/jet-codegen/src/Codegen/Context.rs:187;crates/jet-codegen/src/Codegen/Context.rs:292;crates/jet-codegen/src/Codegen/Context.rs:341;crates/jet-codegen/src/Codegen/Context.rs:370	crates/jet-comptime/tests/tls_tier2.rs:139;crates/jet-comptime/tests/tls_tier2.rs:150;crates/jetpack/src/CLI/usage_tests.rs:154;examples/canon.jet:182;examples/canon.jet:183;examples/features/basics/build/callbacks.rs:2926;examples/features/basics/build/callbacks.rs:3471;examples/features/basics/build/callbacks.rs:3477;examples/features/basics/build/callbacks.rs:3670;examples/features/basics/build/callbacks.rs:3681;examples/features/basics/build/callbacks.rs:3700;examples/features/basics/build/callbacks.rs:3701;examples/features/basics/build/callbacks.rs:3749;examples/features/basics/build/callbacks.rs:3750;examples/features/basics/build/callbacks.rs:3758;examples/features/basics/build/callbacks.rs:3759;examples/features/basics/build/callbacks.rs:3767;examples/features/basics/build/callbacks.rs:3773	crates/jet-cli/src/CLI.rs:363;crates/jet-cli/src/CLI.rs:369;crates/jet-cli/src/CLI.rs:458;crates/jet-cli/src/CLI.rs:460;crates/jet-cli/src/CLI.rs:465;crates/jet-cli/src/CLI.rs:469;crates/jet-cli/src/CLI.rs:495;crates/jet-cli/src/CLI.rs:1799;crates/jet-cli/src/CLI.rs:2022;crates/jet-cli/src/CLI.rs:2331;crates/jet-cli/src/DynamicCompletions.rs:623;crates/jet-cli/src/DynamicCompletions.rs:625;crates/jet-cli/src/Explain.rs:192;crates/jet-cli/src/Explain.rs:261;crates/jet-codegen/src/Codegen/Context.rs:187;crates/jet-codegen/src/Codegen/Context.rs:292;crates/jet-codegen/src/Codegen/Context.rs:341;crates/jet-codegen/src/Codegen/Context.rs:370					
core_effect_leaf	core-call:core.files.set_mode	plain	core.files.set_mode	found					authority:application-boundary,authority:canonical-holds		crates/jet-foundation/src/Syntax/core_calls.rs:335;crates/jet-foundation/src/Syntax/core_calls.rs:336;crates/jet-foundation/src/Syntax/core_calls.rs:1536	crates/jet-codegen/src/Prelude/Core.jet:56;crates/jet-codegen/src/Prelude/Core.jet:107;crates/jet-codegen/src/Prelude/Core.jet:166;crates/jet-codegen/src/Prelude/Core.jet:880;crates/jet-codegen/src/Prelude/Core.jet:1463;crates/jet-codegen/src/Prelude/CoreLib/Top/WebQuery.rs:960;crates/jet-codegen/src/Prelude/CoreLib/Top/WebQuery.rs:1679;crates/jet-comptime/src/Comptime/AppLite.rs:2580;crates/jet-foundation/src/CoreModuleExports.rs:316;crates/jet-foundation/src/CoreModuleExports.rs:520;crates/jet-foundation/src/DevtoolsNative.rs:430;crates/jet-foundation/src/Syntax/core_calls.rs:1047;crates/jet-foundation/src/Syntax/core_calls.rs:1263;crates/jet-foundation/src/Syntax/core_calls.rs:1536;crates/jet-foundation/src/Syntax/core_calls.rs:2250;crates/jet-sema/src/Sema/CheckerCoreLib/fixed_sigs.rs:568;crates/jet-sema/src/Sema/CheckerCoreLib/fixed_sigs.rs:1250;crates/jet-sema/src/Sema/CheckerCoreLib/module_items.rs:743	tests/archive.rs:51;tests/browser_lock.rs:38;tests/cli_parts/bindings.rs:226;tests/cli_parts/commands.rs:1103;tests/cli.rs:17;tests/cli.rs:41;tests/common/mod.rs:914;tests/conformance/corpus/core/files/set_mode.jet:1;tests/conformance/corpus/core/files/set_mode.jet:10;tests/corelib_parts/platform.rs:166;tests/corelib_parts/platform.rs:167;tests/corelib_parts/platform.rs:173;tests/corelib_parts/platform.rs:174;tests/corelib_parts/support.rs:230;tests/engine_dispatch.rs:34;tests/engine_dispatch.rs:45;tests/env_dev_trust.rs:59;tests/image.rs:62	crates/jet-codegen/src/Prelude/CoreLib/Top/WebQuery.rs:960;crates/jet-codegen/src/Prelude/CoreLib/Top/WebQuery.rs:1679;crates/jet-comptime/src/Comptime/AppLite.rs:2580;crates/jet-foundation/src/CoreModuleExports.rs:316;crates/jet-foundation/src/CoreModuleExports.rs:520;crates/jet-foundation/src/DevtoolsNative.rs:430;crates/jet-foundation/src/Syntax/core_calls.rs:1047;crates/jet-foundation/src/Syntax/core_calls.rs:1263;crates/jet-foundation/src/Syntax/core_calls.rs:1536;crates/jet-foundation/src/Syntax/core_calls.rs:2250;crates/jet-sema/src/Sema/CheckerCoreLib/fixed_sigs.rs:568;crates/jet-sema/src/Sema/CheckerCoreLib/fixed_sigs.rs:1250;crates/jet-sema/src/Sema/CheckerCoreLib/module_items.rs:743;crates/jet-sema/src/Sema/CheckerCoreLib/module_items.rs:1388;crates/jet-store/src/lib.rs:1989;crates/jet-store/src/lib.rs:2503;crates/jetpack/src/BrowserLock.rs:262;crates/jetpack/src/CLI/cc.rs:1479					
core_effect_leaf	core-call:core.files.stat	plain	core.files.stat	found					authority:application-boundary,authority:canonical-holds		crates/jet-foundation/src/Syntax/core_calls.rs:335;crates/jet-foundation/src/Syntax/core_calls.rs:336;crates/jet-foundation/src/Syntax/core_calls.rs:1535	crates/jet-canvas/src/html.rs:232;crates/jet-canvas/src/html.rs:233;crates/jet-canvas/src/html.rs:234;crates/jet-canvas/src/html.rs:246;crates/jet-canvas/src/html.rs:247;crates/jet-canvas/src/html.rs:248;crates/jet-codegen/src/Prelude/Core.jet:56;crates/jet-codegen/src/Prelude/Core.jet:165;crates/jet-codegen/src/Prelude/Core.jet:1462;crates/jet-codegen/src/Prelude/Core/GameOverlay.rs:2;crates/jet-codegen/src/Prelude/Core/GameOverlay.rs:77;crates/jet-codegen/src/Prelude/Core/GameOverlay.rs:173;crates/jet-codegen/src/Prelude/CoreLib/Top/FSIoEnvOsTesting.rs:8;crates/jet-codegen/src/Prelude/CoreLib/Top/FSIoEnvOsTesting.rs:9;crates/jet-codegen/src/Prelude/CoreLib/Top/FSIoEnvOsTesting.rs:10;crates/jet-codegen/src/Prelude/CoreLib/Top/FSIoEnvOsTesting.rs:11;crates/jet-codegen/src/Prelude/CoreLib/Top/FSIoEnvOsTesting.rs:12;crates/jet-codegen/src/Prelude/CoreLib/Top/FSIoEnvOsTesting.rs:13	examples/features/basics/build/callbacks.rs:16946;examples/features/basics/build/callbacks.rs:16947;examples/features/basics/build/compound.rs:16946;examples/features/basics/build/compound.rs:16947;examples/features/basics/build/hello.rs:11945;examples/features/basics/build/hello.rs:11946;examples/features/basics/build/numbers.rs:16946;examples/features/basics/build/numbers.rs:16947;examples/features/foundations/storage/run.jet:84;examples/features/foundations/storage/run.jet:86;examples/features/io/files_depth.jet:13;examples/features/io/files_depth.jet:14;examples/features/io/files_depth.jet:38;examples/features/lowlevel/cbind/build/run.rs:16953;examples/features/lowlevel/cbind/build/run.rs:16954;examples/features/memory/program_allocator/build/main.rs:12146;examples/features/memory/program_allocator/build/main.rs:12147;examples/features/memory/program_allocator/build/run.rs:17529	crates/jet-canvas/src/html.rs:232;crates/jet-canvas/src/html.rs:233;crates/jet-canvas/src/html.rs:234;crates/jet-canvas/src/html.rs:246;crates/jet-canvas/src/html.rs:247;crates/jet-canvas/src/html.rs:248;crates/jet-codegen/src/Prelude/Core/GameOverlay.rs:2;crates/jet-codegen/src/Prelude/Core/GameOverlay.rs:77;crates/jet-codegen/src/Prelude/Core/GameOverlay.rs:173;crates/jet-codegen/src/Prelude/CoreLib/Top/FSIoEnvOsTesting.rs:8;crates/jet-codegen/src/Prelude/CoreLib/Top/FSIoEnvOsTesting.rs:9;crates/jet-codegen/src/Prelude/CoreLib/Top/FSIoEnvOsTesting.rs:10;crates/jet-codegen/src/Prelude/CoreLib/Top/FSIoEnvOsTesting.rs:11;crates/jet-codegen/src/Prelude/CoreLib/Top/FSIoEnvOsTesting.rs:12;crates/jet-codegen/src/Prelude/CoreLib/Top/FSIoEnvOsTesting.rs:13;crates/jet-codegen/src/Prelude/CoreLib/Top/FSIoEnvOsTesting.rs:14;crates/jet-codegen/src/Prelude/CoreLib/Top/FSIoEnvOsTesting.rs:15;crates/jet-codegen/src/Prelude/CoreLib/Top/FSIoEnvOsTesting.rs:16					
core_effect_leaf	core-call:core.files.symlink	plain	core.files.symlink	found					authority:application-boundary,authority:canonical-holds		crates/jet-foundation/src/Syntax/core_calls.rs:335;crates/jet-foundation/src/Syntax/core_calls.rs:336;crates/jet-foundation/src/Syntax/core_calls.rs:1532	crates/jet-cli/src/DynamicCompletions.rs:535;crates/jet-codegen/src/Codegen/mod.rs:306;crates/jet-codegen/src/Prelude/Core.jet:56;crates/jet-codegen/src/Prelude/Core.jet:162;crates/jet-codegen/src/Prelude/Core.jet:1455;crates/jet-codegen/src/Prelude/Core/FSIgnore.rs:41;crates/jet-codegen/src/Prelude/Core/FSWalk.rs:19;crates/jet-codegen/src/Prelude/Core/Path.rs:57;crates/jet-codegen/src/Prelude/Core/Path.rs:125;crates/jet-codegen/src/Prelude/Core/Path.rs:126;crates/jet-codegen/src/Prelude/Core/Path.rs:141;crates/jet-codegen/src/Prelude/CoreLib/Top/FSRuntimeOps.rs:228;crates/jet-codegen/src/Prelude/CoreLib/Top/FSRuntimeOps.rs:298;crates/jet-codegen/src/Prelude/CoreLib/Top/Mod.rs:860;crates/jet-codegen/src/Prelude/CoreLib/Top/PathFiles.rs:69;crates/jet-codegen/src/Prelude/CoreLib/Top/ProcessSandbox.rs:855;crates/jet-codegen/src/Prelude/CoreLib/Top/ProcessWindowsSandbox.rs:1464;crates/jet-codegen/src/Prelude/CoreLib/Top/ProcessWindowsSandbox.rs:1495	crates/jetpack/src/Store/Tests/tests/late.rs:12;crates/jetpack/src/Store/Tests/tests/late.rs:994;crates/jetpack/src/Store/Tests/tests/late.rs:1010;crates/jetpack/src/Store/Tests/tests/late.rs:1017;crates/jetpack/src/Store/Tests/tests/late.rs:1085;crates/jetpack/src/Store/Tests/tests/late.rs:1205;crates/jetpack/src/Store/Tests/tests/late.rs:1207;crates/jetpack/src/Store/Tests/tests/late.rs:1210;crates/jetpack/src/Store/Tests/tests/late.rs:1211;crates/jetpack/src/Store/Tests/tests/late.rs:1213;crates/jetpack/src/Store/Tests/tests/late.rs:1215;crates/jetpack/src/Store/Tests/tests/late.rs:1230;crates/jetpack/src/Store/Tests/tests/late.rs:1233;crates/jetpack/src/Store/Tests/tests/nix_projection.rs:490;crates/jetpack/src/Store/Tests/tests/nix_projection.rs:500;examples/features/basics/build/callbacks.rs:12226;examples/features/basics/build/callbacks.rs:12258;examples/features/basics/build/callbacks.rs:50588	crates/jet-cli/src/DynamicCompletions.rs:535;crates/jet-codegen/src/Codegen/mod.rs:306;crates/jet-codegen/src/Prelude/Core/FSIgnore.rs:41;crates/jet-codegen/src/Prelude/Core/FSWalk.rs:19;crates/jet-codegen/src/Prelude/Core/Path.rs:57;crates/jet-codegen/src/Prelude/Core/Path.rs:125;crates/jet-codegen/src/Prelude/Core/Path.rs:126;crates/jet-codegen/src/Prelude/Core/Path.rs:141;crates/jet-codegen/src/Prelude/CoreLib/Top/FSRuntimeOps.rs:228;crates/jet-codegen/src/Prelude/CoreLib/Top/FSRuntimeOps.rs:298;crates/jet-codegen/src/Prelude/CoreLib/Top/Mod.rs:860;crates/jet-codegen/src/Prelude/CoreLib/Top/PathFiles.rs:69;crates/jet-codegen/src/Prelude/CoreLib/Top/ProcessSandbox.rs:855;crates/jet-codegen/src/Prelude/CoreLib/Top/ProcessWindowsSandbox.rs:1464;crates/jet-codegen/src/Prelude/CoreLib/Top/ProcessWindowsSandbox.rs:1495;crates/jet-codegen/src/Prelude/CoreLib/Top/ProcessWindowsSandbox.rs:1538;crates/jet-codegen/src/Prelude/CoreLib/Top/ServiceAuthority.rs:523;crates/jet-codegen/src/Prelude/CoreLib/Top/Services.rs:4248					
core_effect_leaf	core-call:core.files.temp_dir	plain	core.files.temp_dir	found					authority:application-boundary,authority:canonical-holds		crates/jet-foundation/src/Syntax/core_calls.rs:335;crates/jet-foundation/src/Syntax/core_calls.rs:336;crates/jet-foundation/src/Syntax/core_calls.rs:1547	crates/jet-codegen/src/lib.rs:137;crates/jet-codegen/src/Prelude/Core.jet:56;crates/jet-codegen/src/Prelude/Core.jet:85;crates/jet-codegen/src/Prelude/Core.jet:88;crates/jet-codegen/src/Prelude/Core.jet:177;crates/jet-codegen/src/Prelude/Core.jet:215;crates/jet-codegen/src/Prelude/Core.jet:273;crates/jet-codegen/src/Prelude/Core.jet:1442;crates/jet-codegen/src/Prelude/Core.jet:1470;crates/jet-codegen/src/Prelude/Core.jet:1534;crates/jet-codegen/src/Prelude/CoreLib/Top/FSRuntimeOps.rs:111;crates/jet-codegen/src/Prelude/CoreLib/Top/Mod.rs:563;crates/jet-codegen/src/Prelude/CoreLib/Top/Mod.rs:716;crates/jet-codegen/src/Prelude/CoreLib/Top/OsExtra.rs:16;crates/jet-codegen/src/Prelude/CoreLib/Top/ProcessWindowsSandbox.rs:1090;crates/jet-codegen/src/Prelude/CoreLib/Top/TestingShared.rs:35;crates/jet-codegen/src/Prelude/Observe.rs:213;crates/jet-codegen/src/Prelude/Observe.rs:614	crates/jet-sema/tests/generic_module_body.rs:484;crates/jet-sema/tests/generic_module_body.rs:512;crates/jetpack-bin/tests/build_plugin_e2e.rs:136;crates/jetpack-bin/tests/build_plugin_e2e.rs:188;crates/jetpack-bin/tests/criterion1.rs:13;crates/jetpack-bin/tests/environment_formatter.rs:12;crates/jetpack/src/CLI/usage_tests.rs:360;crates/jetpack/src/CLI/usage_tests.rs:381;crates/jetpack/src/CLI/usage_tests.rs:666;examples/features/basics/build/callbacks.rs:17179;examples/features/basics/build/callbacks.rs:17184;examples/features/basics/build/compound.rs:17179;examples/features/basics/build/compound.rs:17184;examples/features/basics/build/hello.rs:12080;examples/features/basics/build/hello.rs:12085;examples/features/basics/build/numbers.rs:17179;examples/features/basics/build/numbers.rs:17184;examples/features/cli/battery/run.jet:90	crates/jet-codegen/src/lib.rs:137;crates/jet-codegen/src/Prelude/CoreLib/Top/FSRuntimeOps.rs:111;crates/jet-codegen/src/Prelude/CoreLib/Top/Mod.rs:563;crates/jet-codegen/src/Prelude/CoreLib/Top/Mod.rs:716;crates/jet-codegen/src/Prelude/CoreLib/Top/OsExtra.rs:16;crates/jet-codegen/src/Prelude/CoreLib/Top/ProcessWindowsSandbox.rs:1090;crates/jet-codegen/src/Prelude/CoreLib/Top/TestingShared.rs:35;crates/jet-codegen/src/Prelude/Observe.rs:213;crates/jet-codegen/src/Prelude/Observe.rs:614;crates/jet-codegen/src/Prelude/Observe.rs:619;crates/jet-comptime/src/Comptime/Build/cache_cas.rs:3498;crates/jet-comptime/src/Comptime/Build/execution_runtime.rs:1731;crates/jet-comptime/src/Comptime/Build/execution_runtime.rs:2338;crates/jet-comptime/src/Comptime/Build/execution_runtime.rs:2533;crates/jet-comptime/src/Comptime/Build/execution_runtime.rs:2664;crates/jet-comptime/src/Comptime/Build/execution_runtime.rs:2699;crates/jet-comptime/src/Comptime/Build/execution_runtime.rs:2755;crates/jet-comptime/src/Comptime/Build/execution_runtime.rs:2820					
core_effect_leaf	core-call:core.files.temp_file	plain	core.files.temp_file	found					authority:application-boundary,authority:canonical-holds		crates/jet-foundation/src/Syntax/core_calls.rs:335;crates/jet-foundation/src/Syntax/core_calls.rs:336;crates/jet-foundation/src/Syntax/core_calls.rs:1548	crates/jet-codegen/src/Prelude/Core.jet:56;crates/jet-codegen/src/Prelude/Core.jet:178;crates/jet-codegen/src/Prelude/Core.jet:1471;crates/jet-codegen/src/Prelude/CoreLib/Top/FSWriteOps.rs:69;crates/jet-codegen/src/Prelude/CoreLib/Top/FSWriteOps.rs:83;crates/jet-codegen/src/Prelude/CoreLib/Top/FSWriteOps.rs:103;crates/jet-codegen/src/Prelude/CoreLib/Top/FSWriteOps.rs:105;crates/jet-codegen/src/Prelude/CoreLib/Top/FSWriteOps.rs:114;crates/jet-codegen/src/Prelude/CoreLib/Top/FSWriteOps.rs:123;crates/jet-codegen/src/Prelude/CoreLib/Top/FSWriteOps.rs:131;crates/jet-foundation/src/CoreModuleExports.rs:316;crates/jet-foundation/src/Syntax/core_calls.rs:1271;crates/jet-foundation/src/Syntax/core_calls.rs:1548;crates/jet-jit/src/CoreHost.rs:1890;crates/jet-sema/src/Sema/CheckerCoreLib/fixed_sigs.rs:1319;crates/jet-sema/src/Sema/CheckerCoreLib/module_items.rs:755	examples/features/io/files_depth.jet:54;tests/conformance/corpus/core/files/temp_file.jet:1;tests/conformance/corpus/core/files/temp_file.jet:5;tests/conformance/corpus/core/net/sendfile.jet:6	crates/jet-codegen/src/Prelude/CoreLib/Top/FSWriteOps.rs:69;crates/jet-codegen/src/Prelude/CoreLib/Top/FSWriteOps.rs:83;crates/jet-codegen/src/Prelude/CoreLib/Top/FSWriteOps.rs:103;crates/jet-codegen/src/Prelude/CoreLib/Top/FSWriteOps.rs:105;crates/jet-codegen/src/Prelude/CoreLib/Top/FSWriteOps.rs:114;crates/jet-codegen/src/Prelude/CoreLib/Top/FSWriteOps.rs:123;crates/jet-codegen/src/Prelude/CoreLib/Top/FSWriteOps.rs:131;crates/jet-foundation/src/CoreModuleExports.rs:316;crates/jet-foundation/src/Syntax/core_calls.rs:1271;crates/jet-foundation/src/Syntax/core_calls.rs:1548;crates/jet-jit/src/CoreHost.rs:1890;crates/jet-sema/src/Sema/CheckerCoreLib/fixed_sigs.rs:1319;crates/jet-sema/src/Sema/CheckerCoreLib/module_items.rs:755					
core_effect_leaf	core-call:core.files.walk	plain	core.files.walk	found					authority:application-boundary,authority:canonical-holds		crates/jet-foundation/src/Syntax/core_calls.rs:335;crates/jet-foundation/src/Syntax/core_calls.rs:336;crates/jet-foundation/src/Syntax/core_calls.rs:1539	crates/jet-codegen/src/Codegen/Context.rs:6550;crates/jet-codegen/src/Codegen/Context.rs:6570;crates/jet-codegen/src/Codegen/Context.rs:6579;crates/jet-codegen/src/Codegen/Context.rs:6606;crates/jet-codegen/src/Codegen/Imports.rs:240;crates/jet-codegen/src/Codegen/mod.rs:372;crates/jet-codegen/src/Codegen/TIR/artifact_plan.rs:630;crates/jet-codegen/src/Codegen/TIR/artifact_plan.rs:683;crates/jet-codegen/src/Codegen/TIR/artifact_plan.rs:990;crates/jet-codegen/src/Codegen/TIR/lower/functions.rs:732;crates/jet-codegen/src/Codegen/TIR/mir.rs:84;crates/jet-codegen/src/Codegen/TIR/mod.rs:2652;crates/jet-codegen/src/Codegen/TIR/mod.rs:2746;crates/jet-codegen/src/Codegen/TIR/mod.rs:10628;crates/jet-codegen/src/Codegen/TIR/routes.rs:923;crates/jet-codegen/src/Codegen/TIR/subset/core_calls.rs:387;crates/jet-codegen/src/Codegen/TIR/subset/core_calls.rs:389;crates/jet-codegen/src/Codegen/TIR/subset/expressions.rs:526	examples/features/basics/build/callbacks.rs:12226;examples/features/basics/build/callbacks.rs:12234;examples/features/basics/build/callbacks.rs:12255;examples/features/basics/build/callbacks.rs:12320;examples/features/basics/build/callbacks.rs:12332;examples/features/basics/build/callbacks.rs:12370;examples/features/basics/build/callbacks.rs:12377;examples/features/basics/build/callbacks.rs:12399;examples/features/basics/build/callbacks.rs:12406;examples/features/basics/build/callbacks.rs:12416;examples/features/basics/build/callbacks.rs:12422;examples/features/basics/build/callbacks.rs:12426;examples/features/basics/build/callbacks.rs:18739;examples/features/basics/build/callbacks.rs:43657;examples/features/basics/build/callbacks.rs:48268;examples/features/basics/build/callbacks.rs:50655;examples/features/basics/build/callbacks.rs:50672;examples/features/basics/build/callbacks.rs:50680	crates/jet-codegen/src/Codegen/Context.rs:6550;crates/jet-codegen/src/Codegen/Context.rs:6570;crates/jet-codegen/src/Codegen/Context.rs:6579;crates/jet-codegen/src/Codegen/Context.rs:6606;crates/jet-codegen/src/Codegen/Imports.rs:240;crates/jet-codegen/src/Codegen/mod.rs:372;crates/jet-codegen/src/Codegen/TIR/artifact_plan.rs:630;crates/jet-codegen/src/Codegen/TIR/artifact_plan.rs:683;crates/jet-codegen/src/Codegen/TIR/artifact_plan.rs:990;crates/jet-codegen/src/Codegen/TIR/lower/functions.rs:732;crates/jet-codegen/src/Codegen/TIR/mir.rs:84;crates/jet-codegen/src/Codegen/TIR/mod.rs:2652;crates/jet-codegen/src/Codegen/TIR/mod.rs:2746;crates/jet-codegen/src/Codegen/TIR/mod.rs:10628;crates/jet-codegen/src/Codegen/TIR/routes.rs:923;crates/jet-codegen/src/Codegen/TIR/subset/core_calls.rs:387;crates/jet-codegen/src/Codegen/TIR/subset/core_calls.rs:389;crates/jet-codegen/src/Codegen/TIR/subset/expressions.rs:526					
core_effect_leaf	core-call:core.files.walk_files	plain	core.files.walk_files	found					authority:application-boundary,authority:canonical-holds		crates/jet-foundation/src/Syntax/core_calls.rs:335;crates/jet-foundation/src/Syntax/core_calls.rs:336;crates/jet-foundation/src/Syntax/core_calls.rs:1541	crates/jet-codegen/src/Codegen/TIR/subset/core_calls.rs:389;crates/jet-codegen/src/Prelude/Core.jet:56;crates/jet-codegen/src/Prelude/Core.jet:171;crates/jet-codegen/src/Prelude/Core.jet:1458;crates/jet-codegen/src/Prelude/Diagnostics.jet:360;crates/jet-comptime/src/Comptime/Methods/core_calls/impure.rs:138;crates/jet-comptime/src/Comptime/Methods/core_calls/impure.rs:203;crates/jet-foundation/src/CoreModuleExports.rs:316;crates/jet-foundation/src/Syntax/core_calls.rs:1052;crates/jet-foundation/src/Syntax/core_calls.rs:1258;crates/jet-foundation/src/Syntax/core_calls.rs:1541;crates/jet-sema/src/Sema/CheckerCoreLib/core_call.rs:3476;crates/jet-sema/src/Sema/CheckerCoreLib/fixed_sigs.rs:1284;crates/jet-sema/src/Sema/CheckerCoreLib/fixed_sigs.rs:5493;crates/jet-sema/src/Sema/CheckerCoreLib/module_items.rs:748;crates/jet-sema/src/Sema/CheckerInfer/stdlib_lints.rs:182;crates/jet-sema/src/Sema/CheckerInfer/stdlib_lints.rs:193;crates/jetpack/batteries/cli/cli.jet:67	examples/features/io/walk_files.jet:12;tests/conformance/corpus/core/files/walk_files.jet:1;tests/conformance/corpus/core/files/walk_files.jet:11;tests/diagnostic_snapshots.rs:1288;tests/support/corpus_policy.rs:162	crates/jet-codegen/src/Codegen/TIR/subset/core_calls.rs:389;crates/jet-comptime/src/Comptime/Methods/core_calls/impure.rs:138;crates/jet-comptime/src/Comptime/Methods/core_calls/impure.rs:203;crates/jet-foundation/src/CoreModuleExports.rs:316;crates/jet-foundation/src/Syntax/core_calls.rs:1052;crates/jet-foundation/src/Syntax/core_calls.rs:1258;crates/jet-foundation/src/Syntax/core_calls.rs:1541;crates/jet-sema/src/Sema/CheckerCoreLib/core_call.rs:3476;crates/jet-sema/src/Sema/CheckerCoreLib/fixed_sigs.rs:1284;crates/jet-sema/src/Sema/CheckerCoreLib/fixed_sigs.rs:5493;crates/jet-sema/src/Sema/CheckerCoreLib/module_items.rs:748;crates/jet-sema/src/Sema/CheckerInfer/stdlib_lints.rs:182;crates/jet-sema/src/Sema/CheckerInfer/stdlib_lints.rs:193;crates/jetpack/src/CLI/format.rs:247;crates/jetpack/src/CLI/format.rs:259;crates/jetpack/src/CLI/format.rs:270;crates/jetpack/src/CLI/format.rs:287					
core_effect_leaf	core-call:core.files.walk_parallel	plain	core.files.walk_parallel	found					authority:application-boundary,authority:canonical-holds		crates/jet-foundation/src/Syntax/core_calls.rs:335;crates/jet-foundation/src/Syntax/core_calls.rs:336;crates/jet-foundation/src/Syntax/core_calls.rs:1540	crates/jet-codegen/src/Codegen/TIR/subset/core_calls.rs:389;crates/jet-codegen/src/Prelude/Core.jet:56;crates/jet-codegen/src/Prelude/Core.jet:170;crates/jet-codegen/src/Prelude/Core.jet:1457;crates/jet-comptime/src/Comptime/Methods/core_calls/impure.rs:137;crates/jet-comptime/src/Comptime/Methods/core_calls/impure.rs:178;crates/jet-devserver/src/WatchService.rs:852;crates/jet-foundation/src/CoreModuleExports.rs:316;crates/jet-foundation/src/Syntax/core_calls.rs:1051;crates/jet-foundation/src/Syntax/core_calls.rs:1257;crates/jet-foundation/src/Syntax/core_calls.rs:1540;crates/jet-sema/src/Sema/CheckerCoreLib/core_call.rs:3476;crates/jet-sema/src/Sema/CheckerCoreLib/fixed_sigs.rs:1282;crates/jet-sema/src/Sema/CheckerCoreLib/fixed_sigs.rs:1284;crates/jet-sema/src/Sema/CheckerCoreLib/fixed_sigs.rs:5493;crates/jet-sema/src/Sema/CheckerCoreLib/module_items.rs:747	examples/features/io/grep_scan.jet:14;examples/features/io/parallel_grep.jet:13;tests/conformance/corpus/core/files/walk_parallel.jet:1;tests/conformance/corpus/core/files/walk_parallel.jet:11;tests/corelib_parts/platform.rs:86;tests/ui_lint/walk_files_filter.jet:35	crates/jet-codegen/src/Codegen/TIR/subset/core_calls.rs:389;crates/jet-comptime/src/Comptime/Methods/core_calls/impure.rs:137;crates/jet-comptime/src/Comptime/Methods/core_calls/impure.rs:178;crates/jet-devserver/src/WatchService.rs:852;crates/jet-foundation/src/CoreModuleExports.rs:316;crates/jet-foundation/src/Syntax/core_calls.rs:1051;crates/jet-foundation/src/Syntax/core_calls.rs:1257;crates/jet-foundation/src/Syntax/core_calls.rs:1540;crates/jet-sema/src/Sema/CheckerCoreLib/core_call.rs:3476;crates/jet-sema/src/Sema/CheckerCoreLib/fixed_sigs.rs:1282;crates/jet-sema/src/Sema/CheckerCoreLib/fixed_sigs.rs:1284;crates/jet-sema/src/Sema/CheckerCoreLib/fixed_sigs.rs:5493;crates/jet-sema/src/Sema/CheckerCoreLib/module_items.rs:747					
core_effect_leaf	core-call:core.files.write	plain	core.files.write	found					authority:application-boundary,authority:canonical-holds		crates/jet-foundation/src/Syntax/core_calls.rs:335;crates/jet-foundation/src/Syntax/core_calls.rs:336;crates/jet-foundation/src/Syntax/core_calls.rs:1518	crates/jet-cli/src/CLI.rs:75;crates/jet-cli/src/CLI.rs:76;crates/jet-cli/src/CLI.rs:77;crates/jet-cli/src/CLI.rs:78;crates/jet-cli/src/CLI.rs:79;crates/jet-cli/src/CLI.rs:97;crates/jet-cli/src/CLI.rs:727;crates/jet-cli/src/CLI.rs:859;crates/jet-cli/src/CLI.rs:866;crates/jet-cli/src/CLI.rs:873;crates/jet-cli/src/CLI.rs:1869;crates/jet-cli/src/CommandHarness.rs:404;crates/jet-cli/src/CommandHarness.rs:406;crates/jet-cli/src/DynamicCompletions.rs:544;crates/jet-cli/src/DynamicCompletions.rs:545;crates/jet-cli/src/DynamicCompletions.rs:547;crates/jet-cli/src/DynamicCompletions.rs:550;crates/jet-cli/src/DynamicCompletions.rs:552	crates/jet-sema/tests/generic_module_body.rs:492;crates/jet-sema/tests/generic_module_body.rs:497;crates/jet-sema/tests/generic_module_body.rs:517;crates/jet-sema/tests/generic_module_body.rs:522;crates/jet-sema/tests/generic_module_body.rs:527;crates/jet-sema/tests/generic_module_body.rs:528;crates/jet-sema/tests/generic_module_body.rs:534;crates/jet-sema/tests/generic_module_body.rs:543;crates/jetpack-bin/tests/build_plugin_e2e.rs:145;crates/jetpack-bin/tests/build_plugin_e2e.rs:152;crates/jetpack-bin/tests/build_plugin_e2e.rs:198;crates/jetpack-bin/tests/build_plugin_e2e.rs:204;crates/jetpack-bin/tests/build_plugin_e2e.rs:228;crates/jetpack-bin/tests/build_plugin_e2e.rs:234;crates/jetpack-bin/tests/build_plugin_e2e.rs:249;crates/jetpack-bin/tests/build_plugin_e2e.rs:257;crates/jetpack-bin/tests/build_plugin_e2e.rs:276;crates/jetpack-bin/tests/build_plugin_e2e.rs:284	crates/jet-cli/src/CLI.rs:75;crates/jet-cli/src/CLI.rs:76;crates/jet-cli/src/CLI.rs:77;crates/jet-cli/src/CLI.rs:78;crates/jet-cli/src/CLI.rs:79;crates/jet-cli/src/CLI.rs:97;crates/jet-cli/src/CLI.rs:727;crates/jet-cli/src/CLI.rs:859;crates/jet-cli/src/CLI.rs:866;crates/jet-cli/src/CLI.rs:873;crates/jet-cli/src/CLI.rs:1869;crates/jet-cli/src/CommandHarness.rs:404;crates/jet-cli/src/CommandHarness.rs:406;crates/jet-cli/src/DynamicCompletions.rs:544;crates/jet-cli/src/DynamicCompletions.rs:545;crates/jet-cli/src/DynamicCompletions.rs:547;crates/jet-cli/src/DynamicCompletions.rs:550;crates/jet-cli/src/DynamicCompletions.rs:552					
core_effect_leaf	core-call:core.files.write_at	plain	core.files.write_at	found					authority:application-boundary,authority:canonical-holds		crates/jet-foundation/src/Syntax/core_calls.rs:335;crates/jet-foundation/src/Syntax/core_calls.rs:336;crates/jet-foundation/src/Syntax/core_calls.rs:1544	crates/jet-codegen/src/Prelude/Core.jet:56;crates/jet-codegen/src/Prelude/Core.jet:174;crates/jet-codegen/src/Prelude/Core.jet:1652;crates/jet-foundation/src/CoreModuleExports.rs:316;crates/jet-foundation/src/Syntax/core_calls.rs:1066;crates/jet-foundation/src/Syntax/core_calls.rs:1452;crates/jet-foundation/src/Syntax/core_calls.rs:1544;crates/jet-jit/src/CoreHost.rs:1658;crates/jet-jit/src/CoreHost.rs:1661;crates/jet-jit/src/CoreHost.rs:1665;crates/jet-sema/src/Sema/CheckerCoreLib/fixed_sigs.rs:1299;crates/jet-sema/src/Sema/CheckerCoreLib/module_items.rs:751	examples/features/io/files_depth.jet:18;tests/conformance/corpus/core/files/write_at.jet:1;tests/conformance/corpus/core/files/write_at.jet:10	crates/jet-foundation/src/CoreModuleExports.rs:316;crates/jet-foundation/src/Syntax/core_calls.rs:1066;crates/jet-foundation/src/Syntax/core_calls.rs:1452;crates/jet-foundation/src/Syntax/core_calls.rs:1544;crates/jet-jit/src/CoreHost.rs:1658;crates/jet-jit/src/CoreHost.rs:1661;crates/jet-jit/src/CoreHost.rs:1665;crates/jet-sema/src/Sema/CheckerCoreLib/fixed_sigs.rs:1299;crates/jet-sema/src/Sema/CheckerCoreLib/module_items.rs:751					
core_effect_leaf	core-call:core.files.write_atomic	plain	core.files.write_atomic	found					authority:application-boundary,authority:canonical-holds		crates/jet-foundation/src/Syntax/core_calls.rs:335;crates/jet-foundation/src/Syntax/core_calls.rs:336;crates/jet-foundation/src/Syntax/core_calls.rs:1546	crates/jet-codegen/src/Codegen/TIR/mod.rs:10626;crates/jet-codegen/src/Codegen/TIR/routes.rs:922;crates/jet-codegen/src/Codegen/TIR/subset/handles.rs:497;crates/jet-codegen/src/Prelude/Core.jet:56;crates/jet-codegen/src/Prelude/Core.jet:176;crates/jet-codegen/src/Prelude/Core.jet:1654;crates/jet-foundation/src/CoreModuleExports.rs:316;crates/jet-foundation/src/Syntax/core_calls.rs:1060;crates/jet-foundation/src/Syntax/core_calls.rs:1454;crates/jet-foundation/src/Syntax/core_calls.rs:1546;crates/jet-jit/src/CoreHost.rs:1684;crates/jet-jit/src/CoreHost.rs:1695;crates/jet-jit/src/CoreHost.rs:1701;crates/jet-sema/src/Sema/CheckerCoreLib/fixed_sigs.rs:1311;crates/jet-sema/src/Sema/CheckerCoreLib/module_items.rs:753;crates/jet-sema/src/Sema/CheckerCoreLib/net_text_time.rs:1399;crates/jet-sema/src/Sema/CheckerCoreLib/net_text_time.rs:1402;crates/jetpack/src/BuildDebug.rs:93	examples/features/crypto/crypto_migration.jet:33;examples/features/crypto/crypto_suite.jet:49;examples/features/foundations/storage/cache.jet:11;examples/features/io/files_depth.jet:29;tests/conformance/corpus/core/crypto/file_open.jet:15;tests/conformance/corpus/core/crypto/file_seal.jet:12;tests/conformance/corpus/core/files/write_atomic.jet:1;tests/conformance/corpus/core/files/write_atomic.jet:9;tests/fuzz/sema/differential/ex_crypto_crypto_migration.jet:33;tests/fuzz/sema/valid/ex_crypto_crypto_suite.jet:45;tests/path_durability.rs:85;tests/path_durability.rs:119;tests/path_durability.rs:144;tests/path_durability.rs:235;tests/path_durability.rs:236;tests/path_durability.rs:300;tests/path_durability.rs:307	crates/jet-codegen/src/Codegen/TIR/mod.rs:10626;crates/jet-codegen/src/Codegen/TIR/routes.rs:922;crates/jet-codegen/src/Codegen/TIR/subset/handles.rs:497;crates/jet-foundation/src/CoreModuleExports.rs:316;crates/jet-foundation/src/Syntax/core_calls.rs:1060;crates/jet-foundation/src/Syntax/core_calls.rs:1454;crates/jet-foundation/src/Syntax/core_calls.rs:1546;crates/jet-jit/src/CoreHost.rs:1684;crates/jet-jit/src/CoreHost.rs:1695;crates/jet-jit/src/CoreHost.rs:1701;crates/jet-sema/src/Sema/CheckerCoreLib/fixed_sigs.rs:1311;crates/jet-sema/src/Sema/CheckerCoreLib/module_items.rs:753;crates/jet-sema/src/Sema/CheckerCoreLib/net_text_time.rs:1399;crates/jet-sema/src/Sema/CheckerCoreLib/net_text_time.rs:1402;crates/jetpack/src/BuildDebug.rs:93;crates/jetpack/src/BuildDebug.rs:97;crates/jetpack/src/BuildDebug.rs:103;crates/jetpack/src/BuildDebug.rs:104					
core_effect_leaf	core-call:core.files.write_bytes	plain	core.files.write_bytes	found					authority:application-boundary,authority:canonical-holds		crates/jet-foundation/src/Syntax/core_calls.rs:335;crates/jet-foundation/src/Syntax/core_calls.rs:336;crates/jet-foundation/src/Syntax/core_calls.rs:1519	crates/jet-codegen/src/Codegen/TIR/lower/builtins.rs:411;crates/jet-codegen/src/Codegen/TIR/lower/builtins.rs:1007;crates/jet-codegen/src/Codegen/TIR/routes.rs:732;crates/jet-codegen/src/Codegen/TIR/routes.rs:737;crates/jet-codegen/src/Codegen/TIR/routes.rs:809;crates/jet-codegen/src/Codegen/TIR/subset/builtin_methods.rs:101;crates/jet-codegen/src/Codegen/TIR/subset/handles.rs:230;crates/jet-codegen/src/Codegen/TIR/subset/handles.rs:235;crates/jet-codegen/src/Codegen/TIR/tests.rs:1592;crates/jet-codegen/src/Prelude/Core.jet:56;crates/jet-codegen/src/Prelude/Core.jet:149;crates/jet-codegen/src/Prelude/Core.jet:1653;crates/jet-codegen/src/Prelude/Core/Bytes.rs:83;crates/jet-codegen/src/Prelude/Core/Bytes.rs:87;crates/jet-codegen/src/Prelude/CoreLib/ProcessPty.rs:451;crates/jet-codegen/src/Prelude/CoreLib/ProcessPty.rs:770;crates/jet-codegen/src/Prelude/CoreLib/ProcessPty.rs:1169;crates/jet-codegen/src/Prelude/CoreLib/Top/EncodingStream.rs:1099	examples/embedded/wasi/run.jet:10;examples/features/basics/build/callbacks.rs:11987;examples/features/basics/build/callbacks.rs:11991;examples/features/basics/build/callbacks.rs:19579;examples/features/basics/build/callbacks.rs:54177;examples/features/basics/build/callbacks.rs:54197;examples/features/basics/build/callbacks.rs:54200;examples/features/basics/build/callbacks.rs:54201;examples/features/basics/build/callbacks.rs:54202;examples/features/basics/build/callbacks.rs:54203;examples/features/basics/build/callbacks.rs:54204;examples/features/basics/build/callbacks.rs:54205;examples/features/basics/build/callbacks.rs:54206;examples/features/basics/build/callbacks.rs:54211;examples/features/basics/build/callbacks.rs:54215;examples/features/basics/build/callbacks.rs:54219;examples/features/basics/build/callbacks.rs:54224;examples/features/basics/build/callbacks.rs:54316	crates/jet-codegen/src/Codegen/TIR/lower/builtins.rs:411;crates/jet-codegen/src/Codegen/TIR/lower/builtins.rs:1007;crates/jet-codegen/src/Codegen/TIR/routes.rs:732;crates/jet-codegen/src/Codegen/TIR/routes.rs:737;crates/jet-codegen/src/Codegen/TIR/routes.rs:809;crates/jet-codegen/src/Codegen/TIR/subset/builtin_methods.rs:101;crates/jet-codegen/src/Codegen/TIR/subset/handles.rs:230;crates/jet-codegen/src/Codegen/TIR/subset/handles.rs:235;crates/jet-codegen/src/Codegen/TIR/tests.rs:1592;crates/jet-codegen/src/Prelude/Core/Bytes.rs:83;crates/jet-codegen/src/Prelude/Core/Bytes.rs:87;crates/jet-codegen/src/Prelude/CoreLib/ProcessPty.rs:451;crates/jet-codegen/src/Prelude/CoreLib/ProcessPty.rs:770;crates/jet-codegen/src/Prelude/CoreLib/ProcessPty.rs:1169;crates/jet-codegen/src/Prelude/CoreLib/Top/EncodingStream.rs:1099;crates/jet-codegen/src/Prelude/CoreLib/Top/EncodingStream.rs:1119;crates/jet-codegen/src/Prelude/CoreLib/Top/EncodingStream.rs:1122;crates/jet-codegen/src/Prelude/CoreLib/Top/EncodingStream.rs:1123					
core_effect_leaf	core-call:core.http.client.get	plain	core.http.client.get	missing					authority:application-boundary,authority:canonical-holds		crates/jet-foundation/src/Syntax/core_calls.rs:413;crates/jet-foundation/src/Syntax/core_calls.rs:431	crates/jet-cli/src/AdaptiveTable.rs:298;crates/jet-cli/src/AdaptiveTable.rs:457;crates/jet-cli/src/AdaptiveTable.rs:473;crates/jet-cli/src/AdaptiveTable.rs:481;crates/jet-cli/src/AdaptiveTable.rs:508;crates/jet-cli/src/CLI.rs:376;crates/jet-cli/src/CLI.rs:394;crates/jet-cli/src/CLI.rs:410;crates/jet-cli/src/CLI.rs:437;crates/jet-cli/src/CLI.rs:1562;crates/jet-cli/src/CLI.rs:1569;crates/jet-cli/src/CLI.rs:1604;crates/jet-cli/src/CLI.rs:1774;crates/jet-cli/src/Help/Interactive.rs:383;crates/jet-cli/src/Help/Interactive.rs:403;crates/jet-cli/src/Help/Interactive.rs:406;crates/jet-cli/src/Help/Interactive.rs:413;crates/jet-cli/src/Help/Interactive.rs:417	crates/jetpack-bin/tests/build_plugin_e2e.rs:99;crates/jetpack-bin/tests/build_plugin_e2e.rs:100;crates/jetpack-bin/tests/build_plugin_e2e.rs:101;crates/jetpack-bin/tests/build_plugin_e2e.rs:102;crates/jetpack-bin/tests/build_plugin_e2e.rs:103;crates/jetpack-bin/tests/build_plugin_e2e.rs:107;crates/jetpack-bin/tests/build_plugin_e2e.rs:108;crates/jetpack-bin/tests/build_plugin_e2e.rs:109;crates/jetpack/src/Store/Tests/tests/late.rs:29;crates/jetpack/src/Store/Tests/tests/late.rs:40;crates/jetpack/src/Store/Tests/tests/late.rs:108;crates/jetpack/src/Store/Tests/tests/late.rs:139;crates/jetpack/src/Store/Tests/tests/late.rs:398;crates/jetpack/src/Store/Tests/tests/late.rs:399;crates/jetpack/src/Store/Tests/tests/late.rs:537;crates/jetpack/src/Store/Tests/tests/nix_projection.rs:47;crates/jetpack/src/Store/Tests/tests/nix_projection.rs:437;crates/jetpack/src/Store/Tests/tests/nix_projection.rs:518	crates/jet-cli/src/AdaptiveTable.rs:298;crates/jet-cli/src/AdaptiveTable.rs:457;crates/jet-cli/src/AdaptiveTable.rs:473;crates/jet-cli/src/AdaptiveTable.rs:481;crates/jet-cli/src/AdaptiveTable.rs:508;crates/jet-cli/src/CLI.rs:376;crates/jet-cli/src/CLI.rs:394;crates/jet-cli/src/CLI.rs:410;crates/jet-cli/src/CLI.rs:437;crates/jet-cli/src/CLI.rs:1562;crates/jet-cli/src/CLI.rs:1569;crates/jet-cli/src/CLI.rs:1604;crates/jet-cli/src/CLI.rs:1774;crates/jet-cli/src/Help/Interactive.rs:383;crates/jet-cli/src/Help/Interactive.rs:403;crates/jet-cli/src/Help/Interactive.rs:406;crates/jet-cli/src/Help/Interactive.rs:413;crates/jet-cli/src/Help/Interactive.rs:417					
core_effect_leaf	core-call:core.http.client.post	plain	core.http.client.post	missing					authority:application-boundary,authority:canonical-holds		crates/jet-foundation/src/Syntax/core_calls.rs:413;crates/jet-foundation/src/Syntax/core_calls.rs:431	crates/jet-codegen/src/Codegen/Context.rs:4252;crates/jet-codegen/src/Codegen/Context.rs:5251;crates/jet-codegen/src/Codegen/Context.rs:5747;crates/jet-codegen/src/Codegen/Context.rs:6362;crates/jet-codegen/src/Codegen/TIR/lower/control_flow.rs:1303;crates/jet-codegen/src/Codegen/TIR/lower/expressions.rs:3135;crates/jet-codegen/src/Codegen/TIR/lower/expressions.rs:3190;crates/jet-codegen/src/Codegen/TIR/lower/expressions.rs:5439;crates/jet-codegen/src/Codegen/TIR/lower/functions.rs:686;crates/jet-codegen/src/Codegen/TIR/lower/functions.rs:711;crates/jet-codegen/src/Codegen/TIR/lower/functions.rs:712;crates/jet-codegen/src/Codegen/TIR/lower/functions.rs:721;crates/jet-codegen/src/Codegen/TIR/lower/method_calls.rs:6077;crates/jet-codegen/src/Codegen/TIR/lower/method_calls.rs:6482;crates/jet-codegen/src/Codegen/TIR/lower/method_calls.rs:7926;crates/jet-codegen/src/Codegen/TIR/lower/method_calls.rs:7935;crates/jet-codegen/src/Codegen/TIR/lower/method_calls.rs:7942;crates/jet-codegen/src/Codegen/TIR/lower/statements.rs:253	crates/jetpack-bin/tests/compiler_extension_e2e.rs:13;examples/features/basics/build/callbacks.rs:29172;examples/features/basics/build/callbacks.rs:29222;examples/features/basics/build/callbacks.rs:53438;examples/features/basics/build/compound.rs:29172;examples/features/basics/build/compound.rs:29222;examples/features/basics/build/compound.rs:53438;examples/features/basics/build/numbers.rs:29172;examples/features/basics/build/numbers.rs:29222;examples/features/basics/build/numbers.rs:53438;examples/features/lowlevel/cbind/build/run.rs:29179;examples/features/lowlevel/cbind/build/run.rs:29229;examples/features/lowlevel/cbind/build/run.rs:53465;examples/features/math/ml_battery/run.jet:52;examples/features/memory/program_allocator/build/main.rs:21741;examples/features/memory/program_allocator/build/main.rs:21791;examples/features/memory/program_allocator/build/main.rs:44002;examples/features/memory/program_allocator/build/run.rs:29769	crates/jet-codegen/src/Codegen/Context.rs:4252;crates/jet-codegen/src/Codegen/Context.rs:5251;crates/jet-codegen/src/Codegen/Context.rs:5747;crates/jet-codegen/src/Codegen/Context.rs:6362;crates/jet-codegen/src/Codegen/TIR/lower/control_flow.rs:1303;crates/jet-codegen/src/Codegen/TIR/lower/expressions.rs:3135;crates/jet-codegen/src/Codegen/TIR/lower/expressions.rs:3190;crates/jet-codegen/src/Codegen/TIR/lower/expressions.rs:5439;crates/jet-codegen/src/Codegen/TIR/lower/functions.rs:686;crates/jet-codegen/src/Codegen/TIR/lower/functions.rs:711;crates/jet-codegen/src/Codegen/TIR/lower/functions.rs:712;crates/jet-codegen/src/Codegen/TIR/lower/functions.rs:721;crates/jet-codegen/src/Codegen/TIR/lower/method_calls.rs:6077;crates/jet-codegen/src/Codegen/TIR/lower/method_calls.rs:6482;crates/jet-codegen/src/Codegen/TIR/lower/method_calls.rs:7926;crates/jet-codegen/src/Codegen/TIR/lower/method_calls.rs:7935;crates/jet-codegen/src/Codegen/TIR/lower/method_calls.rs:7942;crates/jet-codegen/src/Codegen/TIR/lower/statements.rs:253					
core_effect_leaf	core-call:core.http.client.request	plain	core.http.client.request	missing					authority:application-boundary,authority:canonical-holds		crates/jet-foundation/src/Syntax/core_calls.rs:413;crates/jet-foundation/src/Syntax/core_calls.rs:431	crates/jet-cli/src/CLI.rs:357;crates/jet-cli/src/CLI.rs:811;crates/jet-cli/src/CLI.rs:1895;crates/jet-cli/src/CLI.rs:2329;crates/jet-cli/src/CLI.rs:2330;crates/jet-cli/src/CLI.rs:2331;crates/jet-cli/src/CLI.rs:2332;crates/jet-cli/src/DynamicCompletions.rs:16;crates/jet-cli/src/DynamicCompletions.rs:69;crates/jet-cli/src/DynamicCompletions.rs:71;crates/jet-cli/src/DynamicCompletions.rs:85;crates/jet-cli/src/DynamicCompletions.rs:310;crates/jet-cli/src/DynamicCompletions.rs:377;crates/jet-cli/src/DynamicCompletions.rs:394;crates/jet-cli/src/DynamicCompletions.rs:413;crates/jet-cli/src/DynamicCompletions.rs:432;crates/jet-cli/src/DynamicCompletions.rs:615;crates/jet-cli/src/DynamicCompletions.rs:617	crates/jet-comptime/tests/tls_tier2.rs:71;crates/jet-comptime/tests/tls_tier2.rs:72;crates/jet-comptime/tests/tls_tier2.rs:77;crates/jetpack-bin/tests/build_plugin_e2e.rs:111;crates/jetpack/src/Store/Tests/tests/late.rs:597;crates/jetpack/src/Store/Tests/tests/late.rs:608;crates/jetpack/src/Store/Tests/tests/late.rs:1212;crates/jetpack/src/Store/Tests/tests/late.rs:1223;crates/jetpack/src/Store/Tests/tests/late.rs:1224;crates/jetpack/src/Store/Tests/tests/nix_projection.rs:751;crates/jetpack/src/Store/Tests/tests/nix_projection.rs:752;crates/jetpack/src/Store/Tests/tests/nix_projection.rs:753;crates/jetpack/src/Store/Tests/tests/nix_projection.rs:755;examples/features/basics/build/callbacks.rs:9640;examples/features/basics/build/callbacks.rs:60687;examples/features/basics/build/callbacks.rs:62833;examples/features/basics/build/callbacks.rs:62843;examples/features/basics/build/callbacks.rs:62844	crates/jet-cli/src/CLI.rs:357;crates/jet-cli/src/CLI.rs:811;crates/jet-cli/src/CLI.rs:1895;crates/jet-cli/src/CLI.rs:2329;crates/jet-cli/src/CLI.rs:2330;crates/jet-cli/src/CLI.rs:2331;crates/jet-cli/src/CLI.rs:2332;crates/jet-cli/src/DynamicCompletions.rs:16;crates/jet-cli/src/DynamicCompletions.rs:69;crates/jet-cli/src/DynamicCompletions.rs:71;crates/jet-cli/src/DynamicCompletions.rs:85;crates/jet-cli/src/DynamicCompletions.rs:310;crates/jet-cli/src/DynamicCompletions.rs:377;crates/jet-cli/src/DynamicCompletions.rs:394;crates/jet-cli/src/DynamicCompletions.rs:413;crates/jet-cli/src/DynamicCompletions.rs:432;crates/jet-cli/src/DynamicCompletions.rs:615;crates/jet-cli/src/DynamicCompletions.rs:617					
core_effect_leaf	core-call:core.http.server.serve	plain	core.http.server.serve	found					authority:application-boundary,authority:canonical-holds		crates/jet-foundation/src/Syntax/core_calls.rs:413;crates/jet-foundation/src/Syntax/core_calls.rs:431;crates/jet-foundation/src/Syntax/core_calls.rs:2434	crates/jet-cli/src/CLI.rs:1693;crates/jet-cli/src/CLI.rs:2031;crates/jet-cli/src/DynamicCompletions.rs:669;crates/jet-codegen/src/Codegen/MIREval.rs:2509;crates/jet-codegen/src/Codegen/MIREval.rs:2511;crates/jet-codegen/src/Codegen/MIREval.rs:2533;crates/jet-codegen/src/Codegen/MIREval.rs:2538;crates/jet-codegen/src/Codegen/MIRRust.rs:3477;crates/jet-codegen/src/Codegen/mod.rs:3373;crates/jet-codegen/src/Codegen/mod.rs:3687;crates/jet-codegen/src/Codegen/TIR/lower/core_calls.rs:276;crates/jet-codegen/src/Codegen/TIR/lower/core_calls.rs:279;crates/jet-codegen/src/Codegen/TIR/lower/core_calls.rs:693;crates/jet-codegen/src/Codegen/TIR/lower/core_calls.rs:697;crates/jet-codegen/src/Codegen/TIR/lower/core_calls.rs:701;crates/jet-codegen/src/Codegen/TIR/lower/core_calls.rs:708;crates/jet-codegen/src/Codegen/TIR/lower/method_calls.rs:3206;crates/jet-codegen/src/Codegen/TIR/lower/method_calls.rs:3211	crates/jetpack/src/CLI/usage_tests.rs:115;crates/jetpack/src/CLI/usage_tests.rs:171;examples/continuity/script_to_system/run.jet:15;examples/continuity/script_to_system/run.jet:20;examples/continuity/script_to_system/run.jet:28;examples/features/basics/build/callbacks.rs:3588;examples/features/basics/build/callbacks.rs:13841;examples/features/basics/build/compound.rs:3588;examples/features/basics/build/compound.rs:13841;examples/features/basics/build/hello.rs:1907;examples/features/basics/build/hello.rs:9253;examples/features/basics/build/numbers.rs:3588;examples/features/basics/build/numbers.rs:13841;examples/features/cli/subcommands.jet:5;examples/features/cli/subcommands.jet:7;examples/features/cli/subcommands.jet:17;examples/features/cli/subcommands.jet:18;examples/features/functions/never_return.jet:19	crates/jet-cli/src/CLI.rs:1693;crates/jet-cli/src/CLI.rs:2031;crates/jet-cli/src/DynamicCompletions.rs:669;crates/jet-codegen/src/Codegen/MIREval.rs:2509;crates/jet-codegen/src/Codegen/MIREval.rs:2511;crates/jet-codegen/src/Codegen/MIREval.rs:2533;crates/jet-codegen/src/Codegen/MIREval.rs:2538;crates/jet-codegen/src/Codegen/MIRRust.rs:3477;crates/jet-codegen/src/Codegen/mod.rs:3373;crates/jet-codegen/src/Codegen/mod.rs:3687;crates/jet-codegen/src/Codegen/TIR/lower/core_calls.rs:276;crates/jet-codegen/src/Codegen/TIR/lower/core_calls.rs:279;crates/jet-codegen/src/Codegen/TIR/lower/core_calls.rs:693;crates/jet-codegen/src/Codegen/TIR/lower/core_calls.rs:697;crates/jet-codegen/src/Codegen/TIR/lower/core_calls.rs:701;crates/jet-codegen/src/Codegen/TIR/lower/core_calls.rs:708;crates/jet-codegen/src/Codegen/TIR/lower/method_calls.rs:3206;crates/jet-codegen/src/Codegen/TIR/lower/method_calls.rs:3211					
core_effect_leaf	core-call:core.http.server.serve_once	plain	core.http.server.serve_once	found					authority:application-boundary,authority:canonical-holds		crates/jet-foundation/src/Syntax/core_calls.rs:413;crates/jet-foundation/src/Syntax/core_calls.rs:431;crates/jet-foundation/src/Syntax/core_calls.rs:2435	crates/jet-codegen/src/Codegen/TIR/subset/core_calls.rs:188;crates/jet-codegen/src/Prelude/Core.jet:61;crates/jet-codegen/src/Prelude/Core.jet:1065;crates/jet-codegen/src/Prelude/Core.jet:1639;crates/jet-codegen/src/Prelude/CoreLib/Top/HTTPServer.rs:3745;crates/jet-foundation/src/CoreModuleExports.rs:336;crates/jet-foundation/src/Effects.rs:191;crates/jet-foundation/src/Syntax/core_calls.rs:429;crates/jet-foundation/src/Syntax/core_calls.rs:1439;crates/jet-foundation/src/Syntax/core_calls.rs:2435;crates/jet-sema/src/Sema/CheckerCoreLib/core_call.rs:6852;crates/jet-sema/src/Sema/CheckerCoreLib/core_call.rs:6855;crates/jet-sema/src/Sema/CheckerCoreLib/core_call.rs:6861;crates/jet-sema/src/Sema/CheckerCoreLib/module_items.rs:1571	examples/features/net/http_server_tasks.jet:1;tests/conformance/corpus/core/http/server/serve_once.jet:1;tests/conformance/corpus/core/http/server/serve_once.jet:6;tests/fuzz/sema/valid/ex_net_http_server_tasks.jet:1;tests/http_server_lifecycle.rs:5553;tests/http_server_lifecycle.rs:5588;tests/http_server_lifecycle.rs:5604	crates/jet-codegen/src/Codegen/TIR/subset/core_calls.rs:188;crates/jet-codegen/src/Prelude/CoreLib/Top/HTTPServer.rs:3745;crates/jet-foundation/src/CoreModuleExports.rs:336;crates/jet-foundation/src/Effects.rs:191;crates/jet-foundation/src/Syntax/core_calls.rs:429;crates/jet-foundation/src/Syntax/core_calls.rs:1439;crates/jet-foundation/src/Syntax/core_calls.rs:2435;crates/jet-sema/src/Sema/CheckerCoreLib/core_call.rs:6852;crates/jet-sema/src/Sema/CheckerCoreLib/core_call.rs:6855;crates/jet-sema/src/Sema/CheckerCoreLib/core_call.rs:6861;crates/jet-sema/src/Sema/CheckerCoreLib/module_items.rs:1571					
core_effect_leaf	core-call:core.http.server.serve_once_listener	plain	core.http.server.serve_once_listener	found					authority:application-boundary,authority:canonical-holds		crates/jet-foundation/src/Syntax/core_calls.rs:413;crates/jet-foundation/src/Syntax/core_calls.rs:431;crates/jet-foundation/src/Syntax/core_calls.rs:2436	crates/jet-codegen/src/Codegen/TIR/subset/core_calls.rs:189;crates/jet-codegen/src/Prelude/Core.jet:61;crates/jet-codegen/src/Prelude/Core.jet:1066;crates/jet-codegen/src/Prelude/Core.jet:1640;crates/jet-foundation/src/CoreModuleExports.rs:336;crates/jet-foundation/src/Effects.rs:191;crates/jet-foundation/src/Syntax/core_calls.rs:429;crates/jet-foundation/src/Syntax/core_calls.rs:1440;crates/jet-foundation/src/Syntax/core_calls.rs:2436;crates/jet-sema/src/Sema/CheckerCoreLib/core_call.rs:6868;crates/jet-sema/src/Sema/CheckerCoreLib/core_call.rs:6871;crates/jet-sema/src/Sema/CheckerCoreLib/core_call.rs:6878;crates/jet-sema/src/Sema/CheckerCoreLib/module_items.rs:1572	examples/features/math/ml_battery/run.jet:54;examples/features/math/ml_battery/run.jet:55;examples/features/net/http_rest_service.jet:22;examples/features/net/http_rest_service.jet:23;examples/features/net/http_rest_service.jet:24;examples/features/net/http_routes.jet:3;examples/features/net/http_routes.jet:26;examples/features/net/http_routes.jet:27;examples/features/net/http_routes.jet:28;examples/features/net/http_routes.jet:29;examples/features/net/http_server_limits.jet:12;examples/features/net/http_server_limits.jet:13;examples/features/net/http_server_tasks.jet:20;examples/features/net/http_server_trailers.jet:30;examples/features/net/http_web_defaults.jet:39;examples/features/net/http_web_defaults.jet:40;examples/features/net/http_web_defaults.jet:41;examples/features/net/http_web_defaults.jet:42	crates/jet-codegen/src/Codegen/TIR/subset/core_calls.rs:189;crates/jet-foundation/src/CoreModuleExports.rs:336;crates/jet-foundation/src/Effects.rs:191;crates/jet-foundation/src/Syntax/core_calls.rs:429;crates/jet-foundation/src/Syntax/core_calls.rs:1440;crates/jet-foundation/src/Syntax/core_calls.rs:2436;crates/jet-sema/src/Sema/CheckerCoreLib/core_call.rs:6868;crates/jet-sema/src/Sema/CheckerCoreLib/core_call.rs:6871;crates/jet-sema/src/Sema/CheckerCoreLib/core_call.rs:6878;crates/jet-sema/src/Sema/CheckerCoreLib/module_items.rs:1572					
core_effect_leaf	core-call:core.jobs.poll	plain	core.jobs.poll	missing					authority:application-boundary,authority:canonical-holds		crates/jet-foundation/src/Syntax/core_calls.rs:446;crates/jet-foundation/src/Syntax/core_calls.rs:447	crates/jet-codegen/src/Codegen/mod.rs:3807;crates/jet-codegen/src/Codegen/mod.rs:3814;crates/jet-codegen/src/Codegen/TIR/lower/method_calls.rs:5654;crates/jet-codegen/src/Codegen/TIR/subset/builtin_methods.rs:229;crates/jet-codegen/src/Prelude/Core.jet:97;crates/jet-codegen/src/Prelude/Core.jet:98;crates/jet-codegen/src/Prelude/Core.jet:839;crates/jet-codegen/src/Prelude/Core.jet:840;crates/jet-codegen/src/Prelude/CoreLib/Email.rs:840;crates/jet-codegen/src/Prelude/CoreLib/Email.rs:841;crates/jet-codegen/src/Prelude/CoreLib/JetStd/CommonTypes.rs:14;crates/jet-codegen/src/Prelude/CoreLib/JetStd/MathTaskMem.rs:662;crates/jet-codegen/src/Prelude/CoreLib/JetStd/MathTaskMem.rs:669;crates/jet-codegen/src/Prelude/CoreLib/JetStd/ReactiveEventWatch.rs:1991;crates/jet-codegen/src/Prelude/CoreLib/JetStd/ReactiveEventWatch.rs:2083;crates/jet-codegen/src/Prelude/CoreLib/JetStd/ReactiveEventWatch.rs:2145;crates/jet-codegen/src/Prelude/CoreLib/JetStd/ReactiveEventWatch.rs:2148;crates/jet-codegen/src/Prelude/CoreLib/JetStd/ReactiveEventWatch.rs:2153	examples/features/basics/build/callbacks.rs:45038;examples/features/basics/build/callbacks.rs:45045;examples/features/basics/build/callbacks.rs:47749;examples/features/basics/build/callbacks.rs:47821;examples/features/basics/build/callbacks.rs:47866;examples/features/basics/build/callbacks.rs:47869;examples/features/basics/build/callbacks.rs:47874;examples/features/basics/build/callbacks.rs:65245;examples/features/basics/build/callbacks.rs:66260;examples/features/basics/build/callbacks.rs:66635;examples/features/basics/build/callbacks.rs:66661;examples/features/basics/build/callbacks.rs:67410;examples/features/basics/build/callbacks.rs:67670;examples/features/basics/build/compound.rs:45038;examples/features/basics/build/compound.rs:45045;examples/features/basics/build/compound.rs:47749;examples/features/basics/build/compound.rs:47821;examples/features/basics/build/compound.rs:47866	crates/jet-codegen/src/Codegen/mod.rs:3807;crates/jet-codegen/src/Codegen/mod.rs:3814;crates/jet-codegen/src/Codegen/TIR/lower/method_calls.rs:5654;crates/jet-codegen/src/Codegen/TIR/subset/builtin_methods.rs:229;crates/jet-codegen/src/Prelude/CoreLib/Email.rs:840;crates/jet-codegen/src/Prelude/CoreLib/Email.rs:841;crates/jet-codegen/src/Prelude/CoreLib/JetStd/CommonTypes.rs:14;crates/jet-codegen/src/Prelude/CoreLib/JetStd/MathTaskMem.rs:662;crates/jet-codegen/src/Prelude/CoreLib/JetStd/MathTaskMem.rs:669;crates/jet-codegen/src/Prelude/CoreLib/JetStd/ReactiveEventWatch.rs:1991;crates/jet-codegen/src/Prelude/CoreLib/JetStd/ReactiveEventWatch.rs:2083;crates/jet-codegen/src/Prelude/CoreLib/JetStd/ReactiveEventWatch.rs:2145;crates/jet-codegen/src/Prelude/CoreLib/JetStd/ReactiveEventWatch.rs:2148;crates/jet-codegen/src/Prelude/CoreLib/JetStd/ReactiveEventWatch.rs:2153;crates/jet-codegen/src/Prelude/CoreLib/Top/HTTPServer.rs:1866;crates/jet-codegen/src/Prelude/CoreLib/Top/Process.rs:1995;crates/jet-codegen/src/Prelude/CoreLib/Top/ServiceAuthority.rs:3497;crates/jet-codegen/src/Prelude/DevServer.rs:5					
core_effect_leaf	core-call:core.jobs.wait	plain	core.jobs.wait	missing					authority:application-boundary,authority:canonical-holds		crates/jet-foundation/src/Syntax/core_calls.rs:446;crates/jet-foundation/src/Syntax/core_calls.rs:447	crates/jet-cli/src/Headless.rs:80;crates/jet-cli/src/Headless.rs:121;crates/jet-cli/src/Headless.rs:190;crates/jet-cli/src/Headless.rs:211;crates/jet-cli/src/Headless.rs:212;crates/jet-cli/src/Headless.rs:351;crates/jet-cli/src/Headless.rs:355;crates/jet-cli/src/Headless.rs:356;crates/jet-cli/src/Headless.rs:422;crates/jet-cli/src/Headless.rs:430;crates/jet-cli/src/Headless.rs:431;crates/jet-cli/src/Help/Interactive.rs:393;crates/jet-cli/src/Tape.rs:203;crates/jet-cli/src/Tape.rs:233;crates/jet-cli/src/Tape.rs:279;crates/jet-codegen/src/BrowserHost.rs:547;crates/jet-codegen/src/Codegen/MIREval.rs:4429;crates/jet-codegen/src/Codegen/MIREval.rs:4438	crates/jet-rt/tests/gc_collector.rs:133;crates/jet-rt/tests/gc_collector.rs:134;crates/jet-rt/tests/gc_collector.rs:140;crates/jet-rt/tests/gc_collector.rs:145;crates/jet-rt/tests/gc_collector.rs:276;crates/jet-rt/tests/gc_collector.rs:277;crates/jet-rt/tests/gc_collector.rs:286;crates/jet-rt/tests/gc_collector.rs:294;crates/jetpack-bin/tests/compiler_extension_e2e.rs:277;crates/jetpack/src/CLI/usage_tests.rs:121;crates/jetpack/src/CLI/usage_tests.rs:341;examples/features/basics/build/callbacks.rs:2926;examples/features/basics/build/callbacks.rs:2931;examples/features/basics/build/callbacks.rs:2937;examples/features/basics/build/callbacks.rs:9400;examples/features/basics/build/callbacks.rs:12331;examples/features/basics/build/callbacks.rs:14554;examples/features/basics/build/callbacks.rs:14556	crates/jet-cli/src/Headless.rs:80;crates/jet-cli/src/Headless.rs:121;crates/jet-cli/src/Headless.rs:190;crates/jet-cli/src/Headless.rs:211;crates/jet-cli/src/Headless.rs:212;crates/jet-cli/src/Headless.rs:351;crates/jet-cli/src/Headless.rs:355;crates/jet-cli/src/Headless.rs:356;crates/jet-cli/src/Headless.rs:422;crates/jet-cli/src/Headless.rs:430;crates/jet-cli/src/Headless.rs:431;crates/jet-cli/src/Help/Interactive.rs:393;crates/jet-cli/src/Tape.rs:203;crates/jet-cli/src/Tape.rs:233;crates/jet-cli/src/Tape.rs:279;crates/jet-codegen/src/BrowserHost.rs:547;crates/jet-codegen/src/Codegen/MIREval.rs:4429;crates/jet-codegen/src/Codegen/MIREval.rs:4438					
core_effect_leaf	core-call:core.net.dns_a	plain	core.net.dns_a	missing					authority:application-boundary,authority:canonical-holds		crates/jet-foundation/src/Syntax/core_calls.rs:364;crates/jet-foundation/src/Syntax/core_calls.rs:411	crates/jet-codegen/src/Prelude/Core.jet:69;crates/jet-foundation/src/CoreModuleExports.rs:368;crates/jet-foundation/src/Syntax/core_calls.rs:393;crates/jet-sema/src/Sema/CheckerCoreLib/fixed_sigs.rs:4200;crates/jet-sema/src/Sema/CheckerCoreLib/module_items.rs:1067;crates/jet-sema/src/Sema/TargetSurface.rs:209	tests/conformance/corpus/core/net/dns_a.jet:1;tests/conformance/corpus/core/net/dns_a.jet:5	crates/jet-foundation/src/CoreModuleExports.rs:368;crates/jet-foundation/src/Syntax/core_calls.rs:393;crates/jet-sema/src/Sema/CheckerCoreLib/fixed_sigs.rs:4200;crates/jet-sema/src/Sema/CheckerCoreLib/module_items.rs:1067;crates/jet-sema/src/Sema/TargetSurface.rs:209					
core_effect_leaf	core-call:core.net.dns_a_at	plain	core.net.dns_a_at	missing					authority:application-boundary,authority:canonical-holds		crates/jet-foundation/src/Syntax/core_calls.rs:364;crates/jet-foundation/src/Syntax/core_calls.rs:411	crates/jet-codegen/src/Prelude/Core.jet:69;crates/jet-foundation/src/CoreModuleExports.rs:368;crates/jet-foundation/src/Syntax/core_calls.rs:395;crates/jet-sema/src/Sema/CheckerCoreLib/fixed_sigs.rs:4207;crates/jet-sema/src/Sema/CheckerCoreLib/module_items.rs:1069	tests/conformance/corpus/core/net/dns_a_at.jet:1;tests/conformance/corpus/core/net/dns_a_at.jet:19;tests/corelib_parts/net.rs:64;tests/corelib_parts/net.rs:103;tests/corelib_parts/net.rs:252;tests/corelib_parts/net.rs:359;tests/corelib_parts/net.rs:363;tests/corelib_parts/net.rs:367;tests/corelib_parts/net.rs:400	crates/jet-foundation/src/CoreModuleExports.rs:368;crates/jet-foundation/src/Syntax/core_calls.rs:395;crates/jet-sema/src/Sema/CheckerCoreLib/fixed_sigs.rs:4207;crates/jet-sema/src/Sema/CheckerCoreLib/module_items.rs:1069					
core_effect_leaf	core-call:core.net.dns_aaaa	plain	core.net.dns_aaaa	missing					authority:application-boundary,authority:canonical-holds		crates/jet-foundation/src/Syntax/core_calls.rs:364;crates/jet-foundation/src/Syntax/core_calls.rs:411	crates/jet-codegen/src/Prelude/Core.jet:69;crates/jet-foundation/src/CoreModuleExports.rs:368;crates/jet-foundation/src/Syntax/core_calls.rs:394;crates/jet-jit/src/net_http_hosts.rs:3657;crates/jet-sema/src/Sema/CheckerCoreLib/fixed_sigs.rs:4200;crates/jet-sema/src/Sema/CheckerCoreLib/module_items.rs:1068;crates/jet-sema/src/Sema/TargetSurface.rs:210	tests/conformance/corpus/core/net/dns_aaaa.jet:1;tests/conformance/corpus/core/net/dns_aaaa.jet:5	crates/jet-foundation/src/CoreModuleExports.rs:368;crates/jet-foundation/src/Syntax/core_calls.rs:394;crates/jet-jit/src/net_http_hosts.rs:3657;crates/jet-sema/src/Sema/CheckerCoreLib/fixed_sigs.rs:4200;crates/jet-sema/src/Sema/CheckerCoreLib/module_items.rs:1068;crates/jet-sema/src/Sema/TargetSurface.rs:210					
core_effect_leaf	core-call:core.net.dns_aaaa_at	plain	core.net.dns_aaaa_at	missing					authority:application-boundary,authority:canonical-holds		crates/jet-foundation/src/Syntax/core_calls.rs:364;crates/jet-foundation/src/Syntax/core_calls.rs:411	crates/jet-codegen/src/Prelude/Core.jet:69;crates/jet-foundation/src/CoreModuleExports.rs:368;crates/jet-foundation/src/Syntax/core_calls.rs:396;crates/jet-jit/src/net_http_hosts.rs:3658;crates/jet-sema/src/Sema/CheckerCoreLib/fixed_sigs.rs:4207;crates/jet-sema/src/Sema/CheckerCoreLib/module_items.rs:1070	tests/conformance/corpus/core/net/dns_aaaa_at.jet:1;tests/conformance/corpus/core/net/dns_aaaa_at.jet:20	crates/jet-foundation/src/CoreModuleExports.rs:368;crates/jet-foundation/src/Syntax/core_calls.rs:396;crates/jet-jit/src/net_http_hosts.rs:3658;crates/jet-sema/src/Sema/CheckerCoreLib/fixed_sigs.rs:4207;crates/jet-sema/src/Sema/CheckerCoreLib/module_items.rs:1070					
core_effect_leaf	core-call:core.net.dns_ptr	plain	core.net.dns_ptr	missing					authority:application-boundary,authority:canonical-holds		crates/jet-foundation/src/Syntax/core_calls.rs:364;crates/jet-foundation/src/Syntax/core_calls.rs:411	crates/jet-codegen/src/Prelude/Core.jet:69;crates/jet-foundation/src/CoreModuleExports.rs:368;crates/jet-foundation/src/Syntax/core_calls.rs:399;crates/jet-jit/src/net_http_hosts.rs:3673;crates/jet-sema/src/Sema/CheckerCoreLib/fixed_sigs.rs:4236;crates/jet-sema/src/Sema/CheckerCoreLib/module_items.rs:1073;crates/jet-sema/src/Sema/TargetSurface.rs:212	examples/features/net/dns_lookup.jet:11;examples/features/net/dns_lookup.jet:12;tests/conformance/corpus/core/net/dns_ptr.jet:1;tests/conformance/corpus/core/net/dns_ptr.jet:5	crates/jet-foundation/src/CoreModuleExports.rs:368;crates/jet-foundation/src/Syntax/core_calls.rs:399;crates/jet-jit/src/net_http_hosts.rs:3673;crates/jet-sema/src/Sema/CheckerCoreLib/fixed_sigs.rs:4236;crates/jet-sema/src/Sema/CheckerCoreLib/module_items.rs:1073;crates/jet-sema/src/Sema/TargetSurface.rs:212					
core_effect_leaf	core-call:core.net.dns_srv	plain	core.net.dns_srv	missing					authority:application-boundary,authority:canonical-holds		crates/jet-foundation/src/Syntax/core_calls.rs:364;crates/jet-foundation/src/Syntax/core_calls.rs:411	crates/jet-codegen/src/Prelude/Core.jet:69;crates/jet-foundation/src/CoreModuleExports.rs:368;crates/jet-foundation/src/Syntax/core_calls.rs:400;crates/jet-jit/src/net_http_hosts.rs:3659;crates/jet-sema/src/Sema/CheckerCoreLib/fixed_sigs.rs:4251;crates/jet-sema/src/Sema/CheckerCoreLib/module_items.rs:1074;crates/jet-sema/src/Sema/TargetSurface.rs:213	tests/conformance/corpus/core/net/dns_srv.jet:1;tests/conformance/corpus/core/net/dns_srv.jet:5;tests/failure_tier_parity.rs:107	crates/jet-foundation/src/CoreModuleExports.rs:368;crates/jet-foundation/src/Syntax/core_calls.rs:400;crates/jet-jit/src/net_http_hosts.rs:3659;crates/jet-sema/src/Sema/CheckerCoreLib/fixed_sigs.rs:4251;crates/jet-sema/src/Sema/CheckerCoreLib/module_items.rs:1074;crates/jet-sema/src/Sema/TargetSurface.rs:213					
core_effect_leaf	core-call:core.net.dns_srv_at	plain	core.net.dns_srv_at	missing					authority:application-boundary,authority:canonical-holds		crates/jet-foundation/src/Syntax/core_calls.rs:364;crates/jet-foundation/src/Syntax/core_calls.rs:411	crates/jet-codegen/src/Prelude/Core.jet:69;crates/jet-foundation/src/CoreModuleExports.rs:368;crates/jet-foundation/src/Syntax/core_calls.rs:401;crates/jet-jit/src/net_http_hosts.rs:3660;crates/jet-sema/src/Sema/CheckerCoreLib/fixed_sigs.rs:4258;crates/jet-sema/src/Sema/CheckerCoreLib/module_items.rs:1075	tests/conformance/corpus/core/net/dns_srv_at.jet:1;tests/conformance/corpus/core/net/dns_srv_at.jet:20;tests/conformance/corpus/core/net/dns_srv_port.jet:20;tests/conformance/corpus/core/net/dns_srv_priority.jet:20;tests/conformance/corpus/core/net/dns_srv_target.jet:20;tests/conformance/corpus/core/net/dns_srv_weight.jet:20;tests/corelib_parts/net.rs:22	crates/jet-foundation/src/CoreModuleExports.rs:368;crates/jet-foundation/src/Syntax/core_calls.rs:401;crates/jet-jit/src/net_http_hosts.rs:3660;crates/jet-sema/src/Sema/CheckerCoreLib/fixed_sigs.rs:4258;crates/jet-sema/src/Sema/CheckerCoreLib/module_items.rs:1075					
core_effect_leaf	core-call:core.net.dns_txt	plain	core.net.dns_txt	missing					authority:application-boundary,authority:canonical-holds		crates/jet-foundation/src/Syntax/core_calls.rs:364;crates/jet-foundation/src/Syntax/core_calls.rs:411	crates/jet-codegen/src/Prelude/Core.jet:69;crates/jet-foundation/src/CoreModuleExports.rs:368;crates/jet-foundation/src/Syntax/core_calls.rs:397;crates/jet-jit/src/net_http_hosts.rs:3674;crates/jet-sema/src/Sema/CheckerCoreLib/fixed_sigs.rs:4218;crates/jet-sema/src/Sema/CheckerCoreLib/module_items.rs:1071;crates/jet-sema/src/Sema/TargetSurface.rs:211	tests/conformance/corpus/core/net/dns_txt.jet:1;tests/conformance/corpus/core/net/dns_txt.jet:5	crates/jet-foundation/src/CoreModuleExports.rs:368;crates/jet-foundation/src/Syntax/core_calls.rs:397;crates/jet-jit/src/net_http_hosts.rs:3674;crates/jet-sema/src/Sema/CheckerCoreLib/fixed_sigs.rs:4218;crates/jet-sema/src/Sema/CheckerCoreLib/module_items.rs:1071;crates/jet-sema/src/Sema/TargetSurface.rs:211					
core_effect_leaf	core-call:core.net.dns_txt_at	plain	core.net.dns_txt_at	missing					authority:application-boundary,authority:canonical-holds		crates/jet-foundation/src/Syntax/core_calls.rs:364;crates/jet-foundation/src/Syntax/core_calls.rs:411	crates/jet-codegen/src/Prelude/Core.jet:69;crates/jet-foundation/src/CoreModuleExports.rs:368;crates/jet-foundation/src/Syntax/core_calls.rs:398;crates/jet-jit/src/net_http_hosts.rs:3675;crates/jet-sema/src/Sema/CheckerCoreLib/fixed_sigs.rs:4225;crates/jet-sema/src/Sema/CheckerCoreLib/module_items.rs:1072	tests/conformance/corpus/core/net/dns_txt_at.jet:1;tests/conformance/corpus/core/net/dns_txt_at.jet:19;tests/corelib_parts/net.rs:20;tests/corelib_parts/net.rs:183;tests/corelib_parts/net.rs:219;tests/run_interpret.rs:596	crates/jet-foundation/src/CoreModuleExports.rs:368;crates/jet-foundation/src/Syntax/core_calls.rs:398;crates/jet-jit/src/net_http_hosts.rs:3675;crates/jet-sema/src/Sema/CheckerCoreLib/fixed_sigs.rs:4225;crates/jet-sema/src/Sema/CheckerCoreLib/module_items.rs:1072					
core_effect_leaf	core-call:core.net.getservbyname	plain	core.net.getservbyname	found					authority:application-boundary,authority:canonical-holds		crates/jet-foundation/src/Syntax/core_calls.rs:364;crates/jet-foundation/src/Syntax/core_calls.rs:411;crates/jet-foundation/src/Syntax/core_calls.rs:2050	crates/jet-codegen/src/Prelude/Core.jet:69;crates/jet-codegen/src/Prelude/Core.jet:680;crates/jet-codegen/src/Prelude/Core.jet:1440;crates/jet-codegen/src/Prelude/CoreLib/Top/NetHTTP.rs:2619;crates/jet-foundation/src/CoreModuleExports.rs:368;crates/jet-foundation/src/Syntax/core_calls.rs:402;crates/jet-foundation/src/Syntax/core_calls.rs:1240;crates/jet-foundation/src/Syntax/core_calls.rs:2050;crates/jet-jit/src/net_http_hosts.rs:3676;crates/jet-sema/src/Sema/CheckerCoreLib/fixed_sigs.rs:4243;crates/jet-sema/src/Sema/CheckerCoreLib/module_items.rs:1080	examples/features/basics/build/callbacks.rs:61999;examples/features/basics/build/compound.rs:61999;examples/features/basics/build/numbers.rs:61999;examples/features/lowlevel/cbind/build/run.rs:62026;examples/features/memory/program_allocator/build/main.rs:52407;examples/features/memory/program_allocator/build/run.rs:63163;examples/features/memory/unsafe_sentries_package_off/build/run.rs:48850;examples/features/net/dns_lookup.jet:5;examples/features/net/dns_lookup.jet:6;examples/performance/receipts/http_ready/build/run.rs:51302;tests/conformance/corpus/core/net/getservbyname.jet:1;tests/conformance/corpus/core/net/getservbyname.jet:5;tests/fixtures/fresh_agent_t4/build/run.rs:61517;tests/project_check/fixtures/core_closure/build/run.rs:62019;tests/project_check/fixtures/entry_resolution/build/main.rs:87048;tests/project_check/fixtures/frozen_dogfood/build/main.rs:87048	crates/jet-codegen/src/Prelude/CoreLib/Top/NetHTTP.rs:2619;crates/jet-foundation/src/CoreModuleExports.rs:368;crates/jet-foundation/src/Syntax/core_calls.rs:402;crates/jet-foundation/src/Syntax/core_calls.rs:1240;crates/jet-foundation/src/Syntax/core_calls.rs:2050;crates/jet-jit/src/net_http_hosts.rs:3676;crates/jet-sema/src/Sema/CheckerCoreLib/fixed_sigs.rs:4243;crates/jet-sema/src/Sema/CheckerCoreLib/module_items.rs:1080					
core_effect_leaf	core-call:core.net.getservbyport	plain	core.net.getservbyport	found					authority:application-boundary,authority:canonical-holds		crates/jet-foundation/src/Syntax/core_calls.rs:364;crates/jet-foundation/src/Syntax/core_calls.rs:411;crates/jet-foundation/src/Syntax/core_calls.rs:2051	crates/jet-codegen/src/Prelude/Core.jet:69;crates/jet-codegen/src/Prelude/Core.jet:681;crates/jet-codegen/src/Prelude/Core.jet:1441;crates/jet-codegen/src/Prelude/CoreLib/Top/NetHTTP.rs:2635;crates/jet-foundation/src/CoreModuleExports.rs:368;crates/jet-foundation/src/Syntax/core_calls.rs:403;crates/jet-foundation/src/Syntax/core_calls.rs:1241;crates/jet-foundation/src/Syntax/core_calls.rs:2051;crates/jet-jit/src/net_http_hosts.rs:3678;crates/jet-sema/src/Sema/CheckerCoreLib/fixed_sigs.rs:4247;crates/jet-sema/src/Sema/CheckerCoreLib/module_items.rs:1081	examples/features/basics/build/callbacks.rs:62015;examples/features/basics/build/compound.rs:62015;examples/features/basics/build/numbers.rs:62015;examples/features/lowlevel/cbind/build/run.rs:62042;examples/features/memory/program_allocator/build/main.rs:52423;examples/features/memory/program_allocator/build/run.rs:63179;examples/features/memory/unsafe_sentries_package_off/build/run.rs:48866;examples/features/net/dns_lookup.jet:7;examples/features/net/dns_lookup.jet:8;examples/performance/receipts/http_ready/build/run.rs:51318;tests/conformance/corpus/core/net/getservbyport.jet:1;tests/conformance/corpus/core/net/getservbyport.jet:5;tests/fixtures/fresh_agent_t4/build/run.rs:61533;tests/project_check/fixtures/core_closure/build/run.rs:62035;tests/project_check/fixtures/entry_resolution/build/main.rs:87064;tests/project_check/fixtures/frozen_dogfood/build/main.rs:87064	crates/jet-codegen/src/Prelude/CoreLib/Top/NetHTTP.rs:2635;crates/jet-foundation/src/CoreModuleExports.rs:368;crates/jet-foundation/src/Syntax/core_calls.rs:403;crates/jet-foundation/src/Syntax/core_calls.rs:1241;crates/jet-foundation/src/Syntax/core_calls.rs:2051;crates/jet-jit/src/net_http_hosts.rs:3678;crates/jet-sema/src/Sema/CheckerCoreLib/fixed_sigs.rs:4247;crates/jet-sema/src/Sema/CheckerCoreLib/module_items.rs:1081					
core_effect_leaf	core-call:core.net.sendfile	plain	core.net.sendfile	missing					authority:application-boundary,authority:canonical-holds		crates/jet-foundation/src/Syntax/core_calls.rs:364;crates/jet-foundation/src/Syntax/core_calls.rs:411	crates/jet-codegen/src/Prelude/Core.jet:69;crates/jet-codegen/src/Prelude/CoreLib/Top/NetHTTP.rs:2571;crates/jet-codegen/src/Prelude/CoreLib/Top/NetHTTP.rs:2574;crates/jet-codegen/src/Prelude/CoreLib/Top/NetHTTP.rs:2577;crates/jet-codegen/src/Prelude/CoreLib/Top/NetHTTP.rs:2583;crates/jet-foundation/src/CoreModuleExports.rs:368;crates/jet-foundation/src/Syntax/core_calls.rs:381;crates/jet-jit/src/net_http_hosts.rs:1007;crates/jet-jit/src/net_http_hosts.rs:3672;crates/jet-sema/src/Sema/CheckerCoreLib/fixed_sigs.rs:4019;crates/jet-sema/src/Sema/CheckerCoreLib/module_items.rs:1043	examples/features/basics/build/callbacks.rs:61949;examples/features/basics/build/callbacks.rs:61952;examples/features/basics/build/callbacks.rs:61955;examples/features/basics/build/callbacks.rs:61962;examples/features/basics/build/compound.rs:61949;examples/features/basics/build/compound.rs:61952;examples/features/basics/build/compound.rs:61955;examples/features/basics/build/compound.rs:61962;examples/features/basics/build/numbers.rs:61949;examples/features/basics/build/numbers.rs:61952;examples/features/basics/build/numbers.rs:61955;examples/features/basics/build/numbers.rs:61962;examples/features/lowlevel/cbind/build/run.rs:61976;examples/features/lowlevel/cbind/build/run.rs:61979;examples/features/lowlevel/cbind/build/run.rs:61982;examples/features/lowlevel/cbind/build/run.rs:61989;examples/features/memory/program_allocator/build/main.rs:52357;examples/features/memory/program_allocator/build/main.rs:52360	crates/jet-codegen/src/Prelude/CoreLib/Top/NetHTTP.rs:2571;crates/jet-codegen/src/Prelude/CoreLib/Top/NetHTTP.rs:2574;crates/jet-codegen/src/Prelude/CoreLib/Top/NetHTTP.rs:2577;crates/jet-codegen/src/Prelude/CoreLib/Top/NetHTTP.rs:2583;crates/jet-foundation/src/CoreModuleExports.rs:368;crates/jet-foundation/src/Syntax/core_calls.rs:381;crates/jet-jit/src/net_http_hosts.rs:1007;crates/jet-jit/src/net_http_hosts.rs:3672;crates/jet-sema/src/Sema/CheckerCoreLib/fixed_sigs.rs:4019;crates/jet-sema/src/Sema/CheckerCoreLib/module_items.rs:1043					
core_effect_leaf	core-call:core.net.tcp_accept	plain	core.net.tcp_accept	found					authority:application-boundary,authority:canonical-holds		crates/jet-foundation/src/Syntax/core_calls.rs:364;crates/jet-foundation/src/Syntax/core_calls.rs:411;crates/jet-foundation/src/Syntax/core_calls.rs:2012	crates/jet-codegen/src/Prelude/Core.jet:69;crates/jet-codegen/src/Prelude/Core.jet:642;crates/jet-codegen/src/Prelude/Core.jet:1597;crates/jet-codegen/src/Prelude/Diagnostics.jet:900;crates/jet-foundation/src/CoreModuleExports.rs:368;crates/jet-foundation/src/Syntax/core_calls.rs:368;crates/jet-foundation/src/Syntax/core_calls.rs:1397;crates/jet-foundation/src/Syntax/core_calls.rs:2012;crates/jet-jit/src/net_http_hosts.rs:3700;crates/jet-sema/src/Sema/CheckerCoreLib/fixed_sigs.rs:3791;crates/jet-sema/src/Sema/CheckerCoreLib/module_items.rs:1008	tests/conformance/corpus/core/net/ready_readable.jet:8;tests/conformance/corpus/core/net/ready_writable.jet:8;tests/conformance/corpus/core/net/sendfile.jet:11;tests/conformance/corpus/core/net/tcp_accept.jet:1;tests/conformance/corpus/core/net/tcp_accept.jet:8;tests/conformance/corpus/core/net/tcp_peer_addr.jet:8;tests/conformance/corpus/core/net/tcp_peer_socket_addr.jet:8;tests/conformance/corpus/core/net/tcp_read_bytes.jet:8;tests/conformance/corpus/core/net/tcp_read_text.jet:8;tests/conformance/corpus/core/net/tcp_read.jet:8;tests/conformance/corpus/core/net/tcp_reply.jet:8;tests/conformance/corpus/core/net/tcp_shutdown.jet:8;tests/conformance/corpus/core/net/tcp_write_all_bytes.jet:8;tests/conformance/corpus/core/net/tcp_write_bytes.jet:8;tests/conformance/corpus/core/net/tcp_write_text.jet:8;tests/conformance/corpus/core/net/tcp_write.jet:8;tests/conformance/corpus/core/net/tls_close.jet:9;tests/conformance/corpus/core/net/tls_connect.jet:9	crates/jet-foundation/src/CoreModuleExports.rs:368;crates/jet-foundation/src/Syntax/core_calls.rs:368;crates/jet-foundation/src/Syntax/core_calls.rs:1397;crates/jet-foundation/src/Syntax/core_calls.rs:2012;crates/jet-jit/src/net_http_hosts.rs:3700;crates/jet-sema/src/Sema/CheckerCoreLib/fixed_sigs.rs:3791;crates/jet-sema/src/Sema/CheckerCoreLib/module_items.rs:1008					
core_effect_leaf	core-call:core.net.tcp_connect	plain	core.net.tcp_connect	found					authority:application-boundary,authority:canonical-holds		crates/jet-foundation/src/Syntax/core_calls.rs:364;crates/jet-foundation/src/Syntax/core_calls.rs:411;crates/jet-foundation/src/Syntax/core_calls.rs:2013	crates/jet-codegen/src/Codegen/mod.rs:4229;crates/jet-codegen/src/Codegen/mod.rs:4301;crates/jet-codegen/src/Codegen/TIR/subset/core_calls.rs:26;crates/jet-codegen/src/Codegen/TIR/subset/methods.rs:1081;crates/jet-codegen/src/Prelude/Core.jet:69;crates/jet-codegen/src/Prelude/Core.jet:643;crates/jet-codegen/src/Prelude/Core.jet:1598;crates/jet-foundation/src/CoreModuleExports.rs:368;crates/jet-foundation/src/Syntax/core_calls.rs:369;crates/jet-foundation/src/Syntax/core_calls.rs:1398;crates/jet-foundation/src/Syntax/core_calls.rs:2013;crates/jet-jit/src/net_http_hosts.rs:3649;crates/jet-sema/src/Sema/CheckerCoreLib/fixed_sigs.rs:3801;crates/jet-sema/src/Sema/CheckerCoreLib/module_items.rs:1009	examples/features/foundations/distributed/run.jet:55;examples/features/net/http_readiness.jet:75;examples/features/net/http_server_limits.jet:15;examples/features/net/http_server_limits.jet:27;examples/features/net/http_server_trailers.jet:19;examples/features/net/socket_echo.jet:20;examples/features/net/tls_peer_identity.jet:92;examples/performance/receipts/http_ready/src/run.jet:167;tests/build_entry.rs:1877;tests/compiled_workloads/adapters/jet/service-json-http.jet:86;tests/conformance/corpus/core/net/nodelay.jet:7;tests/conformance/corpus/core/net/ready_readable.jet:7;tests/conformance/corpus/core/net/ready_writable.jet:7;tests/conformance/corpus/core/net/sendfile.jet:10;tests/conformance/corpus/core/net/set_nodelay.jet:7;tests/conformance/corpus/core/net/set_read_timeout.jet:7;tests/conformance/corpus/core/net/set_timeout.jet:7;tests/conformance/corpus/core/net/set_ttl.jet:7	crates/jet-codegen/src/Codegen/mod.rs:4229;crates/jet-codegen/src/Codegen/mod.rs:4301;crates/jet-codegen/src/Codegen/TIR/subset/core_calls.rs:26;crates/jet-codegen/src/Codegen/TIR/subset/methods.rs:1081;crates/jet-foundation/src/CoreModuleExports.rs:368;crates/jet-foundation/src/Syntax/core_calls.rs:369;crates/jet-foundation/src/Syntax/core_calls.rs:1398;crates/jet-foundation/src/Syntax/core_calls.rs:2013;crates/jet-jit/src/net_http_hosts.rs:3649;crates/jet-sema/src/Sema/CheckerCoreLib/fixed_sigs.rs:3801;crates/jet-sema/src/Sema/CheckerCoreLib/module_items.rs:1009					
core_effect_leaf	core-call:core.net.tcp_connect_addr	plain	core.net.tcp_connect_addr	found					authority:application-boundary,authority:canonical-holds		crates/jet-foundation/src/Syntax/core_calls.rs:364;crates/jet-foundation/src/Syntax/core_calls.rs:411;crates/jet-foundation/src/Syntax/core_calls.rs:2014	crates/jet-codegen/src/Prelude/Core.jet:69;crates/jet-codegen/src/Prelude/Core.jet:644;crates/jet-codegen/src/Prelude/Core.jet:1599;crates/jet-foundation/src/CoreModuleExports.rs:368;crates/jet-foundation/src/Syntax/core_calls.rs:370;crates/jet-foundation/src/Syntax/core_calls.rs:1399;crates/jet-foundation/src/Syntax/core_calls.rs:2014;crates/jet-sema/src/Sema/CheckerCoreLib/fixed_sigs.rs:3808;crates/jet-sema/src/Sema/CheckerCoreLib/module_items.rs:1010	tests/conformance/corpus/core/net/tcp_connect_addr.jet:1;tests/conformance/corpus/core/net/tcp_connect_addr.jet:7	crates/jet-foundation/src/CoreModuleExports.rs:368;crates/jet-foundation/src/Syntax/core_calls.rs:370;crates/jet-foundation/src/Syntax/core_calls.rs:1399;crates/jet-foundation/src/Syntax/core_calls.rs:2014;crates/jet-sema/src/Sema/CheckerCoreLib/fixed_sigs.rs:3808;crates/jet-sema/src/Sema/CheckerCoreLib/module_items.rs:1010					
core_effect_leaf	core-call:core.net.tcp_connect_happy	plain	core.net.tcp_connect_happy	found					authority:application-boundary,authority:canonical-holds		crates/jet-foundation/src/Syntax/core_calls.rs:364;crates/jet-foundation/src/Syntax/core_calls.rs:411;crates/jet-foundation/src/Syntax/core_calls.rs:2016	crates/jet-codegen/src/Prelude/Core.jet:69;crates/jet-codegen/src/Prelude/Core.jet:646;crates/jet-codegen/src/Prelude/Core.jet:1601;crates/jet-foundation/src/CoreModuleExports.rs:368;crates/jet-foundation/src/Syntax/core_calls.rs:372;crates/jet-foundation/src/Syntax/core_calls.rs:1401;crates/jet-foundation/src/Syntax/core_calls.rs:2016;crates/jet-sema/src/Sema/CheckerCoreLib/fixed_sigs.rs:3825;crates/jet-sema/src/Sema/CheckerCoreLib/module_items.rs:1012;crates/jet-sema/src/Sema/TargetSurface.rs:202	tests/conformance/corpus/core/net/tcp_connect_happy.jet:1;tests/conformance/corpus/core/net/tcp_connect_happy.jet:7;tests/corelib_parts/net.rs:716	crates/jet-foundation/src/CoreModuleExports.rs:368;crates/jet-foundation/src/Syntax/core_calls.rs:372;crates/jet-foundation/src/Syntax/core_calls.rs:1401;crates/jet-foundation/src/Syntax/core_calls.rs:2016;crates/jet-sema/src/Sema/CheckerCoreLib/fixed_sigs.rs:3825;crates/jet-sema/src/Sema/CheckerCoreLib/module_items.rs:1012;crates/jet-sema/src/Sema/TargetSurface.rs:202					
core_effect_leaf	core-call:core.net.tcp_connect_timeout	plain	core.net.tcp_connect_timeout	found					authority:application-boundary,authority:canonical-holds		crates/jet-foundation/src/Syntax/core_calls.rs:364;crates/jet-foundation/src/Syntax/core_calls.rs:411;crates/jet-foundation/src/Syntax/core_calls.rs:2015	crates/jet-codegen/src/Prelude/Core.jet:69;crates/jet-codegen/src/Prelude/Core.jet:645;crates/jet-codegen/src/Prelude/Core.jet:1600;crates/jet-foundation/src/CoreModuleExports.rs:368;crates/jet-foundation/src/Syntax/core_calls.rs:371;crates/jet-foundation/src/Syntax/core_calls.rs:1400;crates/jet-foundation/src/Syntax/core_calls.rs:2015;crates/jet-jit/src/net_http_hosts.rs:3650;crates/jet-sema/src/Sema/CheckerCoreLib/fixed_sigs.rs:3815;crates/jet-sema/src/Sema/CheckerCoreLib/module_items.rs:1011	tests/conformance/corpus/core/net/tcp_connect_timeout.jet:1;tests/conformance/corpus/core/net/tcp_connect_timeout.jet:7;tests/corelib_parts/net.rs:712	crates/jet-foundation/src/CoreModuleExports.rs:368;crates/jet-foundation/src/Syntax/core_calls.rs:371;crates/jet-foundation/src/Syntax/core_calls.rs:1400;crates/jet-foundation/src/Syntax/core_calls.rs:2015;crates/jet-jit/src/net_http_hosts.rs:3650;crates/jet-sema/src/Sema/CheckerCoreLib/fixed_sigs.rs:3815;crates/jet-sema/src/Sema/CheckerCoreLib/module_items.rs:1011					
core_effect_leaf	core-call:core.net.tcp_read	plain	core.net.tcp_read	missing					authority:application-boundary,authority:canonical-holds		crates/jet-foundation/src/Syntax/core_calls.rs:364;crates/jet-foundation/src/Syntax/core_calls.rs:411	crates/jet-codegen/src/Prelude/Core.jet:69;crates/jet-foundation/src/CoreModuleExports.rs:368;crates/jet-foundation/src/Syntax/core_calls.rs:373;crates/jet-sema/src/Sema/CheckerCoreLib/fixed_sigs.rs:3832;crates/jet-sema/src/Sema/CheckerCoreLib/module_items.rs:1013	tests/conformance/corpus/core/net/tcp_read.jet:1;tests/conformance/corpus/core/net/tcp_read.jet:10	crates/jet-foundation/src/CoreModuleExports.rs:368;crates/jet-foundation/src/Syntax/core_calls.rs:373;crates/jet-sema/src/Sema/CheckerCoreLib/fixed_sigs.rs:3832;crates/jet-sema/src/Sema/CheckerCoreLib/module_items.rs:1013					
core_effect_leaf	core-call:core.net.tcp_read_bytes	plain	core.net.tcp_read_bytes	missing					authority:application-boundary,authority:canonical-holds		crates/jet-foundation/src/Syntax/core_calls.rs:364;crates/jet-foundation/src/Syntax/core_calls.rs:411	crates/jet-codegen/src/Prelude/Core.jet:69;crates/jet-foundation/src/CoreModuleExports.rs:368;crates/jet-foundation/src/Syntax/core_calls.rs:375;crates/jet-sema/src/Sema/CheckerCoreLib/fixed_sigs.rs:3849;crates/jet-sema/src/Sema/CheckerCoreLib/module_items.rs:1015	tests/conformance/corpus/core/net/tcp_read_bytes.jet:1;tests/conformance/corpus/core/net/tcp_read_bytes.jet:10	crates/jet-foundation/src/CoreModuleExports.rs:368;crates/jet-foundation/src/Syntax/core_calls.rs:375;crates/jet-sema/src/Sema/CheckerCoreLib/fixed_sigs.rs:3849;crates/jet-sema/src/Sema/CheckerCoreLib/module_items.rs:1015					
core_effect_leaf	core-call:core.net.tcp_read_text	plain	core.net.tcp_read_text	missing					authority:application-boundary,authority:canonical-holds		crates/jet-foundation/src/Syntax/core_calls.rs:364;crates/jet-foundation/src/Syntax/core_calls.rs:411	crates/jet-codegen/src/Prelude/Core.jet:69;crates/jet-foundation/src/CoreModuleExports.rs:368;crates/jet-foundation/src/Syntax/core_calls.rs:376;crates/jet-jit/src/net_http_hosts.rs:3702;crates/jet-sema/src/Sema/CheckerCoreLib/fixed_sigs.rs:3862;crates/jet-sema/src/Sema/CheckerCoreLib/module_items.rs:1016	tests/conformance/corpus/core/net/tcp_read_text.jet:1;tests/conformance/corpus/core/net/tcp_read_text.jet:10;tests/taint.rs:131	crates/jet-foundation/src/CoreModuleExports.rs:368;crates/jet-foundation/src/Syntax/core_calls.rs:376;crates/jet-jit/src/net_http_hosts.rs:3702;crates/jet-sema/src/Sema/CheckerCoreLib/fixed_sigs.rs:3862;crates/jet-sema/src/Sema/CheckerCoreLib/module_items.rs:1016					
core_effect_leaf	core-call:core.net.tcp_ready	plain	core.net.tcp_ready	missing					authority:application-boundary,authority:canonical-holds		crates/jet-foundation/src/Syntax/core_calls.rs:364;crates/jet-foundation/src/Syntax/core_calls.rs:411	crates/jet-codegen/src/Prelude/Core.jet:69;crates/jet-foundation/src/CoreModuleExports.rs:368;crates/jet-foundation/src/Syntax/core_calls.rs:380;crates/jet-jit/src/net_http_hosts.rs:3706;crates/jet-sema/src/Sema/CheckerCoreLib/fixed_sigs.rs:3919;crates/jet-sema/src/Sema/CheckerCoreLib/module_items.rs:1022;crates/jet-sema/src/Sema/TargetSurface.rs:203	tests/conformance/corpus/core/net/ready_readable.jet:10;tests/conformance/corpus/core/net/ready_writable.jet:9;tests/conformance/corpus/core/net/tcp_ready.jet:1;tests/conformance/corpus/core/net/tcp_ready.jet:8	crates/jet-foundation/src/CoreModuleExports.rs:368;crates/jet-foundation/src/Syntax/core_calls.rs:380;crates/jet-jit/src/net_http_hosts.rs:3706;crates/jet-sema/src/Sema/CheckerCoreLib/fixed_sigs.rs:3919;crates/jet-sema/src/Sema/CheckerCoreLib/module_items.rs:1022;crates/jet-sema/src/Sema/TargetSurface.rs:203					
core_effect_leaf	core-call:core.net.tcp_reply	plain	core.net.tcp_reply	found					authority:application-boundary,authority:canonical-holds		crates/jet-foundation/src/Syntax/core_calls.rs:364;crates/jet-foundation/src/Syntax/core_calls.rs:411;crates/jet-foundation/src/Syntax/core_calls.rs:2034	crates/jet-codegen/src/Prelude/Core.jet:69;crates/jet-codegen/src/Prelude/Core.jet:664;crates/jet-codegen/src/Prelude/Core.jet:1694;crates/jet-foundation/src/CoreModuleExports.rs:368;crates/jet-foundation/src/Syntax/core_calls.rs:382;crates/jet-foundation/src/Syntax/core_calls.rs:1494;crates/jet-foundation/src/Syntax/core_calls.rs:2034;crates/jet-jit/src/net_http_hosts.rs:3679;crates/jet-sema/src/Sema/CheckerCoreLib/fixed_sigs.rs:4030;crates/jet-sema/src/Sema/CheckerCoreLib/module_items.rs:1044	examples/features/foundations/tooling/load/run.jet:14;examples/features/net/http_client.jet:16;examples/features/net/http_client.jet:19;examples/features/net/http_get.jet:16;tests/conformance/corpus/core/http/client/get.jet:13;tests/conformance/corpus/core/http/client/post.jet:13;tests/conformance/corpus/core/http/get.jet:13;tests/conformance/corpus/core/http/post.jet:13;tests/conformance/corpus/core/net/tcp_reply.jet:1;tests/conformance/corpus/core/net/tcp_reply.jet:10;tests/fuzz/sema/differential/ex_net_http_client.jet:15;tests/fuzz/sema/differential/ex_net_http_get.jet:16	crates/jet-foundation/src/CoreModuleExports.rs:368;crates/jet-foundation/src/Syntax/core_calls.rs:382;crates/jet-foundation/src/Syntax/core_calls.rs:1494;crates/jet-foundation/src/Syntax/core_calls.rs:2034;crates/jet-jit/src/net_http_hosts.rs:3679;crates/jet-sema/src/Sema/CheckerCoreLib/fixed_sigs.rs:4030;crates/jet-sema/src/Sema/CheckerCoreLib/module_items.rs:1044					
core_effect_leaf	core-call:core.net.tcp_write	plain	core.net.tcp_write	missing					authority:application-boundary,authority:canonical-holds		crates/jet-foundation/src/Syntax/core_calls.rs:364;crates/jet-foundation/src/Syntax/core_calls.rs:411	crates/jet-codegen/src/Prelude/Core.jet:69;crates/jet-foundation/src/CoreModuleExports.rs:368;crates/jet-foundation/src/Syntax/core_calls.rs:374;crates/jet-sema/src/Sema/CheckerCoreLib/fixed_sigs.rs:3839;crates/jet-sema/src/Sema/CheckerCoreLib/module_items.rs:1014	tests/conformance/corpus/core/net/tcp_write.jet:1;tests/conformance/corpus/core/net/tcp_write.jet:10	crates/jet-foundation/src/CoreModuleExports.rs:368;crates/jet-foundation/src/Syntax/core_calls.rs:374;crates/jet-sema/src/Sema/CheckerCoreLib/fixed_sigs.rs:3839;crates/jet-sema/src/Sema/CheckerCoreLib/module_items.rs:1014					
core_effect_leaf	core-call:core.net.tcp_write_all_bytes	plain	core.net.tcp_write_all_bytes	missing					authority:application-boundary,authority:canonical-holds		crates/jet-foundation/src/Syntax/core_calls.rs:364;crates/jet-foundation/src/Syntax/core_calls.rs:411	crates/jet-codegen/src/Prelude/Core.jet:69;crates/jet-foundation/src/CoreModuleExports.rs:368;crates/jet-foundation/src/Syntax/core_calls.rs:378;crates/jet-jit/src/net_http_hosts.rs:3703;crates/jet-sema/src/Sema/CheckerCoreLib/fixed_sigs.rs:3882;crates/jet-sema/src/Sema/CheckerCoreLib/module_items.rs:1018	tests/conformance/corpus/core/net/tcp_write_all_bytes.jet:1;tests/conformance/corpus/core/net/tcp_write_all_bytes.jet:10	crates/jet-foundation/src/CoreModuleExports.rs:368;crates/jet-foundation/src/Syntax/core_calls.rs:378;crates/jet-jit/src/net_http_hosts.rs:3703;crates/jet-sema/src/Sema/CheckerCoreLib/fixed_sigs.rs:3882;crates/jet-sema/src/Sema/CheckerCoreLib/module_items.rs:1018					
core_effect_leaf	core-call:core.net.tcp_write_bytes	plain	core.net.tcp_write_bytes	missing					authority:application-boundary,authority:canonical-holds		crates/jet-foundation/src/Syntax/core_calls.rs:364;crates/jet-foundation/src/Syntax/core_calls.rs:411	crates/jet-codegen/src/Prelude/Core.jet:69;crates/jet-foundation/src/CoreModuleExports.rs:368;crates/jet-foundation/src/Syntax/core_calls.rs:377;crates/jet-sema/src/Sema/CheckerCoreLib/fixed_sigs.rs:3872;crates/jet-sema/src/Sema/CheckerCoreLib/module_items.rs:1017	tests/conformance/corpus/core/net/tcp_write_bytes.jet:1;tests/conformance/corpus/core/net/tcp_write_bytes.jet:9	crates/jet-foundation/src/CoreModuleExports.rs:368;crates/jet-foundation/src/Syntax/core_calls.rs:377;crates/jet-sema/src/Sema/CheckerCoreLib/fixed_sigs.rs:3872;crates/jet-sema/src/Sema/CheckerCoreLib/module_items.rs:1017					
core_effect_leaf	core-call:core.net.tcp_write_text	plain	core.net.tcp_write_text	missing					authority:application-boundary,authority:canonical-holds		crates/jet-foundation/src/Syntax/core_calls.rs:364;crates/jet-foundation/src/Syntax/core_calls.rs:411	crates/jet-codegen/src/Prelude/Core.jet:69;crates/jet-foundation/src/CoreModuleExports.rs:368;crates/jet-foundation/src/Syntax/core_calls.rs:379;crates/jet-sema/src/Sema/CheckerCoreLib/fixed_sigs.rs:3892;crates/jet-sema/src/Sema/CheckerCoreLib/module_items.rs:1019	tests/conformance/corpus/core/net/tcp_write_text.jet:1;tests/conformance/corpus/core/net/tcp_write_text.jet:10	crates/jet-foundation/src/CoreModuleExports.rs:368;crates/jet-foundation/src/Syntax/core_calls.rs:379;crates/jet-sema/src/Sema/CheckerCoreLib/fixed_sigs.rs:3892;crates/jet-sema/src/Sema/CheckerCoreLib/module_items.rs:1019					
core_effect_leaf	core-call:core.net.tls_close	plain	core.net.tls_close	missing					authority:application-boundary,authority:canonical-holds		crates/jet-foundation/src/Syntax/core_calls.rs:364;crates/jet-foundation/src/Syntax/core_calls.rs:411	crates/jet-codegen/src/Prelude/Core.jet:69;crates/jet-codegen/src/Prelude/CoreLib/Email.rs:237;crates/jet-codegen/src/Prelude/CoreLib/Email.rs:877;crates/jet-codegen/src/Prelude/CoreLib/Email.rs:941;crates/jet-comptime/src/Comptime/EmailAdapter.rs:31;crates/jet-comptime/src/Comptime/EmailAdapter.rs:48;crates/jet-foundation/src/CoreModuleExports.rs:368;crates/jet-foundation/src/Syntax/core_calls.rs:407;crates/jet-jit/src/net_http_hosts.rs:3725;crates/jet-jit/src/Net.rs:90;crates/jet-jit/src/Net.rs:233;crates/jet-pkg-model/src/FFI.rs:1146;crates/jet-sema/src/Sema/CheckerCoreLib/fixed_sigs.rs:4310;crates/jet-sema/src/Sema/CheckerCoreLib/module_items.rs:1085;crates/jet-sema/src/Sema/TargetSurface.rs:208	tests/conformance/corpus/core/net/tls_close.jet:1;tests/conformance/corpus/core/net/tls_close.jet:13	crates/jet-codegen/src/Prelude/CoreLib/Email.rs:237;crates/jet-codegen/src/Prelude/CoreLib/Email.rs:877;crates/jet-codegen/src/Prelude/CoreLib/Email.rs:941;crates/jet-comptime/src/Comptime/EmailAdapter.rs:31;crates/jet-comptime/src/Comptime/EmailAdapter.rs:48;crates/jet-foundation/src/CoreModuleExports.rs:368;crates/jet-foundation/src/Syntax/core_calls.rs:407;crates/jet-jit/src/net_http_hosts.rs:3725;crates/jet-jit/src/Net.rs:90;crates/jet-jit/src/Net.rs:233;crates/jet-pkg-model/src/FFI.rs:1146;crates/jet-sema/src/Sema/CheckerCoreLib/fixed_sigs.rs:4310;crates/jet-sema/src/Sema/CheckerCoreLib/module_items.rs:1085;crates/jet-sema/src/Sema/TargetSurface.rs:208					
core_effect_leaf	core-call:core.net.tls_connect	plain	core.net.tls_connect	missing					authority:application-boundary,authority:canonical-holds		crates/jet-foundation/src/Syntax/core_calls.rs:364;crates/jet-foundation/src/Syntax/core_calls.rs:411	crates/jet-codegen/src/Prelude/Core.jet:69;crates/jet-foundation/src/CoreModuleExports.rs:368;crates/jet-foundation/src/Syntax/core_calls.rs:404;crates/jet-pkg-model/src/FFI.rs:285;crates/jet-pkg-model/src/FFI.rs:352;crates/jet-pkg-model/src/FFI.rs:355;crates/jet-pkg-model/src/FFI.rs:538;crates/jet-pkg-model/src/FFI.rs:899;crates/jet-sema/src/Sema/CheckerCoreLib/fixed_sigs.rs:4277;crates/jet-sema/src/Sema/CheckerCoreLib/module_items.rs:1082;crates/jet-sema/src/Sema/TargetSurface.rs:205	tests/conformance/corpus/core/net/tls_close.jet:12;tests/conformance/corpus/core/net/tls_connect.jet:1;tests/conformance/corpus/core/net/tls_connect.jet:12;tests/conformance/corpus/core/net/tls_read.jet:12;tests/conformance/corpus/core/net/tls_write.jet:12;tests/conformance/corpus/core/net/tls/close.jet:13;tests/conformance/corpus/core/net/tls/read_text.jet:13;tests/conformance/corpus/core/net/tls/read.jet:13;tests/conformance/corpus/core/net/tls/write_all.jet:13;tests/conformance/corpus/core/net/tls/write_text.jet:13;tests/conformance/corpus/core/net/tls/write.jet:13;tests/corelib_parts/net.rs:1875	crates/jet-foundation/src/CoreModuleExports.rs:368;crates/jet-foundation/src/Syntax/core_calls.rs:404;crates/jet-pkg-model/src/FFI.rs:285;crates/jet-pkg-model/src/FFI.rs:352;crates/jet-pkg-model/src/FFI.rs:355;crates/jet-pkg-model/src/FFI.rs:538;crates/jet-pkg-model/src/FFI.rs:899;crates/jet-sema/src/Sema/CheckerCoreLib/fixed_sigs.rs:4277;crates/jet-sema/src/Sema/CheckerCoreLib/module_items.rs:1082;crates/jet-sema/src/Sema/TargetSurface.rs:205					
core_effect_leaf	core-call:core.net.tls_read	plain	core.net.tls_read	missing					authority:application-boundary,authority:canonical-holds		crates/jet-foundation/src/Syntax/core_calls.rs:364;crates/jet-foundation/src/Syntax/core_calls.rs:411	crates/jet-codegen/src/Prelude/Core.jet:69;crates/jet-codegen/src/Prelude/CoreLib/Email.rs:235;crates/jet-codegen/src/Prelude/CoreLib/Email.rs:899;crates/jet-codegen/src/Prelude/CoreLib/Top/NetHTTP.rs:1821;crates/jet-codegen/src/Prelude/CoreLib/Top/NetHTTP.rs:1824;crates/jet-comptime/src/Comptime/EmailAdapter.rs:29;crates/jet-comptime/src/Comptime/EmailAdapter.rs:46;crates/jet-foundation/src/CoreModuleExports.rs:368;crates/jet-foundation/src/Syntax/core_calls.rs:405;crates/jet-jit/src/net_http_hosts.rs:3720;crates/jet-jit/src/Net.rs:88;crates/jet-jit/src/Net.rs:231;crates/jet-pkg-model/src/FFI.rs:1144;crates/jet-sema/src/Sema/CheckerCoreLib/fixed_sigs.rs:4287;crates/jet-sema/src/Sema/CheckerCoreLib/module_items.rs:1083;crates/jet-sema/src/Sema/TargetSurface.rs:206	examples/features/basics/build/callbacks.rs:61355;examples/features/basics/build/callbacks.rs:61358;examples/features/basics/build/compound.rs:61355;examples/features/basics/build/compound.rs:61358;examples/features/basics/build/numbers.rs:61355;examples/features/basics/build/numbers.rs:61358;examples/features/lowlevel/cbind/build/run.rs:61382;examples/features/lowlevel/cbind/build/run.rs:61385;examples/features/memory/program_allocator/build/main.rs:51763;examples/features/memory/program_allocator/build/main.rs:51766;examples/features/memory/program_allocator/build/run.rs:62365;examples/features/memory/program_allocator/build/run.rs:62368;examples/features/memory/unsafe_sentries_package_off/build/run.rs:48253;examples/features/memory/unsafe_sentries_package_off/build/run.rs:48256;examples/performance/receipts/http_ready/build/run.rs:50658;examples/performance/receipts/http_ready/build/run.rs:50661;tests/conformance/corpus/core/net/tls_read.jet:1;tests/conformance/corpus/core/net/tls_read.jet:13	crates/jet-codegen/src/Prelude/CoreLib/Email.rs:235;crates/jet-codegen/src/Prelude/CoreLib/Email.rs:899;crates/jet-codegen/src/Prelude/CoreLib/Top/NetHTTP.rs:1821;crates/jet-codegen/src/Prelude/CoreLib/Top/NetHTTP.rs:1824;crates/jet-comptime/src/Comptime/EmailAdapter.rs:29;crates/jet-comptime/src/Comptime/EmailAdapter.rs:46;crates/jet-foundation/src/CoreModuleExports.rs:368;crates/jet-foundation/src/Syntax/core_calls.rs:405;crates/jet-jit/src/net_http_hosts.rs:3720;crates/jet-jit/src/Net.rs:88;crates/jet-jit/src/Net.rs:231;crates/jet-pkg-model/src/FFI.rs:1144;crates/jet-sema/src/Sema/CheckerCoreLib/fixed_sigs.rs:4287;crates/jet-sema/src/Sema/CheckerCoreLib/module_items.rs:1083;crates/jet-sema/src/Sema/TargetSurface.rs:206					
core_effect_leaf	core-call:core.net.tls_write	plain	core.net.tls_write	missing					authority:application-boundary,authority:canonical-holds		crates/jet-foundation/src/Syntax/core_calls.rs:364;crates/jet-foundation/src/Syntax/core_calls.rs:411	crates/jet-codegen/src/Prelude/Core.jet:69;crates/jet-codegen/src/Prelude/CoreLib/Top/NetHTTP.rs:1821;crates/jet-codegen/src/Prelude/CoreLib/Top/NetHTTP.rs:1825;crates/jet-foundation/src/CoreModuleExports.rs:368;crates/jet-foundation/src/Syntax/core_calls.rs:406;crates/jet-sema/src/Sema/CheckerCoreLib/fixed_sigs.rs:4297;crates/jet-sema/src/Sema/CheckerCoreLib/module_items.rs:1084;crates/jet-sema/src/Sema/TargetSurface.rs:207	examples/features/basics/build/callbacks.rs:61355;examples/features/basics/build/callbacks.rs:61359;examples/features/basics/build/compound.rs:61355;examples/features/basics/build/compound.rs:61359;examples/features/basics/build/numbers.rs:61355;examples/features/basics/build/numbers.rs:61359;examples/features/lowlevel/cbind/build/run.rs:61382;examples/features/lowlevel/cbind/build/run.rs:61386;examples/features/memory/program_allocator/build/main.rs:51763;examples/features/memory/program_allocator/build/main.rs:51767;examples/features/memory/program_allocator/build/run.rs:62365;examples/features/memory/program_allocator/build/run.rs:62369;examples/features/memory/unsafe_sentries_package_off/build/run.rs:48253;examples/features/memory/unsafe_sentries_package_off/build/run.rs:48257;examples/performance/receipts/http_ready/build/run.rs:50658;examples/performance/receipts/http_ready/build/run.rs:50662;tests/conformance/corpus/core/net/tls_write.jet:1;tests/conformance/corpus/core/net/tls_write.jet:13	crates/jet-codegen/src/Prelude/CoreLib/Top/NetHTTP.rs:1821;crates/jet-codegen/src/Prelude/CoreLib/Top/NetHTTP.rs:1825;crates/jet-foundation/src/CoreModuleExports.rs:368;crates/jet-foundation/src/Syntax/core_calls.rs:406;crates/jet-sema/src/Sema/CheckerCoreLib/fixed_sigs.rs:4297;crates/jet-sema/src/Sema/CheckerCoreLib/module_items.rs:1084;crates/jet-sema/src/Sema/TargetSurface.rs:207					
core_effect_leaf	core-call:core.net.tls.client	plain	core.net.tls.client	missing					authority:application-boundary,authority:canonical-holds		crates/jet-foundation/src/Syntax/core_calls.rs:413;crates/jet-foundation/src/Syntax/core_calls.rs:431	crates/jet-cli/src/CLI.rs:1904;crates/jet-codegen/src/Codegen/Context.rs:1413;crates/jet-codegen/src/Codegen/Context.rs:1414;crates/jet-codegen/src/Codegen/Context.rs:1415;crates/jet-codegen/src/Codegen/Context.rs:1416;crates/jet-codegen/src/Codegen/mod.rs:1740;crates/jet-codegen/src/Codegen/mod.rs:1852;crates/jet-codegen/src/Codegen/mod.rs:1865;crates/jet-codegen/src/Codegen/mod.rs:3296;crates/jet-codegen/src/Codegen/mod.rs:3312;crates/jet-codegen/src/Codegen/mod.rs:3329;crates/jet-codegen/src/Codegen/mod.rs:3576;crates/jet-codegen/src/Codegen/mod.rs:3730;crates/jet-codegen/src/Codegen/mod.rs:3743;crates/jet-codegen/src/Codegen/mod.rs:4318;crates/jet-codegen/src/Codegen/TIR/lower/method_calls.rs:4424;crates/jet-codegen/src/Codegen/TIR/lower/method_calls.rs:10116;crates/jet-codegen/src/Codegen/TIR/mod.rs:10567	crates/jet-comptime/tests/tls_tier2.rs:14;crates/jet-comptime/tests/tls_tier2.rs:40;crates/jet-comptime/tests/tls_tier2.rs:61;crates/jet-comptime/tests/tls_tier2.rs:120;crates/jet-comptime/tests/tls_tier2.rs:162;examples/features/basics/build/callbacks.rs:60131;examples/features/basics/build/compound.rs:60131;examples/features/basics/build/numbers.rs:60131;examples/features/basics/pattern_matching.jet:35;examples/features/basics/value_dispatch.jet:22;examples/features/basics/value_dispatch.jet:30;examples/features/concurrency/protocol.jet:9;examples/features/concurrency/protocol.jet:11;examples/features/concurrency/protocol.jet:23;examples/features/lowlevel/cbind/build/run.rs:60158;examples/features/memory/program_allocator/build/main.rs:50569;examples/features/memory/program_allocator/build/run.rs:60935;examples/features/memory/unsafe_sentries_package_off/build/run.rs:47084	crates/jet-cli/src/CLI.rs:1904;crates/jet-codegen/src/Codegen/Context.rs:1413;crates/jet-codegen/src/Codegen/Context.rs:1414;crates/jet-codegen/src/Codegen/Context.rs:1415;crates/jet-codegen/src/Codegen/Context.rs:1416;crates/jet-codegen/src/Codegen/mod.rs:1740;crates/jet-codegen/src/Codegen/mod.rs:1852;crates/jet-codegen/src/Codegen/mod.rs:1865;crates/jet-codegen/src/Codegen/mod.rs:3296;crates/jet-codegen/src/Codegen/mod.rs:3312;crates/jet-codegen/src/Codegen/mod.rs:3329;crates/jet-codegen/src/Codegen/mod.rs:3576;crates/jet-codegen/src/Codegen/mod.rs:3730;crates/jet-codegen/src/Codegen/mod.rs:3743;crates/jet-codegen/src/Codegen/mod.rs:4318;crates/jet-codegen/src/Codegen/TIR/lower/method_calls.rs:4424;crates/jet-codegen/src/Codegen/TIR/lower/method_calls.rs:10116;crates/jet-codegen/src/Codegen/TIR/mod.rs:10567					
core_effect_leaf	core-call:core.net.tls.close	plain	core.net.tls.close	missing					authority:application-boundary,authority:canonical-holds		crates/jet-foundation/src/Syntax/core_calls.rs:413;crates/jet-foundation/src/Syntax/core_calls.rs:431	crates/jet-canvas/src/html.rs:722;crates/jet-canvas/src/html.rs:764;crates/jet-canvas/src/html.rs:789;crates/jet-canvas/src/html.rs:800;crates/jet-cli/src/CLI.rs:122;crates/jet-cli/src/CLI.rs:2503;crates/jet-codegen/src/BrowserHost.rs:410;crates/jet-codegen/src/BrowserHost.rs:423;crates/jet-codegen/src/BrowserHost.rs:494;crates/jet-codegen/src/BrowserHost.rs:544;crates/jet-codegen/src/Codegen/MIREval.rs:1951;crates/jet-codegen/src/Codegen/MIREval.rs:1958;crates/jet-codegen/src/Codegen/MIREval.rs:1966;crates/jet-codegen/src/Codegen/MIREval.rs:2015;crates/jet-codegen/src/Codegen/MIREval.rs:2017;crates/jet-codegen/src/Codegen/MIREval.rs:4223;crates/jet-codegen/src/Codegen/MIREval.rs:9312;crates/jet-codegen/src/Codegen/MIREval.rs:9319	crates/jetpack-bin/tests/compiler_extension_e2e.rs:131;crates/jetpack-bin/tests/compiler_extension_e2e.rs:182;crates/jetpack-bin/tests/compiler_extension_e2e.rs:200;crates/jetpack-bin/tests/compiler_extension_e2e.rs:216;crates/jetpack-bin/tests/compiler_extension_e2e.rs:236;crates/jetpack-bin/tests/compiler_extension_e2e.rs:282;crates/jetpack-bin/tests/compiler_extension_e2e.rs:309;crates/jetpack-bin/tests/compiler_extension_e2e.rs:330;crates/jetpack/src/Store/Tests/tests/nix_projection.rs:765;crates/jetpack/src/Store/Tests/tests/nix_projection.rs:773;examples/features/basics/build/callbacks.rs:69;examples/features/basics/build/callbacks.rs:71;examples/features/basics/build/callbacks.rs:2414;examples/features/basics/build/callbacks.rs:2415;examples/features/basics/build/callbacks.rs:2427;examples/features/basics/build/callbacks.rs:2478;examples/features/basics/build/callbacks.rs:2479;examples/features/basics/build/callbacks.rs:2484	crates/jet-canvas/src/html.rs:722;crates/jet-canvas/src/html.rs:764;crates/jet-canvas/src/html.rs:789;crates/jet-canvas/src/html.rs:800;crates/jet-cli/src/CLI.rs:122;crates/jet-cli/src/CLI.rs:2503;crates/jet-codegen/src/BrowserHost.rs:410;crates/jet-codegen/src/BrowserHost.rs:423;crates/jet-codegen/src/BrowserHost.rs:494;crates/jet-codegen/src/BrowserHost.rs:544;crates/jet-codegen/src/Codegen/MIREval.rs:1951;crates/jet-codegen/src/Codegen/MIREval.rs:1958;crates/jet-codegen/src/Codegen/MIREval.rs:1966;crates/jet-codegen/src/Codegen/MIREval.rs:2015;crates/jet-codegen/src/Codegen/MIREval.rs:2017;crates/jet-codegen/src/Codegen/MIREval.rs:4223;crates/jet-codegen/src/Codegen/MIREval.rs:9312;crates/jet-codegen/src/Codegen/MIREval.rs:9319					
core_effect_leaf	core-call:core.net.tls.read	plain	core.net.tls.read	missing					authority:application-boundary,authority:canonical-holds		crates/jet-foundation/src/Syntax/core_calls.rs:413;crates/jet-foundation/src/Syntax/core_calls.rs:431	crates/jet-canvas/src/html.rs:729;crates/jet-cli/src/AdaptiveTable.rs:254;crates/jet-cli/src/CLI.rs:241;crates/jet-cli/src/CLI.rs:727;crates/jet-cli/src/CLI.rs:796;crates/jet-cli/src/CLI.rs:1836;crates/jet-cli/src/CLI.rs:1847;crates/jet-cli/src/CLI.rs:2066;crates/jet-cli/src/DynamicCompletions.rs:465;crates/jet-cli/src/DynamicCompletions.rs:1426;crates/jet-cli/src/DynamicCompletions.rs:1430;crates/jet-cli/src/Explain.rs:253;crates/jet-cli/src/Explain.rs:305;crates/jet-cli/src/Explain.rs:319;crates/jet-cli/src/Help/mod.rs:167;crates/jet-cli/src/Help/mod.rs:563;crates/jet-cli/src/Help/Render.rs:578;crates/jet-cli/src/OutputProfile.rs:52	crates/jet-rt/tests/gc_collector.rs:98;crates/jet-rt/tests/gc_collector.rs:132;crates/jet-rt/tests/gc_collector.rs:232;crates/jet-rt/tests/gc_collector.rs:278;crates/jetpack/src/CLI/usage_tests.rs:81;crates/jetpack/src/CLI/usage_tests.rs:84;crates/jetpack/src/CLI/usage_tests.rs:151;crates/jetpack/src/Store/Tests/tests/late.rs:767;crates/jetpack/src/Store/Tests/tests/nix_projection.rs:752;examples/canon.jet:98;examples/canon.jet:124;examples/features/basics/branches.jet:3;examples/features/basics/build/callbacks.rs:2033;examples/features/basics/build/callbacks.rs:2925;examples/features/basics/build/callbacks.rs:3908;examples/features/basics/build/callbacks.rs:3947;examples/features/basics/build/callbacks.rs:3951;examples/features/basics/build/callbacks.rs:3957	crates/jet-canvas/src/html.rs:729;crates/jet-cli/src/AdaptiveTable.rs:254;crates/jet-cli/src/CLI.rs:241;crates/jet-cli/src/CLI.rs:727;crates/jet-cli/src/CLI.rs:796;crates/jet-cli/src/CLI.rs:1836;crates/jet-cli/src/CLI.rs:1847;crates/jet-cli/src/CLI.rs:2066;crates/jet-cli/src/DynamicCompletions.rs:465;crates/jet-cli/src/DynamicCompletions.rs:1426;crates/jet-cli/src/DynamicCompletions.rs:1430;crates/jet-cli/src/Explain.rs:253;crates/jet-cli/src/Explain.rs:305;crates/jet-cli/src/Explain.rs:319;crates/jet-cli/src/Help/mod.rs:167;crates/jet-cli/src/Help/mod.rs:563;crates/jet-cli/src/Help/Render.rs:578;crates/jet-cli/src/OutputProfile.rs:52					
core_effect_leaf	core-call:core.net.tls.read_text	plain	core.net.tls.read_text	missing					authority:application-boundary,authority:canonical-holds		crates/jet-foundation/src/Syntax/core_calls.rs:413;crates/jet-foundation/src/Syntax/core_calls.rs:431	crates/jet-codegen/src/Codegen/Library.rs:362;crates/jet-codegen/src/Codegen/Library.rs:366;crates/jet-codegen/src/Codegen/Plugin.rs:394;crates/jet-codegen/src/Codegen/Plugin.rs:429;crates/jet-codegen/src/Codegen/Plugin.rs:448;crates/jet-codegen/src/Codegen/Plugin.rs:477;crates/jet-codegen/src/Codegen/Plugin.rs:500;crates/jet-codegen/src/Codegen/Plugin.rs:511;crates/jet-codegen/src/Codegen/Plugin.rs:534;crates/jet-codegen/src/Codegen/Plugin.rs:572;crates/jet-codegen/src/Codegen/Plugin.rs:584;crates/jet-codegen/src/Codegen/Plugin.rs:602;crates/jet-codegen/src/Codegen/Plugin.rs:629;crates/jet-codegen/src/Codegen/Plugin.rs:650;crates/jet-codegen/src/Codegen/Plugin.rs:658;crates/jet-codegen/src/Codegen/Plugin.rs:681;crates/jet-codegen/src/Codegen/Plugin.rs:987;crates/jet-codegen/src/Codegen/Plugin.rs:1017	examples/features/foundations/distributed/run.jet:56;examples/features/foundations/distributed/run.jet:82;examples/features/foundations/distributed/run.jet:83;examples/features/foundations/tooling/load/run.jet:13;examples/features/memory/parameter_modes.jet:9;examples/features/memory/parameter_modes.jet:30;examples/features/net/http_client.jet:15;examples/features/net/http_client.jet:18;examples/features/net/http_get.jet:15;examples/features/net/http_readiness.jet:11;examples/features/net/http_readiness.jet:132;examples/features/net/http_server_limits.jet:24;examples/features/net/http_server_limits.jet:35;examples/features/net/http_server_trailers.jet:34;examples/features/net/socket_echo.jet:16;examples/features/net/socket_echo.jet:30;examples/performance/receipts/http_ready/src/run.jet:92;examples/performance/receipts/http_ready/src/run.jet:103	crates/jet-codegen/src/Codegen/Library.rs:362;crates/jet-codegen/src/Codegen/Library.rs:366;crates/jet-codegen/src/Codegen/Plugin.rs:394;crates/jet-codegen/src/Codegen/Plugin.rs:429;crates/jet-codegen/src/Codegen/Plugin.rs:448;crates/jet-codegen/src/Codegen/Plugin.rs:477;crates/jet-codegen/src/Codegen/Plugin.rs:500;crates/jet-codegen/src/Codegen/Plugin.rs:511;crates/jet-codegen/src/Codegen/Plugin.rs:534;crates/jet-codegen/src/Codegen/Plugin.rs:572;crates/jet-codegen/src/Codegen/Plugin.rs:584;crates/jet-codegen/src/Codegen/Plugin.rs:602;crates/jet-codegen/src/Codegen/Plugin.rs:629;crates/jet-codegen/src/Codegen/Plugin.rs:650;crates/jet-codegen/src/Codegen/Plugin.rs:658;crates/jet-codegen/src/Codegen/Plugin.rs:681;crates/jet-codegen/src/Codegen/Plugin.rs:987;crates/jet-codegen/src/Codegen/Plugin.rs:1017					
core_effect_leaf	core-call:core.net.tls.write	plain	core.net.tls.write	missing					authority:application-boundary,authority:canonical-holds		crates/jet-foundation/src/Syntax/core_calls.rs:413;crates/jet-foundation/src/Syntax/core_calls.rs:431	crates/jet-cli/src/CLI.rs:75;crates/jet-cli/src/CLI.rs:76;crates/jet-cli/src/CLI.rs:77;crates/jet-cli/src/CLI.rs:78;crates/jet-cli/src/CLI.rs:79;crates/jet-cli/src/CLI.rs:97;crates/jet-cli/src/CLI.rs:727;crates/jet-cli/src/CLI.rs:859;crates/jet-cli/src/CLI.rs:866;crates/jet-cli/src/CLI.rs:873;crates/jet-cli/src/CLI.rs:1869;crates/jet-cli/src/CommandHarness.rs:404;crates/jet-cli/src/CommandHarness.rs:406;crates/jet-cli/src/DynamicCompletions.rs:544;crates/jet-cli/src/DynamicCompletions.rs:545;crates/jet-cli/src/DynamicCompletions.rs:547;crates/jet-cli/src/DynamicCompletions.rs:550;crates/jet-cli/src/DynamicCompletions.rs:552	crates/jet-sema/tests/generic_module_body.rs:492;crates/jet-sema/tests/generic_module_body.rs:497;crates/jet-sema/tests/generic_module_body.rs:517;crates/jet-sema/tests/generic_module_body.rs:522;crates/jet-sema/tests/generic_module_body.rs:527;crates/jet-sema/tests/generic_module_body.rs:528;crates/jet-sema/tests/generic_module_body.rs:534;crates/jet-sema/tests/generic_module_body.rs:543;crates/jetpack-bin/tests/build_plugin_e2e.rs:145;crates/jetpack-bin/tests/build_plugin_e2e.rs:152;crates/jetpack-bin/tests/build_plugin_e2e.rs:198;crates/jetpack-bin/tests/build_plugin_e2e.rs:204;crates/jetpack-bin/tests/build_plugin_e2e.rs:228;crates/jetpack-bin/tests/build_plugin_e2e.rs:234;crates/jetpack-bin/tests/build_plugin_e2e.rs:249;crates/jetpack-bin/tests/build_plugin_e2e.rs:257;crates/jetpack-bin/tests/build_plugin_e2e.rs:276;crates/jetpack-bin/tests/build_plugin_e2e.rs:284	crates/jet-cli/src/CLI.rs:75;crates/jet-cli/src/CLI.rs:76;crates/jet-cli/src/CLI.rs:77;crates/jet-cli/src/CLI.rs:78;crates/jet-cli/src/CLI.rs:79;crates/jet-cli/src/CLI.rs:97;crates/jet-cli/src/CLI.rs:727;crates/jet-cli/src/CLI.rs:859;crates/jet-cli/src/CLI.rs:866;crates/jet-cli/src/CLI.rs:873;crates/jet-cli/src/CLI.rs:1869;crates/jet-cli/src/CommandHarness.rs:404;crates/jet-cli/src/CommandHarness.rs:406;crates/jet-cli/src/DynamicCompletions.rs:544;crates/jet-cli/src/DynamicCompletions.rs:545;crates/jet-cli/src/DynamicCompletions.rs:547;crates/jet-cli/src/DynamicCompletions.rs:550;crates/jet-cli/src/DynamicCompletions.rs:552					
core_effect_leaf	core-call:core.net.tls.write_all	plain	core.net.tls.write_all	missing					authority:application-boundary,authority:canonical-holds		crates/jet-foundation/src/Syntax/core_calls.rs:413;crates/jet-foundation/src/Syntax/core_calls.rs:431	crates/jet-cli/src/Recording.rs:600;crates/jet-codegen/src/Codegen/TIR/lower/method_calls.rs:3413;crates/jet-codegen/src/Codegen/TIR/lower/method_calls.rs:3458;crates/jet-codegen/src/Codegen/TIR/subset/handles.rs:318;crates/jet-codegen/src/Codegen/TIR/subset/handles.rs:331;crates/jet-codegen/src/Codegen/TIR/subset/handles.rs:336;crates/jet-codegen/src/Codegen/TIR/subset/methods.rs:123;crates/jet-codegen/src/Prelude/Core.jet:71;crates/jet-codegen/src/Prelude/Core/Receipt.rs:301;crates/jet-codegen/src/Prelude/CoreLib/Email.rs:1193;crates/jet-codegen/src/Prelude/CoreLib/Email.rs:1317;crates/jet-codegen/src/Prelude/CoreLib/ProcessPty.rs:1215;crates/jet-codegen/src/Prelude/CoreLib/Top/EncodingHostileIo.rs:269;crates/jet-codegen/src/Prelude/CoreLib/Top/EncodingHostileIo.rs:297;crates/jet-codegen/src/Prelude/CoreLib/Top/EncodingHostileIo.rs:303;crates/jet-codegen/src/Prelude/CoreLib/Top/EncodingStream.rs:3254;crates/jet-codegen/src/Prelude/CoreLib/Top/EncodingStream.rs:3308;crates/jet-codegen/src/Prelude/CoreLib/Top/FileStream.rs:109	crates/jetpack-bin/tests/criterion1.rs:60;crates/jetpack/src/Store/Tests/tests/late.rs:507;crates/jetpack/src/Store/Tests/tests/nix_projection.rs:768;crates/jetpack/src/Store/Tests/tests/nix_projection.rs:769;crates/jetpack/src/Store/Tests/tests/nix_projection.rs:772;examples/features/basics/build/callbacks.rs:3158;examples/features/basics/build/callbacks.rs:9903;examples/features/basics/build/callbacks.rs:9905;examples/features/basics/build/callbacks.rs:9906;examples/features/basics/build/callbacks.rs:9908;examples/features/basics/build/callbacks.rs:9909;examples/features/basics/build/callbacks.rs:15606;examples/features/basics/build/callbacks.rs:15622;examples/features/basics/build/callbacks.rs:17196;examples/features/basics/build/callbacks.rs:19355;examples/features/basics/build/callbacks.rs:21295;examples/features/basics/build/callbacks.rs:51608;examples/features/basics/build/callbacks.rs:53034	crates/jet-cli/src/Recording.rs:600;crates/jet-codegen/src/Codegen/TIR/lower/method_calls.rs:3413;crates/jet-codegen/src/Codegen/TIR/lower/method_calls.rs:3458;crates/jet-codegen/src/Codegen/TIR/subset/handles.rs:318;crates/jet-codegen/src/Codegen/TIR/subset/handles.rs:331;crates/jet-codegen/src/Codegen/TIR/subset/handles.rs:336;crates/jet-codegen/src/Codegen/TIR/subset/methods.rs:123;crates/jet-codegen/src/Prelude/Core/Receipt.rs:301;crates/jet-codegen/src/Prelude/CoreLib/Email.rs:1193;crates/jet-codegen/src/Prelude/CoreLib/Email.rs:1317;crates/jet-codegen/src/Prelude/CoreLib/ProcessPty.rs:1215;crates/jet-codegen/src/Prelude/CoreLib/Top/EncodingHostileIo.rs:269;crates/jet-codegen/src/Prelude/CoreLib/Top/EncodingHostileIo.rs:297;crates/jet-codegen/src/Prelude/CoreLib/Top/EncodingHostileIo.rs:303;crates/jet-codegen/src/Prelude/CoreLib/Top/EncodingStream.rs:3254;crates/jet-codegen/src/Prelude/CoreLib/Top/EncodingStream.rs:3308;crates/jet-codegen/src/Prelude/CoreLib/Top/FileStream.rs:109;crates/jet-codegen/src/Prelude/CoreLib/Top/FileStream.rs:110					
core_effect_leaf	core-call:core.net.tls.write_text	plain	core.net.tls.write_text	missing					authority:application-boundary,authority:canonical-holds		crates/jet-foundation/src/Syntax/core_calls.rs:413;crates/jet-foundation/src/Syntax/core_calls.rs:431	crates/jet-codegen/src/Codegen/TIR/routes.rs:811;crates/jet-codegen/src/Codegen/TIR/subset/handles.rs:319;crates/jet-codegen/src/Prelude/Core.jet:71;crates/jet-codegen/src/Prelude/Core.jet:96;crates/jet-codegen/src/Prelude/Core.jet:838;crates/jet-foundation/src/CoreModuleExports.rs:376;crates/jet-foundation/src/CoreModuleExports.rs:476;crates/jet-foundation/src/Effects.rs:203;crates/jet-foundation/src/Syntax/core_calls.rs:422;crates/jet-foundation/src/Syntax/core_calls.rs:521;crates/jet-foundation/src/Syntax/core_calls.rs:2208;crates/jet-jit/src/net_http_hosts.rs:1962;crates/jet-jit/src/Ui.rs:2750;crates/jet-jit/src/Ui.rs:2751;crates/jet-jit/src/Ui.rs:2752;crates/jet-jit/src/Ui.rs:3545;crates/jet-sema/src/Sema/CheckerCoreLib/fixed_sigs.rs:4379;crates/jet-sema/src/Sema/CheckerCoreLib/fixed_sigs.rs:5151	tests/conformance/corpus/core/net/ready_readable.jet:9;tests/conformance/corpus/core/net/tcp_read_text.jet:9;tests/conformance/corpus/core/net/tcp_read.jet:9;tests/conformance/corpus/core/net/tls/write_text.jet:1;tests/conformance/corpus/core/net/tls/write_text.jet:14;tests/corelib_parts/net.rs:446;tests/corelib_parts/net.rs:718;tests/corelib_parts/net.rs:1504	crates/jet-codegen/src/Codegen/TIR/routes.rs:811;crates/jet-codegen/src/Codegen/TIR/subset/handles.rs:319;crates/jet-foundation/src/CoreModuleExports.rs:376;crates/jet-foundation/src/CoreModuleExports.rs:476;crates/jet-foundation/src/Effects.rs:203;crates/jet-foundation/src/Syntax/core_calls.rs:422;crates/jet-foundation/src/Syntax/core_calls.rs:521;crates/jet-foundation/src/Syntax/core_calls.rs:2208;crates/jet-jit/src/net_http_hosts.rs:1962;crates/jet-jit/src/Ui.rs:2750;crates/jet-jit/src/Ui.rs:2751;crates/jet-jit/src/Ui.rs:2752;crates/jet-jit/src/Ui.rs:3545;crates/jet-sema/src/Sema/CheckerCoreLib/fixed_sigs.rs:4379;crates/jet-sema/src/Sema/CheckerCoreLib/fixed_sigs.rs:5151;crates/jet-sema/src/Sema/CheckerCoreLib/module_items.rs:1099;crates/jet-sema/src/Sema/CheckerCoreLib/module_items.rs:1311;crates/jet-sema/src/Sema/CheckerCoreLib/net_text_time.rs:413					
core_effect_leaf	core-call:core.net.udp_receive	plain	core.net.udp_receive	found					authority:application-boundary,authority:canonical-holds		crates/jet-foundation/src/Syntax/core_calls.rs:364;crates/jet-foundation/src/Syntax/core_calls.rs:411;crates/jet-foundation/src/Syntax/core_calls.rs:2042	crates/jet-codegen/src/Prelude/Core.jet:69;crates/jet-codegen/src/Prelude/Core.jet:672;crates/jet-codegen/src/Prelude/Core.jet:1615;crates/jet-foundation/src/CoreModuleExports.rs:368;crates/jet-foundation/src/Syntax/core_calls.rs:386;crates/jet-foundation/src/Syntax/core_calls.rs:1415;crates/jet-foundation/src/Syntax/core_calls.rs:2042;crates/jet-jit/src/net_http_hosts.rs:1138;crates/jet-jit/src/net_http_hosts.rs:3686;crates/jet-sema/src/Sema/CheckerCoreLib/fixed_sigs.rs:4092;crates/jet-sema/src/Sema/CheckerCoreLib/module_items.rs:1052	examples/features/net/socket_echo.jet:44;tests/conformance/corpus/core/net/dns_a_at.jet:9;tests/conformance/corpus/core/net/dns_aaaa_at.jet:9;tests/conformance/corpus/core/net/dns_srv_at.jet:9;tests/conformance/corpus/core/net/dns_srv_port.jet:9;tests/conformance/corpus/core/net/dns_srv_priority.jet:9;tests/conformance/corpus/core/net/dns_srv_target.jet:9;tests/conformance/corpus/core/net/dns_srv_weight.jet:9;tests/conformance/corpus/core/net/dns_txt_at.jet:9;tests/conformance/corpus/core/net/udp_packet_addr.jet:9;tests/conformance/corpus/core/net/udp_packet_bytes.jet:9;tests/conformance/corpus/core/net/udp_packet_data.jet:9;tests/conformance/corpus/core/net/udp_packet_original_len.jet:9;tests/conformance/corpus/core/net/udp_packet_truncated.jet:9;tests/conformance/corpus/core/net/udp_receive.jet:1;tests/conformance/corpus/core/net/udp_receive.jet:9;tests/conformance/corpus/core/net/udp_send_bytes_to.jet:9;tests/conformance/corpus/core/net/udp_send_to.jet:9	crates/jet-foundation/src/CoreModuleExports.rs:368;crates/jet-foundation/src/Syntax/core_calls.rs:386;crates/jet-foundation/src/Syntax/core_calls.rs:1415;crates/jet-foundation/src/Syntax/core_calls.rs:2042;crates/jet-jit/src/net_http_hosts.rs:1138;crates/jet-jit/src/net_http_hosts.rs:3686;crates/jet-sema/src/Sema/CheckerCoreLib/fixed_sigs.rs:4092;crates/jet-sema/src/Sema/CheckerCoreLib/module_items.rs:1052					
core_effect_leaf	core-call:core.net.udp_recv_from	plain	core.net.udp_recv_from	found					authority:application-boundary,authority:canonical-holds		crates/jet-foundation/src/Syntax/core_calls.rs:364;crates/jet-foundation/src/Syntax/core_calls.rs:411;crates/jet-foundation/src/Syntax/core_calls.rs:2040	crates/jet-codegen/src/Prelude/Core.jet:69;crates/jet-codegen/src/Prelude/Core.jet:670;crates/jet-codegen/src/Prelude/Core.jet:1613;crates/jet-foundation/src/CoreModuleExports.rs:368;crates/jet-foundation/src/Syntax/core_calls.rs:384;crates/jet-foundation/src/Syntax/core_calls.rs:1413;crates/jet-foundation/src/Syntax/core_calls.rs:2040;crates/jet-sema/src/Sema/CheckerCoreLib/fixed_sigs.rs:4074;crates/jet-sema/src/Sema/CheckerCoreLib/module_items.rs:1050	tests/conformance/corpus/core/net/udp_recv_from.jet:1;tests/conformance/corpus/core/net/udp_recv_from.jet:9	crates/jet-foundation/src/CoreModuleExports.rs:368;crates/jet-foundation/src/Syntax/core_calls.rs:384;crates/jet-foundation/src/Syntax/core_calls.rs:1413;crates/jet-foundation/src/Syntax/core_calls.rs:2040;crates/jet-sema/src/Sema/CheckerCoreLib/fixed_sigs.rs:4074;crates/jet-sema/src/Sema/CheckerCoreLib/module_items.rs:1050					
core_effect_leaf	core-call:core.net.udp_send_bytes_to	plain	core.net.udp_send_bytes_to	found					authority:application-boundary,authority:canonical-holds		crates/jet-foundation/src/Syntax/core_calls.rs:364;crates/jet-foundation/src/Syntax/core_calls.rs:411;crates/jet-foundation/src/Syntax/core_calls.rs:2041	crates/jet-codegen/src/Prelude/Core.jet:69;crates/jet-codegen/src/Prelude/Core.jet:671;crates/jet-codegen/src/Prelude/Core.jet:1614;crates/jet-foundation/src/CoreModuleExports.rs:368;crates/jet-foundation/src/Syntax/core_calls.rs:385;crates/jet-foundation/src/Syntax/core_calls.rs:1414;crates/jet-foundation/src/Syntax/core_calls.rs:2041;crates/jet-jit/src/net_http_hosts.rs:3683;crates/jet-sema/src/Sema/CheckerCoreLib/fixed_sigs.rs:4084;crates/jet-sema/src/Sema/CheckerCoreLib/module_items.rs:1051	examples/features/net/socket_echo.jet:43;tests/conformance/corpus/core/net/dns_a_at.jet:17;tests/conformance/corpus/core/net/dns_aaaa_at.jet:18;tests/conformance/corpus/core/net/dns_srv_at.jet:18;tests/conformance/corpus/core/net/dns_srv_port.jet:18;tests/conformance/corpus/core/net/dns_srv_priority.jet:18;tests/conformance/corpus/core/net/dns_srv_target.jet:18;tests/conformance/corpus/core/net/dns_srv_weight.jet:18;tests/conformance/corpus/core/net/dns_txt_at.jet:17;tests/conformance/corpus/core/net/udp_send_bytes_to.jet:1;tests/conformance/corpus/core/net/udp_send_bytes_to.jet:8;tests/run_interpret.rs:593	crates/jet-foundation/src/CoreModuleExports.rs:368;crates/jet-foundation/src/Syntax/core_calls.rs:385;crates/jet-foundation/src/Syntax/core_calls.rs:1414;crates/jet-foundation/src/Syntax/core_calls.rs:2041;crates/jet-jit/src/net_http_hosts.rs:3683;crates/jet-sema/src/Sema/CheckerCoreLib/fixed_sigs.rs:4084;crates/jet-sema/src/Sema/CheckerCoreLib/module_items.rs:1051					
core_effect_leaf	core-call:core.net.udp_send_to	plain	core.net.udp_send_to	found					authority:application-boundary,authority:canonical-holds		crates/jet-foundation/src/Syntax/core_calls.rs:364;crates/jet-foundation/src/Syntax/core_calls.rs:411;crates/jet-foundation/src/Syntax/core_calls.rs:2039	crates/jet-codegen/src/Prelude/Core.jet:69;crates/jet-codegen/src/Prelude/Core.jet:669;crates/jet-codegen/src/Prelude/Core.jet:1612;crates/jet-foundation/src/CoreModuleExports.rs:368;crates/jet-foundation/src/Syntax/core_calls.rs:383;crates/jet-foundation/src/Syntax/core_calls.rs:1412;crates/jet-foundation/src/Syntax/core_calls.rs:2039;crates/jet-jit/src/net_http_hosts.rs:3684;crates/jet-sema/src/Sema/CheckerCoreLib/fixed_sigs.rs:4066;crates/jet-sema/src/Sema/CheckerCoreLib/module_items.rs:1049	tests/conformance/corpus/core/net/udp_packet_addr.jet:8;tests/conformance/corpus/core/net/udp_packet_bytes.jet:8;tests/conformance/corpus/core/net/udp_packet_data.jet:8;tests/conformance/corpus/core/net/udp_packet_original_len.jet:8;tests/conformance/corpus/core/net/udp_packet_truncated.jet:8;tests/conformance/corpus/core/net/udp_receive.jet:8;tests/conformance/corpus/core/net/udp_recv_from.jet:8;tests/conformance/corpus/core/net/udp_send_to.jet:1;tests/conformance/corpus/core/net/udp_send_to.jet:8	crates/jet-foundation/src/CoreModuleExports.rs:368;crates/jet-foundation/src/Syntax/core_calls.rs:383;crates/jet-foundation/src/Syntax/core_calls.rs:1412;crates/jet-foundation/src/Syntax/core_calls.rs:2039;crates/jet-jit/src/net_http_hosts.rs:3684;crates/jet-sema/src/Sema/CheckerCoreLib/fixed_sigs.rs:4066;crates/jet-sema/src/Sema/CheckerCoreLib/module_items.rs:1049					
core_effect_leaf	core-call:core.net.unix_accept	plain	core.net.unix_accept	found					authority:application-boundary,authority:canonical-holds		crates/jet-foundation/src/Syntax/core_calls.rs:364;crates/jet-foundation/src/Syntax/core_calls.rs:411;crates/jet-foundation/src/Syntax/core_calls.rs:2049	crates/jet-codegen/src/Prelude/Core.jet:69;crates/jet-codegen/src/Prelude/Core.jet:679;crates/jet-codegen/src/Prelude/Core.jet:1696;crates/jet-foundation/src/CoreModuleExports.rs:368;crates/jet-foundation/src/Syntax/core_calls.rs:387;crates/jet-foundation/src/Syntax/core_calls.rs:1495;crates/jet-foundation/src/Syntax/core_calls.rs:2049;crates/jet-jit/src/net_http_hosts.rs:3694;crates/jet-sema/src/Sema/CheckerCoreLib/fixed_sigs.rs:4129;crates/jet-sema/src/Sema/CheckerCoreLib/module_items.rs:1059	examples/features/net/socket_echo.jet:51;tests/conformance/corpus/core/net/unix_accept.jet:1;tests/conformance/corpus/core/net/unix_accept.jet:7;tests/conformance/corpus/core/net/unix_close.jet:7;tests/conformance/corpus/core/net/unix_connect.jet:7;tests/conformance/corpus/core/net/unix_listen.jet:7;tests/conformance/corpus/core/net/unix_read_bytes.jet:7;tests/conformance/corpus/core/net/unix_read.jet:7;tests/conformance/corpus/core/net/unix_shutdown.jet:7;tests/conformance/corpus/core/net/unix_write_all_bytes.jet:7;tests/conformance/corpus/core/net/unix_write.jet:7;tests/corelib_parts/net.rs:854;tests/corelib_parts/net.rs:989	crates/jet-foundation/src/CoreModuleExports.rs:368;crates/jet-foundation/src/Syntax/core_calls.rs:387;crates/jet-foundation/src/Syntax/core_calls.rs:1495;crates/jet-foundation/src/Syntax/core_calls.rs:2049;crates/jet-jit/src/net_http_hosts.rs:3694;crates/jet-sema/src/Sema/CheckerCoreLib/fixed_sigs.rs:4129;crates/jet-sema/src/Sema/CheckerCoreLib/module_items.rs:1059					
core_effect_leaf	core-call:core.net.unix_connect	plain	core.net.unix_connect	missing					authority:application-boundary,authority:canonical-holds		crates/jet-foundation/src/Syntax/core_calls.rs:364;crates/jet-foundation/src/Syntax/core_calls.rs:411	crates/jet-codegen/src/Codegen/TIR/subset/core_calls.rs:300;crates/jet-codegen/src/Prelude/Core.jet:69;crates/jet-foundation/src/CoreModuleExports.rs:368;crates/jet-foundation/src/Syntax/core_calls.rs:388;crates/jet-jit/src/net_http_hosts.rs:3695;crates/jet-sema/src/Sema/CheckerCoreLib/core_call.rs:53;crates/jet-sema/src/Sema/CheckerCoreLib/core_call.rs:2705;crates/jet-sema/src/Sema/CheckerCoreLib/core_call.rs:2707;crates/jet-sema/src/Sema/CheckerCoreLib/core_call.rs:2811;crates/jet-sema/src/Sema/CheckerCoreLib/fixed_sigs.rs:4136;crates/jet-sema/src/Sema/CheckerCoreLib/module_items.rs:1060	examples/features/net/socket_echo.jet:56;tests/conformance/corpus/core/net/unix_accept.jet:6;tests/conformance/corpus/core/net/unix_close.jet:6;tests/conformance/corpus/core/net/unix_connect.jet:1;tests/conformance/corpus/core/net/unix_connect.jet:6;tests/conformance/corpus/core/net/unix_listen.jet:6;tests/conformance/corpus/core/net/unix_read_bytes.jet:6;tests/conformance/corpus/core/net/unix_read.jet:6;tests/conformance/corpus/core/net/unix_shutdown.jet:6;tests/conformance/corpus/core/net/unix_write_all_bytes.jet:6;tests/conformance/corpus/core/net/unix_write.jet:6;tests/corelib_parts/net.rs:451;tests/corelib_parts/net.rs:872;tests/corelib_parts/net.rs:922	crates/jet-codegen/src/Codegen/TIR/subset/core_calls.rs:300;crates/jet-foundation/src/CoreModuleExports.rs:368;crates/jet-foundation/src/Syntax/core_calls.rs:388;crates/jet-jit/src/net_http_hosts.rs:3695;crates/jet-sema/src/Sema/CheckerCoreLib/core_call.rs:53;crates/jet-sema/src/Sema/CheckerCoreLib/core_call.rs:2705;crates/jet-sema/src/Sema/CheckerCoreLib/core_call.rs:2707;crates/jet-sema/src/Sema/CheckerCoreLib/core_call.rs:2811;crates/jet-sema/src/Sema/CheckerCoreLib/fixed_sigs.rs:4136;crates/jet-sema/src/Sema/CheckerCoreLib/module_items.rs:1060					
core_effect_leaf	core-call:core.net.unix_read	plain	core.net.unix_read	missing					authority:application-boundary,authority:canonical-holds		crates/jet-foundation/src/Syntax/core_calls.rs:364;crates/jet-foundation/src/Syntax/core_calls.rs:411	crates/jet-codegen/src/Prelude/Core.jet:69;crates/jet-foundation/src/CoreModuleExports.rs:368;crates/jet-foundation/src/Syntax/core_calls.rs:389;crates/jet-jit/src/net_http_hosts.rs:3696;crates/jet-sema/src/Sema/CheckerCoreLib/fixed_sigs.rs:4143;crates/jet-sema/src/Sema/CheckerCoreLib/module_items.rs:1061	examples/features/net/socket_echo.jet:52;examples/features/net/socket_echo.jet:58;tests/conformance/corpus/core/net/unix_accept.jet:9;tests/conformance/corpus/core/net/unix_connect.jet:9;tests/conformance/corpus/core/net/unix_read.jet:1;tests/conformance/corpus/core/net/unix_read.jet:9;tests/conformance/corpus/core/net/unix_write_all_bytes.jet:12;tests/conformance/corpus/core/net/unix_write.jet:12	crates/jet-foundation/src/CoreModuleExports.rs:368;crates/jet-foundation/src/Syntax/core_calls.rs:389;crates/jet-jit/src/net_http_hosts.rs:3696;crates/jet-sema/src/Sema/CheckerCoreLib/fixed_sigs.rs:4143;crates/jet-sema/src/Sema/CheckerCoreLib/module_items.rs:1061					
core_effect_leaf	core-call:core.net.unix_read_bytes	plain	core.net.unix_read_bytes	missing					authority:application-boundary,authority:canonical-holds		crates/jet-foundation/src/Syntax/core_calls.rs:364;crates/jet-foundation/src/Syntax/core_calls.rs:411	crates/jet-codegen/src/Prelude/Core.jet:69;crates/jet-foundation/src/CoreModuleExports.rs:368;crates/jet-foundation/src/Syntax/core_calls.rs:391;crates/jet-sema/src/Sema/CheckerCoreLib/fixed_sigs.rs:4160;crates/jet-sema/src/Sema/CheckerCoreLib/module_items.rs:1063	tests/conformance/corpus/core/net/unix_read_bytes.jet:1;tests/conformance/corpus/core/net/unix_read_bytes.jet:9	crates/jet-foundation/src/CoreModuleExports.rs:368;crates/jet-foundation/src/Syntax/core_calls.rs:391;crates/jet-sema/src/Sema/CheckerCoreLib/fixed_sigs.rs:4160;crates/jet-sema/src/Sema/CheckerCoreLib/module_items.rs:1063					
core_effect_leaf	core-call:core.net.unix_write	plain	core.net.unix_write	missing					authority:application-boundary,authority:canonical-holds		crates/jet-foundation/src/Syntax/core_calls.rs:364;crates/jet-foundation/src/Syntax/core_calls.rs:411	crates/jet-codegen/src/Prelude/Core.jet:69;crates/jet-foundation/src/CoreModuleExports.rs:368;crates/jet-foundation/src/Syntax/core_calls.rs:390;crates/jet-jit/src/net_http_hosts.rs:1268;crates/jet-jit/src/net_http_hosts.rs:3697;crates/jet-sema/src/Sema/CheckerCoreLib/fixed_sigs.rs:4150;crates/jet-sema/src/Sema/CheckerCoreLib/module_items.rs:1062	tests/conformance/corpus/core/net/unix_write.jet:1;tests/conformance/corpus/core/net/unix_write.jet:9	crates/jet-foundation/src/CoreModuleExports.rs:368;crates/jet-foundation/src/Syntax/core_calls.rs:390;crates/jet-jit/src/net_http_hosts.rs:1268;crates/jet-jit/src/net_http_hosts.rs:3697;crates/jet-sema/src/Sema/CheckerCoreLib/fixed_sigs.rs:4150;crates/jet-sema/src/Sema/CheckerCoreLib/module_items.rs:1062					
core_effect_leaf	core-call:core.net.unix_write_all_bytes	plain	core.net.unix_write_all_bytes	missing					authority:application-boundary,authority:canonical-holds		crates/jet-foundation/src/Syntax/core_calls.rs:364;crates/jet-foundation/src/Syntax/core_calls.rs:411	crates/jet-codegen/src/Prelude/Core.jet:69;crates/jet-foundation/src/CoreModuleExports.rs:368;crates/jet-foundation/src/Syntax/core_calls.rs:392;crates/jet-jit/src/net_http_hosts.rs:1278;crates/jet-jit/src/net_http_hosts.rs:3698;crates/jet-sema/src/Sema/CheckerCoreLib/fixed_sigs.rs:4173;crates/jet-sema/src/Sema/CheckerCoreLib/module_items.rs:1064	examples/features/net/socket_echo.jet:53;examples/features/net/socket_echo.jet:57;tests/conformance/corpus/core/net/unix_accept.jet:8;tests/conformance/corpus/core/net/unix_connect.jet:8;tests/conformance/corpus/core/net/unix_read_bytes.jet:8;tests/conformance/corpus/core/net/unix_read.jet:8;tests/conformance/corpus/core/net/unix_write_all_bytes.jet:1;tests/conformance/corpus/core/net/unix_write_all_bytes.jet:9;tests/corelib_parts/net.rs:869;tests/corelib_parts/net.rs:878	crates/jet-foundation/src/CoreModuleExports.rs:368;crates/jet-foundation/src/Syntax/core_calls.rs:392;crates/jet-jit/src/net_http_hosts.rs:1278;crates/jet-jit/src/net_http_hosts.rs:3698;crates/jet-sema/src/Sema/CheckerCoreLib/fixed_sigs.rs:4173;crates/jet-sema/src/Sema/CheckerCoreLib/module_items.rs:1064					
core_effect_leaf	core-call:core.process.pipeline	plain	core.process.pipeline	found					authority:application-boundary,authority:canonical-holds	sandbox:substitute-or-refuse	crates/jet-foundation/src/Syntax/core_calls.rs:361;crates/jet-foundation/src/Syntax/core_calls.rs:362;crates/jet-foundation/src/Syntax/core_calls.rs:1634	crates/jet-codegen/src/Codegen/Context.rs:426;crates/jet-codegen/src/Codegen/MIRRust.rs:3;crates/jet-codegen/src/Codegen/TIR/mod.rs:9745;crates/jet-codegen/src/Codegen/TIR/subset/builtin_methods.rs:82;crates/jet-codegen/src/Prelude/Core.jet:77;crates/jet-codegen/src/Prelude/Core.jet:264;crates/jet-codegen/src/Prelude/Core.jet:1529;crates/jet-codegen/src/Prelude/CoreLib/Top/Compute.rs:695;crates/jet-codegen/src/Prelude/CoreLib/Top/Compute.rs:703;crates/jet-codegen/src/Prelude/CoreLib/Top/Compute.rs:707;crates/jet-codegen/src/Prelude/CoreLib/Top/Compute.rs:761;crates/jet-codegen/src/Prelude/CoreLib/Top/Compute.rs:2199;crates/jet-codegen/src/Prelude/CoreLib/Top/Compute.rs:2902;crates/jet-codegen/src/Prelude/CoreLib/Top/Compute.rs:3064;crates/jet-codegen/src/Prelude/CoreLib/Top/Compute.rs:3167;crates/jet-codegen/src/Prelude/CoreLib/Top/Compute.rs:3215;crates/jet-codegen/src/Prelude/CoreLib/Top/Compute.rs:3218;crates/jet-codegen/src/Prelude/CoreLib/Top/Compute.rs:3253	examples/features/basics/build/callbacks.rs:69434;examples/features/basics/build/compound.rs:69434;examples/features/basics/build/numbers.rs:69434;examples/features/cli/battery/run.jet:117;examples/features/effects/asset_pipeline.jet:1;examples/features/foundations/distributed/run.jet:24;examples/features/io/process_builder.jet:12;examples/features/io/process_builder.jet:14;examples/features/lowlevel/cbind/build/run.rs:69461;examples/features/lowlevel/simd_auto_loop.jet:2;examples/features/memory/program_allocator/build/main.rs:59175;examples/features/memory/program_allocator/build/run.rs:71013;examples/features/memory/unsafe_sentries_package_off/build/run.rs:55518;examples/features/serde/csv_typed.jet:1;examples/features/ui/ui_typed_style.jet:1;examples/features/web/ui_showcase.jet:10;examples/performance/receipts/http_ready/build/run.rs:54261;examples/performance/receipts/http_ready/build/run.rs:54270	crates/jet-codegen/src/Codegen/Context.rs:426;crates/jet-codegen/src/Codegen/MIRRust.rs:3;crates/jet-codegen/src/Codegen/TIR/mod.rs:9745;crates/jet-codegen/src/Codegen/TIR/subset/builtin_methods.rs:82;crates/jet-codegen/src/Prelude/CoreLib/Top/Compute.rs:695;crates/jet-codegen/src/Prelude/CoreLib/Top/Compute.rs:703;crates/jet-codegen/src/Prelude/CoreLib/Top/Compute.rs:707;crates/jet-codegen/src/Prelude/CoreLib/Top/Compute.rs:761;crates/jet-codegen/src/Prelude/CoreLib/Top/Compute.rs:2199;crates/jet-codegen/src/Prelude/CoreLib/Top/Compute.rs:2902;crates/jet-codegen/src/Prelude/CoreLib/Top/Compute.rs:3064;crates/jet-codegen/src/Prelude/CoreLib/Top/Compute.rs:3167;crates/jet-codegen/src/Prelude/CoreLib/Top/Compute.rs:3215;crates/jet-codegen/src/Prelude/CoreLib/Top/Compute.rs:3218;crates/jet-codegen/src/Prelude/CoreLib/Top/Compute.rs:3253;crates/jet-codegen/src/Prelude/CoreLib/Top/Compute.rs:3254;crates/jet-codegen/src/Prelude/CoreLib/Top/Compute.rs:3585;crates/jet-codegen/src/Prelude/CoreLib/Top/GameAssetsImport.rs:1					
core_effect_leaf	core-call:core.process.run	plain	core.process.run	found					authority:application-boundary,authority:canonical-holds	sandbox:substitute-or-refuse	crates/jet-foundation/src/Syntax/core_calls.rs:361;crates/jet-foundation/src/Syntax/core_calls.rs:362;crates/jet-foundation/src/Syntax/core_calls.rs:1632	crates/jet-canvas/src/html.rs:103;crates/jet-canvas/src/html.rs:104;crates/jet-canvas/src/html.rs:105;crates/jet-canvas/src/html.rs:108;crates/jet-canvas/src/html.rs:109;crates/jet-canvas/src/html.rs:416;crates/jet-canvas/src/html.rs:417;crates/jet-canvas/src/html.rs:418;crates/jet-canvas/src/html.rs:419;crates/jet-canvas/src/html.rs:421;crates/jet-canvas/src/html.rs:422;crates/jet-canvas/src/html.rs:423;crates/jet-canvas/src/html.rs:579;crates/jet-canvas/src/html.rs:622;crates/jet-canvas/src/html.rs:846;crates/jet-cli/src/CLI.rs:193;crates/jet-cli/src/CLI.rs:214;crates/jet-cli/src/CLI.rs:693	crates/jet-comptime/tests/tls_tier2.rs:76;crates/jet-parser/tests/result_handler_grammar.rs:10;crates/jet-parser/tests/result_handler_grammar.rs:43;crates/jet-parser/tests/result_handler_grammar.rs:45;crates/jet-sema/tests/comptime_import_liveness.rs:75;crates/jet-sema/tests/comptime_import_liveness.rs:87;crates/jet-sema/tests/error_family_conv.rs:72;crates/jet-sema/tests/generic_module_body.rs:177;crates/jet-sema/tests/generic_module_body.rs:241;crates/jet-sema/tests/generic_module_body.rs:267;crates/jet-sema/tests/generic_module_body.rs:293;crates/jet-sema/tests/generic_module_body.rs:302;crates/jet-sema/tests/generic_module_body.rs:378;crates/jet-sema/tests/generic_module_body.rs:424;crates/jet-sema/tests/generic_module_body.rs:462;crates/jet-sema/tests/generic_module_body.rs:470;crates/jet-sema/tests/generic_module_body.rs:471;crates/jet-sema/tests/generic_module_body.rs:472	crates/jet-canvas/src/html.rs:103;crates/jet-canvas/src/html.rs:104;crates/jet-canvas/src/html.rs:105;crates/jet-canvas/src/html.rs:108;crates/jet-canvas/src/html.rs:109;crates/jet-canvas/src/html.rs:416;crates/jet-canvas/src/html.rs:417;crates/jet-canvas/src/html.rs:418;crates/jet-canvas/src/html.rs:419;crates/jet-canvas/src/html.rs:421;crates/jet-canvas/src/html.rs:422;crates/jet-canvas/src/html.rs:423;crates/jet-canvas/src/html.rs:579;crates/jet-canvas/src/html.rs:622;crates/jet-canvas/src/html.rs:846;crates/jet-cli/src/CLI.rs:193;crates/jet-cli/src/CLI.rs:214;crates/jet-cli/src/CLI.rs:693					
core_effect_leaf	core-call:core.service.receive	plain	core.service.receive	missing					authority:application-boundary,authority:canonical-holds		crates/jet-foundation/src/Syntax/core_calls.rs:449;crates/jet-foundation/src/Syntax/core_calls.rs:462	crates/jet-cli/src/MultiProgress.rs:258;crates/jet-codegen/src/Codegen/Context.rs:436;crates/jet-codegen/src/Codegen/Context.rs:1828;crates/jet-codegen/src/Codegen/Context.rs:2170;crates/jet-codegen/src/Codegen/mod.rs:166;crates/jet-codegen/src/Codegen/mod.rs:2268;crates/jet-codegen/src/Codegen/TIR/lower/control_flow.rs:1445;crates/jet-codegen/src/Codegen/TIR/lower/fields.rs:1163;crates/jet-codegen/src/Codegen/TIR/lower/method_calls.rs:768;crates/jet-codegen/src/Codegen/TIR/lower/method_calls.rs:811;crates/jet-codegen/src/Codegen/TIR/lower/method_calls.rs:5648;crates/jet-codegen/src/Codegen/TIR/lower/method_calls.rs:6804;crates/jet-codegen/src/Codegen/TIR/lower/method_calls.rs:6835;crates/jet-codegen/src/Codegen/TIR/lower/method_calls.rs:7046;crates/jet-codegen/src/Codegen/TIR/mod.rs:8446;crates/jet-codegen/src/Codegen/TIR/mod.rs:9989;crates/jet-codegen/src/Codegen/TIR/mod.rs:10470;crates/jet-codegen/src/Codegen/TIR/subset/builtin_methods.rs:150	examples/features/basics/build/callbacks.rs:42165;examples/features/basics/build/callbacks.rs:42321;examples/features/basics/build/callbacks.rs:45181;examples/features/basics/build/callbacks.rs:45199;examples/features/basics/build/callbacks.rs:45283;examples/features/basics/build/callbacks.rs:45294;examples/features/basics/build/callbacks.rs:45296;examples/features/basics/build/callbacks.rs:45302;examples/features/basics/build/callbacks.rs:45306;examples/features/basics/build/callbacks.rs:45308;examples/features/basics/build/callbacks.rs:53125;examples/features/basics/build/callbacks.rs:62107;examples/features/basics/build/callbacks.rs:62109;examples/features/basics/build/callbacks.rs:62113;examples/features/basics/build/callbacks.rs:62129;examples/features/basics/build/callbacks.rs:62131;examples/features/basics/build/callbacks.rs:62177;examples/features/basics/build/callbacks.rs:62180	crates/jet-cli/src/MultiProgress.rs:258;crates/jet-codegen/src/Codegen/Context.rs:436;crates/jet-codegen/src/Codegen/Context.rs:1828;crates/jet-codegen/src/Codegen/Context.rs:2170;crates/jet-codegen/src/Codegen/mod.rs:166;crates/jet-codegen/src/Codegen/mod.rs:2268;crates/jet-codegen/src/Codegen/TIR/lower/control_flow.rs:1445;crates/jet-codegen/src/Codegen/TIR/lower/fields.rs:1163;crates/jet-codegen/src/Codegen/TIR/lower/method_calls.rs:768;crates/jet-codegen/src/Codegen/TIR/lower/method_calls.rs:811;crates/jet-codegen/src/Codegen/TIR/lower/method_calls.rs:5648;crates/jet-codegen/src/Codegen/TIR/lower/method_calls.rs:6804;crates/jet-codegen/src/Codegen/TIR/lower/method_calls.rs:6835;crates/jet-codegen/src/Codegen/TIR/lower/method_calls.rs:7046;crates/jet-codegen/src/Codegen/TIR/mod.rs:8446;crates/jet-codegen/src/Codegen/TIR/mod.rs:9989;crates/jet-codegen/src/Codegen/TIR/mod.rs:10470;crates/jet-codegen/src/Codegen/TIR/subset/builtin_methods.rs:150					
core_effect_leaf	core-call:core.service.send	plain	core.service.send	missing					authority:application-boundary,authority:canonical-holds		crates/jet-foundation/src/Syntax/core_calls.rs:449;crates/jet-foundation/src/Syntax/core_calls.rs:462	crates/jet-cli/src/Headless.rs:119;crates/jet-cli/src/Headless.rs:187;crates/jet-cli/src/Headless.rs:191;crates/jet-cli/src/Headless.rs:196;crates/jet-cli/src/Headless.rs:200;crates/jet-cli/src/Headless.rs:413;crates/jet-codegen/src/BrowserHost.rs:588;crates/jet-codegen/src/Codegen/TIR/artifact_plan.rs:258;crates/jet-codegen/src/Codegen/TIR/artifact_plan.rs:1425;crates/jet-codegen/src/Codegen/TIR/lower/call_args.rs:49;crates/jet-codegen/src/Codegen/TIR/lower/method_calls.rs:766;crates/jet-codegen/src/Codegen/TIR/lower/method_calls.rs:810;crates/jet-codegen/src/Codegen/TIR/lower/method_calls.rs:2456;crates/jet-codegen/src/Codegen/TIR/lower/method_calls.rs:6105;crates/jet-codegen/src/Codegen/TIR/lower/method_calls.rs:6170;crates/jet-codegen/src/Codegen/TIR/lower/method_calls.rs:6238;crates/jet-codegen/src/Codegen/TIR/lower/method_calls.rs:6267;crates/jet-codegen/src/Codegen/TIR/lower/method_calls.rs:6457	examples/features/basics/build/callbacks.rs:15345;examples/features/basics/build/callbacks.rs:15448;examples/features/basics/build/callbacks.rs:15456;examples/features/basics/build/callbacks.rs:15464;examples/features/basics/build/callbacks.rs:45243;examples/features/basics/build/callbacks.rs:45254;examples/features/basics/build/callbacks.rs:45267;examples/features/basics/build/callbacks.rs:45325;examples/features/basics/build/callbacks.rs:45326;examples/features/basics/build/callbacks.rs:45329;examples/features/basics/build/callbacks.rs:59801;examples/features/basics/build/callbacks.rs:60671;examples/features/basics/build/callbacks.rs:61471;examples/features/basics/build/callbacks.rs:61523;examples/features/basics/build/callbacks.rs:61641;examples/features/basics/build/callbacks.rs:62157;examples/features/basics/build/callbacks.rs:62160;examples/features/basics/build/callbacks.rs:62165	crates/jet-cli/src/Headless.rs:119;crates/jet-cli/src/Headless.rs:187;crates/jet-cli/src/Headless.rs:191;crates/jet-cli/src/Headless.rs:196;crates/jet-cli/src/Headless.rs:200;crates/jet-cli/src/Headless.rs:413;crates/jet-codegen/src/BrowserHost.rs:588;crates/jet-codegen/src/Codegen/TIR/artifact_plan.rs:258;crates/jet-codegen/src/Codegen/TIR/artifact_plan.rs:1425;crates/jet-codegen/src/Codegen/TIR/lower/call_args.rs:49;crates/jet-codegen/src/Codegen/TIR/lower/method_calls.rs:766;crates/jet-codegen/src/Codegen/TIR/lower/method_calls.rs:810;crates/jet-codegen/src/Codegen/TIR/lower/method_calls.rs:2456;crates/jet-codegen/src/Codegen/TIR/lower/method_calls.rs:6105;crates/jet-codegen/src/Codegen/TIR/lower/method_calls.rs:6170;crates/jet-codegen/src/Codegen/TIR/lower/method_calls.rs:6238;crates/jet-codegen/src/Codegen/TIR/lower/method_calls.rs:6267;crates/jet-codegen/src/Codegen/TIR/lower/method_calls.rs:6457					
core_effect_leaf	core-call:core.service.send_durable	plain	core.service.send_durable	missing					authority:application-boundary,authority:canonical-holds		crates/jet-foundation/src/Syntax/core_calls.rs:449;crates/jet-foundation/src/Syntax/core_calls.rs:462	crates/jet-codegen/src/Codegen/TIR/lower/method_calls.rs:767;crates/jet-codegen/src/Prelude/CoreLib/Top/Services.rs:3131;crates/jet-comptime/src/Comptime/ServicesLite.rs:2623;crates/jet-foundation/src/Effects.rs:210;crates/jet-foundation/src/Syntax/core_calls.rs:454;crates/jet-foundation/src/Syntax/core_calls.rs:542;crates/jet-foundation/src/Syntax/core_calls.rs:544;crates/jet-jit/src/jit/runtime_host.rs:5592;crates/jet-jit/src/jit/runtime_host.rs:5593;crates/jet-sema/src/Sema/CheckerCoreLib/fixed_sigs.rs:2570;crates/jet-sema/src/Sema/CheckerCoreLib/services_methods.rs:238;crates/jet-sema/src/Sema/CheckerCoreLib/services_methods.rs:239;crates/jet-sema/src/Sema/CheckerCoreLib/services_methods.rs:241;crates/jet-sema/src/Sema/CheckerCoreLib/services_methods.rs:247;crates/jet-sema/src/Sema/CheckerCoreLib/services_methods.rs:249;crates/jet-sema/src/Sema/CheckerCoreLib/services_methods.rs:255;crates/jet-sema/src/Sema/CheckerInfer/calls/method_calls.rs:3736;crates/jetpack/batteries/backend/backend.jet:279	examples/features/tooling/service_authority.jet:30;examples/features/tooling/service_authority.jet:32;examples/features/tooling/service_runtime.jet:73;tests/services_runtime.rs:1267;tests/services_runtime.rs:1269;tests/services_runtime.rs:1271;tests/services_runtime.rs:1280;tests/services_runtime.rs:1605;tests/services_runtime.rs:1668;tests/services_runtime.rs:1917;tests/services_runtime.rs:1937;tests/services_runtime.rs:1940;tests/services_runtime.rs:2319	crates/jet-codegen/src/Codegen/TIR/lower/method_calls.rs:767;crates/jet-codegen/src/Prelude/CoreLib/Top/Services.rs:3131;crates/jet-comptime/src/Comptime/ServicesLite.rs:2623;crates/jet-foundation/src/Effects.rs:210;crates/jet-foundation/src/Syntax/core_calls.rs:454;crates/jet-foundation/src/Syntax/core_calls.rs:542;crates/jet-foundation/src/Syntax/core_calls.rs:544;crates/jet-jit/src/jit/runtime_host.rs:5592;crates/jet-jit/src/jit/runtime_host.rs:5593;crates/jet-sema/src/Sema/CheckerCoreLib/fixed_sigs.rs:2570;crates/jet-sema/src/Sema/CheckerCoreLib/services_methods.rs:238;crates/jet-sema/src/Sema/CheckerCoreLib/services_methods.rs:239;crates/jet-sema/src/Sema/CheckerCoreLib/services_methods.rs:241;crates/jet-sema/src/Sema/CheckerCoreLib/services_methods.rs:247;crates/jet-sema/src/Sema/CheckerCoreLib/services_methods.rs:249;crates/jet-sema/src/Sema/CheckerCoreLib/services_methods.rs:255;crates/jet-sema/src/Sema/CheckerInfer/calls/method_calls.rs:3736					
core_effect_leaf	core-call:core.service.workflow_activity_wait	plain	core.service.workflow_activity_wait	missing					authority:application-boundary,authority:canonical-holds		crates/jet-foundation/src/Syntax/core_calls.rs:449;crates/jet-foundation/src/Syntax/core_calls.rs:462	crates/jet-codegen/src/Codegen/TIR/lower/method_calls.rs:794;crates/jet-comptime/src/Comptime/ServicesLite.rs:2805;crates/jet-foundation/src/Effects.rs:213;crates/jet-foundation/src/Syntax/core_calls.rs:457;crates/jet-jit/src/jit/runtime_host.rs:5614;crates/jet-jit/src/jit/runtime_host.rs:5615;crates/jet-sema/src/Sema/CheckerCoreLib/fixed_sigs.rs:2715	MISSING: no fixture reference for core-call:core.service.workflow_activity_wait	crates/jet-codegen/src/Codegen/TIR/lower/method_calls.rs:794;crates/jet-comptime/src/Comptime/ServicesLite.rs:2805;crates/jet-foundation/src/Effects.rs:213;crates/jet-foundation/src/Syntax/core_calls.rs:457;crates/jet-jit/src/jit/runtime_host.rs:5614;crates/jet-jit/src/jit/runtime_host.rs:5615;crates/jet-sema/src/Sema/CheckerCoreLib/fixed_sigs.rs:2715					
core_effect_leaf	core-call:core.service.workflow_all	plain	core.service.workflow_all	missing					authority:application-boundary,authority:canonical-holds		crates/jet-foundation/src/Syntax/core_calls.rs:449;crates/jet-foundation/src/Syntax/core_calls.rs:462	crates/jet-codegen/src/Codegen/TIR/lower/method_calls.rs:795;crates/jet-comptime/src/Comptime/ServicesLite.rs:2826;crates/jet-foundation/src/Effects.rs:214;crates/jet-foundation/src/Syntax/core_calls.rs:458;crates/jet-jit/src/jit/runtime_host.rs:5616;crates/jet-jit/src/jit/runtime_host.rs:5617;crates/jet-sema/src/Sema/CheckerCoreLib/fixed_sigs.rs:2726	MISSING: no fixture reference for core-call:core.service.workflow_all	crates/jet-codegen/src/Codegen/TIR/lower/method_calls.rs:795;crates/jet-comptime/src/Comptime/ServicesLite.rs:2826;crates/jet-foundation/src/Effects.rs:214;crates/jet-foundation/src/Syntax/core_calls.rs:458;crates/jet-jit/src/jit/runtime_host.rs:5616;crates/jet-jit/src/jit/runtime_host.rs:5617;crates/jet-sema/src/Sema/CheckerCoreLib/fixed_sigs.rs:2726					
core_effect_leaf	core-call:core.service.workflow_sleep	plain	core.service.workflow_sleep	missing					authority:application-boundary,authority:canonical-holds		crates/jet-foundation/src/Syntax/core_calls.rs:449;crates/jet-foundation/src/Syntax/core_calls.rs:462	crates/jet-codegen/src/Codegen/TIR/lower/method_calls.rs:793;crates/jet-comptime/src/Comptime/ServicesLite.rs:2786;crates/jet-foundation/src/Effects.rs:212;crates/jet-foundation/src/Syntax/core_calls.rs:456;crates/jet-jit/src/jit/runtime_host.rs:5612;crates/jet-jit/src/jit/runtime_host.rs:5613;crates/jet-sema/src/Sema/CheckerCoreLib/fixed_sigs.rs:2705	MISSING: no fixture reference for core-call:core.service.workflow_sleep	crates/jet-codegen/src/Codegen/TIR/lower/method_calls.rs:793;crates/jet-comptime/src/Comptime/ServicesLite.rs:2786;crates/jet-foundation/src/Effects.rs:212;crates/jet-foundation/src/Syntax/core_calls.rs:456;crates/jet-jit/src/jit/runtime_host.rs:5612;crates/jet-jit/src/jit/runtime_host.rs:5613;crates/jet-sema/src/Sema/CheckerCoreLib/fixed_sigs.rs:2705					
core_effect_leaf	core-call:core.sys.wait	plain	core.sys.wait	found					authority:application-boundary,authority:canonical-holds		crates/jet-foundation/src/Syntax/core_calls.rs:358;crates/jet-foundation/src/Syntax/core_calls.rs:359;crates/jet-foundation/src/Syntax/core_calls.rs:1625	crates/jet-cli/src/Headless.rs:80;crates/jet-cli/src/Headless.rs:121;crates/jet-cli/src/Headless.rs:190;crates/jet-cli/src/Headless.rs:211;crates/jet-cli/src/Headless.rs:212;crates/jet-cli/src/Headless.rs:351;crates/jet-cli/src/Headless.rs:355;crates/jet-cli/src/Headless.rs:356;crates/jet-cli/src/Headless.rs:422;crates/jet-cli/src/Headless.rs:430;crates/jet-cli/src/Headless.rs:431;crates/jet-cli/src/Help/Interactive.rs:393;crates/jet-cli/src/Tape.rs:203;crates/jet-cli/src/Tape.rs:233;crates/jet-cli/src/Tape.rs:279;crates/jet-codegen/src/BrowserHost.rs:547;crates/jet-codegen/src/Codegen/MIREval.rs:4429;crates/jet-codegen/src/Codegen/MIREval.rs:4438	crates/jet-rt/tests/gc_collector.rs:133;crates/jet-rt/tests/gc_collector.rs:134;crates/jet-rt/tests/gc_collector.rs:140;crates/jet-rt/tests/gc_collector.rs:145;crates/jet-rt/tests/gc_collector.rs:276;crates/jet-rt/tests/gc_collector.rs:277;crates/jet-rt/tests/gc_collector.rs:286;crates/jet-rt/tests/gc_collector.rs:294;crates/jetpack-bin/tests/compiler_extension_e2e.rs:277;crates/jetpack/src/CLI/usage_tests.rs:121;crates/jetpack/src/CLI/usage_tests.rs:341;examples/features/basics/build/callbacks.rs:2926;examples/features/basics/build/callbacks.rs:2931;examples/features/basics/build/callbacks.rs:2937;examples/features/basics/build/callbacks.rs:9400;examples/features/basics/build/callbacks.rs:12331;examples/features/basics/build/callbacks.rs:14554;examples/features/basics/build/callbacks.rs:14556	crates/jet-cli/src/Headless.rs:80;crates/jet-cli/src/Headless.rs:121;crates/jet-cli/src/Headless.rs:190;crates/jet-cli/src/Headless.rs:211;crates/jet-cli/src/Headless.rs:212;crates/jet-cli/src/Headless.rs:351;crates/jet-cli/src/Headless.rs:355;crates/jet-cli/src/Headless.rs:356;crates/jet-cli/src/Headless.rs:422;crates/jet-cli/src/Headless.rs:430;crates/jet-cli/src/Headless.rs:431;crates/jet-cli/src/Help/Interactive.rs:393;crates/jet-cli/src/Tape.rs:203;crates/jet-cli/src/Tape.rs:233;crates/jet-cli/src/Tape.rs:279;crates/jet-codegen/src/BrowserHost.rs:547;crates/jet-codegen/src/Codegen/MIREval.rs:4429;crates/jet-codegen/src/Codegen/MIREval.rs:4438					
core_effect_leaf	core-call:core.sys.waitpid	plain	core.sys.waitpid	found					authority:application-boundary,authority:canonical-holds		crates/jet-foundation/src/Syntax/core_calls.rs:358;crates/jet-foundation/src/Syntax/core_calls.rs:359;crates/jet-foundation/src/Syntax/core_calls.rs:1626	crates/jet-codegen/src/Prelude/Core.jet:85;crates/jet-codegen/src/Prelude/Core.jet:256;crates/jet-codegen/src/Prelude/Core.jet:1522;crates/jet-codegen/src/Prelude/CoreLib/Top/OsExtra.rs:201;crates/jet-codegen/src/Prelude/CoreLib/Top/OsExtra.rs:490;crates/jet-codegen/src/Prelude/CoreLib/Top/OsExtra.rs:499;crates/jet-devserver/src/Canvas/query_actions.rs:1212;crates/jet-foundation/src/CoreModuleExports.rs:432;crates/jet-foundation/src/Effects.rs:231;crates/jet-foundation/src/Syntax/core_calls.rs:358;crates/jet-foundation/src/Syntax/core_calls.rs:1322;crates/jet-foundation/src/Syntax/core_calls.rs:1626;crates/jet-pkg-model/src/PowerShellBind.rs:376;crates/jet-sema/src/Sema/CheckerCoreLib/core_call.rs:2587;crates/jet-sema/src/Sema/CheckerCoreLib/core_call.rs:6527;crates/jet-sema/src/Sema/CheckerCoreLib/fixed_sigs.rs:1503;crates/jet-sema/src/Sema/CheckerCoreLib/module_items.rs:100	examples/performance/receipts/http_ready/build/run.rs:56777;examples/performance/receipts/http_ready/build/run.rs:57066;examples/performance/receipts/http_ready/build/run.rs:57075;tests/conformance/corpus/core/sys/waitpid.jet:1;tests/conformance/corpus/core/sys/waitpid.jet:6;tests/fixtures/fresh_agent_t4/build/run.rs:73597;tests/fixtures/fresh_agent_t4/build/run.rs:73886;tests/fixtures/fresh_agent_t4/build/run.rs:73895	crates/jet-codegen/src/Prelude/CoreLib/Top/OsExtra.rs:201;crates/jet-codegen/src/Prelude/CoreLib/Top/OsExtra.rs:490;crates/jet-codegen/src/Prelude/CoreLib/Top/OsExtra.rs:499;crates/jet-devserver/src/Canvas/query_actions.rs:1212;crates/jet-foundation/src/CoreModuleExports.rs:432;crates/jet-foundation/src/Effects.rs:231;crates/jet-foundation/src/Syntax/core_calls.rs:358;crates/jet-foundation/src/Syntax/core_calls.rs:1322;crates/jet-foundation/src/Syntax/core_calls.rs:1626;crates/jet-pkg-model/src/PowerShellBind.rs:376;crates/jet-sema/src/Sema/CheckerCoreLib/core_call.rs:2587;crates/jet-sema/src/Sema/CheckerCoreLib/core_call.rs:6527;crates/jet-sema/src/Sema/CheckerCoreLib/fixed_sigs.rs:1503;crates/jet-sema/src/Sema/CheckerCoreLib/module_items.rs:100					
core_effect_leaf	core-call:core.tasks.yield_now	plain	core.tasks.yield_now	found					authority:application-boundary,authority:canonical-holds		crates/jet-foundation/src/Syntax/core_calls.rs:329;crates/jet-foundation/src/Syntax/core_calls.rs:330;crates/jet-foundation/src/Syntax/core_calls.rs:1504	crates/jet-codegen/src/Codegen/TIR/subset/core_calls.rs:71;crates/jet-codegen/src/Prelude/Core.jet:86;crates/jet-codegen/src/Prelude/Core.jet:134;crates/jet-codegen/src/Prelude/CoreLib/Top/HTTPServer.rs:6019;crates/jet-codegen/src/Prelude/Scheduler.rs:809;crates/jet-codegen/src/Prelude/Scheduler.rs:3984;crates/jet-codegen/src/Prelude/Scheduler.rs:4109;crates/jet-codegen/src/Prelude/TaskGroup.rs:513;crates/jet-codegen/src/SchedulerHost.rs:627;crates/jet-codegen/src/SchedulerHost.rs:693;crates/jet-codegen/src/SchedulerHost.rs:760;crates/jet-foundation/src/CoreModuleExports.rs:436;crates/jet-foundation/src/Syntax/core_calls.rs:329;crates/jet-foundation/src/Syntax/core_calls.rs:1504;crates/jet-jit/src/Concurrency.rs:2054;crates/jet-pkg-model/src/Prelude/HTTP.rs:3315;crates/jet-sema/src/Sema/CheckerCoreLib/fixed_sigs.rs:1891;crates/jet-sema/src/Sema/CheckerCoreLib/module_items.rs:700	examples/features/basics/build/callbacks.rs:36920;examples/features/basics/build/callbacks.rs:68154;examples/features/basics/build/callbacks.rs:68279;examples/features/basics/build/compound.rs:36920;examples/features/basics/build/compound.rs:68154;examples/features/basics/build/compound.rs:68279;examples/features/basics/build/numbers.rs:36920;examples/features/basics/build/numbers.rs:68154;examples/features/basics/build/numbers.rs:68279;examples/features/concurrency/task_blocked.jet:13;examples/features/concurrency/task_controls.jet:13;examples/features/concurrency/tasks.jet:14;examples/features/lowlevel/cbind/build/run.rs:36927;examples/features/lowlevel/cbind/build/run.rs:68181;examples/features/lowlevel/cbind/build/run.rs:68306;examples/features/memory/program_allocator/build/main.rs:28926;examples/features/memory/program_allocator/build/main.rs:58055;examples/features/memory/program_allocator/build/run.rs:37612	crates/jet-codegen/src/Codegen/TIR/subset/core_calls.rs:71;crates/jet-codegen/src/Prelude/CoreLib/Top/HTTPServer.rs:6019;crates/jet-codegen/src/Prelude/Scheduler.rs:809;crates/jet-codegen/src/Prelude/Scheduler.rs:3984;crates/jet-codegen/src/Prelude/Scheduler.rs:4109;crates/jet-codegen/src/Prelude/TaskGroup.rs:513;crates/jet-codegen/src/SchedulerHost.rs:627;crates/jet-codegen/src/SchedulerHost.rs:693;crates/jet-codegen/src/SchedulerHost.rs:760;crates/jet-foundation/src/CoreModuleExports.rs:436;crates/jet-foundation/src/Syntax/core_calls.rs:329;crates/jet-foundation/src/Syntax/core_calls.rs:1504;crates/jet-jit/src/Concurrency.rs:2054;crates/jet-pkg-model/src/Prelude/HTTP.rs:3315;crates/jet-sema/src/Sema/CheckerCoreLib/fixed_sigs.rs:1891;crates/jet-sema/src/Sema/CheckerCoreLib/module_items.rs:700;crates/jet-sema/src/Sema/SharedAccess.rs:183;crates/jet-sema/src/Sema/SharedAccess.rs:195					
core_effect_leaf	core-call:core.term.binread	plain	core.term.binread	found					authority:application-boundary,authority:canonical-holds		crates/jet-foundation/src/Syntax/core_calls.rs:338;crates/jet-foundation/src/Syntax/core_calls.rs:356;crates/jet-foundation/src/Syntax/core_calls.rs:1566	crates/jet-codegen/src/Prelude/Core.jet:87;crates/jet-codegen/src/Prelude/Core.jet:196;crates/jet-foundation/src/CoreModuleExports.rs:440;crates/jet-foundation/src/Effects.rs:226;crates/jet-foundation/src/Syntax/core_calls.rs:349;crates/jet-foundation/src/Syntax/core_calls.rs:1069;crates/jet-foundation/src/Syntax/core_calls.rs:1566;crates/jet-foundation/src/TargetMachine.rs:3318;crates/jet-pkg-model/src/RubyBind.rs:122;crates/jet-sema/src/Sema/CheckerCoreLib/fixed_sigs.rs:1384;crates/jet-sema/src/Sema/CheckerCoreLib/module_items.rs:33	examples/features/io/io_surface.jet:16;tests/conformance/corpus/core/term/binread.jet:1;tests/conformance/corpus/core/term/binread.jet:7;tests/conformance/corpus/core/term/binread.jet:10	crates/jet-foundation/src/CoreModuleExports.rs:440;crates/jet-foundation/src/Effects.rs:226;crates/jet-foundation/src/Syntax/core_calls.rs:349;crates/jet-foundation/src/Syntax/core_calls.rs:1069;crates/jet-foundation/src/Syntax/core_calls.rs:1566;crates/jet-foundation/src/TargetMachine.rs:3318;crates/jet-pkg-model/src/RubyBind.rs:122;crates/jet-sema/src/Sema/CheckerCoreLib/fixed_sigs.rs:1384;crates/jet-sema/src/Sema/CheckerCoreLib/module_items.rs:33					
core_effect_leaf	core-call:core.term.binwrite	plain	core.term.binwrite	found					authority:application-boundary,authority:canonical-holds		crates/jet-foundation/src/Syntax/core_calls.rs:338;crates/jet-foundation/src/Syntax/core_calls.rs:356;crates/jet-foundation/src/Syntax/core_calls.rs:1567	crates/jet-codegen/src/Prelude/Core.jet:87;crates/jet-codegen/src/Prelude/Core.jet:197;crates/jet-codegen/src/Prelude/Core.jet:1656;crates/jet-foundation/src/CoreModuleExports.rs:440;crates/jet-foundation/src/Effects.rs:227;crates/jet-foundation/src/Syntax/core_calls.rs:350;crates/jet-foundation/src/Syntax/core_calls.rs:1070;crates/jet-foundation/src/Syntax/core_calls.rs:1456;crates/jet-foundation/src/Syntax/core_calls.rs:1567;crates/jet-foundation/src/TargetMachine.rs:3333;crates/jet-sema/src/Sema/CheckerCoreLib/fixed_sigs.rs:1391;crates/jet-sema/src/Sema/CheckerCoreLib/module_items.rs:34	examples/features/io/io_surface.jet:15;tests/conformance/corpus/core/term/binwrite.jet:1;tests/conformance/corpus/core/term/binwrite.jet:7;tests/conformance/corpus/core/term/binwrite.jet:10	crates/jet-foundation/src/CoreModuleExports.rs:440;crates/jet-foundation/src/Effects.rs:227;crates/jet-foundation/src/Syntax/core_calls.rs:350;crates/jet-foundation/src/Syntax/core_calls.rs:1070;crates/jet-foundation/src/Syntax/core_calls.rs:1456;crates/jet-foundation/src/Syntax/core_calls.rs:1567;crates/jet-foundation/src/TargetMachine.rs:3333;crates/jet-sema/src/Sema/CheckerCoreLib/fixed_sigs.rs:1391;crates/jet-sema/src/Sema/CheckerCoreLib/module_items.rs:34					
core_effect_leaf	core-call:core.term.choose	plain	core.term.choose	found					authority:application-boundary,authority:canonical-holds		crates/jet-foundation/src/Syntax/core_calls.rs:338;crates/jet-foundation/src/Syntax/core_calls.rs:356;crates/jet-foundation/src/Syntax/core_calls.rs:1558	crates/jet-cli/src/CLI.rs:377;crates/jet-cli/src/CLI.rs:382;crates/jet-cli/src/CLI.rs:1846;crates/jet-cli/src/MultiProgress.rs:733;crates/jet-codegen/src/Codegen/MIRRust.rs:30;crates/jet-codegen/src/Codegen/TIR/lower/call_args.rs:751;crates/jet-codegen/src/Codegen/TIR/mod.rs:1065;crates/jet-codegen/src/Codegen/TIR/mod.rs:4875;crates/jet-codegen/src/Prelude/Core.jet:87;crates/jet-codegen/src/Prelude/Core.jet:188;crates/jet-codegen/src/Prelude/Core.jet:1473;crates/jet-codegen/src/Prelude/Core/ArgsProjectionCore.rs:2;crates/jet-codegen/src/Prelude/Core/CollectionFailure.rs:3;crates/jet-codegen/src/Prelude/Core/HumanOutput.rs:4;crates/jet-codegen/src/Prelude/Core/LazyTablePlan.rs:17;crates/jet-codegen/src/Prelude/Core/SimdLanes.rs:2144;crates/jet-codegen/src/Prelude/Core/TextValues.rs:3;crates/jet-codegen/src/Prelude/CoreLib/Top/EncodingStream.rs:345	crates/jetpack/src/CLI/usage_tests.rs:145;crates/jetpack/src/CLI/usage_tests.rs:489;examples/features/basics/build/callbacks.rs:2934;examples/features/basics/build/callbacks.rs:3293;examples/features/basics/build/callbacks.rs:4956;examples/features/basics/build/callbacks.rs:12607;examples/features/basics/build/callbacks.rs:15847;examples/features/basics/build/callbacks.rs:15853;examples/features/basics/build/callbacks.rs:21019;examples/features/basics/build/callbacks.rs:53436;examples/features/basics/build/callbacks.rs:64446;examples/features/basics/build/compound.rs:2934;examples/features/basics/build/compound.rs:3293;examples/features/basics/build/compound.rs:4956;examples/features/basics/build/compound.rs:12607;examples/features/basics/build/compound.rs:15847;examples/features/basics/build/compound.rs:15853;examples/features/basics/build/compound.rs:21019	crates/jet-cli/src/CLI.rs:377;crates/jet-cli/src/CLI.rs:382;crates/jet-cli/src/CLI.rs:1846;crates/jet-cli/src/MultiProgress.rs:733;crates/jet-codegen/src/Codegen/MIRRust.rs:30;crates/jet-codegen/src/Codegen/TIR/lower/call_args.rs:751;crates/jet-codegen/src/Codegen/TIR/mod.rs:1065;crates/jet-codegen/src/Codegen/TIR/mod.rs:4875;crates/jet-codegen/src/Prelude/Core/ArgsProjectionCore.rs:2;crates/jet-codegen/src/Prelude/Core/CollectionFailure.rs:3;crates/jet-codegen/src/Prelude/Core/HumanOutput.rs:4;crates/jet-codegen/src/Prelude/Core/LazyTablePlan.rs:17;crates/jet-codegen/src/Prelude/Core/SimdLanes.rs:2144;crates/jet-codegen/src/Prelude/Core/TextValues.rs:3;crates/jet-codegen/src/Prelude/CoreLib/Top/EncodingStream.rs:345;crates/jet-codegen/src/Prelude/CoreLib/Top/MathLibPure.rs:235;crates/jet-codegen/src/Prelude/CoreLib/Top/WebVirtual.rs:5;crates/jet-codegen/src/Prelude/FaultInjection.rs:3					
core_effect_leaf	core-call:core.term.confirm	plain	core.term.confirm	found					authority:application-boundary,authority:canonical-holds		crates/jet-foundation/src/Syntax/core_calls.rs:338;crates/jet-foundation/src/Syntax/core_calls.rs:356;crates/jet-foundation/src/Syntax/core_calls.rs:1557	crates/jet-codegen/src/Prelude/Core.jet:87;crates/jet-codegen/src/Prelude/Core.jet:187;crates/jet-codegen/src/Prelude/Core.jet:1472;crates/jet-codegen/src/Prelude/Diagnostics.jet:730;crates/jet-devserver/src/BrowserWebAdapter.rs:1080;crates/jet-env-model/src/ModuleEval/mod.rs:1508;crates/jet-foundation/src/Authority.rs:726;crates/jet-foundation/src/CoreModuleExports.rs:440;crates/jet-foundation/src/Effects.rs:219;crates/jet-foundation/src/Syntax/core_calls.rs:342;crates/jet-foundation/src/Syntax/core_calls.rs:1272;crates/jet-foundation/src/Syntax/core_calls.rs:1557;crates/jet-foundation/src/Syntax/effects_surface.rs:91;crates/jet-foundation/src/TargetMachine.rs:3320;crates/jet-jit/src/IO.rs:1383;crates/jet-parser/src/Parser/Types.rs:529;crates/jet-repl/src/lib.rs:856;crates/jet-repl/src/lib.rs:3117	examples/features/io/terminal_parity.jet:9;examples/features/io/terminal_parity.jet:10;tests/cffi.rs:1490;tests/common/mod.rs:674;tests/conformance/corpus/core/term/confirm.jet:1;tests/conformance/corpus/core/term/confirm.jet:5;tests/debug.rs:400;tests/devtools.rs:319;tests/diagnostics_coverage.rs:1606;tests/jetpack_engine.rs:3544;tests/jit_run.rs:862;tests/repl.rs:2505;tests/typestate.rs:575;tests/typestate.rs:586;tests/typestate.rs:598;tests/typestate.rs:618;tests/typestate.rs:638;tests/typestate.rs:658	crates/jet-devserver/src/BrowserWebAdapter.rs:1080;crates/jet-env-model/src/ModuleEval/mod.rs:1508;crates/jet-foundation/src/Authority.rs:726;crates/jet-foundation/src/CoreModuleExports.rs:440;crates/jet-foundation/src/Effects.rs:219;crates/jet-foundation/src/Syntax/core_calls.rs:342;crates/jet-foundation/src/Syntax/core_calls.rs:1272;crates/jet-foundation/src/Syntax/core_calls.rs:1557;crates/jet-foundation/src/Syntax/effects_surface.rs:91;crates/jet-foundation/src/TargetMachine.rs:3320;crates/jet-jit/src/IO.rs:1383;crates/jet-parser/src/Parser/Types.rs:529;crates/jet-repl/src/lib.rs:856;crates/jet-repl/src/lib.rs:3117;crates/jet-repl/src/Notebook/protocol.rs:415;crates/jet-repl/src/Notebook/protocol.rs:417;crates/jet-repl/src/Notebook/protocol.rs:421;crates/jet-repl/src/Notebook/protocol.rs:543					
core_effect_leaf	core-call:core.term.input_secret	plain	core.term.input_secret	found					authority:application-boundary,authority:canonical-holds		crates/jet-foundation/src/Syntax/core_calls.rs:338;crates/jet-foundation/src/Syntax/core_calls.rs:356;crates/jet-foundation/src/Syntax/core_calls.rs:1559	crates/jet-codegen/src/Prelude/Core.jet:87;crates/jet-codegen/src/Prelude/Core.jet:189;crates/jet-codegen/src/Prelude/Core.jet:1474;crates/jet-foundation/src/Authority.rs:726;crates/jet-foundation/src/CoreModuleExports.rs:440;crates/jet-foundation/src/Effects.rs:221;crates/jet-foundation/src/Syntax/core_calls.rs:344;crates/jet-foundation/src/Syntax/core_calls.rs:1274;crates/jet-foundation/src/Syntax/core_calls.rs:1559;crates/jet-jit/src/IO.rs:1385;crates/jet-sema/src/Sema/CheckerCoreLib/fixed_sigs.rs:1366;crates/jet-sema/src/Sema/CheckerCoreLib/module_items.rs:25	examples/features/io/terminal_parity.jet:16;tests/common/mod.rs:678;tests/conformance/corpus/core/term/input_secret.jet:1;tests/conformance/corpus/core/term/input_secret.jet:5;tests/jit_run.rs:865;tests/os_native.rs:491;tests/production_receipt.rs:42;tests/production_receipt.rs:44;tests/production_receipt.rs:61;tests/production_receipt.rs:90	crates/jet-foundation/src/Authority.rs:726;crates/jet-foundation/src/CoreModuleExports.rs:440;crates/jet-foundation/src/Effects.rs:221;crates/jet-foundation/src/Syntax/core_calls.rs:344;crates/jet-foundation/src/Syntax/core_calls.rs:1274;crates/jet-foundation/src/Syntax/core_calls.rs:1559;crates/jet-jit/src/IO.rs:1385;crates/jet-sema/src/Sema/CheckerCoreLib/fixed_sigs.rs:1366;crates/jet-sema/src/Sema/CheckerCoreLib/module_items.rs:25					
core_effect_leaf	core-call:core.term.progress	plain	core.term.progress	missing					authority:application-boundary,authority:canonical-holds		crates/jet-foundation/src/Syntax/core_calls.rs:338;crates/jet-foundation/src/Syntax/core_calls.rs:356	crates/jet-cli/src/AdaptiveTable.rs:339;crates/jet-cli/src/CLI.rs:1814;crates/jet-cli/src/MultiProgress.rs:1;crates/jet-cli/src/MultiProgress.rs:12;crates/jet-cli/src/MultiProgress.rs:84;crates/jet-cli/src/MultiProgress.rs:249;crates/jet-cli/src/MultiProgress.rs:267;crates/jet-cli/src/MultiProgress.rs:268;crates/jet-cli/src/MultiProgress.rs:333;crates/jet-cli/src/MultiProgress.rs:453;crates/jet-cli/src/MultiProgress.rs:459;crates/jet-cli/src/MultiProgress.rs:483;crates/jet-cli/src/MultiProgress.rs:549;crates/jet-cli/src/MultiProgress.rs:665;crates/jet-cli/src/MultiProgress.rs:744;crates/jet-cli/src/MultiProgress.rs:766;crates/jet-cli/src/MultiProgress.rs:880;crates/jet-cli/src/MultiProgress.rs:884	examples/features/basics/build/callbacks.rs:2930;examples/features/basics/build/callbacks.rs:15476;examples/features/basics/build/callbacks.rs:15590;examples/features/basics/build/callbacks.rs:18313;examples/features/basics/build/callbacks.rs:43054;examples/features/basics/build/callbacks.rs:66208;examples/features/basics/build/callbacks.rs:67442;examples/features/basics/build/callbacks.rs:68111;examples/features/basics/build/compound.rs:2930;examples/features/basics/build/compound.rs:15476;examples/features/basics/build/compound.rs:15590;examples/features/basics/build/compound.rs:18313;examples/features/basics/build/compound.rs:43054;examples/features/basics/build/compound.rs:66208;examples/features/basics/build/compound.rs:67442;examples/features/basics/build/compound.rs:68111;examples/features/basics/build/hello.rs:1276;examples/features/basics/build/hello.rs:10805	crates/jet-cli/src/AdaptiveTable.rs:339;crates/jet-cli/src/CLI.rs:1814;crates/jet-cli/src/MultiProgress.rs:1;crates/jet-cli/src/MultiProgress.rs:12;crates/jet-cli/src/MultiProgress.rs:84;crates/jet-cli/src/MultiProgress.rs:249;crates/jet-cli/src/MultiProgress.rs:267;crates/jet-cli/src/MultiProgress.rs:268;crates/jet-cli/src/MultiProgress.rs:333;crates/jet-cli/src/MultiProgress.rs:453;crates/jet-cli/src/MultiProgress.rs:459;crates/jet-cli/src/MultiProgress.rs:483;crates/jet-cli/src/MultiProgress.rs:549;crates/jet-cli/src/MultiProgress.rs:665;crates/jet-cli/src/MultiProgress.rs:744;crates/jet-cli/src/MultiProgress.rs:766;crates/jet-cli/src/MultiProgress.rs:880;crates/jet-cli/src/MultiProgress.rs:884					
core_effect_leaf	core-call:core.term.read_all_input	plain	core.term.read_all_input	found					authority:application-boundary,authority:canonical-holds		crates/jet-foundation/src/Syntax/core_calls.rs:338;crates/jet-foundation/src/Syntax/core_calls.rs:356;crates/jet-foundation/src/Syntax/core_calls.rs:1560	crates/jet-codegen/src/Prelude/Core.jet:87;crates/jet-codegen/src/Prelude/Core.jet:190;crates/jet-codegen/src/Prelude/Core.jet:1475;crates/jet-comptime/src/Comptime/Methods/core_calls/impure.rs:414;crates/jet-comptime/src/Comptime/Methods/repl_process.rs:58;crates/jet-comptime/src/Comptime/Methods/repl_process.rs:258;crates/jet-env-model/src/ModuleEval/Eval.rs:994;crates/jet-foundation/src/Authority.rs:726;crates/jet-foundation/src/CoreModuleExports.rs:440;crates/jet-foundation/src/Effects.rs:222;crates/jet-foundation/src/Syntax/core_calls.rs:345;crates/jet-foundation/src/Syntax/core_calls.rs:1275;crates/jet-foundation/src/Syntax/core_calls.rs:1560;crates/jet-foundation/src/Syntax/package_files.rs:698;crates/jet-foundation/src/TargetMachine.rs:3314;crates/jet-jit/src/IO.rs:1389;crates/jet-sema/src/Sema/CheckerCoreLib/fixed_sigs.rs:1370;crates/jet-sema/src/Sema/CheckerCoreLib/module_items.rs:26	examples/features/io/stdin_read_all.jet:4;tests/conformance/corpus/core/term/read_all_input.jet:1;tests/conformance/corpus/core/term/read_all_input.jet:5;tests/lsp.rs:4274	crates/jet-comptime/src/Comptime/Methods/core_calls/impure.rs:414;crates/jet-comptime/src/Comptime/Methods/repl_process.rs:58;crates/jet-comptime/src/Comptime/Methods/repl_process.rs:258;crates/jet-env-model/src/ModuleEval/Eval.rs:994;crates/jet-foundation/src/Authority.rs:726;crates/jet-foundation/src/CoreModuleExports.rs:440;crates/jet-foundation/src/Effects.rs:222;crates/jet-foundation/src/Syntax/core_calls.rs:345;crates/jet-foundation/src/Syntax/core_calls.rs:1275;crates/jet-foundation/src/Syntax/core_calls.rs:1560;crates/jet-foundation/src/Syntax/package_files.rs:698;crates/jet-foundation/src/TargetMachine.rs:3314;crates/jet-jit/src/IO.rs:1389;crates/jet-sema/src/Sema/CheckerCoreLib/fixed_sigs.rs:1370;crates/jet-sema/src/Sema/CheckerCoreLib/module_items.rs:26					
core_effect_leaf	core-call:core.term.read_key	plain	core.term.read_key	found					authority:application-boundary,authority:canonical-holds		crates/jet-foundation/src/Syntax/core_calls.rs:338;crates/jet-foundation/src/Syntax/core_calls.rs:356;crates/jet-foundation/src/Syntax/core_calls.rs:2124	crates/jet-cli/src/Help/Interactive.rs:764;crates/jet-codegen/src/Prelude/Core.jet:87;crates/jet-codegen/src/Prelude/Core.jet:754;crates/jet-codegen/src/Prelude/Core/TermKey.rs:16;crates/jet-codegen/src/Prelude/Core/TermKey.rs:26;crates/jet-codegen/src/Prelude/Core/TermKey.rs:104;crates/jet-codegen/src/Prelude/Core/TermKey.rs:178;crates/jet-codegen/src/Prelude/Core/TermKey.rs:231;crates/jet-codegen/src/Prelude/Core/TermKey.rs:234;crates/jet-codegen/src/Prelude/Core/TermKey.rs:236;crates/jet-devserver/src/WebHost.rs:2187;crates/jet-foundation/src/AST/statements.rs:392;crates/jet-foundation/src/CoreModuleExports.rs:440;crates/jet-foundation/src/Effects.rs:229;crates/jet-foundation/src/Syntax/core_calls.rs:352;crates/jet-foundation/src/Syntax/core_calls.rs:2124;crates/jet-foundation/src/Syntax/math_layout.rs:164;crates/jet-foundation/src/Syntax/math_layout.rs:167	examples/features/basics/build/callbacks.rs:16350;examples/features/basics/build/callbacks.rs:16360;examples/features/basics/build/callbacks.rs:16399;examples/features/basics/build/callbacks.rs:16473;examples/features/basics/build/callbacks.rs:16526;examples/features/basics/build/callbacks.rs:16529;examples/features/basics/build/callbacks.rs:16531;examples/features/basics/build/compound.rs:16350;examples/features/basics/build/compound.rs:16360;examples/features/basics/build/compound.rs:16399;examples/features/basics/build/compound.rs:16473;examples/features/basics/build/compound.rs:16526;examples/features/basics/build/compound.rs:16529;examples/features/basics/build/compound.rs:16531;examples/features/basics/build/hello.rs:11384;examples/features/basics/build/hello.rs:11394;examples/features/basics/build/hello.rs:11433;examples/features/basics/build/hello.rs:11507	crates/jet-cli/src/Help/Interactive.rs:764;crates/jet-codegen/src/Prelude/Core/TermKey.rs:16;crates/jet-codegen/src/Prelude/Core/TermKey.rs:26;crates/jet-codegen/src/Prelude/Core/TermKey.rs:104;crates/jet-codegen/src/Prelude/Core/TermKey.rs:178;crates/jet-codegen/src/Prelude/Core/TermKey.rs:231;crates/jet-codegen/src/Prelude/Core/TermKey.rs:234;crates/jet-codegen/src/Prelude/Core/TermKey.rs:236;crates/jet-devserver/src/WebHost.rs:2187;crates/jet-foundation/src/AST/statements.rs:392;crates/jet-foundation/src/CoreModuleExports.rs:440;crates/jet-foundation/src/Effects.rs:229;crates/jet-foundation/src/Syntax/core_calls.rs:352;crates/jet-foundation/src/Syntax/core_calls.rs:2124;crates/jet-foundation/src/Syntax/math_layout.rs:164;crates/jet-foundation/src/Syntax/math_layout.rs:167;crates/jet-foundation/src/TargetMachine.rs:3319;crates/jet-jit/src/IO.rs:1278					
core_effect_leaf	core-call:core.term.read_until	plain	core.term.read_until	found					authority:application-boundary,authority:canonical-holds		crates/jet-foundation/src/Syntax/core_calls.rs:338;crates/jet-foundation/src/Syntax/core_calls.rs:356;crates/jet-foundation/src/Syntax/core_calls.rs:1562	crates/jet-codegen/src/Prelude/Core.jet:87;crates/jet-codegen/src/Prelude/Core.jet:192;crates/jet-codegen/src/Prelude/CoreLib/Top/FSIoEnvOsTesting.rs:303;crates/jet-foundation/src/CoreModuleExports.rs:440;crates/jet-foundation/src/Effects.rs:224;crates/jet-foundation/src/Syntax/core_calls.rs:347;crates/jet-foundation/src/Syntax/core_calls.rs:1562;crates/jet-foundation/src/TargetMachine.rs:3313;crates/jet-jit/src/IO.rs:1387;crates/jet-sema/src/Sema/CheckerCoreLib/fixed_sigs.rs:1375;crates/jet-sema/src/Sema/CheckerCoreLib/module_items.rs:30;crates/jetpack/src/Provider/fetch.rs:491	examples/features/io/io_surface.jet:22;examples/features/io/io_surface.jet:27;examples/performance/receipts/http_ready/build/run.rs:55974;tests/conformance/corpus/core/term/read_until.jet:1;tests/conformance/corpus/core/term/read_until.jet:5;tests/fixtures/fresh_agent_t4/build/run.rs:72771	crates/jet-codegen/src/Prelude/CoreLib/Top/FSIoEnvOsTesting.rs:303;crates/jet-foundation/src/CoreModuleExports.rs:440;crates/jet-foundation/src/Effects.rs:224;crates/jet-foundation/src/Syntax/core_calls.rs:347;crates/jet-foundation/src/Syntax/core_calls.rs:1562;crates/jet-foundation/src/TargetMachine.rs:3313;crates/jet-jit/src/IO.rs:1387;crates/jet-sema/src/Sema/CheckerCoreLib/fixed_sigs.rs:1375;crates/jet-sema/src/Sema/CheckerCoreLib/module_items.rs:30;crates/jetpack/src/Provider/fetch.rs:491					
core_effect_leaf	core-call:core.term.readline	plain	core.term.readline	found					authority:application-boundary,authority:canonical-holds		crates/jet-foundation/src/Syntax/core_calls.rs:338;crates/jet-foundation/src/Syntax/core_calls.rs:356;crates/jet-foundation/src/Syntax/core_calls.rs:1561	crates/jet-codegen/src/Prelude/Core.jet:87;crates/jet-codegen/src/Prelude/Core.jet:191;crates/jet-codegen/src/Prelude/Core.jet:1476;crates/jet-codegen/src/Prelude/CoreLib/Top/FSIoEnvOsTesting.rs:303;crates/jet-foundation/src/CoreModuleExports.rs:440;crates/jet-foundation/src/Effects.rs:223;crates/jet-foundation/src/Syntax/core_calls.rs:346;crates/jet-foundation/src/Syntax/core_calls.rs:1276;crates/jet-foundation/src/Syntax/core_calls.rs:1561;crates/jet-foundation/src/TargetMachine.rs:3312;crates/jet-jit/src/IO.rs:1388;crates/jet-sema/src/Sema/CheckerCoreLib/fixed_sigs.rs:1374;crates/jet-sema/src/Sema/CheckerCoreLib/module_items.rs:29;crates/jetpack/src/Shell.rs:941;crates/jetpack/src/Shell.rs:945	examples/features/io/io_surface.jet:22;examples/features/io/io_surface.jet:23;examples/features/io/stdin_readline.jet:4;examples/performance/receipts/http_ready/build/run.rs:55974;tests/conformance/corpus/core/term/readline.jet:1;tests/conformance/corpus/core/term/readline.jet:5;tests/fixtures/fresh_agent_t4/build/run.rs:72771	crates/jet-codegen/src/Prelude/CoreLib/Top/FSIoEnvOsTesting.rs:303;crates/jet-foundation/src/CoreModuleExports.rs:440;crates/jet-foundation/src/Effects.rs:223;crates/jet-foundation/src/Syntax/core_calls.rs:346;crates/jet-foundation/src/Syntax/core_calls.rs:1276;crates/jet-foundation/src/Syntax/core_calls.rs:1561;crates/jet-foundation/src/TargetMachine.rs:3312;crates/jet-jit/src/IO.rs:1388;crates/jet-sema/src/Sema/CheckerCoreLib/fixed_sigs.rs:1374;crates/jet-sema/src/Sema/CheckerCoreLib/module_items.rs:29;crates/jetpack/src/Shell.rs:941;crates/jetpack/src/Shell.rs:945					
core_effect_leaf	core-call:core.term.take	plain	core.term.take	found					authority:application-boundary,authority:canonical-holds		crates/jet-foundation/src/Syntax/core_calls.rs:338;crates/jet-foundation/src/Syntax/core_calls.rs:356;crates/jet-foundation/src/Syntax/core_calls.rs:1563	crates/jet-cli/src/AdaptiveTable.rs:440;crates/jet-cli/src/AdaptiveTable.rs:520;crates/jet-cli/src/AdaptiveTable.rs:599;crates/jet-cli/src/AdaptiveTable.rs:607;crates/jet-cli/src/AdaptiveTable.rs:633;crates/jet-cli/src/CLI.rs:77;crates/jet-cli/src/CLI.rs:102;crates/jet-cli/src/CLI.rs:701;crates/jet-cli/src/Help/Interactive.rs:486;crates/jet-cli/src/Help/Interactive.rs:505;crates/jet-cli/src/Help/Render.rs:295;crates/jet-cli/src/Help/Render.rs:362;crates/jet-cli/src/Help/Render.rs:524;crates/jet-cli/src/Help/Render.rs:560;crates/jet-codegen/src/Codegen/Context.rs:3513;crates/jet-codegen/src/Codegen/MIREval.rs:1543;crates/jet-codegen/src/Codegen/MIREval.rs:2377;crates/jet-codegen/src/Codegen/MIREval.rs:2378	crates/jet-sema/tests/comptime_import_liveness.rs:28;crates/jet-sema/tests/comptime_import_liveness.rs:29;crates/jet-sema/tests/comptime_import_liveness.rs:30;crates/jet-sema/tests/comptime_import_liveness.rs:32;crates/jet-sema/tests/comptime_import_liveness.rs:40;crates/jet-sema/tests/error_family_conv.rs:28;crates/jet-sema/tests/error_family_conv.rs:29;crates/jet-sema/tests/error_family_conv.rs:30;crates/jet-sema/tests/error_family_conv.rs:31;crates/jet-sema/tests/error_family_conv.rs:40;crates/jet-sema/tests/generic_module_body.rs:32;crates/jet-sema/tests/generic_module_body.rs:33;crates/jet-sema/tests/generic_module_body.rs:34;crates/jet-sema/tests/generic_module_body.rs:36;crates/jet-sema/tests/generic_module_body.rs:44;crates/jet-sema/tests/generic_module_body.rs:108;crates/jet-sema/tests/generic_module_body.rs:109;crates/jet-sema/tests/generic_module_body.rs:110	crates/jet-cli/src/AdaptiveTable.rs:440;crates/jet-cli/src/AdaptiveTable.rs:520;crates/jet-cli/src/AdaptiveTable.rs:599;crates/jet-cli/src/AdaptiveTable.rs:607;crates/jet-cli/src/AdaptiveTable.rs:633;crates/jet-cli/src/CLI.rs:77;crates/jet-cli/src/CLI.rs:102;crates/jet-cli/src/CLI.rs:701;crates/jet-cli/src/Help/Interactive.rs:486;crates/jet-cli/src/Help/Interactive.rs:505;crates/jet-cli/src/Help/Render.rs:295;crates/jet-cli/src/Help/Render.rs:362;crates/jet-cli/src/Help/Render.rs:524;crates/jet-cli/src/Help/Render.rs:560;crates/jet-codegen/src/Codegen/Context.rs:3513;crates/jet-codegen/src/Codegen/MIREval.rs:1543;crates/jet-codegen/src/Codegen/MIREval.rs:2377;crates/jet-codegen/src/Codegen/MIREval.rs:2378					
core_effect_leaf	core-call:core.time.sleep	plain	core.time.sleep	found					authority:application-boundary,authority:canonical-holds		crates/jet-foundation/src/Syntax/core_calls.rs:326;crates/jet-foundation/src/Syntax/core_calls.rs:327;crates/jet-foundation/src/Syntax/core_calls.rs:1694	crates/jet-cli/src/Headless.rs:349;crates/jet-cli/src/Tape.rs:232;crates/jet-cli/src/Tape.rs:269;crates/jet-cli/src/Tape.rs:277;crates/jet-codegen/src/Codegen/MIREval.rs:5122;crates/jet-codegen/src/Codegen/mod.rs:2401;crates/jet-codegen/src/Codegen/mod.rs:2404;crates/jet-codegen/src/Codegen/mod.rs:2444;crates/jet-codegen/src/Codegen/mod.rs:2633;crates/jet-codegen/src/Codegen/mod.rs:2639;crates/jet-codegen/src/Codegen/TIR/lower/method_calls.rs:793;crates/jet-codegen/src/Prelude/BrowserTest.rs:1292;crates/jet-codegen/src/Prelude/Core.jet:91;crates/jet-codegen/src/Prelude/Core.jet:324;crates/jet-codegen/src/Prelude/Core.jet:1561;crates/jet-codegen/src/Prelude/Core/TimeInstant.rs:50;crates/jet-codegen/src/Prelude/CoreLib/Email.rs:882;crates/jet-codegen/src/Prelude/CoreLib/Top/Browser.rs:1814	crates/jetpack-bin/tests/compiler_extension_e2e.rs:242;crates/jetpack/src/Store/Tests/tests/nix_projection.rs:726;examples/features/basics/build/callbacks.rs:17202;examples/features/basics/build/callbacks.rs:17268;examples/features/basics/build/callbacks.rs:59647;examples/features/basics/build/callbacks.rs:59684;examples/features/basics/build/callbacks.rs:59688;examples/features/basics/build/callbacks.rs:59693;examples/features/basics/build/callbacks.rs:59711;examples/features/basics/build/callbacks.rs:61599;examples/features/basics/build/callbacks.rs:65245;examples/features/basics/build/callbacks.rs:66129;examples/features/basics/build/callbacks.rs:66199;examples/features/basics/build/callbacks.rs:66214;examples/features/basics/build/callbacks.rs:66217;examples/features/basics/build/callbacks.rs:66222;examples/features/basics/build/callbacks.rs:66224;examples/features/basics/build/callbacks.rs:66228	crates/jet-cli/src/Headless.rs:349;crates/jet-cli/src/Tape.rs:232;crates/jet-cli/src/Tape.rs:269;crates/jet-cli/src/Tape.rs:277;crates/jet-codegen/src/Codegen/MIREval.rs:5122;crates/jet-codegen/src/Codegen/mod.rs:2401;crates/jet-codegen/src/Codegen/mod.rs:2404;crates/jet-codegen/src/Codegen/mod.rs:2444;crates/jet-codegen/src/Codegen/mod.rs:2633;crates/jet-codegen/src/Codegen/mod.rs:2639;crates/jet-codegen/src/Codegen/TIR/lower/method_calls.rs:793;crates/jet-codegen/src/Prelude/BrowserTest.rs:1292;crates/jet-codegen/src/Prelude/Core/TimeInstant.rs:50;crates/jet-codegen/src/Prelude/CoreLib/Email.rs:882;crates/jet-codegen/src/Prelude/CoreLib/Top/Browser.rs:1814;crates/jet-codegen/src/Prelude/CoreLib/Top/Browser.rs:1830;crates/jet-codegen/src/Prelude/CoreLib/Top/Game.rs:616;crates/jet-codegen/src/Prelude/CoreLib/Top/HTTPServer.rs:1834					
core_effect_leaf	core-call:core.time.sleep_until	plain	core.time.sleep_until	found					authority:application-boundary,authority:canonical-holds		crates/jet-foundation/src/Syntax/core_calls.rs:326;crates/jet-foundation/src/Syntax/core_calls.rs:327;crates/jet-foundation/src/Syntax/core_calls.rs:1695	crates/jet-codegen/src/Prelude/Core.jet:91;crates/jet-codegen/src/Prelude/Core.jet:325;crates/jet-comptime/src/Comptime/Methods/core_calls.rs:2448;crates/jet-comptime/src/Comptime/Methods/core_calls.rs:2457;crates/jet-foundation/src/CoreModuleExports.rs:456;crates/jet-foundation/src/Syntax/core_calls.rs:107;crates/jet-foundation/src/Syntax/core_calls.rs:326;crates/jet-foundation/src/Syntax/core_calls.rs:1695;crates/jet-jit/src/Time.rs:1221;crates/jet-sema/src/Sema/CheckerCoreLib/fixed_sigs.rs:1855;crates/jet-sema/src/Sema/CheckerCoreLib/module_items.rs:243;crates/jet-sema/src/Sema/SharedAccess.rs:181;crates/jet-sema/src/Sema/SharedAccess.rs:193	examples/features/foundations/realtime/run.jet:26	crates/jet-comptime/src/Comptime/Methods/core_calls.rs:2448;crates/jet-comptime/src/Comptime/Methods/core_calls.rs:2457;crates/jet-foundation/src/CoreModuleExports.rs:456;crates/jet-foundation/src/Syntax/core_calls.rs:107;crates/jet-foundation/src/Syntax/core_calls.rs:326;crates/jet-foundation/src/Syntax/core_calls.rs:1695;crates/jet-jit/src/Time.rs:1221;crates/jet-sema/src/Sema/CheckerCoreLib/fixed_sigs.rs:1855;crates/jet-sema/src/Sema/CheckerCoreLib/module_items.rs:243;crates/jet-sema/src/Sema/SharedAccess.rs:181;crates/jet-sema/src/Sema/SharedAccess.rs:193					
core_effect_leaf	core-receiver:Browser.next_event	receiver	Browser.next_event	missing					authority:application-boundary,authority:canonical-holds		crates/jet-foundation/src/Syntax/core_calls.rs:469;crates/jet-foundation/src/Syntax/core_calls.rs:550	crates/jet-codegen/src/BrowserHost.rs:319;crates/jet-codegen/src/Codegen/TIR/lower/method_calls.rs:6377;crates/jet-codegen/src/Codegen/TIR/subset/builtin_methods.rs:465;crates/jet-codegen/src/Prelude/CoreLib/JetStd/CommonTypes.rs:337;crates/jet-codegen/src/Prelude/CoreLib/Top/DataFlow.rs:1146;crates/jet-codegen/src/Prelude/CoreLib/Top/DataFlow.rs:1170;crates/jet-codegen/src/Prelude/CoreLib/Top/EncodingStream.rs:957;crates/jet-codegen/src/Prelude/CoreLib/Top/EncodingStream.rs:1076;crates/jet-codegen/src/Prelude/CoreLib/Top/EncodingStream.rs:1729;crates/jet-codegen/src/Prelude/CoreLib/Top/EncodingStream.rs:1987;crates/jet-codegen/src/Prelude/CoreLib/Top/EncodingStream.rs:2004;crates/jet-codegen/src/Prelude/CoreLib/Top/EncodingStream.rs:3652;crates/jet-codegen/src/Prelude/CoreLib/Top/EncodingStream.rs:3666;crates/jet-foundation/src/Syntax/core_calls.rs:490;crates/jet-sema/src/Sema/CheckerCoreLib/net_text_time.rs:84;crates/jet-sema/src/Sema/CheckerCoreLib/net_text_time.rs:107;crates/jet-sema/src/Sema/CheckerCoreLib/net_text_time.rs:258;crates/jet-sema/src/Sema/CheckerCoreLib/net_text_time.rs:802	examples/features/basics/build/callbacks.rs:38855;examples/features/basics/build/callbacks.rs:54035;examples/features/basics/build/callbacks.rs:54154;examples/features/basics/build/callbacks.rs:54820;examples/features/basics/build/callbacks.rs:56582;examples/features/basics/build/callbacks.rs:56596;examples/features/basics/build/compound.rs:38855;examples/features/basics/build/compound.rs:54035;examples/features/basics/build/compound.rs:54154;examples/features/basics/build/compound.rs:54820;examples/features/basics/build/compound.rs:56582;examples/features/basics/build/compound.rs:56596;examples/features/basics/build/numbers.rs:38855;examples/features/basics/build/numbers.rs:54035;examples/features/basics/build/numbers.rs:54154;examples/features/basics/build/numbers.rs:54820;examples/features/basics/build/numbers.rs:56582;examples/features/basics/build/numbers.rs:56596	crates/jet-codegen/src/BrowserHost.rs:319;crates/jet-codegen/src/Codegen/TIR/lower/method_calls.rs:6377;crates/jet-codegen/src/Codegen/TIR/subset/builtin_methods.rs:465;crates/jet-codegen/src/Prelude/CoreLib/JetStd/CommonTypes.rs:337;crates/jet-codegen/src/Prelude/CoreLib/Top/DataFlow.rs:1146;crates/jet-codegen/src/Prelude/CoreLib/Top/DataFlow.rs:1170;crates/jet-codegen/src/Prelude/CoreLib/Top/EncodingStream.rs:957;crates/jet-codegen/src/Prelude/CoreLib/Top/EncodingStream.rs:1076;crates/jet-codegen/src/Prelude/CoreLib/Top/EncodingStream.rs:1729;crates/jet-codegen/src/Prelude/CoreLib/Top/EncodingStream.rs:1987;crates/jet-codegen/src/Prelude/CoreLib/Top/EncodingStream.rs:2004;crates/jet-codegen/src/Prelude/CoreLib/Top/EncodingStream.rs:3652;crates/jet-codegen/src/Prelude/CoreLib/Top/EncodingStream.rs:3666;crates/jet-foundation/src/Syntax/core_calls.rs:490;crates/jet-sema/src/Sema/CheckerCoreLib/net_text_time.rs:84;crates/jet-sema/src/Sema/CheckerCoreLib/net_text_time.rs:107;crates/jet-sema/src/Sema/CheckerCoreLib/net_text_time.rs:258;crates/jet-sema/src/Sema/CheckerCoreLib/net_text_time.rs:802					
core_effect_leaf	core-receiver:BrowserContext.close	receiver	BrowserContext.close	missing					authority:application-boundary,authority:canonical-holds		crates/jet-foundation/src/Syntax/core_calls.rs:469;crates/jet-foundation/src/Syntax/core_calls.rs:550	crates/jet-canvas/src/html.rs:722;crates/jet-canvas/src/html.rs:764;crates/jet-canvas/src/html.rs:789;crates/jet-canvas/src/html.rs:800;crates/jet-cli/src/CLI.rs:122;crates/jet-cli/src/CLI.rs:2503;crates/jet-codegen/src/BrowserHost.rs:410;crates/jet-codegen/src/BrowserHost.rs:423;crates/jet-codegen/src/BrowserHost.rs:494;crates/jet-codegen/src/BrowserHost.rs:544;crates/jet-codegen/src/Codegen/MIREval.rs:1951;crates/jet-codegen/src/Codegen/MIREval.rs:1958;crates/jet-codegen/src/Codegen/MIREval.rs:1966;crates/jet-codegen/src/Codegen/MIREval.rs:2015;crates/jet-codegen/src/Codegen/MIREval.rs:2017;crates/jet-codegen/src/Codegen/MIREval.rs:4223;crates/jet-codegen/src/Codegen/MIREval.rs:9312;crates/jet-codegen/src/Codegen/MIREval.rs:9319	crates/jetpack-bin/tests/compiler_extension_e2e.rs:131;crates/jetpack-bin/tests/compiler_extension_e2e.rs:182;crates/jetpack-bin/tests/compiler_extension_e2e.rs:200;crates/jetpack-bin/tests/compiler_extension_e2e.rs:216;crates/jetpack-bin/tests/compiler_extension_e2e.rs:236;crates/jetpack-bin/tests/compiler_extension_e2e.rs:282;crates/jetpack-bin/tests/compiler_extension_e2e.rs:309;crates/jetpack-bin/tests/compiler_extension_e2e.rs:330;crates/jetpack/src/Store/Tests/tests/nix_projection.rs:765;crates/jetpack/src/Store/Tests/tests/nix_projection.rs:773;examples/features/basics/build/callbacks.rs:69;examples/features/basics/build/callbacks.rs:71;examples/features/basics/build/callbacks.rs:2414;examples/features/basics/build/callbacks.rs:2415;examples/features/basics/build/callbacks.rs:2427;examples/features/basics/build/callbacks.rs:2478;examples/features/basics/build/callbacks.rs:2479;examples/features/basics/build/callbacks.rs:2484	crates/jet-canvas/src/html.rs:722;crates/jet-canvas/src/html.rs:764;crates/jet-canvas/src/html.rs:789;crates/jet-canvas/src/html.rs:800;crates/jet-cli/src/CLI.rs:122;crates/jet-cli/src/CLI.rs:2503;crates/jet-codegen/src/BrowserHost.rs:410;crates/jet-codegen/src/BrowserHost.rs:423;crates/jet-codegen/src/BrowserHost.rs:494;crates/jet-codegen/src/BrowserHost.rs:544;crates/jet-codegen/src/Codegen/MIREval.rs:1951;crates/jet-codegen/src/Codegen/MIREval.rs:1958;crates/jet-codegen/src/Codegen/MIREval.rs:1966;crates/jet-codegen/src/Codegen/MIREval.rs:2015;crates/jet-codegen/src/Codegen/MIREval.rs:2017;crates/jet-codegen/src/Codegen/MIREval.rs:4223;crates/jet-codegen/src/Codegen/MIREval.rs:9312;crates/jet-codegen/src/Codegen/MIREval.rs:9319					
core_effect_leaf	core-receiver:BrowserContext.page	receiver	BrowserContext.page	missing					authority:application-boundary,authority:canonical-holds		crates/jet-foundation/src/Syntax/core_calls.rs:469;crates/jet-foundation/src/Syntax/core_calls.rs:550	crates/jet-cli/src/CLI.rs:5;crates/jet-cli/src/CLI.rs:210;crates/jet-cli/src/CLI.rs:1034;crates/jet-cli/src/CLI.rs:1856;crates/jet-cli/src/CLI.rs:2041;crates/jet-cli/src/CLI.rs:2066;crates/jet-cli/src/CLI.rs:2095;crates/jet-cli/src/CLI.rs:3026;crates/jet-cli/src/Help/mod.rs:21;crates/jet-cli/src/Help/mod.rs:228;crates/jet-cli/src/Help/mod.rs:362;crates/jet-cli/src/Help/mod.rs:569;crates/jet-cli/src/Help/Render.rs:486;crates/jet-codegen/src/BrowserHost.rs:413;crates/jet-codegen/src/BrowserHost.rs:414;crates/jet-codegen/src/BrowserHost.rs:415;crates/jet-codegen/src/BrowserHost.rs:419;crates/jet-codegen/src/BrowserHost.rs:420	examples/features/cli/battery/run.jet:6;examples/features/devloop/static_site_generator/run.jet:12;examples/features/devloop/static_site_generator/run.jet:13;examples/features/net/browser_lifecycle.jet:1;examples/features/net/browser_lifecycle.jet:7;examples/features/patterns/struct_destructure.jet:13;examples/features/patterns/struct_destructure.jet:16;examples/features/patterns/struct_destructure.jet:18;examples/features/safety/checked_text_sql.jet:17;examples/features/safety/checked_text_sql.jet:18;examples/features/safety/checked_text_sql.jet:20;examples/features/tooling/dsl_blocks.jet:14;examples/features/tooling/dsl_blocks.jet:15;examples/features/web/app_hello.jet:5;examples/features/web/battery/run.jet:8;examples/features/web/battery/run.jet:13;examples/features/web/battery/run.jet:51;examples/features/web/forms_table.jet:67	crates/jet-cli/src/CLI.rs:5;crates/jet-cli/src/CLI.rs:210;crates/jet-cli/src/CLI.rs:1034;crates/jet-cli/src/CLI.rs:1856;crates/jet-cli/src/CLI.rs:2041;crates/jet-cli/src/CLI.rs:2066;crates/jet-cli/src/CLI.rs:2095;crates/jet-cli/src/CLI.rs:3026;crates/jet-cli/src/Help/mod.rs:21;crates/jet-cli/src/Help/mod.rs:228;crates/jet-cli/src/Help/mod.rs:362;crates/jet-cli/src/Help/mod.rs:569;crates/jet-cli/src/Help/Render.rs:486;crates/jet-codegen/src/BrowserHost.rs:413;crates/jet-codegen/src/BrowserHost.rs:414;crates/jet-codegen/src/BrowserHost.rs:415;crates/jet-codegen/src/BrowserHost.rs:419;crates/jet-codegen/src/BrowserHost.rs:420					
core_effect_leaf	core-receiver:BrowserContext.tab	receiver	BrowserContext.tab	missing					authority:application-boundary,authority:canonical-holds		crates/jet-foundation/src/Syntax/core_calls.rs:469;crates/jet-foundation/src/Syntax/core_calls.rs:550	crates/jet-canvas/src/html.rs:216;crates/jet-canvas/src/html.rs:217;crates/jet-canvas/src/html.rs:218;crates/jet-canvas/src/html.rs:219;crates/jet-canvas/src/html.rs:220;crates/jet-canvas/src/html.rs:221;crates/jet-canvas/src/html.rs:222;crates/jet-canvas/src/html.rs:235;crates/jet-canvas/src/html.rs:697;crates/jet-codegen/src/BrowserHost.rs:418;crates/jet-codegen/src/Codegen/TIR/lower/method_calls.rs:6399;crates/jet-codegen/src/Codegen/TIR/subset/builtin_methods.rs:479;crates/jet-codegen/src/Prelude/Core/ArgsProjection.rs:157;crates/jet-codegen/src/Prelude/Core/TermKey.rs:68;crates/jet-codegen/src/Prelude/CoreLib/Top/Browser.rs:1089;crates/jet-codegen/src/Prelude/CoreLib/Top/Browser.rs:1103;crates/jet-codegen/src/Prelude/CoreLib/Top/Browser.rs:1110;crates/jet-codegen/src/Prelude/CoreLib/Top/Game.rs:550	examples/features/basics/build/callbacks.rs:22762;examples/features/basics/build/callbacks.rs:22782;examples/features/basics/build/callbacks.rs:22795;examples/features/basics/build/callbacks.rs:22830;examples/features/basics/build/callbacks.rs:22833;examples/features/basics/build/callbacks.rs:22834;examples/features/basics/build/callbacks.rs:69716;examples/features/basics/build/callbacks.rs:69717;examples/features/basics/build/callbacks.rs:69720;examples/features/basics/build/compound.rs:22762;examples/features/basics/build/compound.rs:22782;examples/features/basics/build/compound.rs:22795;examples/features/basics/build/compound.rs:22830;examples/features/basics/build/compound.rs:22833;examples/features/basics/build/compound.rs:22834;examples/features/basics/build/compound.rs:69716;examples/features/basics/build/compound.rs:69717;examples/features/basics/build/compound.rs:69720	crates/jet-canvas/src/html.rs:216;crates/jet-canvas/src/html.rs:217;crates/jet-canvas/src/html.rs:218;crates/jet-canvas/src/html.rs:219;crates/jet-canvas/src/html.rs:220;crates/jet-canvas/src/html.rs:221;crates/jet-canvas/src/html.rs:222;crates/jet-canvas/src/html.rs:235;crates/jet-canvas/src/html.rs:697;crates/jet-codegen/src/BrowserHost.rs:418;crates/jet-codegen/src/Codegen/TIR/lower/method_calls.rs:6399;crates/jet-codegen/src/Codegen/TIR/subset/builtin_methods.rs:479;crates/jet-codegen/src/Prelude/Core/ArgsProjection.rs:157;crates/jet-codegen/src/Prelude/Core/TermKey.rs:68;crates/jet-codegen/src/Prelude/CoreLib/Top/Browser.rs:1089;crates/jet-codegen/src/Prelude/CoreLib/Top/Browser.rs:1103;crates/jet-codegen/src/Prelude/CoreLib/Top/Browser.rs:1110;crates/jet-codegen/src/Prelude/CoreLib/Top/Game.rs:550					
core_effect_leaf	core-receiver:BrowserLocator.click	receiver	BrowserLocator.click	missing					authority:application-boundary,authority:canonical-holds		crates/jet-foundation/src/Syntax/core_calls.rs:469;crates/jet-foundation/src/Syntax/core_calls.rs:550	crates/jet-canvas/src/html.rs:848;crates/jet-cli/src/Headless.rs:72;crates/jet-cli/src/Headless.rs:199;crates/jet-cli/src/Headless.rs:200;crates/jet-cli/src/Headless.rs:419;crates/jet-cli/src/Help/Interactive.rs:341;crates/jet-cli/src/Help/Interactive.rs:345;crates/jet-cli/src/Help/Interactive.rs:346;crates/jet-codegen/src/BrowserHost.rs:567;crates/jet-codegen/src/Codegen/TIR/lower/method_calls.rs:6415;crates/jet-codegen/src/Codegen/TIR/subset/builtin_methods.rs:506;crates/jet-codegen/src/Prelude/CoreLib/Top/Browser.rs:1892;crates/jet-codegen/src/Prelude/Ui.rs:93;crates/jet-codegen/src/Prelude/Ui.rs:94;crates/jet-codegen/src/Prelude/Ui.rs:2251;crates/jet-codegen/src/Prelude/UiGtk.rs:1173;crates/jet-codegen/src/Prelude/UiGtk.rs:1181;crates/jet-codegen/src/Prelude/UiGtk.rs:1301	examples/features/basics/build/callbacks.rs:68829;examples/features/basics/build/callbacks.rs:69509;examples/features/basics/build/compound.rs:68829;examples/features/basics/build/compound.rs:69509;examples/features/basics/build/numbers.rs:68829;examples/features/basics/build/numbers.rs:69509;examples/features/lowlevel/cbind/build/run.rs:68856;examples/features/lowlevel/cbind/build/run.rs:69536;examples/features/memory/program_allocator/build/main.rs:58570;examples/features/memory/program_allocator/build/main.rs:59250;examples/features/memory/program_allocator/build/run.rs:70408;examples/features/memory/program_allocator/build/run.rs:71088;examples/features/memory/unsafe_sentries_package_off/build/run.rs:54913;examples/features/memory/unsafe_sentries_package_off/build/run.rs:55593;examples/features/net/browser_agent.jet:17;examples/features/net/browser_locators.jet:3;examples/features/net/browser_locators.jet:9;examples/features/ui/ui_native_linux.jet:4	crates/jet-canvas/src/html.rs:848;crates/jet-cli/src/Headless.rs:72;crates/jet-cli/src/Headless.rs:199;crates/jet-cli/src/Headless.rs:200;crates/jet-cli/src/Headless.rs:419;crates/jet-cli/src/Help/Interactive.rs:341;crates/jet-cli/src/Help/Interactive.rs:345;crates/jet-cli/src/Help/Interactive.rs:346;crates/jet-codegen/src/BrowserHost.rs:567;crates/jet-codegen/src/Codegen/TIR/lower/method_calls.rs:6415;crates/jet-codegen/src/Codegen/TIR/subset/builtin_methods.rs:506;crates/jet-codegen/src/Prelude/CoreLib/Top/Browser.rs:1892;crates/jet-codegen/src/Prelude/Ui.rs:93;crates/jet-codegen/src/Prelude/Ui.rs:94;crates/jet-codegen/src/Prelude/Ui.rs:2251;crates/jet-codegen/src/Prelude/UiGtk.rs:1173;crates/jet-codegen/src/Prelude/UiGtk.rs:1181;crates/jet-codegen/src/Prelude/UiGtk.rs:1301					
core_effect_leaf	core-receiver:BrowserLocator.fill	receiver	BrowserLocator.fill	missing					authority:application-boundary,authority:canonical-holds		crates/jet-foundation/src/Syntax/core_calls.rs:469;crates/jet-foundation/src/Syntax/core_calls.rs:550	crates/jet-canvas/src/html.rs:29;crates/jet-canvas/src/html.rs:53;crates/jet-cli/src/AdaptiveTable.rs:385;crates/jet-cli/src/AdaptiveTable.rs:400;crates/jet-cli/src/AdaptiveTable.rs:413;crates/jet-cli/src/AdaptiveTable.rs:428;crates/jet-cli/src/AdaptiveTable.rs:433;crates/jet-cli/src/AdaptiveTable.rs:440;crates/jet-cli/src/CLI.rs:1136;crates/jet-cli/src/CLI.rs:1141;crates/jet-cli/src/Help/Render.rs:82;crates/jet-cli/src/Help/Render.rs:88;crates/jet-cli/src/Help/Render.rs:91;crates/jet-codegen/src/BrowserHost.rs:573;crates/jet-codegen/src/Codegen/TIR/lower/expressions.rs:3530;crates/jet-codegen/src/Codegen/TIR/lower/expressions.rs:3537;crates/jet-codegen/src/Codegen/TIR/lower/expressions.rs:3544;crates/jet-codegen/src/Codegen/TIR/lower/expressions.rs:3551	examples/canon.jet:98;examples/features/basics/build/callbacks.rs:12492;examples/features/basics/build/callbacks.rs:12508;examples/features/basics/build/callbacks.rs:34317;examples/features/basics/build/callbacks.rs:43602;examples/features/basics/build/callbacks.rs:51516;examples/features/basics/build/callbacks.rs:51517;examples/features/basics/build/callbacks.rs:51528;examples/features/basics/build/callbacks.rs:51529;examples/features/basics/build/callbacks.rs:51533;examples/features/basics/build/callbacks.rs:51535;examples/features/basics/build/callbacks.rs:51538;examples/features/basics/build/callbacks.rs:51542;examples/features/basics/build/callbacks.rs:53780;examples/features/basics/build/callbacks.rs:53796;examples/features/basics/build/callbacks.rs:53820;examples/features/basics/build/callbacks.rs:53822;examples/features/basics/build/callbacks.rs:53944	crates/jet-canvas/src/html.rs:29;crates/jet-canvas/src/html.rs:53;crates/jet-cli/src/AdaptiveTable.rs:385;crates/jet-cli/src/AdaptiveTable.rs:400;crates/jet-cli/src/AdaptiveTable.rs:413;crates/jet-cli/src/AdaptiveTable.rs:428;crates/jet-cli/src/AdaptiveTable.rs:433;crates/jet-cli/src/AdaptiveTable.rs:440;crates/jet-cli/src/CLI.rs:1136;crates/jet-cli/src/CLI.rs:1141;crates/jet-cli/src/Help/Render.rs:82;crates/jet-cli/src/Help/Render.rs:88;crates/jet-cli/src/Help/Render.rs:91;crates/jet-codegen/src/BrowserHost.rs:573;crates/jet-codegen/src/Codegen/TIR/lower/expressions.rs:3530;crates/jet-codegen/src/Codegen/TIR/lower/expressions.rs:3537;crates/jet-codegen/src/Codegen/TIR/lower/expressions.rs:3544;crates/jet-codegen/src/Codegen/TIR/lower/expressions.rs:3551					
core_effect_leaf	core-receiver:BrowserLocator.hover	receiver	BrowserLocator.hover	missing					authority:application-boundary,authority:canonical-holds		crates/jet-foundation/src/Syntax/core_calls.rs:469;crates/jet-foundation/src/Syntax/core_calls.rs:550	crates/jet-canvas/src/html.rs:37;crates/jet-canvas/src/html.rs:58;crates/jet-canvas/src/html.rs:168;crates/jet-canvas/src/html.rs:256;crates/jet-canvas/src/html.rs:388;crates/jet-canvas/src/html.rs:390;crates/jet-canvas/src/html.rs:482;crates/jet-canvas/src/html.rs:494;crates/jet-canvas/src/html.rs:503;crates/jet-canvas/src/html.rs:511;crates/jet-canvas/src/html.rs:524;crates/jet-canvas/src/html.rs:527;crates/jet-codegen/src/BrowserHost.rs:570;crates/jet-codegen/src/Codegen/TIR/lower/method_calls.rs:6415;crates/jet-codegen/src/Codegen/TIR/subset/builtin_methods.rs:506;crates/jet-codegen/src/Prelude/BrowserTest.rs:1115;crates/jet-codegen/src/Prelude/CoreLib/Top/Browser.rs:1898;crates/jet-codegen/src/Prelude/CoreLib/Top/DataPlot.rs:1036	examples/features/net/browser_locators.jet:3;examples/features/net/browser_locators.jet:9;tests/browser_bidi.rs:734;tests/browser_bidi.rs:1456;tests/browser_bidi.rs:1507;tests/canvas_scenarios.rs:306;tests/canvas_scenarios.rs:829;tests/canvas.rs:5911;tests/core_surface_ledger.rs:237;tests/core_surface_ledger.rs:238;tests/lsp.rs:2341;tests/lsp.rs:2350;tests/lsp.rs:2356;tests/lsp.rs:2364;tests/lsp.rs:3063;tests/lsp.rs:3100;tests/lsp.rs:3109;tests/lsp.rs:3148	crates/jet-canvas/src/html.rs:37;crates/jet-canvas/src/html.rs:58;crates/jet-canvas/src/html.rs:168;crates/jet-canvas/src/html.rs:256;crates/jet-canvas/src/html.rs:388;crates/jet-canvas/src/html.rs:390;crates/jet-canvas/src/html.rs:482;crates/jet-canvas/src/html.rs:494;crates/jet-canvas/src/html.rs:503;crates/jet-canvas/src/html.rs:511;crates/jet-canvas/src/html.rs:524;crates/jet-canvas/src/html.rs:527;crates/jet-codegen/src/BrowserHost.rs:570;crates/jet-codegen/src/Codegen/TIR/lower/method_calls.rs:6415;crates/jet-codegen/src/Codegen/TIR/subset/builtin_methods.rs:506;crates/jet-codegen/src/Prelude/BrowserTest.rs:1115;crates/jet-codegen/src/Prelude/CoreLib/Top/Browser.rs:1898;crates/jet-codegen/src/Prelude/CoreLib/Top/DataPlot.rs:1036					
core_effect_leaf	core-receiver:BrowserLocator.press	receiver	BrowserLocator.press	missing					authority:application-boundary,authority:canonical-holds		crates/jet-foundation/src/Syntax/core_calls.rs:469;crates/jet-foundation/src/Syntax/core_calls.rs:550	crates/jet-cli/src/Headless.rs:195;crates/jet-cli/src/Headless.rs:339;crates/jet-cli/src/Headless.rs:345;crates/jet-codegen/src/BrowserHost.rs:577;crates/jet-codegen/src/Codegen/TIR/lower/method_calls.rs:6415;crates/jet-codegen/src/Codegen/TIR/subset/builtin_methods.rs:506;crates/jet-codegen/src/Prelude/CoreLib/Top/Browser.rs:1955;crates/jet-devserver/src/WebHost.rs:1385;crates/jet-foundation/src/Syntax/core_calls.rs:509;crates/jet-repl/src/Interactive.rs:643;crates/jet-repl/src/Term.rs:290;crates/jet-sema/src/Sema/CheckerCoreLib/net_text_time.rs:81;crates/jet-sema/src/Sema/CheckerCoreLib/net_text_time.rs:134;crates/jet-sema/src/Sema/CheckerCoreLib/net_text_time.rs:333;crates/jet-sema/src/Sema/CheckerCoreLib/net_text_time.rs:877;crates/jetpack/src/components/Button.jet:12;crates/jetpack/src/components/Button.jet:21	examples/features/net/browser_locators.jet:3;examples/features/net/browser_locators.jet:9;examples/features/ui/ui_component_kit.jet:35;examples/features/ui/ui_component_kit.jet:58;tests/browser_bidi.rs:622;tests/browser_bidi.rs:649;tests/browser_bidi.rs:736;tests/browser_bidi.rs:1461;tests/browser_bidi.rs:1507;tests/web_dev.rs:1178	crates/jet-cli/src/Headless.rs:195;crates/jet-cli/src/Headless.rs:339;crates/jet-cli/src/Headless.rs:345;crates/jet-codegen/src/BrowserHost.rs:577;crates/jet-codegen/src/Codegen/TIR/lower/method_calls.rs:6415;crates/jet-codegen/src/Codegen/TIR/subset/builtin_methods.rs:506;crates/jet-codegen/src/Prelude/CoreLib/Top/Browser.rs:1955;crates/jet-devserver/src/WebHost.rs:1385;crates/jet-foundation/src/Syntax/core_calls.rs:509;crates/jet-repl/src/Interactive.rs:643;crates/jet-repl/src/Term.rs:290;crates/jet-sema/src/Sema/CheckerCoreLib/net_text_time.rs:81;crates/jet-sema/src/Sema/CheckerCoreLib/net_text_time.rs:134;crates/jet-sema/src/Sema/CheckerCoreLib/net_text_time.rs:333;crates/jet-sema/src/Sema/CheckerCoreLib/net_text_time.rs:877					
core_effect_leaf	core-receiver:BrowserLocator.set_files	receiver	BrowserLocator.set_files	missing					authority:application-boundary,authority:canonical-holds		crates/jet-foundation/src/Syntax/core_calls.rs:469;crates/jet-foundation/src/Syntax/core_calls.rs:550	crates/jet-codegen/src/BrowserHost.rs:581;crates/jet-codegen/src/Codegen/TIR/lower/method_calls.rs:6415;crates/jet-codegen/src/Codegen/TIR/subset/builtin_methods.rs:506;crates/jet-foundation/src/Syntax/core_calls.rs:509;crates/jet-sema/src/Sema/CheckerCoreLib/net_text_time.rs:81;crates/jet-sema/src/Sema/CheckerCoreLib/net_text_time.rs:134;crates/jet-sema/src/Sema/CheckerCoreLib/net_text_time.rs:333;crates/jet-sema/src/Sema/CheckerCoreLib/net_text_time.rs:877	examples/features/net/browser_agent.jet:19;examples/features/net/browser_artifacts.jet:8;tests/browser_bidi.rs:2042;tests/browser_bidi.rs:2173	crates/jet-codegen/src/BrowserHost.rs:581;crates/jet-codegen/src/Codegen/TIR/lower/method_calls.rs:6415;crates/jet-codegen/src/Codegen/TIR/subset/builtin_methods.rs:506;crates/jet-foundation/src/Syntax/core_calls.rs:509;crates/jet-sema/src/Sema/CheckerCoreLib/net_text_time.rs:81;crates/jet-sema/src/Sema/CheckerCoreLib/net_text_time.rs:134;crates/jet-sema/src/Sema/CheckerCoreLib/net_text_time.rs:333;crates/jet-sema/src/Sema/CheckerCoreLib/net_text_time.rs:877					
core_effect_leaf	core-receiver:BrowserLocator.wait	receiver	BrowserLocator.wait	missing					authority:application-boundary,authority:canonical-holds		crates/jet-foundation/src/Syntax/core_calls.rs:469;crates/jet-foundation/src/Syntax/core_calls.rs:550	crates/jet-cli/src/Headless.rs:80;crates/jet-cli/src/Headless.rs:121;crates/jet-cli/src/Headless.rs:190;crates/jet-cli/src/Headless.rs:211;crates/jet-cli/src/Headless.rs:212;crates/jet-cli/src/Headless.rs:351;crates/jet-cli/src/Headless.rs:355;crates/jet-cli/src/Headless.rs:356;crates/jet-cli/src/Headless.rs:422;crates/jet-cli/src/Headless.rs:430;crates/jet-cli/src/Headless.rs:431;crates/jet-cli/src/Help/Interactive.rs:393;crates/jet-cli/src/Tape.rs:203;crates/jet-cli/src/Tape.rs:233;crates/jet-cli/src/Tape.rs:279;crates/jet-codegen/src/BrowserHost.rs:547;crates/jet-codegen/src/Codegen/MIREval.rs:4429;crates/jet-codegen/src/Codegen/MIREval.rs:4438	crates/jet-rt/tests/gc_collector.rs:133;crates/jet-rt/tests/gc_collector.rs:134;crates/jet-rt/tests/gc_collector.rs:140;crates/jet-rt/tests/gc_collector.rs:145;crates/jet-rt/tests/gc_collector.rs:276;crates/jet-rt/tests/gc_collector.rs:277;crates/jet-rt/tests/gc_collector.rs:286;crates/jet-rt/tests/gc_collector.rs:294;crates/jetpack-bin/tests/compiler_extension_e2e.rs:277;crates/jetpack/src/CLI/usage_tests.rs:121;crates/jetpack/src/CLI/usage_tests.rs:341;examples/features/basics/build/callbacks.rs:2926;examples/features/basics/build/callbacks.rs:2931;examples/features/basics/build/callbacks.rs:2937;examples/features/basics/build/callbacks.rs:9400;examples/features/basics/build/callbacks.rs:12331;examples/features/basics/build/callbacks.rs:14554;examples/features/basics/build/callbacks.rs:14556	crates/jet-cli/src/Headless.rs:80;crates/jet-cli/src/Headless.rs:121;crates/jet-cli/src/Headless.rs:190;crates/jet-cli/src/Headless.rs:211;crates/jet-cli/src/Headless.rs:212;crates/jet-cli/src/Headless.rs:351;crates/jet-cli/src/Headless.rs:355;crates/jet-cli/src/Headless.rs:356;crates/jet-cli/src/Headless.rs:422;crates/jet-cli/src/Headless.rs:430;crates/jet-cli/src/Headless.rs:431;crates/jet-cli/src/Help/Interactive.rs:393;crates/jet-cli/src/Tape.rs:203;crates/jet-cli/src/Tape.rs:233;crates/jet-cli/src/Tape.rs:279;crates/jet-codegen/src/BrowserHost.rs:547;crates/jet-codegen/src/Codegen/MIREval.rs:4429;crates/jet-codegen/src/Codegen/MIREval.rs:4438					
core_effect_leaf	core-receiver:BrowserLocator.wait_gone	receiver	BrowserLocator.wait_gone	missing					authority:application-boundary,authority:canonical-holds		crates/jet-foundation/src/Syntax/core_calls.rs:469;crates/jet-foundation/src/Syntax/core_calls.rs:550	crates/jet-codegen/src/BrowserHost.rs:557;crates/jet-codegen/src/Codegen/TIR/lower/method_calls.rs:6415;crates/jet-codegen/src/Codegen/TIR/subset/builtin_methods.rs:506;crates/jet-foundation/src/Syntax/core_calls.rs:509;crates/jet-sema/src/Sema/CheckerCoreLib/net_text_time.rs:84;crates/jet-sema/src/Sema/CheckerCoreLib/net_text_time.rs:134;crates/jet-sema/src/Sema/CheckerCoreLib/net_text_time.rs:333;crates/jet-sema/src/Sema/CheckerCoreLib/net_text_time.rs:875	examples/features/net/browser_locators.jet:3;examples/features/net/browser_locators.jet:9;tests/browser_bidi.rs:620;tests/browser_bidi.rs:647;tests/browser_bidi.rs:732;tests/browser_bidi.rs:1410;tests/browser_bidi.rs:1469	crates/jet-codegen/src/BrowserHost.rs:557;crates/jet-codegen/src/Codegen/TIR/lower/method_calls.rs:6415;crates/jet-codegen/src/Codegen/TIR/subset/builtin_methods.rs:506;crates/jet-foundation/src/Syntax/core_calls.rs:509;crates/jet-sema/src/Sema/CheckerCoreLib/net_text_time.rs:84;crates/jet-sema/src/Sema/CheckerCoreLib/net_text_time.rs:134;crates/jet-sema/src/Sema/CheckerCoreLib/net_text_time.rs:333;crates/jet-sema/src/Sema/CheckerCoreLib/net_text_time.rs:875					
core_effect_leaf	core-receiver:BrowserPage.clear_cookies	receiver	BrowserPage.clear_cookies	missing					authority:application-boundary,authority:canonical-holds		crates/jet-foundation/src/Syntax/core_calls.rs:469;crates/jet-foundation/src/Syntax/core_calls.rs:550	crates/jet-codegen/src/BrowserHost.rs:517;crates/jet-codegen/src/Codegen/TIR/lower/method_calls.rs:6408;crates/jet-codegen/src/Codegen/TIR/subset/builtin_methods.rs:497;crates/jet-foundation/src/Syntax/core_calls.rs:501;crates/jet-sema/src/Sema/CheckerCoreLib/net_text_time.rs:44;crates/jet-sema/src/Sema/CheckerCoreLib/net_text_time.rs:125;crates/jet-sema/src/Sema/CheckerCoreLib/net_text_time.rs:302;crates/jet-sema/src/Sema/CheckerCoreLib/net_text_time.rs:835	tests/browser_bidi.rs:2032;tests/browser_bidi.rs:2262	crates/jet-codegen/src/BrowserHost.rs:517;crates/jet-codegen/src/Codegen/TIR/lower/method_calls.rs:6408;crates/jet-codegen/src/Codegen/TIR/subset/builtin_methods.rs:497;crates/jet-foundation/src/Syntax/core_calls.rs:501;crates/jet-sema/src/Sema/CheckerCoreLib/net_text_time.rs:44;crates/jet-sema/src/Sema/CheckerCoreLib/net_text_time.rs:125;crates/jet-sema/src/Sema/CheckerCoreLib/net_text_time.rs:302;crates/jet-sema/src/Sema/CheckerCoreLib/net_text_time.rs:835					
core_effect_leaf	core-receiver:BrowserPage.close	receiver	BrowserPage.close	missing					authority:application-boundary,authority:canonical-holds		crates/jet-foundation/src/Syntax/core_calls.rs:469;crates/jet-foundation/src/Syntax/core_calls.rs:550	crates/jet-canvas/src/html.rs:722;crates/jet-canvas/src/html.rs:764;crates/jet-canvas/src/html.rs:789;crates/jet-canvas/src/html.rs:800;crates/jet-cli/src/CLI.rs:122;crates/jet-cli/src/CLI.rs:2503;crates/jet-codegen/src/BrowserHost.rs:410;crates/jet-codegen/src/BrowserHost.rs:423;crates/jet-codegen/src/BrowserHost.rs:494;crates/jet-codegen/src/BrowserHost.rs:544;crates/jet-codegen/src/Codegen/MIREval.rs:1951;crates/jet-codegen/src/Codegen/MIREval.rs:1958;crates/jet-codegen/src/Codegen/MIREval.rs:1966;crates/jet-codegen/src/Codegen/MIREval.rs:2015;crates/jet-codegen/src/Codegen/MIREval.rs:2017;crates/jet-codegen/src/Codegen/MIREval.rs:4223;crates/jet-codegen/src/Codegen/MIREval.rs:9312;crates/jet-codegen/src/Codegen/MIREval.rs:9319	crates/jetpack-bin/tests/compiler_extension_e2e.rs:131;crates/jetpack-bin/tests/compiler_extension_e2e.rs:182;crates/jetpack-bin/tests/compiler_extension_e2e.rs:200;crates/jetpack-bin/tests/compiler_extension_e2e.rs:216;crates/jetpack-bin/tests/compiler_extension_e2e.rs:236;crates/jetpack-bin/tests/compiler_extension_e2e.rs:282;crates/jetpack-bin/tests/compiler_extension_e2e.rs:309;crates/jetpack-bin/tests/compiler_extension_e2e.rs:330;crates/jetpack/src/Store/Tests/tests/nix_projection.rs:765;crates/jetpack/src/Store/Tests/tests/nix_projection.rs:773;examples/features/basics/build/callbacks.rs:69;examples/features/basics/build/callbacks.rs:71;examples/features/basics/build/callbacks.rs:2414;examples/features/basics/build/callbacks.rs:2415;examples/features/basics/build/callbacks.rs:2427;examples/features/basics/build/callbacks.rs:2478;examples/features/basics/build/callbacks.rs:2479;examples/features/basics/build/callbacks.rs:2484	crates/jet-canvas/src/html.rs:722;crates/jet-canvas/src/html.rs:764;crates/jet-canvas/src/html.rs:789;crates/jet-canvas/src/html.rs:800;crates/jet-cli/src/CLI.rs:122;crates/jet-cli/src/CLI.rs:2503;crates/jet-codegen/src/BrowserHost.rs:410;crates/jet-codegen/src/BrowserHost.rs:423;crates/jet-codegen/src/BrowserHost.rs:494;crates/jet-codegen/src/BrowserHost.rs:544;crates/jet-codegen/src/Codegen/MIREval.rs:1951;crates/jet-codegen/src/Codegen/MIREval.rs:1958;crates/jet-codegen/src/Codegen/MIREval.rs:1966;crates/jet-codegen/src/Codegen/MIREval.rs:2015;crates/jet-codegen/src/Codegen/MIREval.rs:2017;crates/jet-codegen/src/Codegen/MIREval.rs:4223;crates/jet-codegen/src/Codegen/MIREval.rs:9312;crates/jet-codegen/src/Codegen/MIREval.rs:9319					
core_effect_leaf	core-receiver:BrowserPage.goto	receiver	BrowserPage.goto	missing					authority:application-boundary,authority:canonical-holds		crates/jet-foundation/src/Syntax/core_calls.rs:469;crates/jet-foundation/src/Syntax/core_calls.rs:550	crates/jet-codegen/src/BrowserHost.rs:432;crates/jet-codegen/src/Codegen/TIR/lower/method_calls.rs:6408;crates/jet-codegen/src/Codegen/TIR/subset/builtin_methods.rs:483;crates/jet-codegen/src/Prelude/BrowserTest.rs:1205;crates/jet-codegen/src/Prelude/CoreLib/Top/Browser.rs:1183;crates/jet-foundation/src/Syntax/core_calls.rs:496;crates/jet-pkg-model/src/ComBind.rs:867;crates/jet-pkg-model/src/ComBind.rs:868;crates/jet-pkg-model/src/ComBind.rs:869;crates/jet-pkg-model/src/ComBind.rs:875;crates/jet-sema/src/Sema/CheckerCoreLib/net_text_time.rs:78;crates/jet-sema/src/Sema/CheckerCoreLib/net_text_time.rs:118;crates/jet-sema/src/Sema/CheckerCoreLib/net_text_time.rs:290;crates/jet-sema/src/Sema/CheckerCoreLib/net_text_time.rs:833	tests/browser_bidi.rs:612;tests/browser_bidi.rs:639;tests/browser_bidi.rs:728;tests/browser_bidi.rs:1452;tests/browser_bidi.rs:2027;tests/browser_bidi.rs:2919;tests/browser_bidi.rs:3048;tests/fixtures/browser_bidi.jet:15	crates/jet-codegen/src/BrowserHost.rs:432;crates/jet-codegen/src/Codegen/TIR/lower/method_calls.rs:6408;crates/jet-codegen/src/Codegen/TIR/subset/builtin_methods.rs:483;crates/jet-codegen/src/Prelude/BrowserTest.rs:1205;crates/jet-codegen/src/Prelude/CoreLib/Top/Browser.rs:1183;crates/jet-foundation/src/Syntax/core_calls.rs:496;crates/jet-pkg-model/src/ComBind.rs:867;crates/jet-pkg-model/src/ComBind.rs:868;crates/jet-pkg-model/src/ComBind.rs:869;crates/jet-pkg-model/src/ComBind.rs:875;crates/jet-sema/src/Sema/CheckerCoreLib/net_text_time.rs:78;crates/jet-sema/src/Sema/CheckerCoreLib/net_text_time.rs:118;crates/jet-sema/src/Sema/CheckerCoreLib/net_text_time.rs:290;crates/jet-sema/src/Sema/CheckerCoreLib/net_text_time.rs:833					
core_effect_leaf	core-receiver:BrowserPage.pdf	receiver	BrowserPage.pdf	missing					authority:application-boundary,authority:canonical-holds		crates/jet-foundation/src/Syntax/core_calls.rs:469;crates/jet-foundation/src/Syntax/core_calls.rs:550	crates/jet-codegen/src/BrowserHost.rs:500;crates/jet-codegen/src/Codegen/TIR/lower/method_calls.rs:6420;crates/jet-codegen/src/Codegen/TIR/subset/builtin_methods.rs:494;crates/jet-codegen/src/Prelude/CoreLib/JetStd/Mime.rs:82;crates/jet-codegen/src/Prelude/CoreLib/JetStd/Mime.rs:109;crates/jet-foundation/src/Syntax/core_calls.rs:499;crates/jet-sema/src/Sema/CheckerCoreLib/net_text_time.rs:44;crates/jet-sema/src/Sema/CheckerCoreLib/net_text_time.rs:122;crates/jet-sema/src/Sema/CheckerCoreLib/net_text_time.rs:298;crates/jet-sema/src/Sema/CheckerCoreLib/net_text_time.rs:841	examples/features/basics/build/callbacks.rs:37116;examples/features/basics/build/callbacks.rs:37143;examples/features/basics/build/compound.rs:37116;examples/features/basics/build/compound.rs:37143;examples/features/basics/build/numbers.rs:37116;examples/features/basics/build/numbers.rs:37143;examples/features/lowlevel/cbind/build/run.rs:37123;examples/features/lowlevel/cbind/build/run.rs:37150;examples/features/memory/program_allocator/build/main.rs:29122;examples/features/memory/program_allocator/build/main.rs:29149;examples/features/memory/program_allocator/build/run.rs:37808;examples/features/memory/program_allocator/build/run.rs:37835;examples/features/memory/unsafe_sentries_package_off/build/run.rs:26446;examples/features/memory/unsafe_sentries_package_off/build/run.rs:26473;examples/features/net/browser_agent.jet:19;examples/features/net/browser_artifacts.jet:8;examples/performance/receipts/http_ready/build/run.rs:28507;examples/performance/receipts/http_ready/build/run.rs:28534	crates/jet-codegen/src/BrowserHost.rs:500;crates/jet-codegen/src/Codegen/TIR/lower/method_calls.rs:6420;crates/jet-codegen/src/Codegen/TIR/subset/builtin_methods.rs:494;crates/jet-codegen/src/Prelude/CoreLib/JetStd/Mime.rs:82;crates/jet-codegen/src/Prelude/CoreLib/JetStd/Mime.rs:109;crates/jet-foundation/src/Syntax/core_calls.rs:499;crates/jet-sema/src/Sema/CheckerCoreLib/net_text_time.rs:44;crates/jet-sema/src/Sema/CheckerCoreLib/net_text_time.rs:122;crates/jet-sema/src/Sema/CheckerCoreLib/net_text_time.rs:298;crates/jet-sema/src/Sema/CheckerCoreLib/net_text_time.rs:841					
core_effect_leaf	core-receiver:BrowserPage.screenshot	receiver	BrowserPage.screenshot	missing					authority:application-boundary,authority:canonical-holds		crates/jet-foundation/src/Syntax/core_calls.rs:469;crates/jet-foundation/src/Syntax/core_calls.rs:550	crates/jet-codegen/src/BrowserHost.rs:497;crates/jet-codegen/src/Codegen/TIR/lower/method_calls.rs:6420;crates/jet-codegen/src/Codegen/TIR/subset/builtin_methods.rs:493;crates/jet-codegen/src/Prelude/BrowserTest.rs:703;crates/jet-codegen/src/Prelude/CoreLib/Top/Browser.rs:1211;crates/jet-foundation/src/Syntax/core_calls.rs:498;crates/jet-sema/src/Sema/CheckerCoreLib/net_text_time.rs:44;crates/jet-sema/src/Sema/CheckerCoreLib/net_text_time.rs:121;crates/jet-sema/src/Sema/CheckerCoreLib/net_text_time.rs:298;crates/jet-sema/src/Sema/CheckerCoreLib/net_text_time.rs:841;crates/jetpack/src/JetOS/nixos_backend.rs:1230;crates/jetpack/src/JetOS/nixos_backend.rs:1297;crates/jetpack/src/JetOS/nixos_backend.rs:1488;crates/jetpack/src/JetOS/nixos_backend.rs:1519;crates/jetpack/src/JetOS/nixos_backend.rs:1562;crates/jetpack/src/JetOS/nixos_backend.rs:1567;crates/jetpack/src/JetOS/nixos_backend.rs:1568;crates/jetpack/src/JetOS/nixos_backend.rs:1583	examples/features/net/browser_agent.jet:19;examples/features/net/browser_artifacts.jet:2;examples/features/net/browser_artifacts.jet:8;tests/browser_bidi.rs:2044;tests/browser_bidi.rs:2254;tests/browser_bidi.rs:2255;tests/canvas_scenarios.rs:1361	crates/jet-codegen/src/BrowserHost.rs:497;crates/jet-codegen/src/Codegen/TIR/lower/method_calls.rs:6420;crates/jet-codegen/src/Codegen/TIR/subset/builtin_methods.rs:493;crates/jet-codegen/src/Prelude/BrowserTest.rs:703;crates/jet-codegen/src/Prelude/CoreLib/Top/Browser.rs:1211;crates/jet-foundation/src/Syntax/core_calls.rs:498;crates/jet-sema/src/Sema/CheckerCoreLib/net_text_time.rs:44;crates/jet-sema/src/Sema/CheckerCoreLib/net_text_time.rs:121;crates/jet-sema/src/Sema/CheckerCoreLib/net_text_time.rs:298;crates/jet-sema/src/Sema/CheckerCoreLib/net_text_time.rs:841;crates/jetpack/src/JetOS/nixos_backend.rs:1230;crates/jetpack/src/JetOS/nixos_backend.rs:1297;crates/jetpack/src/JetOS/nixos_backend.rs:1488;crates/jetpack/src/JetOS/nixos_backend.rs:1519;crates/jetpack/src/JetOS/nixos_backend.rs:1562;crates/jetpack/src/JetOS/nixos_backend.rs:1567;crates/jetpack/src/JetOS/nixos_backend.rs:1568;crates/jetpack/src/JetOS/nixos_backend.rs:1583					
core_effect_leaf	core-receiver:BrowserPage.set_cookie	receiver	BrowserPage.set_cookie	missing					authority:application-boundary,authority:canonical-holds		crates/jet-foundation/src/Syntax/core_calls.rs:469;crates/jet-foundation/src/Syntax/core_calls.rs:550	crates/jet-codegen/src/BrowserHost.rs:501;crates/jet-codegen/src/Codegen/TIR/lower/method_calls.rs:6408;crates/jet-codegen/src/Codegen/TIR/subset/builtin_methods.rs:495;crates/jet-foundation/src/Syntax/core_calls.rs:500;crates/jet-sema/src/Sema/CheckerCoreLib/net_text_time.rs:95;crates/jet-sema/src/Sema/CheckerCoreLib/net_text_time.rs:123;crates/jet-sema/src/Sema/CheckerCoreLib/net_text_time.rs:302;crates/jet-sema/src/Sema/CheckerCoreLib/net_text_time.rs:836;crates/jetpack/src/CLI/studio_server.rs:221;crates/jetpack/src/CLI/studio_server.rs:258;crates/jetpack/src/CLI/studio_server.rs:480;crates/jetpack/src/CLI/studio_server.rs:483	examples/features/web/battery/run.jet:170;examples/features/web/battery/run.jet:171;tests/browser_bidi.rs:2029;tests/browser_bidi.rs:2157;tests/browser_bidi.rs:2675;tests/browser_bidi.rs:3053	crates/jet-codegen/src/BrowserHost.rs:501;crates/jet-codegen/src/Codegen/TIR/lower/method_calls.rs:6408;crates/jet-codegen/src/Codegen/TIR/subset/builtin_methods.rs:495;crates/jet-foundation/src/Syntax/core_calls.rs:500;crates/jet-sema/src/Sema/CheckerCoreLib/net_text_time.rs:95;crates/jet-sema/src/Sema/CheckerCoreLib/net_text_time.rs:123;crates/jet-sema/src/Sema/CheckerCoreLib/net_text_time.rs:302;crates/jet-sema/src/Sema/CheckerCoreLib/net_text_time.rs:836;crates/jetpack/src/CLI/studio_server.rs:221;crates/jetpack/src/CLI/studio_server.rs:258;crates/jetpack/src/CLI/studio_server.rs:480;crates/jetpack/src/CLI/studio_server.rs:483					
core_effect_leaf	core-receiver:BrowserPage.storage_clear	receiver	BrowserPage.storage_clear	missing					authority:application-boundary,authority:canonical-holds		crates/jet-foundation/src/Syntax/core_calls.rs:469;crates/jet-foundation/src/Syntax/core_calls.rs:550	crates/jet-codegen/src/BrowserHost.rs:540;crates/jet-codegen/src/Codegen/TIR/lower/method_calls.rs:6409;crates/jet-codegen/src/Codegen/TIR/subset/builtin_methods.rs:500;crates/jet-foundation/src/Syntax/core_calls.rs:503;crates/jet-jit/src/Web.rs:3187;crates/jet-sema/src/Sema/CheckerCoreLib/net_text_time.rs:79;crates/jet-sema/src/Sema/CheckerCoreLib/net_text_time.rs:128;crates/jet-sema/src/Sema/CheckerCoreLib/net_text_time.rs:302;crates/jet-sema/src/Sema/CheckerCoreLib/net_text_time.rs:837	tests/browser_bidi.rs:2037;tests/browser_bidi.rs:2039	crates/jet-codegen/src/BrowserHost.rs:540;crates/jet-codegen/src/Codegen/TIR/lower/method_calls.rs:6409;crates/jet-codegen/src/Codegen/TIR/subset/builtin_methods.rs:500;crates/jet-foundation/src/Syntax/core_calls.rs:503;crates/jet-jit/src/Web.rs:3187;crates/jet-sema/src/Sema/CheckerCoreLib/net_text_time.rs:79;crates/jet-sema/src/Sema/CheckerCoreLib/net_text_time.rs:128;crates/jet-sema/src/Sema/CheckerCoreLib/net_text_time.rs:302;crates/jet-sema/src/Sema/CheckerCoreLib/net_text_time.rs:837					
core_effect_leaf	core-receiver:BrowserPage.storage_set	receiver	BrowserPage.storage_set	missing					authority:application-boundary,authority:canonical-holds		crates/jet-foundation/src/Syntax/core_calls.rs:469;crates/jet-foundation/src/Syntax/core_calls.rs:550	crates/jet-codegen/src/BrowserHost.rs:531;crates/jet-codegen/src/Codegen/TIR/lower/method_calls.rs:6408;crates/jet-codegen/src/Codegen/TIR/subset/builtin_methods.rs:499;crates/jet-foundation/src/Syntax/core_calls.rs:502;crates/jet-jit/src/Web.rs:3186;crates/jet-sema/src/Sema/CheckerCoreLib/net_text_time.rs:95;crates/jet-sema/src/Sema/CheckerCoreLib/net_text_time.rs:127;crates/jet-sema/src/Sema/CheckerCoreLib/net_text_time.rs:302;crates/jet-sema/src/Sema/CheckerCoreLib/net_text_time.rs:836	tests/browser_bidi.rs:2034;tests/browser_bidi.rs:2038;tests/browser_bidi.rs:2169	crates/jet-codegen/src/BrowserHost.rs:531;crates/jet-codegen/src/Codegen/TIR/lower/method_calls.rs:6408;crates/jet-codegen/src/Codegen/TIR/subset/builtin_methods.rs:499;crates/jet-foundation/src/Syntax/core_calls.rs:502;crates/jet-jit/src/Web.rs:3186;crates/jet-sema/src/Sema/CheckerCoreLib/net_text_time.rs:95;crates/jet-sema/src/Sema/CheckerCoreLib/net_text_time.rs:127;crates/jet-sema/src/Sema/CheckerCoreLib/net_text_time.rs:302;crates/jet-sema/src/Sema/CheckerCoreLib/net_text_time.rs:836					
core_effect_leaf	core-receiver:BrowserProtocol.send	receiver	BrowserProtocol.send	missing					authority:application-boundary,authority:canonical-holds		crates/jet-foundation/src/Syntax/core_calls.rs:469;crates/jet-foundation/src/Syntax/core_calls.rs:550	crates/jet-cli/src/Headless.rs:119;crates/jet-cli/src/Headless.rs:187;crates/jet-cli/src/Headless.rs:191;crates/jet-cli/src/Headless.rs:196;crates/jet-cli/src/Headless.rs:200;crates/jet-cli/src/Headless.rs:413;crates/jet-codegen/src/BrowserHost.rs:588;crates/jet-codegen/src/Codegen/TIR/artifact_plan.rs:258;crates/jet-codegen/src/Codegen/TIR/artifact_plan.rs:1425;crates/jet-codegen/src/Codegen/TIR/lower/call_args.rs:49;crates/jet-codegen/src/Codegen/TIR/lower/method_calls.rs:766;crates/jet-codegen/src/Codegen/TIR/lower/method_calls.rs:810;crates/jet-codegen/src/Codegen/TIR/lower/method_calls.rs:2456;crates/jet-codegen/src/Codegen/TIR/lower/method_calls.rs:6105;crates/jet-codegen/src/Codegen/TIR/lower/method_calls.rs:6170;crates/jet-codegen/src/Codegen/TIR/lower/method_calls.rs:6238;crates/jet-codegen/src/Codegen/TIR/lower/method_calls.rs:6267;crates/jet-codegen/src/Codegen/TIR/lower/method_calls.rs:6457	examples/features/basics/build/callbacks.rs:15345;examples/features/basics/build/callbacks.rs:15448;examples/features/basics/build/callbacks.rs:15456;examples/features/basics/build/callbacks.rs:15464;examples/features/basics/build/callbacks.rs:45243;examples/features/basics/build/callbacks.rs:45254;examples/features/basics/build/callbacks.rs:45267;examples/features/basics/build/callbacks.rs:45325;examples/features/basics/build/callbacks.rs:45326;examples/features/basics/build/callbacks.rs:45329;examples/features/basics/build/callbacks.rs:59801;examples/features/basics/build/callbacks.rs:60671;examples/features/basics/build/callbacks.rs:61471;examples/features/basics/build/callbacks.rs:61523;examples/features/basics/build/callbacks.rs:61641;examples/features/basics/build/callbacks.rs:62157;examples/features/basics/build/callbacks.rs:62160;examples/features/basics/build/callbacks.rs:62165	crates/jet-cli/src/Headless.rs:119;crates/jet-cli/src/Headless.rs:187;crates/jet-cli/src/Headless.rs:191;crates/jet-cli/src/Headless.rs:196;crates/jet-cli/src/Headless.rs:200;crates/jet-cli/src/Headless.rs:413;crates/jet-codegen/src/BrowserHost.rs:588;crates/jet-codegen/src/Codegen/TIR/artifact_plan.rs:258;crates/jet-codegen/src/Codegen/TIR/artifact_plan.rs:1425;crates/jet-codegen/src/Codegen/TIR/lower/call_args.rs:49;crates/jet-codegen/src/Codegen/TIR/lower/method_calls.rs:766;crates/jet-codegen/src/Codegen/TIR/lower/method_calls.rs:810;crates/jet-codegen/src/Codegen/TIR/lower/method_calls.rs:2456;crates/jet-codegen/src/Codegen/TIR/lower/method_calls.rs:6105;crates/jet-codegen/src/Codegen/TIR/lower/method_calls.rs:6170;crates/jet-codegen/src/Codegen/TIR/lower/method_calls.rs:6238;crates/jet-codegen/src/Codegen/TIR/lower/method_calls.rs:6267;crates/jet-codegen/src/Codegen/TIR/lower/method_calls.rs:6457					
core_effect_leaf	core-receiver:Clock.wait	receiver	Clock.wait	missing					authority:application-boundary,authority:canonical-holds		crates/jet-foundation/src/Syntax/core_calls.rs:469;crates/jet-foundation/src/Syntax/core_calls.rs:550	crates/jet-cli/src/Headless.rs:80;crates/jet-cli/src/Headless.rs:121;crates/jet-cli/src/Headless.rs:190;crates/jet-cli/src/Headless.rs:211;crates/jet-cli/src/Headless.rs:212;crates/jet-cli/src/Headless.rs:351;crates/jet-cli/src/Headless.rs:355;crates/jet-cli/src/Headless.rs:356;crates/jet-cli/src/Headless.rs:422;crates/jet-cli/src/Headless.rs:430;crates/jet-cli/src/Headless.rs:431;crates/jet-cli/src/Help/Interactive.rs:393;crates/jet-cli/src/Tape.rs:203;crates/jet-cli/src/Tape.rs:233;crates/jet-cli/src/Tape.rs:279;crates/jet-codegen/src/BrowserHost.rs:547;crates/jet-codegen/src/Codegen/MIREval.rs:4429;crates/jet-codegen/src/Codegen/MIREval.rs:4438	crates/jet-rt/tests/gc_collector.rs:133;crates/jet-rt/tests/gc_collector.rs:134;crates/jet-rt/tests/gc_collector.rs:140;crates/jet-rt/tests/gc_collector.rs:145;crates/jet-rt/tests/gc_collector.rs:276;crates/jet-rt/tests/gc_collector.rs:277;crates/jet-rt/tests/gc_collector.rs:286;crates/jet-rt/tests/gc_collector.rs:294;crates/jetpack-bin/tests/compiler_extension_e2e.rs:277;crates/jetpack/src/CLI/usage_tests.rs:121;crates/jetpack/src/CLI/usage_tests.rs:341;examples/features/basics/build/callbacks.rs:2926;examples/features/basics/build/callbacks.rs:2931;examples/features/basics/build/callbacks.rs:2937;examples/features/basics/build/callbacks.rs:9400;examples/features/basics/build/callbacks.rs:12331;examples/features/basics/build/callbacks.rs:14554;examples/features/basics/build/callbacks.rs:14556	crates/jet-cli/src/Headless.rs:80;crates/jet-cli/src/Headless.rs:121;crates/jet-cli/src/Headless.rs:190;crates/jet-cli/src/Headless.rs:211;crates/jet-cli/src/Headless.rs:212;crates/jet-cli/src/Headless.rs:351;crates/jet-cli/src/Headless.rs:355;crates/jet-cli/src/Headless.rs:356;crates/jet-cli/src/Headless.rs:422;crates/jet-cli/src/Headless.rs:430;crates/jet-cli/src/Headless.rs:431;crates/jet-cli/src/Help/Interactive.rs:393;crates/jet-cli/src/Tape.rs:203;crates/jet-cli/src/Tape.rs:233;crates/jet-cli/src/Tape.rs:279;crates/jet-codegen/src/BrowserHost.rs:547;crates/jet-codegen/src/Codegen/MIREval.rs:4429;crates/jet-codegen/src/Codegen/MIREval.rs:4438					
core_effect_leaf	core-receiver:DBConnection.begin	receiver	DBConnection.begin	missing					authority:application-boundary,authority:canonical-holds		crates/jet-foundation/src/Syntax/core_calls.rs:469;crates/jet-foundation/src/Syntax/core_calls.rs:550	crates/jet-cli/src/CLI.rs:3363;crates/jet-codegen/src/Codegen/Context.rs:447;crates/jet-codegen/src/Codegen/mod.rs:594;crates/jet-codegen/src/Codegen/mod.rs:596;crates/jet-codegen/src/Codegen/mod.rs:635;crates/jet-codegen/src/Codegen/mod.rs:3376;crates/jet-codegen/src/Codegen/mod.rs:3823;crates/jet-codegen/src/Codegen/mod.rs:3825;crates/jet-codegen/src/Codegen/TIR/lower/call_args.rs:456;crates/jet-codegen/src/Codegen/TIR/lower/call_args.rs:463;crates/jet-codegen/src/Codegen/TIR/lower/expressions.rs:3830;crates/jet-codegen/src/Codegen/TIR/lower/method_calls.rs:3424;crates/jet-codegen/src/Codegen/TIR/lower/method_calls.rs:3451;crates/jet-codegen/src/Codegen/TIR/mod.rs:5070;crates/jet-codegen/src/Codegen/TIR/mod.rs:10680;crates/jet-codegen/src/Codegen/TIR/subset/entry.rs:24;crates/jet-codegen/src/Codegen/TIR/subset/entry.rs:88;crates/jet-codegen/src/Codegen/TIR/subset/entry.rs:98	examples/features/basics/build/callbacks.rs:10;examples/features/basics/build/callbacks.rs:16652;examples/features/basics/build/callbacks.rs:16660;examples/features/basics/build/callbacks.rs:16664;examples/features/basics/build/callbacks.rs:23066;examples/features/basics/build/callbacks.rs:42757;examples/features/basics/build/callbacks.rs:43135;examples/features/basics/build/callbacks.rs:43138;examples/features/basics/build/callbacks.rs:43154;examples/features/basics/build/callbacks.rs:43156;examples/features/basics/build/callbacks.rs:43184;examples/features/basics/build/callbacks.rs:43186;examples/features/basics/build/callbacks.rs:45349;examples/features/basics/build/callbacks.rs:45370;examples/features/basics/build/callbacks.rs:45381;examples/features/basics/build/callbacks.rs:45404;examples/features/basics/build/callbacks.rs:45434;examples/features/basics/build/callbacks.rs:45557	crates/jet-cli/src/CLI.rs:3363;crates/jet-codegen/src/Codegen/Context.rs:447;crates/jet-codegen/src/Codegen/mod.rs:594;crates/jet-codegen/src/Codegen/mod.rs:596;crates/jet-codegen/src/Codegen/mod.rs:635;crates/jet-codegen/src/Codegen/mod.rs:3376;crates/jet-codegen/src/Codegen/mod.rs:3823;crates/jet-codegen/src/Codegen/mod.rs:3825;crates/jet-codegen/src/Codegen/TIR/lower/call_args.rs:456;crates/jet-codegen/src/Codegen/TIR/lower/call_args.rs:463;crates/jet-codegen/src/Codegen/TIR/lower/expressions.rs:3830;crates/jet-codegen/src/Codegen/TIR/lower/method_calls.rs:3424;crates/jet-codegen/src/Codegen/TIR/lower/method_calls.rs:3451;crates/jet-codegen/src/Codegen/TIR/mod.rs:5070;crates/jet-codegen/src/Codegen/TIR/mod.rs:10680;crates/jet-codegen/src/Codegen/TIR/subset/entry.rs:24;crates/jet-codegen/src/Codegen/TIR/subset/entry.rs:88;crates/jet-codegen/src/Codegen/TIR/subset/entry.rs:98					
core_effect_leaf	core-receiver:DBConnection.close	receiver	DBConnection.close	missing					authority:application-boundary,authority:canonical-holds		crates/jet-foundation/src/Syntax/core_calls.rs:469;crates/jet-foundation/src/Syntax/core_calls.rs:550	crates/jet-canvas/src/html.rs:722;crates/jet-canvas/src/html.rs:764;crates/jet-canvas/src/html.rs:789;crates/jet-canvas/src/html.rs:800;crates/jet-cli/src/CLI.rs:122;crates/jet-cli/src/CLI.rs:2503;crates/jet-codegen/src/BrowserHost.rs:410;crates/jet-codegen/src/BrowserHost.rs:423;crates/jet-codegen/src/BrowserHost.rs:494;crates/jet-codegen/src/BrowserHost.rs:544;crates/jet-codegen/src/Codegen/MIREval.rs:1951;crates/jet-codegen/src/Codegen/MIREval.rs:1958;crates/jet-codegen/src/Codegen/MIREval.rs:1966;crates/jet-codegen/src/Codegen/MIREval.rs:2015;crates/jet-codegen/src/Codegen/MIREval.rs:2017;crates/jet-codegen/src/Codegen/MIREval.rs:4223;crates/jet-codegen/src/Codegen/MIREval.rs:9312;crates/jet-codegen/src/Codegen/MIREval.rs:9319	crates/jetpack-bin/tests/compiler_extension_e2e.rs:131;crates/jetpack-bin/tests/compiler_extension_e2e.rs:182;crates/jetpack-bin/tests/compiler_extension_e2e.rs:200;crates/jetpack-bin/tests/compiler_extension_e2e.rs:216;crates/jetpack-bin/tests/compiler_extension_e2e.rs:236;crates/jetpack-bin/tests/compiler_extension_e2e.rs:282;crates/jetpack-bin/tests/compiler_extension_e2e.rs:309;crates/jetpack-bin/tests/compiler_extension_e2e.rs:330;crates/jetpack/src/Store/Tests/tests/nix_projection.rs:765;crates/jetpack/src/Store/Tests/tests/nix_projection.rs:773;examples/features/basics/build/callbacks.rs:69;examples/features/basics/build/callbacks.rs:71;examples/features/basics/build/callbacks.rs:2414;examples/features/basics/build/callbacks.rs:2415;examples/features/basics/build/callbacks.rs:2427;examples/features/basics/build/callbacks.rs:2478;examples/features/basics/build/callbacks.rs:2479;examples/features/basics/build/callbacks.rs:2484	crates/jet-canvas/src/html.rs:722;crates/jet-canvas/src/html.rs:764;crates/jet-canvas/src/html.rs:789;crates/jet-canvas/src/html.rs:800;crates/jet-cli/src/CLI.rs:122;crates/jet-cli/src/CLI.rs:2503;crates/jet-codegen/src/BrowserHost.rs:410;crates/jet-codegen/src/BrowserHost.rs:423;crates/jet-codegen/src/BrowserHost.rs:494;crates/jet-codegen/src/BrowserHost.rs:544;crates/jet-codegen/src/Codegen/MIREval.rs:1951;crates/jet-codegen/src/Codegen/MIREval.rs:1958;crates/jet-codegen/src/Codegen/MIREval.rs:1966;crates/jet-codegen/src/Codegen/MIREval.rs:2015;crates/jet-codegen/src/Codegen/MIREval.rs:2017;crates/jet-codegen/src/Codegen/MIREval.rs:4223;crates/jet-codegen/src/Codegen/MIREval.rs:9312;crates/jet-codegen/src/Codegen/MIREval.rs:9319					
core_effect_leaf	core-receiver:DBConnection.commit	receiver	DBConnection.commit	missing					authority:application-boundary,authority:canonical-holds		crates/jet-foundation/src/Syntax/core_calls.rs:469;crates/jet-foundation/src/Syntax/core_calls.rs:550	crates/jet-codegen/src/Codegen/Context.rs:447;crates/jet-codegen/src/Codegen/TIR/lower/method_calls.rs:3425;crates/jet-codegen/src/Codegen/TIR/lower/method_calls.rs:3451;crates/jet-codegen/src/Codegen/TIR/lower/method_calls.rs:3978;crates/jet-codegen/src/Codegen/TIR/lower/method_calls.rs:7051;crates/jet-codegen/src/Codegen/TIR/lower/statements.rs:3927;crates/jet-codegen/src/Codegen/TIR/lower/statements.rs:4509;crates/jet-codegen/src/Codegen/TIR/lower/statements.rs:4521;crates/jet-codegen/src/Codegen/TIR/mod.rs:5049;crates/jet-codegen/src/Codegen/TIR/mod.rs:5052;crates/jet-codegen/src/Codegen/TIR/mod.rs:5053;crates/jet-codegen/src/Codegen/TIR/mod.rs:5070;crates/jet-codegen/src/Codegen/TIR/mod.rs:5071;crates/jet-codegen/src/Codegen/TIR/mod.rs:10682;crates/jet-codegen/src/Codegen/TIR/subset/handles.rs:517;crates/jet-codegen/src/Codegen/TIR/subset/handles.rs:521;crates/jet-codegen/src/Codegen/TIR/subset/methods.rs:134;crates/jet-codegen/src/Codegen/TIR/subset/methods.rs:291	crates/jetpack-bin/tests/compiler_extension_e2e.rs:8;examples/features/basics/build/callbacks.rs:14661;examples/features/basics/build/callbacks.rs:14683;examples/features/basics/build/callbacks.rs:14703;examples/features/basics/build/callbacks.rs:14717;examples/features/basics/build/callbacks.rs:15325;examples/features/basics/build/callbacks.rs:15346;examples/features/basics/build/callbacks.rs:15354;examples/features/basics/build/callbacks.rs:16555;examples/features/basics/build/callbacks.rs:16558;examples/features/basics/build/callbacks.rs:16560;examples/features/basics/build/callbacks.rs:16562;examples/features/basics/build/callbacks.rs:16564;examples/features/basics/build/callbacks.rs:16565;examples/features/basics/build/callbacks.rs:16566;examples/features/basics/build/callbacks.rs:16588;examples/features/basics/build/callbacks.rs:16595;examples/features/basics/build/callbacks.rs:16601	crates/jet-codegen/src/Codegen/Context.rs:447;crates/jet-codegen/src/Codegen/TIR/lower/method_calls.rs:3425;crates/jet-codegen/src/Codegen/TIR/lower/method_calls.rs:3451;crates/jet-codegen/src/Codegen/TIR/lower/method_calls.rs:3978;crates/jet-codegen/src/Codegen/TIR/lower/method_calls.rs:7051;crates/jet-codegen/src/Codegen/TIR/lower/statements.rs:3927;crates/jet-codegen/src/Codegen/TIR/lower/statements.rs:4509;crates/jet-codegen/src/Codegen/TIR/lower/statements.rs:4521;crates/jet-codegen/src/Codegen/TIR/mod.rs:5049;crates/jet-codegen/src/Codegen/TIR/mod.rs:5052;crates/jet-codegen/src/Codegen/TIR/mod.rs:5053;crates/jet-codegen/src/Codegen/TIR/mod.rs:5070;crates/jet-codegen/src/Codegen/TIR/mod.rs:5071;crates/jet-codegen/src/Codegen/TIR/mod.rs:10682;crates/jet-codegen/src/Codegen/TIR/subset/handles.rs:517;crates/jet-codegen/src/Codegen/TIR/subset/handles.rs:521;crates/jet-codegen/src/Codegen/TIR/subset/methods.rs:134;crates/jet-codegen/src/Codegen/TIR/subset/methods.rs:291					
core_effect_leaf	core-receiver:DBConnection.rollback	receiver	DBConnection.rollback	missing					authority:application-boundary,authority:canonical-holds		crates/jet-foundation/src/Syntax/core_calls.rs:469;crates/jet-foundation/src/Syntax/core_calls.rs:550	crates/jet-cli/src/CLI.rs:666;crates/jet-cli/src/CLI.rs:1733;crates/jet-cli/src/CLI.rs:1736;crates/jet-cli/src/CLI.rs:1938;crates/jet-codegen/src/Codegen/Context.rs:290;crates/jet-codegen/src/Codegen/TIR/lower/env.rs:423;crates/jet-codegen/src/Codegen/TIR/lower/env.rs:502;crates/jet-codegen/src/Codegen/TIR/lower/expressions.rs:7695;crates/jet-codegen/src/Codegen/TIR/lower/expressions.rs:7865;crates/jet-codegen/src/Codegen/TIR/lower/method_calls.rs:3426;crates/jet-codegen/src/Codegen/TIR/lower/method_calls.rs:3451;crates/jet-codegen/src/Codegen/TIR/lower/method_calls.rs:4011;crates/jet-codegen/src/Codegen/TIR/lower/statements.rs:4551;crates/jet-codegen/src/Codegen/TIR/lower/statements.rs:4553;crates/jet-codegen/src/Codegen/TIR/mod.rs:5054;crates/jet-codegen/src/Codegen/TIR/mod.rs:10684;crates/jet-codegen/src/Codegen/TIR/subset/handles.rs:518;crates/jet-codegen/src/Codegen/TIR/subset/handles.rs:522	crates/jetpack/src/CLI/usage_tests.rs:32;crates/jetpack/src/CLI/usage_tests.rs:34;crates/jetpack/src/CLI/usage_tests.rs:106;crates/jetpack/src/CLI/usage_tests.rs:307;examples/features/basics/build/callbacks.rs:14661;examples/features/basics/build/callbacks.rs:14743;examples/features/basics/build/callbacks.rs:16559;examples/features/basics/build/callbacks.rs:16565;examples/features/basics/build/callbacks.rs:16566;examples/features/basics/build/callbacks.rs:16601;examples/features/basics/build/callbacks.rs:16621;examples/features/basics/build/callbacks.rs:16659;examples/features/basics/build/callbacks.rs:42757;examples/features/basics/build/callbacks.rs:43135;examples/features/basics/build/callbacks.rs:43136;examples/features/basics/build/callbacks.rs:43140;examples/features/basics/build/callbacks.rs:43164;examples/features/basics/build/callbacks.rs:43172	crates/jet-cli/src/CLI.rs:666;crates/jet-cli/src/CLI.rs:1733;crates/jet-cli/src/CLI.rs:1736;crates/jet-cli/src/CLI.rs:1938;crates/jet-codegen/src/Codegen/Context.rs:290;crates/jet-codegen/src/Codegen/TIR/lower/env.rs:423;crates/jet-codegen/src/Codegen/TIR/lower/env.rs:502;crates/jet-codegen/src/Codegen/TIR/lower/expressions.rs:7695;crates/jet-codegen/src/Codegen/TIR/lower/expressions.rs:7865;crates/jet-codegen/src/Codegen/TIR/lower/method_calls.rs:3426;crates/jet-codegen/src/Codegen/TIR/lower/method_calls.rs:3451;crates/jet-codegen/src/Codegen/TIR/lower/method_calls.rs:4011;crates/jet-codegen/src/Codegen/TIR/lower/statements.rs:4551;crates/jet-codegen/src/Codegen/TIR/lower/statements.rs:4553;crates/jet-codegen/src/Codegen/TIR/mod.rs:5054;crates/jet-codegen/src/Codegen/TIR/mod.rs:10684;crates/jet-codegen/src/Codegen/TIR/subset/handles.rs:518;crates/jet-codegen/src/Codegen/TIR/subset/handles.rs:522					
core_effect_leaf	core-receiver:DBConnection.with_policy	receiver	DBConnection.with_policy	missing					authority:application-boundary,authority:canonical-holds		crates/jet-foundation/src/Syntax/core_calls.rs:469;crates/jet-foundation/src/Syntax/core_calls.rs:550	crates/jet-codegen/src/Codegen/TIR/subset/core_calls.rs:159;crates/jet-codegen/src/Codegen/TIR/subset/handles.rs:500;crates/jet-codegen/src/Codegen/TIR/tests.rs:1985;crates/jet-codegen/src/Prelude/Core.jet:55;crates/jet-codegen/src/Prelude/Core.jet:1388;crates/jet-codegen/src/Prelude/CoreLib/JetStd/ReactiveEventWatch.rs:677;crates/jet-codegen/src/Prelude/CoreLib/JetStd/ReactiveEventWatch.rs:679;crates/jet-comptime/src/Comptime/Methods/core_calls.rs:2163;crates/jet-devserver/src/Canvas/graph_projection.rs:1324;crates/jet-devserver/src/Canvas/graph_projection.rs:1345;crates/jet-devserver/src/Canvas/preview.rs:946;crates/jet-devserver/src/Canvas/preview.rs:949;crates/jet-devserver/src/Canvas/query_actions.rs:1161;crates/jet-devserver/src/Canvas/query_actions.rs:2227;crates/jet-foundation/src/CoreModuleExports.rs:312;crates/jet-foundation/src/Devtools.rs:1273;crates/jet-foundation/src/Devtools.rs:1276;crates/jet-foundation/src/Syntax/core_calls.rs:533	examples/features/basics/build/callbacks.rs:46506;examples/features/basics/build/callbacks.rs:46508;examples/features/basics/build/compound.rs:46506;examples/features/basics/build/compound.rs:46508;examples/features/basics/build/numbers.rs:46506;examples/features/basics/build/numbers.rs:46508;examples/features/io/db_checked_sql.jet:7;examples/features/io/db_policy.jet:7;examples/features/io/db_read_footprint.jet:26;examples/features/io/db.jet:11;examples/features/lowlevel/cbind/build/run.rs:46553;examples/features/lowlevel/cbind/build/run.rs:46555;examples/features/memory/program_allocator/build/main.rs:37469;examples/features/memory/program_allocator/build/main.rs:37471;examples/features/memory/program_allocator/build/run.rs:47293;examples/features/memory/program_allocator/build/run.rs:47295;examples/features/memory/unsafe_sentries_package_off/build/run.rs:34397;examples/features/memory/unsafe_sentries_package_off/build/run.rs:34399	crates/jet-codegen/src/Codegen/TIR/subset/core_calls.rs:159;crates/jet-codegen/src/Codegen/TIR/subset/handles.rs:500;crates/jet-codegen/src/Codegen/TIR/tests.rs:1985;crates/jet-codegen/src/Prelude/CoreLib/JetStd/ReactiveEventWatch.rs:677;crates/jet-codegen/src/Prelude/CoreLib/JetStd/ReactiveEventWatch.rs:679;crates/jet-comptime/src/Comptime/Methods/core_calls.rs:2163;crates/jet-devserver/src/Canvas/graph_projection.rs:1324;crates/jet-devserver/src/Canvas/graph_projection.rs:1345;crates/jet-devserver/src/Canvas/preview.rs:946;crates/jet-devserver/src/Canvas/preview.rs:949;crates/jet-devserver/src/Canvas/query_actions.rs:1161;crates/jet-devserver/src/Canvas/query_actions.rs:2227;crates/jet-foundation/src/CoreModuleExports.rs:312;crates/jet-foundation/src/Devtools.rs:1273;crates/jet-foundation/src/Devtools.rs:1276;crates/jet-foundation/src/Syntax/core_calls.rs:533;crates/jet-foundation/src/Syntax/core_calls.rs:1188;crates/jet-jit/src/DB.rs:3495					
core_effect_leaf	core-receiver:DbPool.acquire	receiver	DbPool.acquire	missing					authority:application-boundary,authority:canonical-holds		crates/jet-foundation/src/Syntax/core_calls.rs:469;crates/jet-foundation/src/Syntax/core_calls.rs:550	crates/jet-codegen/src/Codegen/Context.rs:810;crates/jet-codegen/src/Codegen/mod.rs:2194;crates/jet-codegen/src/Codegen/TIR/lower/fields.rs:1134;crates/jet-codegen/src/Codegen/TIR/routes.rs:1022;crates/jet-codegen/src/Codegen/TIR/subset/handles.rs:501;crates/jet-codegen/src/Codegen/TIR/subset/handles.rs:502;crates/jet-codegen/src/Prelude/CoreLib/JetStd/DBPluginWire.rs:2231;crates/jet-codegen/src/Prelude/CoreLib/JetStd/ReactiveEventWatch.rs:1177;crates/jet-codegen/src/Prelude/CoreLib/Top/DbPool.rs:302;crates/jet-codegen/src/Prelude/CoreLib/Top/DbPool.rs:493;crates/jet-codegen/src/Prelude/CoreLib/Top/DbPool.rs:690;crates/jet-codegen/src/Prelude/CoreLib/Top/DbPool.rs:691;crates/jet-codegen/src/Prelude/Diagnostics.jet:199;crates/jet-codegen/src/Prelude/Diagnostics.jet:459;crates/jet-codegen/src/Prelude/PortableAlloc.rs:96;crates/jet-codegen/src/Prelude/PortableAlloc.rs:402;crates/jet-codegen/src/Prelude/PortableAlloc.rs:417;crates/jet-codegen/src/Prelude/PortableAlloc.rs:477	examples/features/basics/build/callbacks.rs:14592;examples/features/basics/build/callbacks.rs:14641;examples/features/basics/build/callbacks.rs:15332;examples/features/basics/build/callbacks.rs:15390;examples/features/basics/build/callbacks.rs:15404;examples/features/basics/build/callbacks.rs:15411;examples/features/basics/build/callbacks.rs:15440;examples/features/basics/build/callbacks.rs:47006;examples/features/basics/build/compound.rs:14592;examples/features/basics/build/compound.rs:14641;examples/features/basics/build/compound.rs:15332;examples/features/basics/build/compound.rs:15390;examples/features/basics/build/compound.rs:15404;examples/features/basics/build/compound.rs:15411;examples/features/basics/build/compound.rs:15440;examples/features/basics/build/compound.rs:47006;examples/features/basics/build/hello.rs:9921;examples/features/basics/build/hello.rs:9970	crates/jet-codegen/src/Codegen/Context.rs:810;crates/jet-codegen/src/Codegen/mod.rs:2194;crates/jet-codegen/src/Codegen/TIR/lower/fields.rs:1134;crates/jet-codegen/src/Codegen/TIR/routes.rs:1022;crates/jet-codegen/src/Codegen/TIR/subset/handles.rs:501;crates/jet-codegen/src/Codegen/TIR/subset/handles.rs:502;crates/jet-codegen/src/Prelude/CoreLib/JetStd/DBPluginWire.rs:2231;crates/jet-codegen/src/Prelude/CoreLib/JetStd/ReactiveEventWatch.rs:1177;crates/jet-codegen/src/Prelude/CoreLib/Top/DbPool.rs:302;crates/jet-codegen/src/Prelude/CoreLib/Top/DbPool.rs:493;crates/jet-codegen/src/Prelude/CoreLib/Top/DbPool.rs:690;crates/jet-codegen/src/Prelude/CoreLib/Top/DbPool.rs:691;crates/jet-codegen/src/Prelude/PortableAlloc.rs:96;crates/jet-codegen/src/Prelude/PortableAlloc.rs:402;crates/jet-codegen/src/Prelude/PortableAlloc.rs:417;crates/jet-codegen/src/Prelude/PortableAlloc.rs:477;crates/jet-codegen/src/Prelude/Scheduler.rs:1407;crates/jet-codegen/src/Prelude/SharedProtocol.rs:140					
core_effect_leaf	core-receiver:DbPool.drain	receiver	DbPool.drain	missing					authority:application-boundary,authority:canonical-holds		crates/jet-foundation/src/Syntax/core_calls.rs:469;crates/jet-foundation/src/Syntax/core_calls.rs:550	crates/jet-codegen/src/Codegen/MIREval.rs:1824;crates/jet-codegen/src/Codegen/TIR/lower/expressions.rs:5799;crates/jet-codegen/src/Codegen/TIR/lower/method_calls.rs:3517;crates/jet-codegen/src/Codegen/TIR/mod.rs:10241;crates/jet-codegen/src/Codegen/TIR/routes.rs:1025;crates/jet-codegen/src/Codegen/TIR/subset/handles.rs:504;crates/jet-codegen/src/Prelude/Core.rs:944;crates/jet-codegen/src/Prelude/Core.rs:957;crates/jet-codegen/src/Prelude/Core/DevtoolsRequestPanel.rs:1625;crates/jet-codegen/src/Prelude/Core/EmbeddedHardware.rs:1306;crates/jet-codegen/src/Prelude/Core/HumanOutput.rs:802;crates/jet-codegen/src/Prelude/Core/RuntimeControl.rs:80;crates/jet-codegen/src/Prelude/Core/Stream.rs:360;crates/jet-codegen/src/Prelude/CoreLib/JetStd/CommonTypes.rs:4362;crates/jet-codegen/src/Prelude/CoreLib/JetStd/MathTaskMem.rs:464;crates/jet-codegen/src/Prelude/CoreLib/JetStd/MathTaskMem.rs:467;crates/jet-codegen/src/Prelude/CoreLib/JetStd/MathTaskMem.rs:698;crates/jet-codegen/src/Prelude/CoreLib/JetStd/MathTaskMem.rs:702	examples/embedded/battery/run.jet:41;examples/features/basics/build/callbacks.rs:235;examples/features/basics/build/callbacks.rs:9628;examples/features/basics/build/callbacks.rs:9641;examples/features/basics/build/callbacks.rs:14732;examples/features/basics/build/callbacks.rs:15038;examples/features/basics/build/callbacks.rs:16603;examples/features/basics/build/callbacks.rs:16802;examples/features/basics/build/callbacks.rs:16811;examples/features/basics/build/callbacks.rs:16812;examples/features/basics/build/callbacks.rs:16816;examples/features/basics/build/callbacks.rs:16817;examples/features/basics/build/callbacks.rs:17249;examples/features/basics/build/callbacks.rs:20250;examples/features/basics/build/callbacks.rs:29607;examples/features/basics/build/callbacks.rs:29611;examples/features/basics/build/callbacks.rs:29615;examples/features/basics/build/callbacks.rs:29697	crates/jet-codegen/src/Codegen/MIREval.rs:1824;crates/jet-codegen/src/Codegen/TIR/lower/expressions.rs:5799;crates/jet-codegen/src/Codegen/TIR/lower/method_calls.rs:3517;crates/jet-codegen/src/Codegen/TIR/mod.rs:10241;crates/jet-codegen/src/Codegen/TIR/routes.rs:1025;crates/jet-codegen/src/Codegen/TIR/subset/handles.rs:504;crates/jet-codegen/src/Prelude/Core.rs:944;crates/jet-codegen/src/Prelude/Core.rs:957;crates/jet-codegen/src/Prelude/Core/DevtoolsRequestPanel.rs:1625;crates/jet-codegen/src/Prelude/Core/EmbeddedHardware.rs:1306;crates/jet-codegen/src/Prelude/Core/HumanOutput.rs:802;crates/jet-codegen/src/Prelude/Core/RuntimeControl.rs:80;crates/jet-codegen/src/Prelude/Core/Stream.rs:360;crates/jet-codegen/src/Prelude/CoreLib/JetStd/CommonTypes.rs:4362;crates/jet-codegen/src/Prelude/CoreLib/JetStd/MathTaskMem.rs:464;crates/jet-codegen/src/Prelude/CoreLib/JetStd/MathTaskMem.rs:467;crates/jet-codegen/src/Prelude/CoreLib/JetStd/MathTaskMem.rs:698;crates/jet-codegen/src/Prelude/CoreLib/JetStd/MathTaskMem.rs:702					
core_effect_leaf	core-receiver:DbPool.ready	receiver	DbPool.ready	missing					authority:application-boundary,authority:canonical-holds		crates/jet-foundation/src/Syntax/core_calls.rs:469;crates/jet-foundation/src/Syntax/core_calls.rs:550	crates/jet-canvas/src/html.rs:101;crates/jet-canvas/src/html.rs:118;crates/jet-canvas/src/html.rs:125;crates/jet-cli/src/Headless.rs:128;crates/jet-cli/src/Headless.rs:216;crates/jet-cli/src/Headless.rs:217;crates/jet-cli/src/Headless.rs:357;crates/jet-cli/src/Headless.rs:441;crates/jet-cli/src/Headless.rs:442;crates/jet-cli/src/Help/Interactive.rs:428;crates/jet-codegen/src/Codegen/MIREval.rs:1822;crates/jet-codegen/src/Codegen/MIREval.rs:1829;crates/jet-codegen/src/Codegen/MIREval.rs:1852;crates/jet-codegen/src/Codegen/MIREval.rs:1933;crates/jet-codegen/src/Codegen/MIREval.rs:2129;crates/jet-codegen/src/Codegen/MIREval.rs:2132;crates/jet-codegen/src/Codegen/MIREval.rs:2141;crates/jet-codegen/src/Codegen/MIREval.rs:2148	examples/canon.jet:20;examples/canon.jet:21;examples/features/basics/build/callbacks.rs:15211;examples/features/basics/build/callbacks.rs:15215;examples/features/basics/build/callbacks.rs:15220;examples/features/basics/build/callbacks.rs:15433;examples/features/basics/build/callbacks.rs:15438;examples/features/basics/build/callbacks.rs:15462;examples/features/basics/build/callbacks.rs:38640;examples/features/basics/build/callbacks.rs:45199;examples/features/basics/build/callbacks.rs:45646;examples/features/basics/build/callbacks.rs:45657;examples/features/basics/build/callbacks.rs:47797;examples/features/basics/build/callbacks.rs:47798;examples/features/basics/build/callbacks.rs:61344;examples/features/basics/build/callbacks.rs:61346;examples/features/basics/build/callbacks.rs:61360;examples/features/basics/build/callbacks.rs:61827	crates/jet-canvas/src/html.rs:101;crates/jet-canvas/src/html.rs:118;crates/jet-canvas/src/html.rs:125;crates/jet-cli/src/Headless.rs:128;crates/jet-cli/src/Headless.rs:216;crates/jet-cli/src/Headless.rs:217;crates/jet-cli/src/Headless.rs:357;crates/jet-cli/src/Headless.rs:441;crates/jet-cli/src/Headless.rs:442;crates/jet-cli/src/Help/Interactive.rs:428;crates/jet-codegen/src/Codegen/MIREval.rs:1822;crates/jet-codegen/src/Codegen/MIREval.rs:1829;crates/jet-codegen/src/Codegen/MIREval.rs:1852;crates/jet-codegen/src/Codegen/MIREval.rs:1933;crates/jet-codegen/src/Codegen/MIREval.rs:2129;crates/jet-codegen/src/Codegen/MIREval.rs:2132;crates/jet-codegen/src/Codegen/MIREval.rs:2141;crates/jet-codegen/src/Codegen/MIREval.rs:2148					
core_effect_leaf	core-receiver:DBScope.begin	receiver	DBScope.begin	missing					authority:application-boundary,authority:canonical-holds		crates/jet-foundation/src/Syntax/core_calls.rs:469;crates/jet-foundation/src/Syntax/core_calls.rs:550	crates/jet-cli/src/CLI.rs:3363;crates/jet-codegen/src/Codegen/Context.rs:447;crates/jet-codegen/src/Codegen/mod.rs:594;crates/jet-codegen/src/Codegen/mod.rs:596;crates/jet-codegen/src/Codegen/mod.rs:635;crates/jet-codegen/src/Codegen/mod.rs:3376;crates/jet-codegen/src/Codegen/mod.rs:3823;crates/jet-codegen/src/Codegen/mod.rs:3825;crates/jet-codegen/src/Codegen/TIR/lower/call_args.rs:456;crates/jet-codegen/src/Codegen/TIR/lower/call_args.rs:463;crates/jet-codegen/src/Codegen/TIR/lower/expressions.rs:3830;crates/jet-codegen/src/Codegen/TIR/lower/method_calls.rs:3424;crates/jet-codegen/src/Codegen/TIR/lower/method_calls.rs:3451;crates/jet-codegen/src/Codegen/TIR/mod.rs:5070;crates/jet-codegen/src/Codegen/TIR/mod.rs:10680;crates/jet-codegen/src/Codegen/TIR/subset/entry.rs:24;crates/jet-codegen/src/Codegen/TIR/subset/entry.rs:88;crates/jet-codegen/src/Codegen/TIR/subset/entry.rs:98	examples/features/basics/build/callbacks.rs:10;examples/features/basics/build/callbacks.rs:16652;examples/features/basics/build/callbacks.rs:16660;examples/features/basics/build/callbacks.rs:16664;examples/features/basics/build/callbacks.rs:23066;examples/features/basics/build/callbacks.rs:42757;examples/features/basics/build/callbacks.rs:43135;examples/features/basics/build/callbacks.rs:43138;examples/features/basics/build/callbacks.rs:43154;examples/features/basics/build/callbacks.rs:43156;examples/features/basics/build/callbacks.rs:43184;examples/features/basics/build/callbacks.rs:43186;examples/features/basics/build/callbacks.rs:45349;examples/features/basics/build/callbacks.rs:45370;examples/features/basics/build/callbacks.rs:45381;examples/features/basics/build/callbacks.rs:45404;examples/features/basics/build/callbacks.rs:45434;examples/features/basics/build/callbacks.rs:45557	crates/jet-cli/src/CLI.rs:3363;crates/jet-codegen/src/Codegen/Context.rs:447;crates/jet-codegen/src/Codegen/mod.rs:594;crates/jet-codegen/src/Codegen/mod.rs:596;crates/jet-codegen/src/Codegen/mod.rs:635;crates/jet-codegen/src/Codegen/mod.rs:3376;crates/jet-codegen/src/Codegen/mod.rs:3823;crates/jet-codegen/src/Codegen/mod.rs:3825;crates/jet-codegen/src/Codegen/TIR/lower/call_args.rs:456;crates/jet-codegen/src/Codegen/TIR/lower/call_args.rs:463;crates/jet-codegen/src/Codegen/TIR/lower/expressions.rs:3830;crates/jet-codegen/src/Codegen/TIR/lower/method_calls.rs:3424;crates/jet-codegen/src/Codegen/TIR/lower/method_calls.rs:3451;crates/jet-codegen/src/Codegen/TIR/mod.rs:5070;crates/jet-codegen/src/Codegen/TIR/mod.rs:10680;crates/jet-codegen/src/Codegen/TIR/subset/entry.rs:24;crates/jet-codegen/src/Codegen/TIR/subset/entry.rs:88;crates/jet-codegen/src/Codegen/TIR/subset/entry.rs:98					
core_effect_leaf	core-receiver:DBScope.close	receiver	DBScope.close	missing					authority:application-boundary,authority:canonical-holds		crates/jet-foundation/src/Syntax/core_calls.rs:469;crates/jet-foundation/src/Syntax/core_calls.rs:550	crates/jet-canvas/src/html.rs:722;crates/jet-canvas/src/html.rs:764;crates/jet-canvas/src/html.rs:789;crates/jet-canvas/src/html.rs:800;crates/jet-cli/src/CLI.rs:122;crates/jet-cli/src/CLI.rs:2503;crates/jet-codegen/src/BrowserHost.rs:410;crates/jet-codegen/src/BrowserHost.rs:423;crates/jet-codegen/src/BrowserHost.rs:494;crates/jet-codegen/src/BrowserHost.rs:544;crates/jet-codegen/src/Codegen/MIREval.rs:1951;crates/jet-codegen/src/Codegen/MIREval.rs:1958;crates/jet-codegen/src/Codegen/MIREval.rs:1966;crates/jet-codegen/src/Codegen/MIREval.rs:2015;crates/jet-codegen/src/Codegen/MIREval.rs:2017;crates/jet-codegen/src/Codegen/MIREval.rs:4223;crates/jet-codegen/src/Codegen/MIREval.rs:9312;crates/jet-codegen/src/Codegen/MIREval.rs:9319	crates/jetpack-bin/tests/compiler_extension_e2e.rs:131;crates/jetpack-bin/tests/compiler_extension_e2e.rs:182;crates/jetpack-bin/tests/compiler_extension_e2e.rs:200;crates/jetpack-bin/tests/compiler_extension_e2e.rs:216;crates/jetpack-bin/tests/compiler_extension_e2e.rs:236;crates/jetpack-bin/tests/compiler_extension_e2e.rs:282;crates/jetpack-bin/tests/compiler_extension_e2e.rs:309;crates/jetpack-bin/tests/compiler_extension_e2e.rs:330;crates/jetpack/src/Store/Tests/tests/nix_projection.rs:765;crates/jetpack/src/Store/Tests/tests/nix_projection.rs:773;examples/features/basics/build/callbacks.rs:69;examples/features/basics/build/callbacks.rs:71;examples/features/basics/build/callbacks.rs:2414;examples/features/basics/build/callbacks.rs:2415;examples/features/basics/build/callbacks.rs:2427;examples/features/basics/build/callbacks.rs:2478;examples/features/basics/build/callbacks.rs:2479;examples/features/basics/build/callbacks.rs:2484	crates/jet-canvas/src/html.rs:722;crates/jet-canvas/src/html.rs:764;crates/jet-canvas/src/html.rs:789;crates/jet-canvas/src/html.rs:800;crates/jet-cli/src/CLI.rs:122;crates/jet-cli/src/CLI.rs:2503;crates/jet-codegen/src/BrowserHost.rs:410;crates/jet-codegen/src/BrowserHost.rs:423;crates/jet-codegen/src/BrowserHost.rs:494;crates/jet-codegen/src/BrowserHost.rs:544;crates/jet-codegen/src/Codegen/MIREval.rs:1951;crates/jet-codegen/src/Codegen/MIREval.rs:1958;crates/jet-codegen/src/Codegen/MIREval.rs:1966;crates/jet-codegen/src/Codegen/MIREval.rs:2015;crates/jet-codegen/src/Codegen/MIREval.rs:2017;crates/jet-codegen/src/Codegen/MIREval.rs:4223;crates/jet-codegen/src/Codegen/MIREval.rs:9312;crates/jet-codegen/src/Codegen/MIREval.rs:9319					
core_effect_leaf	core-receiver:DBScope.commit	receiver	DBScope.commit	missing					authority:application-boundary,authority:canonical-holds		crates/jet-foundation/src/Syntax/core_calls.rs:469;crates/jet-foundation/src/Syntax/core_calls.rs:550	crates/jet-codegen/src/Codegen/Context.rs:447;crates/jet-codegen/src/Codegen/TIR/lower/method_calls.rs:3425;crates/jet-codegen/src/Codegen/TIR/lower/method_calls.rs:3451;crates/jet-codegen/src/Codegen/TIR/lower/method_calls.rs:3978;crates/jet-codegen/src/Codegen/TIR/lower/method_calls.rs:7051;crates/jet-codegen/src/Codegen/TIR/lower/statements.rs:3927;crates/jet-codegen/src/Codegen/TIR/lower/statements.rs:4509;crates/jet-codegen/src/Codegen/TIR/lower/statements.rs:4521;crates/jet-codegen/src/Codegen/TIR/mod.rs:5049;crates/jet-codegen/src/Codegen/TIR/mod.rs:5052;crates/jet-codegen/src/Codegen/TIR/mod.rs:5053;crates/jet-codegen/src/Codegen/TIR/mod.rs:5070;crates/jet-codegen/src/Codegen/TIR/mod.rs:5071;crates/jet-codegen/src/Codegen/TIR/mod.rs:10682;crates/jet-codegen/src/Codegen/TIR/subset/handles.rs:517;crates/jet-codegen/src/Codegen/TIR/subset/handles.rs:521;crates/jet-codegen/src/Codegen/TIR/subset/methods.rs:134;crates/jet-codegen/src/Codegen/TIR/subset/methods.rs:291	crates/jetpack-bin/tests/compiler_extension_e2e.rs:8;examples/features/basics/build/callbacks.rs:14661;examples/features/basics/build/callbacks.rs:14683;examples/features/basics/build/callbacks.rs:14703;examples/features/basics/build/callbacks.rs:14717;examples/features/basics/build/callbacks.rs:15325;examples/features/basics/build/callbacks.rs:15346;examples/features/basics/build/callbacks.rs:15354;examples/features/basics/build/callbacks.rs:16555;examples/features/basics/build/callbacks.rs:16558;examples/features/basics/build/callbacks.rs:16560;examples/features/basics/build/callbacks.rs:16562;examples/features/basics/build/callbacks.rs:16564;examples/features/basics/build/callbacks.rs:16565;examples/features/basics/build/callbacks.rs:16566;examples/features/basics/build/callbacks.rs:16588;examples/features/basics/build/callbacks.rs:16595;examples/features/basics/build/callbacks.rs:16601	crates/jet-codegen/src/Codegen/Context.rs:447;crates/jet-codegen/src/Codegen/TIR/lower/method_calls.rs:3425;crates/jet-codegen/src/Codegen/TIR/lower/method_calls.rs:3451;crates/jet-codegen/src/Codegen/TIR/lower/method_calls.rs:3978;crates/jet-codegen/src/Codegen/TIR/lower/method_calls.rs:7051;crates/jet-codegen/src/Codegen/TIR/lower/statements.rs:3927;crates/jet-codegen/src/Codegen/TIR/lower/statements.rs:4509;crates/jet-codegen/src/Codegen/TIR/lower/statements.rs:4521;crates/jet-codegen/src/Codegen/TIR/mod.rs:5049;crates/jet-codegen/src/Codegen/TIR/mod.rs:5052;crates/jet-codegen/src/Codegen/TIR/mod.rs:5053;crates/jet-codegen/src/Codegen/TIR/mod.rs:5070;crates/jet-codegen/src/Codegen/TIR/mod.rs:5071;crates/jet-codegen/src/Codegen/TIR/mod.rs:10682;crates/jet-codegen/src/Codegen/TIR/subset/handles.rs:517;crates/jet-codegen/src/Codegen/TIR/subset/handles.rs:521;crates/jet-codegen/src/Codegen/TIR/subset/methods.rs:134;crates/jet-codegen/src/Codegen/TIR/subset/methods.rs:291					
core_effect_leaf	core-receiver:DBScope.execute	receiver	DBScope.execute	missing					authority:application-boundary,authority:canonical-holds		crates/jet-foundation/src/Syntax/core_calls.rs:469;crates/jet-foundation/src/Syntax/core_calls.rs:550	crates/jet-cli/src/CommandHarness.rs:343;crates/jet-cli/src/CommandHarness.rs:351;crates/jet-cli/src/CommandHarness.rs:358;crates/jet-cli/src/CommandHarness.rs:386;crates/jet-codegen/src/Codegen/mod.rs:3020;crates/jet-codegen/src/Codegen/TIR/lower/expressions.rs:944;crates/jet-codegen/src/Codegen/TIR/lower/lambdas.rs:418;crates/jet-codegen/src/Codegen/TIR/lower/method_calls.rs:3182;crates/jet-codegen/src/Codegen/TIR/lower/method_calls.rs:3422;crates/jet-codegen/src/Codegen/TIR/lower/method_calls.rs:3443;crates/jet-codegen/src/Codegen/TIR/lower/statements.rs:2676;crates/jet-codegen/src/Codegen/TIR/lower/statements.rs:4157;crates/jet-codegen/src/Codegen/TIR/mod.rs:248;crates/jet-codegen/src/Codegen/TIR/mod.rs:3052;crates/jet-codegen/src/Codegen/TIR/mod.rs:4981;crates/jet-codegen/src/Codegen/TIR/mod.rs:10672;crates/jet-codegen/src/Codegen/TIR/routes.rs:1040;crates/jet-codegen/src/Codegen/TIR/subset/handles.rs:514	crates/jet-comptime/tests/tls_tier2.rs:40;examples/features/basics/build/callbacks.rs:42048;examples/features/basics/build/callbacks.rs:42244;examples/features/basics/build/callbacks.rs:43076;examples/features/basics/build/callbacks.rs:43093;examples/features/basics/build/callbacks.rs:43141;examples/features/basics/build/callbacks.rs:43161;examples/features/basics/build/callbacks.rs:43194;examples/features/basics/build/callbacks.rs:43231;examples/features/basics/build/callbacks.rs:43246;examples/features/basics/build/callbacks.rs:50130;examples/features/basics/build/compound.rs:42048;examples/features/basics/build/compound.rs:42244;examples/features/basics/build/compound.rs:43076;examples/features/basics/build/compound.rs:43093;examples/features/basics/build/compound.rs:43141;examples/features/basics/build/compound.rs:43161;examples/features/basics/build/compound.rs:43194	crates/jet-cli/src/CommandHarness.rs:343;crates/jet-cli/src/CommandHarness.rs:351;crates/jet-cli/src/CommandHarness.rs:358;crates/jet-cli/src/CommandHarness.rs:386;crates/jet-codegen/src/Codegen/mod.rs:3020;crates/jet-codegen/src/Codegen/TIR/lower/expressions.rs:944;crates/jet-codegen/src/Codegen/TIR/lower/lambdas.rs:418;crates/jet-codegen/src/Codegen/TIR/lower/method_calls.rs:3182;crates/jet-codegen/src/Codegen/TIR/lower/method_calls.rs:3422;crates/jet-codegen/src/Codegen/TIR/lower/method_calls.rs:3443;crates/jet-codegen/src/Codegen/TIR/lower/statements.rs:2676;crates/jet-codegen/src/Codegen/TIR/lower/statements.rs:4157;crates/jet-codegen/src/Codegen/TIR/mod.rs:248;crates/jet-codegen/src/Codegen/TIR/mod.rs:3052;crates/jet-codegen/src/Codegen/TIR/mod.rs:4981;crates/jet-codegen/src/Codegen/TIR/mod.rs:10672;crates/jet-codegen/src/Codegen/TIR/routes.rs:1040;crates/jet-codegen/src/Codegen/TIR/subset/handles.rs:514					
core_effect_leaf	core-receiver:DBScope.live	receiver	DBScope.live	missing					authority:application-boundary,authority:canonical-holds		crates/jet-foundation/src/Syntax/core_calls.rs:469;crates/jet-foundation/src/Syntax/core_calls.rs:550	crates/jet-canvas/src/html.rs:581;crates/jet-canvas/src/html.rs:622;crates/jet-canvas/src/html.rs:644;crates/jet-canvas/src/html.rs:667;crates/jet-canvas/src/html.rs:684;crates/jet-canvas/src/html.rs:697;crates/jet-canvas/src/html.rs:703;crates/jet-canvas/src/html.rs:728;crates/jet-canvas/src/html.rs:731;crates/jet-canvas/src/html.rs:749;crates/jet-canvas/src/html.rs:753;crates/jet-canvas/src/html.rs:761;crates/jet-canvas/src/html.rs:774;crates/jet-canvas/src/html.rs:781;crates/jet-canvas/src/html.rs:787;crates/jet-cli/src/CLI.rs:9;crates/jet-cli/src/CLI.rs:312;crates/jet-cli/src/CLI.rs:313	crates/jetpack-bin/tests/compiler_extension_e2e.rs:13;crates/jetpack-bin/tests/compiler_extension_e2e.rs:212;crates/jetpack-bin/tests/compiler_extension_e2e.rs:242;crates/jetpack/src/CLI/usage_tests.rs:93;crates/jetpack/src/Store/Tests/tests/late.rs:993;crates/jetpack/src/Store/Tests/tests/late.rs:999;crates/jetpack/src/Store/Tests/tests/late.rs:1084;crates/jetpack/src/Store/Tests/tests/late.rs:1090;examples/canon.jet:10;examples/canon.jet:15;examples/features/basics/build/callbacks.rs:2253;examples/features/basics/build/callbacks.rs:2642;examples/features/basics/build/callbacks.rs:2702;examples/features/basics/build/callbacks.rs:3888;examples/features/basics/build/callbacks.rs:3960;examples/features/basics/build/callbacks.rs:4107;examples/features/basics/build/callbacks.rs:7959;examples/features/basics/build/callbacks.rs:9001	crates/jet-canvas/src/html.rs:581;crates/jet-canvas/src/html.rs:622;crates/jet-canvas/src/html.rs:644;crates/jet-canvas/src/html.rs:667;crates/jet-canvas/src/html.rs:684;crates/jet-canvas/src/html.rs:697;crates/jet-canvas/src/html.rs:703;crates/jet-canvas/src/html.rs:728;crates/jet-canvas/src/html.rs:731;crates/jet-canvas/src/html.rs:749;crates/jet-canvas/src/html.rs:753;crates/jet-canvas/src/html.rs:761;crates/jet-canvas/src/html.rs:774;crates/jet-canvas/src/html.rs:781;crates/jet-canvas/src/html.rs:787;crates/jet-cli/src/CLI.rs:9;crates/jet-cli/src/CLI.rs:312;crates/jet-cli/src/CLI.rs:313					
core_effect_leaf	core-receiver:DBScope.query	receiver	DBScope.query	missing					authority:application-boundary,authority:canonical-holds		crates/jet-foundation/src/Syntax/core_calls.rs:469;crates/jet-foundation/src/Syntax/core_calls.rs:550	crates/jet-canvas/src/html.rs:18;crates/jet-canvas/src/js.rs:8;crates/jet-cli/src/CLI.rs:572;crates/jet-cli/src/CLI.rs:682;crates/jet-cli/src/CLI.rs:1051;crates/jet-cli/src/CLI.rs:1419;crates/jet-cli/src/CLI.rs:1428;crates/jet-cli/src/CLI.rs:1951;crates/jet-cli/src/DynamicCompletions.rs:1;crates/jet-cli/src/DynamicCompletions.rs:18;crates/jet-cli/src/DynamicCompletions.rs:22;crates/jet-cli/src/DynamicCompletions.rs:134;crates/jet-cli/src/DynamicCompletions.rs:212;crates/jet-cli/src/DynamicCompletions.rs:309;crates/jet-cli/src/DynamicCompletions.rs:562;crates/jet-cli/src/DynamicCompletions.rs:574;crates/jet-cli/src/DynamicCompletions.rs:603;crates/jet-cli/src/DynamicCompletions.rs:637	crates/jetpack/src/CLI/usage_tests.rs:86;examples/features/basics/build/callbacks.rs:34127;examples/features/basics/build/callbacks.rs:37188;examples/features/basics/build/callbacks.rs:37190;examples/features/basics/build/callbacks.rs:37226;examples/features/basics/build/callbacks.rs:37238;examples/features/basics/build/callbacks.rs:37261;examples/features/basics/build/callbacks.rs:37281;examples/features/basics/build/callbacks.rs:37300;examples/features/basics/build/callbacks.rs:37377;examples/features/basics/build/callbacks.rs:37378;examples/features/basics/build/callbacks.rs:37381;examples/features/basics/build/callbacks.rs:37421;examples/features/basics/build/callbacks.rs:37423;examples/features/basics/build/callbacks.rs:37462;examples/features/basics/build/callbacks.rs:37463;examples/features/basics/build/callbacks.rs:37468;examples/features/basics/build/callbacks.rs:37508	crates/jet-canvas/src/html.rs:18;crates/jet-canvas/src/js.rs:8;crates/jet-cli/src/CLI.rs:572;crates/jet-cli/src/CLI.rs:682;crates/jet-cli/src/CLI.rs:1051;crates/jet-cli/src/CLI.rs:1419;crates/jet-cli/src/CLI.rs:1428;crates/jet-cli/src/CLI.rs:1951;crates/jet-cli/src/DynamicCompletions.rs:1;crates/jet-cli/src/DynamicCompletions.rs:18;crates/jet-cli/src/DynamicCompletions.rs:22;crates/jet-cli/src/DynamicCompletions.rs:134;crates/jet-cli/src/DynamicCompletions.rs:212;crates/jet-cli/src/DynamicCompletions.rs:309;crates/jet-cli/src/DynamicCompletions.rs:562;crates/jet-cli/src/DynamicCompletions.rs:574;crates/jet-cli/src/DynamicCompletions.rs:603;crates/jet-cli/src/DynamicCompletions.rs:637					
core_effect_leaf	core-receiver:DBScope.query_one	receiver	DBScope.query_one	missing					authority:application-boundary,authority:canonical-holds		crates/jet-foundation/src/Syntax/core_calls.rs:469;crates/jet-foundation/src/Syntax/core_calls.rs:550	crates/jet-codegen/src/Codegen/TIR/lower/method_calls.rs:696;crates/jet-codegen/src/Codegen/TIR/lower/method_calls.rs:3421;crates/jet-codegen/src/Codegen/TIR/lower/method_calls.rs:3443;crates/jet-codegen/src/Codegen/TIR/mod.rs:10667;crates/jet-codegen/src/Codegen/TIR/routes.rs:1034;crates/jet-codegen/src/Codegen/TIR/subset/handles.rs:513;crates/jet-codegen/src/Codegen/TIR/subset/methods.rs:131;crates/jet-codegen/src/Prelude/CoreLib/JetStd/DBPluginWire.rs:130;crates/jet-codegen/src/Prelude/CoreLib/JetStd/DBPluginWire.rs:1533;crates/jet-foundation/src/Syntax/core_calls.rs:537;crates/jet-foundation/src/Traits.rs:2700;crates/jet-jit/src/DB.rs:3502;crates/jet-sema/src/Sema/CheckerCoreLib/alloc_ptrs.rs:117;crates/jet-sema/src/Sema/CheckerCoreLib/db_methods.rs:106;crates/jet-sema/src/Sema/CheckerCoreLib/db_methods.rs:107;crates/jet-sema/src/Sema/CheckerCoreLib/db_returns.rs:35;crates/jet-sema/src/Sema/CheckerCoreLib/fixed_sigs.rs:4667;crates/jet-sema/src/Sema/CheckerCoreLib/module_items.rs:1166	examples/features/basics/build/callbacks.rs:42244;examples/features/basics/build/callbacks.rs:43066;examples/features/basics/build/compound.rs:42244;examples/features/basics/build/compound.rs:43066;examples/features/basics/build/numbers.rs:42244;examples/features/basics/build/numbers.rs:43066;examples/features/io/db_checked_sql.jet:15;examples/features/io/db_checked_sql.jet:16;examples/features/io/db_read_footprint.jet:2;examples/features/io/db_read_footprint.jet:15;examples/features/io/db.jet:5;examples/features/io/db.jet:26;examples/features/io/db.jet:37;examples/features/lowlevel/cbind/build/run.rs:42259;examples/features/lowlevel/cbind/build/run.rs:43112;examples/features/memory/program_allocator/build/main.rs:33630;examples/features/memory/program_allocator/build/main.rs:34456;examples/features/memory/program_allocator/build/run.rs:42999	crates/jet-codegen/src/Codegen/TIR/lower/method_calls.rs:696;crates/jet-codegen/src/Codegen/TIR/lower/method_calls.rs:3421;crates/jet-codegen/src/Codegen/TIR/lower/method_calls.rs:3443;crates/jet-codegen/src/Codegen/TIR/mod.rs:10667;crates/jet-codegen/src/Codegen/TIR/routes.rs:1034;crates/jet-codegen/src/Codegen/TIR/subset/handles.rs:513;crates/jet-codegen/src/Codegen/TIR/subset/methods.rs:131;crates/jet-codegen/src/Prelude/CoreLib/JetStd/DBPluginWire.rs:130;crates/jet-codegen/src/Prelude/CoreLib/JetStd/DBPluginWire.rs:1533;crates/jet-foundation/src/Syntax/core_calls.rs:537;crates/jet-foundation/src/Traits.rs:2700;crates/jet-jit/src/DB.rs:3502;crates/jet-sema/src/Sema/CheckerCoreLib/alloc_ptrs.rs:117;crates/jet-sema/src/Sema/CheckerCoreLib/db_methods.rs:106;crates/jet-sema/src/Sema/CheckerCoreLib/db_methods.rs:107;crates/jet-sema/src/Sema/CheckerCoreLib/db_returns.rs:35;crates/jet-sema/src/Sema/CheckerCoreLib/fixed_sigs.rs:4667;crates/jet-sema/src/Sema/CheckerCoreLib/module_items.rs:1166					
core_effect_leaf	core-receiver:DBScope.rollback	receiver	DBScope.rollback	missing					authority:application-boundary,authority:canonical-holds		crates/jet-foundation/src/Syntax/core_calls.rs:469;crates/jet-foundation/src/Syntax/core_calls.rs:550	crates/jet-cli/src/CLI.rs:666;crates/jet-cli/src/CLI.rs:1733;crates/jet-cli/src/CLI.rs:1736;crates/jet-cli/src/CLI.rs:1938;crates/jet-codegen/src/Codegen/Context.rs:290;crates/jet-codegen/src/Codegen/TIR/lower/env.rs:423;crates/jet-codegen/src/Codegen/TIR/lower/env.rs:502;crates/jet-codegen/src/Codegen/TIR/lower/expressions.rs:7695;crates/jet-codegen/src/Codegen/TIR/lower/expressions.rs:7865;crates/jet-codegen/src/Codegen/TIR/lower/method_calls.rs:3426;crates/jet-codegen/src/Codegen/TIR/lower/method_calls.rs:3451;crates/jet-codegen/src/Codegen/TIR/lower/method_calls.rs:4011;crates/jet-codegen/src/Codegen/TIR/lower/statements.rs:4551;crates/jet-codegen/src/Codegen/TIR/lower/statements.rs:4553;crates/jet-codegen/src/Codegen/TIR/mod.rs:5054;crates/jet-codegen/src/Codegen/TIR/mod.rs:10684;crates/jet-codegen/src/Codegen/TIR/subset/handles.rs:518;crates/jet-codegen/src/Codegen/TIR/subset/handles.rs:522	crates/jetpack/src/CLI/usage_tests.rs:32;crates/jetpack/src/CLI/usage_tests.rs:34;crates/jetpack/src/CLI/usage_tests.rs:106;crates/jetpack/src/CLI/usage_tests.rs:307;examples/features/basics/build/callbacks.rs:14661;examples/features/basics/build/callbacks.rs:14743;examples/features/basics/build/callbacks.rs:16559;examples/features/basics/build/callbacks.rs:16565;examples/features/basics/build/callbacks.rs:16566;examples/features/basics/build/callbacks.rs:16601;examples/features/basics/build/callbacks.rs:16621;examples/features/basics/build/callbacks.rs:16659;examples/features/basics/build/callbacks.rs:42757;examples/features/basics/build/callbacks.rs:43135;examples/features/basics/build/callbacks.rs:43136;examples/features/basics/build/callbacks.rs:43140;examples/features/basics/build/callbacks.rs:43164;examples/features/basics/build/callbacks.rs:43172	crates/jet-cli/src/CLI.rs:666;crates/jet-cli/src/CLI.rs:1733;crates/jet-cli/src/CLI.rs:1736;crates/jet-cli/src/CLI.rs:1938;crates/jet-codegen/src/Codegen/Context.rs:290;crates/jet-codegen/src/Codegen/TIR/lower/env.rs:423;crates/jet-codegen/src/Codegen/TIR/lower/env.rs:502;crates/jet-codegen/src/Codegen/TIR/lower/expressions.rs:7695;crates/jet-codegen/src/Codegen/TIR/lower/expressions.rs:7865;crates/jet-codegen/src/Codegen/TIR/lower/method_calls.rs:3426;crates/jet-codegen/src/Codegen/TIR/lower/method_calls.rs:3451;crates/jet-codegen/src/Codegen/TIR/lower/method_calls.rs:4011;crates/jet-codegen/src/Codegen/TIR/lower/statements.rs:4551;crates/jet-codegen/src/Codegen/TIR/lower/statements.rs:4553;crates/jet-codegen/src/Codegen/TIR/mod.rs:5054;crates/jet-codegen/src/Codegen/TIR/mod.rs:10684;crates/jet-codegen/src/Codegen/TIR/subset/handles.rs:518;crates/jet-codegen/src/Codegen/TIR/subset/handles.rs:522					
core_effect_leaf	core-receiver:FileReader.lines	receiver	FileReader.lines	missing					authority:application-boundary,authority:canonical-holds		crates/jet-foundation/src/Syntax/core_calls.rs:469;crates/jet-foundation/src/Syntax/core_calls.rs:550	crates/jet-canvas/src/html.rs:282;crates/jet-cli/src/AdaptiveTable.rs:400;crates/jet-cli/src/AdaptiveTable.rs:407;crates/jet-cli/src/AdaptiveTable.rs:413;crates/jet-cli/src/AdaptiveTable.rs:416;crates/jet-cli/src/AdaptiveTable.rs:423;crates/jet-cli/src/AdaptiveTable.rs:430;crates/jet-cli/src/AdaptiveTable.rs:502;crates/jet-cli/src/AdaptiveTable.rs:523;crates/jet-cli/src/AdaptiveTable.rs:527;crates/jet-cli/src/AdaptiveTable.rs:528;crates/jet-cli/src/AdaptiveTable.rs:538;crates/jet-cli/src/AdaptiveTable.rs:542;crates/jet-cli/src/AdaptiveTable.rs:550;crates/jet-cli/src/AdaptiveTable.rs:559;crates/jet-cli/src/AdaptiveTable.rs:561;crates/jet-cli/src/AdaptiveTable.rs:580;crates/jet-cli/src/AdaptiveTable.rs:584	crates/jetpack/src/CLI/usage_tests.rs:449;crates/jetpack/src/CLI/usage_tests.rs:464;crates/jetpack/src/CLI/usage_tests.rs:469;crates/jetpack/src/Store/Tests/tests/nix_projection.rs:216;crates/jetpack/src/Store/Tests/tests/nix_projection.rs:755;examples/features/basics/build/callbacks.rs:1674;examples/features/basics/build/callbacks.rs:1675;examples/features/basics/build/callbacks.rs:1677;examples/features/basics/build/callbacks.rs:1680;examples/features/basics/build/callbacks.rs:2068;examples/features/basics/build/callbacks.rs:2115;examples/features/basics/build/callbacks.rs:11087;examples/features/basics/build/callbacks.rs:12165;examples/features/basics/build/callbacks.rs:12166;examples/features/basics/build/callbacks.rs:19280;examples/features/basics/build/callbacks.rs:22323;examples/features/basics/build/callbacks.rs:32896;examples/features/basics/build/callbacks.rs:38503	crates/jet-canvas/src/html.rs:282;crates/jet-cli/src/AdaptiveTable.rs:400;crates/jet-cli/src/AdaptiveTable.rs:407;crates/jet-cli/src/AdaptiveTable.rs:413;crates/jet-cli/src/AdaptiveTable.rs:416;crates/jet-cli/src/AdaptiveTable.rs:423;crates/jet-cli/src/AdaptiveTable.rs:430;crates/jet-cli/src/AdaptiveTable.rs:502;crates/jet-cli/src/AdaptiveTable.rs:523;crates/jet-cli/src/AdaptiveTable.rs:527;crates/jet-cli/src/AdaptiveTable.rs:528;crates/jet-cli/src/AdaptiveTable.rs:538;crates/jet-cli/src/AdaptiveTable.rs:542;crates/jet-cli/src/AdaptiveTable.rs:550;crates/jet-cli/src/AdaptiveTable.rs:559;crates/jet-cli/src/AdaptiveTable.rs:561;crates/jet-cli/src/AdaptiveTable.rs:580;crates/jet-cli/src/AdaptiveTable.rs:584					
core_effect_leaf	core-receiver:FileReader.read_line	receiver	FileReader.read_line	missing					authority:application-boundary,authority:canonical-holds		crates/jet-foundation/src/Syntax/core_calls.rs:469;crates/jet-foundation/src/Syntax/core_calls.rs:550	crates/jet-codegen/src/Codegen/TIR/mod.rs:10167;crates/jet-codegen/src/Codegen/TIR/mod.rs:10212;crates/jet-codegen/src/Codegen/TIR/routes.rs:664;crates/jet-codegen/src/Codegen/TIR/routes.rs:729;crates/jet-codegen/src/Codegen/TIR/subset/handles.rs:194;crates/jet-codegen/src/Codegen/TIR/subset/handles.rs:227;crates/jet-codegen/src/Codegen/TIR/subset/methods.rs:1721;crates/jet-codegen/src/Codegen/TIR/tests.rs:1650;crates/jet-codegen/src/Prelude/CoreLib/Top/FileStream.rs:78;crates/jet-codegen/src/Prelude/CoreLib/Top/FSIoEnvOsTesting.rs:287;crates/jet-codegen/src/Prelude/CoreLib/Top/Process.rs:2991;crates/jet-codegen/src/Prelude/DevServer.rs:1142;crates/jet-codegen/src/Prelude/Term.rs:288;crates/jet-comptime/src/Comptime/Interpreter.rs:139;crates/jet-debug/src/Dap.rs:4525;crates/jet-debug/src/lib.rs:755;crates/jet-debug/src/Native.rs:1144;crates/jet-devserver/src/lib.rs:214	examples/features/basics/build/callbacks.rs:15745;examples/features/basics/build/compound.rs:15745;examples/features/basics/build/hello.rs:11074;examples/features/basics/build/numbers.rs:15745;examples/features/lowlevel/cbind/build/run.rs:15752;examples/features/memory/program_allocator/build/main.rs:11275;examples/features/memory/program_allocator/build/run.rs:16328;examples/features/memory/unsafe_sentries_package_off/build/run.rs:10432;examples/features/packages/outputs_nested/build/main.rs:15745;examples/features/tooling/build_entry_discovery/build/run.rs:10675;examples/features/tooling/build/output_callable.rs:11074;examples/features/tooling/run_default/build/run.rs:10759;examples/features/tooling/test_package_modules/build/run.rs:10759;examples/performance/receipts/hello/build/run.rs:10679;examples/performance/receipts/http_ready/build/run.rs:10679;examples/performance/receipts/http_ready/build/run.rs:53647;examples/performance/receipts/http_ready/build/run.rs:54902;examples/performance/receipts/http_ready/build/run.rs:55962	crates/jet-codegen/src/Codegen/TIR/mod.rs:10167;crates/jet-codegen/src/Codegen/TIR/mod.rs:10212;crates/jet-codegen/src/Codegen/TIR/routes.rs:664;crates/jet-codegen/src/Codegen/TIR/routes.rs:729;crates/jet-codegen/src/Codegen/TIR/subset/handles.rs:194;crates/jet-codegen/src/Codegen/TIR/subset/handles.rs:227;crates/jet-codegen/src/Codegen/TIR/subset/methods.rs:1721;crates/jet-codegen/src/Codegen/TIR/tests.rs:1650;crates/jet-codegen/src/Prelude/CoreLib/Top/FileStream.rs:78;crates/jet-codegen/src/Prelude/CoreLib/Top/FSIoEnvOsTesting.rs:287;crates/jet-codegen/src/Prelude/CoreLib/Top/Process.rs:2991;crates/jet-codegen/src/Prelude/DevServer.rs:1142;crates/jet-codegen/src/Prelude/Term.rs:288;crates/jet-comptime/src/Comptime/Interpreter.rs:139;crates/jet-debug/src/Dap.rs:4525;crates/jet-debug/src/lib.rs:755;crates/jet-debug/src/Native.rs:1144;crates/jet-devserver/src/lib.rs:214					
core_effect_leaf	core-receiver:FileScope.read	receiver	FileScope.read	missing					authority:application-boundary,authority:canonical-holds		crates/jet-foundation/src/Syntax/core_calls.rs:469;crates/jet-foundation/src/Syntax/core_calls.rs:550	crates/jet-canvas/src/html.rs:729;crates/jet-cli/src/AdaptiveTable.rs:254;crates/jet-cli/src/CLI.rs:241;crates/jet-cli/src/CLI.rs:727;crates/jet-cli/src/CLI.rs:796;crates/jet-cli/src/CLI.rs:1836;crates/jet-cli/src/CLI.rs:1847;crates/jet-cli/src/CLI.rs:2066;crates/jet-cli/src/DynamicCompletions.rs:465;crates/jet-cli/src/DynamicCompletions.rs:1426;crates/jet-cli/src/DynamicCompletions.rs:1430;crates/jet-cli/src/Explain.rs:253;crates/jet-cli/src/Explain.rs:305;crates/jet-cli/src/Explain.rs:319;crates/jet-cli/src/Help/mod.rs:167;crates/jet-cli/src/Help/mod.rs:563;crates/jet-cli/src/Help/Render.rs:578;crates/jet-cli/src/OutputProfile.rs:52	crates/jet-rt/tests/gc_collector.rs:98;crates/jet-rt/tests/gc_collector.rs:132;crates/jet-rt/tests/gc_collector.rs:232;crates/jet-rt/tests/gc_collector.rs:278;crates/jetpack/src/CLI/usage_tests.rs:81;crates/jetpack/src/CLI/usage_tests.rs:84;crates/jetpack/src/CLI/usage_tests.rs:151;crates/jetpack/src/Store/Tests/tests/late.rs:767;crates/jetpack/src/Store/Tests/tests/nix_projection.rs:752;examples/canon.jet:98;examples/canon.jet:124;examples/features/basics/branches.jet:3;examples/features/basics/build/callbacks.rs:2033;examples/features/basics/build/callbacks.rs:2925;examples/features/basics/build/callbacks.rs:3908;examples/features/basics/build/callbacks.rs:3947;examples/features/basics/build/callbacks.rs:3951;examples/features/basics/build/callbacks.rs:3957	crates/jet-canvas/src/html.rs:729;crates/jet-cli/src/AdaptiveTable.rs:254;crates/jet-cli/src/CLI.rs:241;crates/jet-cli/src/CLI.rs:727;crates/jet-cli/src/CLI.rs:796;crates/jet-cli/src/CLI.rs:1836;crates/jet-cli/src/CLI.rs:1847;crates/jet-cli/src/CLI.rs:2066;crates/jet-cli/src/DynamicCompletions.rs:465;crates/jet-cli/src/DynamicCompletions.rs:1426;crates/jet-cli/src/DynamicCompletions.rs:1430;crates/jet-cli/src/Explain.rs:253;crates/jet-cli/src/Explain.rs:305;crates/jet-cli/src/Explain.rs:319;crates/jet-cli/src/Help/mod.rs:167;crates/jet-cli/src/Help/mod.rs:563;crates/jet-cli/src/Help/Render.rs:578;crates/jet-cli/src/OutputProfile.rs:52					
core_effect_leaf	core-receiver:FileWriter.flush	receiver	FileWriter.flush	missing					authority:application-boundary,authority:canonical-holds		crates/jet-foundation/src/Syntax/core_calls.rs:469;crates/jet-foundation/src/Syntax/core_calls.rs:550	crates/jet-cli/src/Help/Interactive.rs:690;crates/jet-cli/src/Help/Interactive.rs:698;crates/jet-cli/src/Help/Interactive.rs:722;crates/jet-cli/src/Help/Interactive.rs:828;crates/jet-codegen/src/Codegen/MIREval.rs:5381;crates/jet-codegen/src/Codegen/MIREval.rs:5382;crates/jet-codegen/src/Codegen/Plugin.rs:1370;crates/jet-codegen/src/Codegen/TIR/lower/builtins.rs:418;crates/jet-codegen/src/Codegen/TIR/lower/builtins.rs:451;crates/jet-codegen/src/Codegen/TIR/mod.rs:10045;crates/jet-codegen/src/Codegen/TIR/mod.rs:10181;crates/jet-codegen/src/Codegen/TIR/routes.rs:671;crates/jet-codegen/src/Codegen/TIR/routes.rs:674;crates/jet-codegen/src/Codegen/TIR/routes.rs:678;crates/jet-codegen/src/Codegen/TIR/routes.rs:720;crates/jet-codegen/src/Codegen/TIR/routes.rs:723;crates/jet-codegen/src/Codegen/TIR/routes.rs:727;crates/jet-codegen/src/Codegen/TIR/routes.rs:733	examples/features/basics/build/callbacks.rs:9489;examples/features/basics/build/callbacks.rs:9490;examples/features/basics/build/callbacks.rs:9911;examples/features/basics/build/callbacks.rs:12200;examples/features/basics/build/callbacks.rs:15599;examples/features/basics/build/callbacks.rs:15600;examples/features/basics/build/callbacks.rs:15603;examples/features/basics/build/callbacks.rs:15609;examples/features/basics/build/callbacks.rs:15610;examples/features/basics/build/callbacks.rs:15615;examples/features/basics/build/callbacks.rs:15616;examples/features/basics/build/callbacks.rs:15619;examples/features/basics/build/callbacks.rs:15625;examples/features/basics/build/callbacks.rs:15626;examples/features/basics/build/callbacks.rs:15639;examples/features/basics/build/callbacks.rs:15641;examples/features/basics/build/callbacks.rs:15644;examples/features/basics/build/callbacks.rs:15646	crates/jet-cli/src/Help/Interactive.rs:690;crates/jet-cli/src/Help/Interactive.rs:698;crates/jet-cli/src/Help/Interactive.rs:722;crates/jet-cli/src/Help/Interactive.rs:828;crates/jet-codegen/src/Codegen/MIREval.rs:5381;crates/jet-codegen/src/Codegen/MIREval.rs:5382;crates/jet-codegen/src/Codegen/Plugin.rs:1370;crates/jet-codegen/src/Codegen/TIR/lower/builtins.rs:418;crates/jet-codegen/src/Codegen/TIR/lower/builtins.rs:451;crates/jet-codegen/src/Codegen/TIR/mod.rs:10045;crates/jet-codegen/src/Codegen/TIR/mod.rs:10181;crates/jet-codegen/src/Codegen/TIR/routes.rs:671;crates/jet-codegen/src/Codegen/TIR/routes.rs:674;crates/jet-codegen/src/Codegen/TIR/routes.rs:678;crates/jet-codegen/src/Codegen/TIR/routes.rs:720;crates/jet-codegen/src/Codegen/TIR/routes.rs:723;crates/jet-codegen/src/Codegen/TIR/routes.rs:727;crates/jet-codegen/src/Codegen/TIR/routes.rs:733					
core_effect_leaf	core-receiver:FileWriter.write_line	receiver	FileWriter.write_line	missing					authority:application-boundary,authority:canonical-holds		crates/jet-foundation/src/Syntax/core_calls.rs:469;crates/jet-foundation/src/Syntax/core_calls.rs:550	crates/jet-codegen/src/Codegen/TIR/mod.rs:10179;crates/jet-codegen/src/Codegen/TIR/routes.rs:670;crates/jet-codegen/src/Codegen/TIR/routes.rs:731;crates/jet-codegen/src/Codegen/TIR/routes.rs:736;crates/jet-codegen/src/Codegen/TIR/subset/handles.rs:200;crates/jet-codegen/src/Codegen/TIR/subset/handles.rs:229;crates/jet-codegen/src/Codegen/TIR/subset/handles.rs:234;crates/jet-codegen/src/Codegen/TIR/subset/methods.rs:1721;crates/jet-codegen/src/Codegen/TIR/tests.rs:1651;crates/jet-codegen/src/Codegen/TIR/tests.rs:1691;crates/jet-foundation/src/Syntax/core_calls.rs:478;crates/jet-foundation/src/Syntax/core_calls.rs:480;crates/jet-sema/src/Sema/CheckerCoreLib/core_types.rs:3405;crates/jet-sema/src/Sema/CheckerCoreLib/core_types.rs:3419;crates/jet-sema/src/Sema/CheckerCoreLib/core_types.rs:3420;crates/jet-sema/src/Sema/CheckerCoreLib/core_types.rs:3447	examples/features/foundations/storage/log.jet:48;examples/features/io/stream.jet:18;examples/features/io/terminal_parity.jet:30;examples/features/io/terminal_parity.jet:39;tests/conformance/corpus/core/files/create.jet:9;tests/conformance/corpus/core/files/glob.jet:9;tests/conformance/corpus/core/files/open.jet:9;tests/conformance/corpus/core/files/rename.jet:10;tests/conformance/corpus/core/files/walk_files.jet:9;tests/conformance/corpus/core/files/walk_parallel.jet:9;tests/conformance/corpus/core/files/walk.jet:9;tests/corelib_parts/net.rs:1349;tests/tir_core_and_closures.rs:1016;tests/tir_core_and_closures.rs:1033;tests/ui/e2501_bad_handle_method.jet:6	crates/jet-codegen/src/Codegen/TIR/mod.rs:10179;crates/jet-codegen/src/Codegen/TIR/routes.rs:670;crates/jet-codegen/src/Codegen/TIR/routes.rs:731;crates/jet-codegen/src/Codegen/TIR/routes.rs:736;crates/jet-codegen/src/Codegen/TIR/subset/handles.rs:200;crates/jet-codegen/src/Codegen/TIR/subset/handles.rs:229;crates/jet-codegen/src/Codegen/TIR/subset/handles.rs:234;crates/jet-codegen/src/Codegen/TIR/subset/methods.rs:1721;crates/jet-codegen/src/Codegen/TIR/tests.rs:1651;crates/jet-codegen/src/Codegen/TIR/tests.rs:1691;crates/jet-foundation/src/Syntax/core_calls.rs:478;crates/jet-foundation/src/Syntax/core_calls.rs:480;crates/jet-sema/src/Sema/CheckerCoreLib/core_types.rs:3405;crates/jet-sema/src/Sema/CheckerCoreLib/core_types.rs:3419;crates/jet-sema/src/Sema/CheckerCoreLib/core_types.rs:3420;crates/jet-sema/src/Sema/CheckerCoreLib/core_types.rs:3447					
core_effect_leaf	core-receiver:HTTPClient.send	receiver	HTTPClient.send	missing					authority:application-boundary,authority:canonical-holds		crates/jet-foundation/src/Syntax/core_calls.rs:469;crates/jet-foundation/src/Syntax/core_calls.rs:550	crates/jet-cli/src/Headless.rs:119;crates/jet-cli/src/Headless.rs:187;crates/jet-cli/src/Headless.rs:191;crates/jet-cli/src/Headless.rs:196;crates/jet-cli/src/Headless.rs:200;crates/jet-cli/src/Headless.rs:413;crates/jet-codegen/src/BrowserHost.rs:588;crates/jet-codegen/src/Codegen/TIR/artifact_plan.rs:258;crates/jet-codegen/src/Codegen/TIR/artifact_plan.rs:1425;crates/jet-codegen/src/Codegen/TIR/lower/call_args.rs:49;crates/jet-codegen/src/Codegen/TIR/lower/method_calls.rs:766;crates/jet-codegen/src/Codegen/TIR/lower/method_calls.rs:810;crates/jet-codegen/src/Codegen/TIR/lower/method_calls.rs:2456;crates/jet-codegen/src/Codegen/TIR/lower/method_calls.rs:6105;crates/jet-codegen/src/Codegen/TIR/lower/method_calls.rs:6170;crates/jet-codegen/src/Codegen/TIR/lower/method_calls.rs:6238;crates/jet-codegen/src/Codegen/TIR/lower/method_calls.rs:6267;crates/jet-codegen/src/Codegen/TIR/lower/method_calls.rs:6457	examples/features/basics/build/callbacks.rs:15345;examples/features/basics/build/callbacks.rs:15448;examples/features/basics/build/callbacks.rs:15456;examples/features/basics/build/callbacks.rs:15464;examples/features/basics/build/callbacks.rs:45243;examples/features/basics/build/callbacks.rs:45254;examples/features/basics/build/callbacks.rs:45267;examples/features/basics/build/callbacks.rs:45325;examples/features/basics/build/callbacks.rs:45326;examples/features/basics/build/callbacks.rs:45329;examples/features/basics/build/callbacks.rs:59801;examples/features/basics/build/callbacks.rs:60671;examples/features/basics/build/callbacks.rs:61471;examples/features/basics/build/callbacks.rs:61523;examples/features/basics/build/callbacks.rs:61641;examples/features/basics/build/callbacks.rs:62157;examples/features/basics/build/callbacks.rs:62160;examples/features/basics/build/callbacks.rs:62165	crates/jet-cli/src/Headless.rs:119;crates/jet-cli/src/Headless.rs:187;crates/jet-cli/src/Headless.rs:191;crates/jet-cli/src/Headless.rs:196;crates/jet-cli/src/Headless.rs:200;crates/jet-cli/src/Headless.rs:413;crates/jet-codegen/src/BrowserHost.rs:588;crates/jet-codegen/src/Codegen/TIR/artifact_plan.rs:258;crates/jet-codegen/src/Codegen/TIR/artifact_plan.rs:1425;crates/jet-codegen/src/Codegen/TIR/lower/call_args.rs:49;crates/jet-codegen/src/Codegen/TIR/lower/method_calls.rs:766;crates/jet-codegen/src/Codegen/TIR/lower/method_calls.rs:810;crates/jet-codegen/src/Codegen/TIR/lower/method_calls.rs:2456;crates/jet-codegen/src/Codegen/TIR/lower/method_calls.rs:6105;crates/jet-codegen/src/Codegen/TIR/lower/method_calls.rs:6170;crates/jet-codegen/src/Codegen/TIR/lower/method_calls.rs:6238;crates/jet-codegen/src/Codegen/TIR/lower/method_calls.rs:6267;crates/jet-codegen/src/Codegen/TIR/lower/method_calls.rs:6457					
core_effect_leaf	core-receiver:HTTPRequest.send	receiver	HTTPRequest.send	missing					authority:application-boundary,authority:canonical-holds		crates/jet-foundation/src/Syntax/core_calls.rs:469;crates/jet-foundation/src/Syntax/core_calls.rs:550	crates/jet-cli/src/Headless.rs:119;crates/jet-cli/src/Headless.rs:187;crates/jet-cli/src/Headless.rs:191;crates/jet-cli/src/Headless.rs:196;crates/jet-cli/src/Headless.rs:200;crates/jet-cli/src/Headless.rs:413;crates/jet-codegen/src/BrowserHost.rs:588;crates/jet-codegen/src/Codegen/TIR/artifact_plan.rs:258;crates/jet-codegen/src/Codegen/TIR/artifact_plan.rs:1425;crates/jet-codegen/src/Codegen/TIR/lower/call_args.rs:49;crates/jet-codegen/src/Codegen/TIR/lower/method_calls.rs:766;crates/jet-codegen/src/Codegen/TIR/lower/method_calls.rs:810;crates/jet-codegen/src/Codegen/TIR/lower/method_calls.rs:2456;crates/jet-codegen/src/Codegen/TIR/lower/method_calls.rs:6105;crates/jet-codegen/src/Codegen/TIR/lower/method_calls.rs:6170;crates/jet-codegen/src/Codegen/TIR/lower/method_calls.rs:6238;crates/jet-codegen/src/Codegen/TIR/lower/method_calls.rs:6267;crates/jet-codegen/src/Codegen/TIR/lower/method_calls.rs:6457	examples/features/basics/build/callbacks.rs:15345;examples/features/basics/build/callbacks.rs:15448;examples/features/basics/build/callbacks.rs:15456;examples/features/basics/build/callbacks.rs:15464;examples/features/basics/build/callbacks.rs:45243;examples/features/basics/build/callbacks.rs:45254;examples/features/basics/build/callbacks.rs:45267;examples/features/basics/build/callbacks.rs:45325;examples/features/basics/build/callbacks.rs:45326;examples/features/basics/build/callbacks.rs:45329;examples/features/basics/build/callbacks.rs:59801;examples/features/basics/build/callbacks.rs:60671;examples/features/basics/build/callbacks.rs:61471;examples/features/basics/build/callbacks.rs:61523;examples/features/basics/build/callbacks.rs:61641;examples/features/basics/build/callbacks.rs:62157;examples/features/basics/build/callbacks.rs:62160;examples/features/basics/build/callbacks.rs:62165	crates/jet-cli/src/Headless.rs:119;crates/jet-cli/src/Headless.rs:187;crates/jet-cli/src/Headless.rs:191;crates/jet-cli/src/Headless.rs:196;crates/jet-cli/src/Headless.rs:200;crates/jet-cli/src/Headless.rs:413;crates/jet-codegen/src/BrowserHost.rs:588;crates/jet-codegen/src/Codegen/TIR/artifact_plan.rs:258;crates/jet-codegen/src/Codegen/TIR/artifact_plan.rs:1425;crates/jet-codegen/src/Codegen/TIR/lower/call_args.rs:49;crates/jet-codegen/src/Codegen/TIR/lower/method_calls.rs:766;crates/jet-codegen/src/Codegen/TIR/lower/method_calls.rs:810;crates/jet-codegen/src/Codegen/TIR/lower/method_calls.rs:2456;crates/jet-codegen/src/Codegen/TIR/lower/method_calls.rs:6105;crates/jet-codegen/src/Codegen/TIR/lower/method_calls.rs:6170;crates/jet-codegen/src/Codegen/TIR/lower/method_calls.rs:6238;crates/jet-codegen/src/Codegen/TIR/lower/method_calls.rs:6267;crates/jet-codegen/src/Codegen/TIR/lower/method_calls.rs:6457					
core_effect_leaf	core-receiver:JobQueue.wait	receiver	JobQueue.wait	missing					authority:application-boundary,authority:canonical-holds		crates/jet-foundation/src/Syntax/core_calls.rs:469;crates/jet-foundation/src/Syntax/core_calls.rs:550	crates/jet-cli/src/Headless.rs:80;crates/jet-cli/src/Headless.rs:121;crates/jet-cli/src/Headless.rs:190;crates/jet-cli/src/Headless.rs:211;crates/jet-cli/src/Headless.rs:212;crates/jet-cli/src/Headless.rs:351;crates/jet-cli/src/Headless.rs:355;crates/jet-cli/src/Headless.rs:356;crates/jet-cli/src/Headless.rs:422;crates/jet-cli/src/Headless.rs:430;crates/jet-cli/src/Headless.rs:431;crates/jet-cli/src/Help/Interactive.rs:393;crates/jet-cli/src/Tape.rs:203;crates/jet-cli/src/Tape.rs:233;crates/jet-cli/src/Tape.rs:279;crates/jet-codegen/src/BrowserHost.rs:547;crates/jet-codegen/src/Codegen/MIREval.rs:4429;crates/jet-codegen/src/Codegen/MIREval.rs:4438	crates/jet-rt/tests/gc_collector.rs:133;crates/jet-rt/tests/gc_collector.rs:134;crates/jet-rt/tests/gc_collector.rs:140;crates/jet-rt/tests/gc_collector.rs:145;crates/jet-rt/tests/gc_collector.rs:276;crates/jet-rt/tests/gc_collector.rs:277;crates/jet-rt/tests/gc_collector.rs:286;crates/jet-rt/tests/gc_collector.rs:294;crates/jetpack-bin/tests/compiler_extension_e2e.rs:277;crates/jetpack/src/CLI/usage_tests.rs:121;crates/jetpack/src/CLI/usage_tests.rs:341;examples/features/basics/build/callbacks.rs:2926;examples/features/basics/build/callbacks.rs:2931;examples/features/basics/build/callbacks.rs:2937;examples/features/basics/build/callbacks.rs:9400;examples/features/basics/build/callbacks.rs:12331;examples/features/basics/build/callbacks.rs:14554;examples/features/basics/build/callbacks.rs:14556	crates/jet-cli/src/Headless.rs:80;crates/jet-cli/src/Headless.rs:121;crates/jet-cli/src/Headless.rs:190;crates/jet-cli/src/Headless.rs:211;crates/jet-cli/src/Headless.rs:212;crates/jet-cli/src/Headless.rs:351;crates/jet-cli/src/Headless.rs:355;crates/jet-cli/src/Headless.rs:356;crates/jet-cli/src/Headless.rs:422;crates/jet-cli/src/Headless.rs:430;crates/jet-cli/src/Headless.rs:431;crates/jet-cli/src/Help/Interactive.rs:393;crates/jet-cli/src/Tape.rs:203;crates/jet-cli/src/Tape.rs:233;crates/jet-cli/src/Tape.rs:279;crates/jet-codegen/src/BrowserHost.rs:547;crates/jet-codegen/src/Codegen/MIREval.rs:4429;crates/jet-codegen/src/Codegen/MIREval.rs:4438					
core_effect_leaf	core-receiver:JobQueueWorker.poll	receiver	JobQueueWorker.poll	missing					authority:application-boundary,authority:canonical-holds		crates/jet-foundation/src/Syntax/core_calls.rs:469;crates/jet-foundation/src/Syntax/core_calls.rs:550	crates/jet-codegen/src/Codegen/mod.rs:3807;crates/jet-codegen/src/Codegen/mod.rs:3814;crates/jet-codegen/src/Codegen/TIR/lower/method_calls.rs:5654;crates/jet-codegen/src/Codegen/TIR/subset/builtin_methods.rs:229;crates/jet-codegen/src/Prelude/Core.jet:97;crates/jet-codegen/src/Prelude/Core.jet:98;crates/jet-codegen/src/Prelude/Core.jet:839;crates/jet-codegen/src/Prelude/Core.jet:840;crates/jet-codegen/src/Prelude/CoreLib/Email.rs:840;crates/jet-codegen/src/Prelude/CoreLib/Email.rs:841;crates/jet-codegen/src/Prelude/CoreLib/JetStd/CommonTypes.rs:14;crates/jet-codegen/src/Prelude/CoreLib/JetStd/MathTaskMem.rs:662;crates/jet-codegen/src/Prelude/CoreLib/JetStd/MathTaskMem.rs:669;crates/jet-codegen/src/Prelude/CoreLib/JetStd/ReactiveEventWatch.rs:1991;crates/jet-codegen/src/Prelude/CoreLib/JetStd/ReactiveEventWatch.rs:2083;crates/jet-codegen/src/Prelude/CoreLib/JetStd/ReactiveEventWatch.rs:2145;crates/jet-codegen/src/Prelude/CoreLib/JetStd/ReactiveEventWatch.rs:2148;crates/jet-codegen/src/Prelude/CoreLib/JetStd/ReactiveEventWatch.rs:2153	examples/features/basics/build/callbacks.rs:45038;examples/features/basics/build/callbacks.rs:45045;examples/features/basics/build/callbacks.rs:47749;examples/features/basics/build/callbacks.rs:47821;examples/features/basics/build/callbacks.rs:47866;examples/features/basics/build/callbacks.rs:47869;examples/features/basics/build/callbacks.rs:47874;examples/features/basics/build/callbacks.rs:65245;examples/features/basics/build/callbacks.rs:66260;examples/features/basics/build/callbacks.rs:66635;examples/features/basics/build/callbacks.rs:66661;examples/features/basics/build/callbacks.rs:67410;examples/features/basics/build/callbacks.rs:67670;examples/features/basics/build/compound.rs:45038;examples/features/basics/build/compound.rs:45045;examples/features/basics/build/compound.rs:47749;examples/features/basics/build/compound.rs:47821;examples/features/basics/build/compound.rs:47866	crates/jet-codegen/src/Codegen/mod.rs:3807;crates/jet-codegen/src/Codegen/mod.rs:3814;crates/jet-codegen/src/Codegen/TIR/lower/method_calls.rs:5654;crates/jet-codegen/src/Codegen/TIR/subset/builtin_methods.rs:229;crates/jet-codegen/src/Prelude/CoreLib/Email.rs:840;crates/jet-codegen/src/Prelude/CoreLib/Email.rs:841;crates/jet-codegen/src/Prelude/CoreLib/JetStd/CommonTypes.rs:14;crates/jet-codegen/src/Prelude/CoreLib/JetStd/MathTaskMem.rs:662;crates/jet-codegen/src/Prelude/CoreLib/JetStd/MathTaskMem.rs:669;crates/jet-codegen/src/Prelude/CoreLib/JetStd/ReactiveEventWatch.rs:1991;crates/jet-codegen/src/Prelude/CoreLib/JetStd/ReactiveEventWatch.rs:2083;crates/jet-codegen/src/Prelude/CoreLib/JetStd/ReactiveEventWatch.rs:2145;crates/jet-codegen/src/Prelude/CoreLib/JetStd/ReactiveEventWatch.rs:2148;crates/jet-codegen/src/Prelude/CoreLib/JetStd/ReactiveEventWatch.rs:2153;crates/jet-codegen/src/Prelude/CoreLib/Top/HTTPServer.rs:1866;crates/jet-codegen/src/Prelude/CoreLib/Top/Process.rs:1995;crates/jet-codegen/src/Prelude/CoreLib/Top/ServiceAuthority.rs:3497;crates/jet-codegen/src/Prelude/DevServer.rs:5					
core_effect_leaf	core-receiver:ProcessChild.wait	receiver	ProcessChild.wait	missing					authority:application-boundary,authority:canonical-holds	sandbox:substitute-or-refuse	crates/jet-foundation/src/Syntax/core_calls.rs:469;crates/jet-foundation/src/Syntax/core_calls.rs:550	crates/jet-cli/src/Headless.rs:80;crates/jet-cli/src/Headless.rs:121;crates/jet-cli/src/Headless.rs:190;crates/jet-cli/src/Headless.rs:211;crates/jet-cli/src/Headless.rs:212;crates/jet-cli/src/Headless.rs:351;crates/jet-cli/src/Headless.rs:355;crates/jet-cli/src/Headless.rs:356;crates/jet-cli/src/Headless.rs:422;crates/jet-cli/src/Headless.rs:430;crates/jet-cli/src/Headless.rs:431;crates/jet-cli/src/Help/Interactive.rs:393;crates/jet-cli/src/Tape.rs:203;crates/jet-cli/src/Tape.rs:233;crates/jet-cli/src/Tape.rs:279;crates/jet-codegen/src/BrowserHost.rs:547;crates/jet-codegen/src/Codegen/MIREval.rs:4429;crates/jet-codegen/src/Codegen/MIREval.rs:4438	crates/jet-rt/tests/gc_collector.rs:133;crates/jet-rt/tests/gc_collector.rs:134;crates/jet-rt/tests/gc_collector.rs:140;crates/jet-rt/tests/gc_collector.rs:145;crates/jet-rt/tests/gc_collector.rs:276;crates/jet-rt/tests/gc_collector.rs:277;crates/jet-rt/tests/gc_collector.rs:286;crates/jet-rt/tests/gc_collector.rs:294;crates/jetpack-bin/tests/compiler_extension_e2e.rs:277;crates/jetpack/src/CLI/usage_tests.rs:121;crates/jetpack/src/CLI/usage_tests.rs:341;examples/features/basics/build/callbacks.rs:2926;examples/features/basics/build/callbacks.rs:2931;examples/features/basics/build/callbacks.rs:2937;examples/features/basics/build/callbacks.rs:9400;examples/features/basics/build/callbacks.rs:12331;examples/features/basics/build/callbacks.rs:14554;examples/features/basics/build/callbacks.rs:14556	crates/jet-cli/src/Headless.rs:80;crates/jet-cli/src/Headless.rs:121;crates/jet-cli/src/Headless.rs:190;crates/jet-cli/src/Headless.rs:211;crates/jet-cli/src/Headless.rs:212;crates/jet-cli/src/Headless.rs:351;crates/jet-cli/src/Headless.rs:355;crates/jet-cli/src/Headless.rs:356;crates/jet-cli/src/Headless.rs:422;crates/jet-cli/src/Headless.rs:430;crates/jet-cli/src/Headless.rs:431;crates/jet-cli/src/Help/Interactive.rs:393;crates/jet-cli/src/Tape.rs:203;crates/jet-cli/src/Tape.rs:233;crates/jet-cli/src/Tape.rs:279;crates/jet-codegen/src/BrowserHost.rs:547;crates/jet-codegen/src/Codegen/MIREval.rs:4429;crates/jet-codegen/src/Codegen/MIREval.rs:4438					
core_effect_leaf	core-receiver:ProcessStderrStream.lines	receiver	ProcessStderrStream.lines	missing					authority:application-boundary,authority:canonical-holds	sandbox:substitute-or-refuse	crates/jet-foundation/src/Syntax/core_calls.rs:469;crates/jet-foundation/src/Syntax/core_calls.rs:550	crates/jet-canvas/src/html.rs:282;crates/jet-cli/src/AdaptiveTable.rs:400;crates/jet-cli/src/AdaptiveTable.rs:407;crates/jet-cli/src/AdaptiveTable.rs:413;crates/jet-cli/src/AdaptiveTable.rs:416;crates/jet-cli/src/AdaptiveTable.rs:423;crates/jet-cli/src/AdaptiveTable.rs:430;crates/jet-cli/src/AdaptiveTable.rs:502;crates/jet-cli/src/AdaptiveTable.rs:523;crates/jet-cli/src/AdaptiveTable.rs:527;crates/jet-cli/src/AdaptiveTable.rs:528;crates/jet-cli/src/AdaptiveTable.rs:538;crates/jet-cli/src/AdaptiveTable.rs:542;crates/jet-cli/src/AdaptiveTable.rs:550;crates/jet-cli/src/AdaptiveTable.rs:559;crates/jet-cli/src/AdaptiveTable.rs:561;crates/jet-cli/src/AdaptiveTable.rs:580;crates/jet-cli/src/AdaptiveTable.rs:584	crates/jetpack/src/CLI/usage_tests.rs:449;crates/jetpack/src/CLI/usage_tests.rs:464;crates/jetpack/src/CLI/usage_tests.rs:469;crates/jetpack/src/Store/Tests/tests/nix_projection.rs:216;crates/jetpack/src/Store/Tests/tests/nix_projection.rs:755;examples/features/basics/build/callbacks.rs:1674;examples/features/basics/build/callbacks.rs:1675;examples/features/basics/build/callbacks.rs:1677;examples/features/basics/build/callbacks.rs:1680;examples/features/basics/build/callbacks.rs:2068;examples/features/basics/build/callbacks.rs:2115;examples/features/basics/build/callbacks.rs:11087;examples/features/basics/build/callbacks.rs:12165;examples/features/basics/build/callbacks.rs:12166;examples/features/basics/build/callbacks.rs:19280;examples/features/basics/build/callbacks.rs:22323;examples/features/basics/build/callbacks.rs:32896;examples/features/basics/build/callbacks.rs:38503	crates/jet-canvas/src/html.rs:282;crates/jet-cli/src/AdaptiveTable.rs:400;crates/jet-cli/src/AdaptiveTable.rs:407;crates/jet-cli/src/AdaptiveTable.rs:413;crates/jet-cli/src/AdaptiveTable.rs:416;crates/jet-cli/src/AdaptiveTable.rs:423;crates/jet-cli/src/AdaptiveTable.rs:430;crates/jet-cli/src/AdaptiveTable.rs:502;crates/jet-cli/src/AdaptiveTable.rs:523;crates/jet-cli/src/AdaptiveTable.rs:527;crates/jet-cli/src/AdaptiveTable.rs:528;crates/jet-cli/src/AdaptiveTable.rs:538;crates/jet-cli/src/AdaptiveTable.rs:542;crates/jet-cli/src/AdaptiveTable.rs:550;crates/jet-cli/src/AdaptiveTable.rs:559;crates/jet-cli/src/AdaptiveTable.rs:561;crates/jet-cli/src/AdaptiveTable.rs:580;crates/jet-cli/src/AdaptiveTable.rs:584					
core_effect_leaf	core-receiver:ProcessStdin.write	receiver	ProcessStdin.write	missing					authority:application-boundary,authority:canonical-holds	sandbox:substitute-or-refuse	crates/jet-foundation/src/Syntax/core_calls.rs:469;crates/jet-foundation/src/Syntax/core_calls.rs:550	crates/jet-cli/src/CLI.rs:75;crates/jet-cli/src/CLI.rs:76;crates/jet-cli/src/CLI.rs:77;crates/jet-cli/src/CLI.rs:78;crates/jet-cli/src/CLI.rs:79;crates/jet-cli/src/CLI.rs:97;crates/jet-cli/src/CLI.rs:727;crates/jet-cli/src/CLI.rs:859;crates/jet-cli/src/CLI.rs:866;crates/jet-cli/src/CLI.rs:873;crates/jet-cli/src/CLI.rs:1869;crates/jet-cli/src/CommandHarness.rs:404;crates/jet-cli/src/CommandHarness.rs:406;crates/jet-cli/src/DynamicCompletions.rs:544;crates/jet-cli/src/DynamicCompletions.rs:545;crates/jet-cli/src/DynamicCompletions.rs:547;crates/jet-cli/src/DynamicCompletions.rs:550;crates/jet-cli/src/DynamicCompletions.rs:552	crates/jet-sema/tests/generic_module_body.rs:492;crates/jet-sema/tests/generic_module_body.rs:497;crates/jet-sema/tests/generic_module_body.rs:517;crates/jet-sema/tests/generic_module_body.rs:522;crates/jet-sema/tests/generic_module_body.rs:527;crates/jet-sema/tests/generic_module_body.rs:528;crates/jet-sema/tests/generic_module_body.rs:534;crates/jet-sema/tests/generic_module_body.rs:543;crates/jetpack-bin/tests/build_plugin_e2e.rs:145;crates/jetpack-bin/tests/build_plugin_e2e.rs:152;crates/jetpack-bin/tests/build_plugin_e2e.rs:198;crates/jetpack-bin/tests/build_plugin_e2e.rs:204;crates/jetpack-bin/tests/build_plugin_e2e.rs:228;crates/jetpack-bin/tests/build_plugin_e2e.rs:234;crates/jetpack-bin/tests/build_plugin_e2e.rs:249;crates/jetpack-bin/tests/build_plugin_e2e.rs:257;crates/jetpack-bin/tests/build_plugin_e2e.rs:276;crates/jetpack-bin/tests/build_plugin_e2e.rs:284	crates/jet-cli/src/CLI.rs:75;crates/jet-cli/src/CLI.rs:76;crates/jet-cli/src/CLI.rs:77;crates/jet-cli/src/CLI.rs:78;crates/jet-cli/src/CLI.rs:79;crates/jet-cli/src/CLI.rs:97;crates/jet-cli/src/CLI.rs:727;crates/jet-cli/src/CLI.rs:859;crates/jet-cli/src/CLI.rs:866;crates/jet-cli/src/CLI.rs:873;crates/jet-cli/src/CLI.rs:1869;crates/jet-cli/src/CommandHarness.rs:404;crates/jet-cli/src/CommandHarness.rs:406;crates/jet-cli/src/DynamicCompletions.rs:544;crates/jet-cli/src/DynamicCompletions.rs:545;crates/jet-cli/src/DynamicCompletions.rs:547;crates/jet-cli/src/DynamicCompletions.rs:550;crates/jet-cli/src/DynamicCompletions.rs:552					
core_effect_leaf	core-receiver:ProcessStdoutStream.lines	receiver	ProcessStdoutStream.lines	missing					authority:application-boundary,authority:canonical-holds	sandbox:substitute-or-refuse	crates/jet-foundation/src/Syntax/core_calls.rs:469;crates/jet-foundation/src/Syntax/core_calls.rs:550	crates/jet-canvas/src/html.rs:282;crates/jet-cli/src/AdaptiveTable.rs:400;crates/jet-cli/src/AdaptiveTable.rs:407;crates/jet-cli/src/AdaptiveTable.rs:413;crates/jet-cli/src/AdaptiveTable.rs:416;crates/jet-cli/src/AdaptiveTable.rs:423;crates/jet-cli/src/AdaptiveTable.rs:430;crates/jet-cli/src/AdaptiveTable.rs:502;crates/jet-cli/src/AdaptiveTable.rs:523;crates/jet-cli/src/AdaptiveTable.rs:527;crates/jet-cli/src/AdaptiveTable.rs:528;crates/jet-cli/src/AdaptiveTable.rs:538;crates/jet-cli/src/AdaptiveTable.rs:542;crates/jet-cli/src/AdaptiveTable.rs:550;crates/jet-cli/src/AdaptiveTable.rs:559;crates/jet-cli/src/AdaptiveTable.rs:561;crates/jet-cli/src/AdaptiveTable.rs:580;crates/jet-cli/src/AdaptiveTable.rs:584	crates/jetpack/src/CLI/usage_tests.rs:449;crates/jetpack/src/CLI/usage_tests.rs:464;crates/jetpack/src/CLI/usage_tests.rs:469;crates/jetpack/src/Store/Tests/tests/nix_projection.rs:216;crates/jetpack/src/Store/Tests/tests/nix_projection.rs:755;examples/features/basics/build/callbacks.rs:1674;examples/features/basics/build/callbacks.rs:1675;examples/features/basics/build/callbacks.rs:1677;examples/features/basics/build/callbacks.rs:1680;examples/features/basics/build/callbacks.rs:2068;examples/features/basics/build/callbacks.rs:2115;examples/features/basics/build/callbacks.rs:11087;examples/features/basics/build/callbacks.rs:12165;examples/features/basics/build/callbacks.rs:12166;examples/features/basics/build/callbacks.rs:19280;examples/features/basics/build/callbacks.rs:22323;examples/features/basics/build/callbacks.rs:32896;examples/features/basics/build/callbacks.rs:38503	crates/jet-canvas/src/html.rs:282;crates/jet-cli/src/AdaptiveTable.rs:400;crates/jet-cli/src/AdaptiveTable.rs:407;crates/jet-cli/src/AdaptiveTable.rs:413;crates/jet-cli/src/AdaptiveTable.rs:416;crates/jet-cli/src/AdaptiveTable.rs:423;crates/jet-cli/src/AdaptiveTable.rs:430;crates/jet-cli/src/AdaptiveTable.rs:502;crates/jet-cli/src/AdaptiveTable.rs:523;crates/jet-cli/src/AdaptiveTable.rs:527;crates/jet-cli/src/AdaptiveTable.rs:528;crates/jet-cli/src/AdaptiveTable.rs:538;crates/jet-cli/src/AdaptiveTable.rs:542;crates/jet-cli/src/AdaptiveTable.rs:550;crates/jet-cli/src/AdaptiveTable.rs:559;crates/jet-cli/src/AdaptiveTable.rs:561;crates/jet-cli/src/AdaptiveTable.rs:580;crates/jet-cli/src/AdaptiveTable.rs:584					
core_effect_leaf	core-receiver:RealtimeStream.cancel	receiver	RealtimeStream.cancel	found					authority:application-boundary,authority:canonical-holds		crates/jet-foundation/src/Syntax/core_calls.rs:469;crates/jet-foundation/src/Syntax/core_calls.rs:550;crates/jet-foundation/src/Syntax/core_calls.rs:2524	crates/jet-canvas/src/html.rs:600;crates/jet-cli/src/CLI.rs:1191;crates/jet-cli/src/CLI.rs:1983;crates/jet-cli/src/MultiProgress.rs:209;crates/jet-cli/src/MultiProgress.rs:245;crates/jet-cli/src/MultiProgress.rs:713;crates/jet-cli/src/MultiProgress.rs:714;crates/jet-cli/src/MultiProgress.rs:718;crates/jet-cli/src/MultiProgress.rs:733;crates/jet-cli/src/MultiProgress.rs:995;crates/jet-codegen/src/Codegen/MIREval.rs:2882;crates/jet-codegen/src/Codegen/MIREval.rs:6277;crates/jet-codegen/src/Codegen/TIR/lower/core_calls.rs:437;crates/jet-codegen/src/Codegen/TIR/lower/method_calls.rs:799;crates/jet-codegen/src/Codegen/TIR/lower/method_calls.rs:6067;crates/jet-codegen/src/Codegen/TIR/lower/method_calls.rs:6079;crates/jet-codegen/src/Codegen/TIR/lower/method_calls.rs:6803;crates/jet-codegen/src/Codegen/TIR/lower/method_calls.rs:6834	examples/features/basics/build/callbacks.rs:9642;examples/features/basics/build/callbacks.rs:16806;examples/features/basics/build/callbacks.rs:17232;examples/features/basics/build/callbacks.rs:18148;examples/features/basics/build/callbacks.rs:18150;examples/features/basics/build/callbacks.rs:18152;examples/features/basics/build/callbacks.rs:18153;examples/features/basics/build/callbacks.rs:18216;examples/features/basics/build/callbacks.rs:18220;examples/features/basics/build/callbacks.rs:36410;examples/features/basics/build/callbacks.rs:36673;examples/features/basics/build/callbacks.rs:36691;examples/features/basics/build/callbacks.rs:36711;examples/features/basics/build/callbacks.rs:36716;examples/features/basics/build/callbacks.rs:36876;examples/features/basics/build/callbacks.rs:36887;examples/features/basics/build/callbacks.rs:36910;examples/features/basics/build/callbacks.rs:37015	crates/jet-canvas/src/html.rs:600;crates/jet-cli/src/CLI.rs:1191;crates/jet-cli/src/CLI.rs:1983;crates/jet-cli/src/MultiProgress.rs:209;crates/jet-cli/src/MultiProgress.rs:245;crates/jet-cli/src/MultiProgress.rs:713;crates/jet-cli/src/MultiProgress.rs:714;crates/jet-cli/src/MultiProgress.rs:718;crates/jet-cli/src/MultiProgress.rs:733;crates/jet-cli/src/MultiProgress.rs:995;crates/jet-codegen/src/Codegen/MIREval.rs:2882;crates/jet-codegen/src/Codegen/MIREval.rs:6277;crates/jet-codegen/src/Codegen/TIR/lower/core_calls.rs:437;crates/jet-codegen/src/Codegen/TIR/lower/method_calls.rs:799;crates/jet-codegen/src/Codegen/TIR/lower/method_calls.rs:6067;crates/jet-codegen/src/Codegen/TIR/lower/method_calls.rs:6079;crates/jet-codegen/src/Codegen/TIR/lower/method_calls.rs:6803;crates/jet-codegen/src/Codegen/TIR/lower/method_calls.rs:6834					
core_effect_leaf	core-receiver:Receiver.receive	receiver	Receiver.receive	missing					authority:application-boundary,authority:canonical-holds		crates/jet-foundation/src/Syntax/core_calls.rs:469;crates/jet-foundation/src/Syntax/core_calls.rs:550	crates/jet-cli/src/MultiProgress.rs:258;crates/jet-codegen/src/Codegen/Context.rs:436;crates/jet-codegen/src/Codegen/Context.rs:1828;crates/jet-codegen/src/Codegen/Context.rs:2170;crates/jet-codegen/src/Codegen/mod.rs:166;crates/jet-codegen/src/Codegen/mod.rs:2268;crates/jet-codegen/src/Codegen/TIR/lower/control_flow.rs:1445;crates/jet-codegen/src/Codegen/TIR/lower/fields.rs:1163;crates/jet-codegen/src/Codegen/TIR/lower/method_calls.rs:768;crates/jet-codegen/src/Codegen/TIR/lower/method_calls.rs:811;crates/jet-codegen/src/Codegen/TIR/lower/method_calls.rs:5648;crates/jet-codegen/src/Codegen/TIR/lower/method_calls.rs:6804;crates/jet-codegen/src/Codegen/TIR/lower/method_calls.rs:6835;crates/jet-codegen/src/Codegen/TIR/lower/method_calls.rs:7046;crates/jet-codegen/src/Codegen/TIR/mod.rs:8446;crates/jet-codegen/src/Codegen/TIR/mod.rs:9989;crates/jet-codegen/src/Codegen/TIR/mod.rs:10470;crates/jet-codegen/src/Codegen/TIR/subset/builtin_methods.rs:150	examples/features/basics/build/callbacks.rs:42165;examples/features/basics/build/callbacks.rs:42321;examples/features/basics/build/callbacks.rs:45181;examples/features/basics/build/callbacks.rs:45199;examples/features/basics/build/callbacks.rs:45283;examples/features/basics/build/callbacks.rs:45294;examples/features/basics/build/callbacks.rs:45296;examples/features/basics/build/callbacks.rs:45302;examples/features/basics/build/callbacks.rs:45306;examples/features/basics/build/callbacks.rs:45308;examples/features/basics/build/callbacks.rs:53125;examples/features/basics/build/callbacks.rs:62107;examples/features/basics/build/callbacks.rs:62109;examples/features/basics/build/callbacks.rs:62113;examples/features/basics/build/callbacks.rs:62129;examples/features/basics/build/callbacks.rs:62131;examples/features/basics/build/callbacks.rs:62177;examples/features/basics/build/callbacks.rs:62180	crates/jet-cli/src/MultiProgress.rs:258;crates/jet-codegen/src/Codegen/Context.rs:436;crates/jet-codegen/src/Codegen/Context.rs:1828;crates/jet-codegen/src/Codegen/Context.rs:2170;crates/jet-codegen/src/Codegen/mod.rs:166;crates/jet-codegen/src/Codegen/mod.rs:2268;crates/jet-codegen/src/Codegen/TIR/lower/control_flow.rs:1445;crates/jet-codegen/src/Codegen/TIR/lower/fields.rs:1163;crates/jet-codegen/src/Codegen/TIR/lower/method_calls.rs:768;crates/jet-codegen/src/Codegen/TIR/lower/method_calls.rs:811;crates/jet-codegen/src/Codegen/TIR/lower/method_calls.rs:5648;crates/jet-codegen/src/Codegen/TIR/lower/method_calls.rs:6804;crates/jet-codegen/src/Codegen/TIR/lower/method_calls.rs:6835;crates/jet-codegen/src/Codegen/TIR/lower/method_calls.rs:7046;crates/jet-codegen/src/Codegen/TIR/mod.rs:8446;crates/jet-codegen/src/Codegen/TIR/mod.rs:9989;crates/jet-codegen/src/Codegen/TIR/mod.rs:10470;crates/jet-codegen/src/Codegen/TIR/subset/builtin_methods.rs:150					
core_effect_leaf	core-receiver:Sender.send	receiver	Sender.send	missing					authority:application-boundary,authority:canonical-holds		crates/jet-foundation/src/Syntax/core_calls.rs:469;crates/jet-foundation/src/Syntax/core_calls.rs:550	crates/jet-cli/src/Headless.rs:119;crates/jet-cli/src/Headless.rs:187;crates/jet-cli/src/Headless.rs:191;crates/jet-cli/src/Headless.rs:196;crates/jet-cli/src/Headless.rs:200;crates/jet-cli/src/Headless.rs:413;crates/jet-codegen/src/BrowserHost.rs:588;crates/jet-codegen/src/Codegen/TIR/artifact_plan.rs:258;crates/jet-codegen/src/Codegen/TIR/artifact_plan.rs:1425;crates/jet-codegen/src/Codegen/TIR/lower/call_args.rs:49;crates/jet-codegen/src/Codegen/TIR/lower/method_calls.rs:766;crates/jet-codegen/src/Codegen/TIR/lower/method_calls.rs:810;crates/jet-codegen/src/Codegen/TIR/lower/method_calls.rs:2456;crates/jet-codegen/src/Codegen/TIR/lower/method_calls.rs:6105;crates/jet-codegen/src/Codegen/TIR/lower/method_calls.rs:6170;crates/jet-codegen/src/Codegen/TIR/lower/method_calls.rs:6238;crates/jet-codegen/src/Codegen/TIR/lower/method_calls.rs:6267;crates/jet-codegen/src/Codegen/TIR/lower/method_calls.rs:6457	examples/features/basics/build/callbacks.rs:15345;examples/features/basics/build/callbacks.rs:15448;examples/features/basics/build/callbacks.rs:15456;examples/features/basics/build/callbacks.rs:15464;examples/features/basics/build/callbacks.rs:45243;examples/features/basics/build/callbacks.rs:45254;examples/features/basics/build/callbacks.rs:45267;examples/features/basics/build/callbacks.rs:45325;examples/features/basics/build/callbacks.rs:45326;examples/features/basics/build/callbacks.rs:45329;examples/features/basics/build/callbacks.rs:59801;examples/features/basics/build/callbacks.rs:60671;examples/features/basics/build/callbacks.rs:61471;examples/features/basics/build/callbacks.rs:61523;examples/features/basics/build/callbacks.rs:61641;examples/features/basics/build/callbacks.rs:62157;examples/features/basics/build/callbacks.rs:62160;examples/features/basics/build/callbacks.rs:62165	crates/jet-cli/src/Headless.rs:119;crates/jet-cli/src/Headless.rs:187;crates/jet-cli/src/Headless.rs:191;crates/jet-cli/src/Headless.rs:196;crates/jet-cli/src/Headless.rs:200;crates/jet-cli/src/Headless.rs:413;crates/jet-codegen/src/BrowserHost.rs:588;crates/jet-codegen/src/Codegen/TIR/artifact_plan.rs:258;crates/jet-codegen/src/Codegen/TIR/artifact_plan.rs:1425;crates/jet-codegen/src/Codegen/TIR/lower/call_args.rs:49;crates/jet-codegen/src/Codegen/TIR/lower/method_calls.rs:766;crates/jet-codegen/src/Codegen/TIR/lower/method_calls.rs:810;crates/jet-codegen/src/Codegen/TIR/lower/method_calls.rs:2456;crates/jet-codegen/src/Codegen/TIR/lower/method_calls.rs:6105;crates/jet-codegen/src/Codegen/TIR/lower/method_calls.rs:6170;crates/jet-codegen/src/Codegen/TIR/lower/method_calls.rs:6238;crates/jet-codegen/src/Codegen/TIR/lower/method_calls.rs:6267;crates/jet-codegen/src/Codegen/TIR/lower/method_calls.rs:6457					
core_effect_leaf	core-receiver:ServiceEndpoint.receive	receiver	ServiceEndpoint.receive	missing					authority:application-boundary,authority:canonical-holds		crates/jet-foundation/src/Syntax/core_calls.rs:469;crates/jet-foundation/src/Syntax/core_calls.rs:550	crates/jet-cli/src/MultiProgress.rs:258;crates/jet-codegen/src/Codegen/Context.rs:436;crates/jet-codegen/src/Codegen/Context.rs:1828;crates/jet-codegen/src/Codegen/Context.rs:2170;crates/jet-codegen/src/Codegen/mod.rs:166;crates/jet-codegen/src/Codegen/mod.rs:2268;crates/jet-codegen/src/Codegen/TIR/lower/control_flow.rs:1445;crates/jet-codegen/src/Codegen/TIR/lower/fields.rs:1163;crates/jet-codegen/src/Codegen/TIR/lower/method_calls.rs:768;crates/jet-codegen/src/Codegen/TIR/lower/method_calls.rs:811;crates/jet-codegen/src/Codegen/TIR/lower/method_calls.rs:5648;crates/jet-codegen/src/Codegen/TIR/lower/method_calls.rs:6804;crates/jet-codegen/src/Codegen/TIR/lower/method_calls.rs:6835;crates/jet-codegen/src/Codegen/TIR/lower/method_calls.rs:7046;crates/jet-codegen/src/Codegen/TIR/mod.rs:8446;crates/jet-codegen/src/Codegen/TIR/mod.rs:9989;crates/jet-codegen/src/Codegen/TIR/mod.rs:10470;crates/jet-codegen/src/Codegen/TIR/subset/builtin_methods.rs:150	examples/features/basics/build/callbacks.rs:42165;examples/features/basics/build/callbacks.rs:42321;examples/features/basics/build/callbacks.rs:45181;examples/features/basics/build/callbacks.rs:45199;examples/features/basics/build/callbacks.rs:45283;examples/features/basics/build/callbacks.rs:45294;examples/features/basics/build/callbacks.rs:45296;examples/features/basics/build/callbacks.rs:45302;examples/features/basics/build/callbacks.rs:45306;examples/features/basics/build/callbacks.rs:45308;examples/features/basics/build/callbacks.rs:53125;examples/features/basics/build/callbacks.rs:62107;examples/features/basics/build/callbacks.rs:62109;examples/features/basics/build/callbacks.rs:62113;examples/features/basics/build/callbacks.rs:62129;examples/features/basics/build/callbacks.rs:62131;examples/features/basics/build/callbacks.rs:62177;examples/features/basics/build/callbacks.rs:62180	crates/jet-cli/src/MultiProgress.rs:258;crates/jet-codegen/src/Codegen/Context.rs:436;crates/jet-codegen/src/Codegen/Context.rs:1828;crates/jet-codegen/src/Codegen/Context.rs:2170;crates/jet-codegen/src/Codegen/mod.rs:166;crates/jet-codegen/src/Codegen/mod.rs:2268;crates/jet-codegen/src/Codegen/TIR/lower/control_flow.rs:1445;crates/jet-codegen/src/Codegen/TIR/lower/fields.rs:1163;crates/jet-codegen/src/Codegen/TIR/lower/method_calls.rs:768;crates/jet-codegen/src/Codegen/TIR/lower/method_calls.rs:811;crates/jet-codegen/src/Codegen/TIR/lower/method_calls.rs:5648;crates/jet-codegen/src/Codegen/TIR/lower/method_calls.rs:6804;crates/jet-codegen/src/Codegen/TIR/lower/method_calls.rs:6835;crates/jet-codegen/src/Codegen/TIR/lower/method_calls.rs:7046;crates/jet-codegen/src/Codegen/TIR/mod.rs:8446;crates/jet-codegen/src/Codegen/TIR/mod.rs:9989;crates/jet-codegen/src/Codegen/TIR/mod.rs:10470;crates/jet-codegen/src/Codegen/TIR/subset/builtin_methods.rs:150					
core_effect_leaf	core-receiver:ServiceEndpoint.send	receiver	ServiceEndpoint.send	missing					authority:application-boundary,authority:canonical-holds		crates/jet-foundation/src/Syntax/core_calls.rs:469;crates/jet-foundation/src/Syntax/core_calls.rs:550	crates/jet-cli/src/Headless.rs:119;crates/jet-cli/src/Headless.rs:187;crates/jet-cli/src/Headless.rs:191;crates/jet-cli/src/Headless.rs:196;crates/jet-cli/src/Headless.rs:200;crates/jet-cli/src/Headless.rs:413;crates/jet-codegen/src/BrowserHost.rs:588;crates/jet-codegen/src/Codegen/TIR/artifact_plan.rs:258;crates/jet-codegen/src/Codegen/TIR/artifact_plan.rs:1425;crates/jet-codegen/src/Codegen/TIR/lower/call_args.rs:49;crates/jet-codegen/src/Codegen/TIR/lower/method_calls.rs:766;crates/jet-codegen/src/Codegen/TIR/lower/method_calls.rs:810;crates/jet-codegen/src/Codegen/TIR/lower/method_calls.rs:2456;crates/jet-codegen/src/Codegen/TIR/lower/method_calls.rs:6105;crates/jet-codegen/src/Codegen/TIR/lower/method_calls.rs:6170;crates/jet-codegen/src/Codegen/TIR/lower/method_calls.rs:6238;crates/jet-codegen/src/Codegen/TIR/lower/method_calls.rs:6267;crates/jet-codegen/src/Codegen/TIR/lower/method_calls.rs:6457	examples/features/basics/build/callbacks.rs:15345;examples/features/basics/build/callbacks.rs:15448;examples/features/basics/build/callbacks.rs:15456;examples/features/basics/build/callbacks.rs:15464;examples/features/basics/build/callbacks.rs:45243;examples/features/basics/build/callbacks.rs:45254;examples/features/basics/build/callbacks.rs:45267;examples/features/basics/build/callbacks.rs:45325;examples/features/basics/build/callbacks.rs:45326;examples/features/basics/build/callbacks.rs:45329;examples/features/basics/build/callbacks.rs:59801;examples/features/basics/build/callbacks.rs:60671;examples/features/basics/build/callbacks.rs:61471;examples/features/basics/build/callbacks.rs:61523;examples/features/basics/build/callbacks.rs:61641;examples/features/basics/build/callbacks.rs:62157;examples/features/basics/build/callbacks.rs:62160;examples/features/basics/build/callbacks.rs:62165	crates/jet-cli/src/Headless.rs:119;crates/jet-cli/src/Headless.rs:187;crates/jet-cli/src/Headless.rs:191;crates/jet-cli/src/Headless.rs:196;crates/jet-cli/src/Headless.rs:200;crates/jet-cli/src/Headless.rs:413;crates/jet-codegen/src/BrowserHost.rs:588;crates/jet-codegen/src/Codegen/TIR/artifact_plan.rs:258;crates/jet-codegen/src/Codegen/TIR/artifact_plan.rs:1425;crates/jet-codegen/src/Codegen/TIR/lower/call_args.rs:49;crates/jet-codegen/src/Codegen/TIR/lower/method_calls.rs:766;crates/jet-codegen/src/Codegen/TIR/lower/method_calls.rs:810;crates/jet-codegen/src/Codegen/TIR/lower/method_calls.rs:2456;crates/jet-codegen/src/Codegen/TIR/lower/method_calls.rs:6105;crates/jet-codegen/src/Codegen/TIR/lower/method_calls.rs:6170;crates/jet-codegen/src/Codegen/TIR/lower/method_calls.rs:6238;crates/jet-codegen/src/Codegen/TIR/lower/method_calls.rs:6267;crates/jet-codegen/src/Codegen/TIR/lower/method_calls.rs:6457					
core_effect_leaf	core-receiver:ServiceEndpoint.send_durable	receiver	ServiceEndpoint.send_durable	missing					authority:application-boundary,authority:canonical-holds		crates/jet-foundation/src/Syntax/core_calls.rs:469;crates/jet-foundation/src/Syntax/core_calls.rs:550	crates/jet-codegen/src/Codegen/TIR/lower/method_calls.rs:767;crates/jet-codegen/src/Prelude/CoreLib/Top/Services.rs:3131;crates/jet-comptime/src/Comptime/ServicesLite.rs:2623;crates/jet-foundation/src/Effects.rs:210;crates/jet-foundation/src/Syntax/core_calls.rs:454;crates/jet-foundation/src/Syntax/core_calls.rs:542;crates/jet-foundation/src/Syntax/core_calls.rs:544;crates/jet-jit/src/jit/runtime_host.rs:5592;crates/jet-jit/src/jit/runtime_host.rs:5593;crates/jet-sema/src/Sema/CheckerCoreLib/fixed_sigs.rs:2570;crates/jet-sema/src/Sema/CheckerCoreLib/services_methods.rs:238;crates/jet-sema/src/Sema/CheckerCoreLib/services_methods.rs:239;crates/jet-sema/src/Sema/CheckerCoreLib/services_methods.rs:241;crates/jet-sema/src/Sema/CheckerCoreLib/services_methods.rs:247;crates/jet-sema/src/Sema/CheckerCoreLib/services_methods.rs:249;crates/jet-sema/src/Sema/CheckerCoreLib/services_methods.rs:255;crates/jet-sema/src/Sema/CheckerInfer/calls/method_calls.rs:3736;crates/jetpack/batteries/backend/backend.jet:279	examples/features/tooling/service_authority.jet:30;examples/features/tooling/service_authority.jet:32;examples/features/tooling/service_runtime.jet:73;tests/services_runtime.rs:1267;tests/services_runtime.rs:1269;tests/services_runtime.rs:1271;tests/services_runtime.rs:1280;tests/services_runtime.rs:1605;tests/services_runtime.rs:1668;tests/services_runtime.rs:1917;tests/services_runtime.rs:1937;tests/services_runtime.rs:1940;tests/services_runtime.rs:2319	crates/jet-codegen/src/Codegen/TIR/lower/method_calls.rs:767;crates/jet-codegen/src/Prelude/CoreLib/Top/Services.rs:3131;crates/jet-comptime/src/Comptime/ServicesLite.rs:2623;crates/jet-foundation/src/Effects.rs:210;crates/jet-foundation/src/Syntax/core_calls.rs:454;crates/jet-foundation/src/Syntax/core_calls.rs:542;crates/jet-foundation/src/Syntax/core_calls.rs:544;crates/jet-jit/src/jit/runtime_host.rs:5592;crates/jet-jit/src/jit/runtime_host.rs:5593;crates/jet-sema/src/Sema/CheckerCoreLib/fixed_sigs.rs:2570;crates/jet-sema/src/Sema/CheckerCoreLib/services_methods.rs:238;crates/jet-sema/src/Sema/CheckerCoreLib/services_methods.rs:239;crates/jet-sema/src/Sema/CheckerCoreLib/services_methods.rs:241;crates/jet-sema/src/Sema/CheckerCoreLib/services_methods.rs:247;crates/jet-sema/src/Sema/CheckerCoreLib/services_methods.rs:249;crates/jet-sema/src/Sema/CheckerCoreLib/services_methods.rs:255;crates/jet-sema/src/Sema/CheckerInfer/calls/method_calls.rs:3736					
core_effect_leaf	core-receiver:ServiceTree.receive	receiver	ServiceTree.receive	missing					authority:application-boundary,authority:canonical-holds		crates/jet-foundation/src/Syntax/core_calls.rs:469;crates/jet-foundation/src/Syntax/core_calls.rs:550	crates/jet-cli/src/MultiProgress.rs:258;crates/jet-codegen/src/Codegen/Context.rs:436;crates/jet-codegen/src/Codegen/Context.rs:1828;crates/jet-codegen/src/Codegen/Context.rs:2170;crates/jet-codegen/src/Codegen/mod.rs:166;crates/jet-codegen/src/Codegen/mod.rs:2268;crates/jet-codegen/src/Codegen/TIR/lower/control_flow.rs:1445;crates/jet-codegen/src/Codegen/TIR/lower/fields.rs:1163;crates/jet-codegen/src/Codegen/TIR/lower/method_calls.rs:768;crates/jet-codegen/src/Codegen/TIR/lower/method_calls.rs:811;crates/jet-codegen/src/Codegen/TIR/lower/method_calls.rs:5648;crates/jet-codegen/src/Codegen/TIR/lower/method_calls.rs:6804;crates/jet-codegen/src/Codegen/TIR/lower/method_calls.rs:6835;crates/jet-codegen/src/Codegen/TIR/lower/method_calls.rs:7046;crates/jet-codegen/src/Codegen/TIR/mod.rs:8446;crates/jet-codegen/src/Codegen/TIR/mod.rs:9989;crates/jet-codegen/src/Codegen/TIR/mod.rs:10470;crates/jet-codegen/src/Codegen/TIR/subset/builtin_methods.rs:150	examples/features/basics/build/callbacks.rs:42165;examples/features/basics/build/callbacks.rs:42321;examples/features/basics/build/callbacks.rs:45181;examples/features/basics/build/callbacks.rs:45199;examples/features/basics/build/callbacks.rs:45283;examples/features/basics/build/callbacks.rs:45294;examples/features/basics/build/callbacks.rs:45296;examples/features/basics/build/callbacks.rs:45302;examples/features/basics/build/callbacks.rs:45306;examples/features/basics/build/callbacks.rs:45308;examples/features/basics/build/callbacks.rs:53125;examples/features/basics/build/callbacks.rs:62107;examples/features/basics/build/callbacks.rs:62109;examples/features/basics/build/callbacks.rs:62113;examples/features/basics/build/callbacks.rs:62129;examples/features/basics/build/callbacks.rs:62131;examples/features/basics/build/callbacks.rs:62177;examples/features/basics/build/callbacks.rs:62180	crates/jet-cli/src/MultiProgress.rs:258;crates/jet-codegen/src/Codegen/Context.rs:436;crates/jet-codegen/src/Codegen/Context.rs:1828;crates/jet-codegen/src/Codegen/Context.rs:2170;crates/jet-codegen/src/Codegen/mod.rs:166;crates/jet-codegen/src/Codegen/mod.rs:2268;crates/jet-codegen/src/Codegen/TIR/lower/control_flow.rs:1445;crates/jet-codegen/src/Codegen/TIR/lower/fields.rs:1163;crates/jet-codegen/src/Codegen/TIR/lower/method_calls.rs:768;crates/jet-codegen/src/Codegen/TIR/lower/method_calls.rs:811;crates/jet-codegen/src/Codegen/TIR/lower/method_calls.rs:5648;crates/jet-codegen/src/Codegen/TIR/lower/method_calls.rs:6804;crates/jet-codegen/src/Codegen/TIR/lower/method_calls.rs:6835;crates/jet-codegen/src/Codegen/TIR/lower/method_calls.rs:7046;crates/jet-codegen/src/Codegen/TIR/mod.rs:8446;crates/jet-codegen/src/Codegen/TIR/mod.rs:9989;crates/jet-codegen/src/Codegen/TIR/mod.rs:10470;crates/jet-codegen/src/Codegen/TIR/subset/builtin_methods.rs:150					
core_effect_leaf	core-receiver:ServiceTree.send	receiver	ServiceTree.send	missing					authority:application-boundary,authority:canonical-holds		crates/jet-foundation/src/Syntax/core_calls.rs:469;crates/jet-foundation/src/Syntax/core_calls.rs:550	crates/jet-cli/src/Headless.rs:119;crates/jet-cli/src/Headless.rs:187;crates/jet-cli/src/Headless.rs:191;crates/jet-cli/src/Headless.rs:196;crates/jet-cli/src/Headless.rs:200;crates/jet-cli/src/Headless.rs:413;crates/jet-codegen/src/BrowserHost.rs:588;crates/jet-codegen/src/Codegen/TIR/artifact_plan.rs:258;crates/jet-codegen/src/Codegen/TIR/artifact_plan.rs:1425;crates/jet-codegen/src/Codegen/TIR/lower/call_args.rs:49;crates/jet-codegen/src/Codegen/TIR/lower/method_calls.rs:766;crates/jet-codegen/src/Codegen/TIR/lower/method_calls.rs:810;crates/jet-codegen/src/Codegen/TIR/lower/method_calls.rs:2456;crates/jet-codegen/src/Codegen/TIR/lower/method_calls.rs:6105;crates/jet-codegen/src/Codegen/TIR/lower/method_calls.rs:6170;crates/jet-codegen/src/Codegen/TIR/lower/method_calls.rs:6238;crates/jet-codegen/src/Codegen/TIR/lower/method_calls.rs:6267;crates/jet-codegen/src/Codegen/TIR/lower/method_calls.rs:6457	examples/features/basics/build/callbacks.rs:15345;examples/features/basics/build/callbacks.rs:15448;examples/features/basics/build/callbacks.rs:15456;examples/features/basics/build/callbacks.rs:15464;examples/features/basics/build/callbacks.rs:45243;examples/features/basics/build/callbacks.rs:45254;examples/features/basics/build/callbacks.rs:45267;examples/features/basics/build/callbacks.rs:45325;examples/features/basics/build/callbacks.rs:45326;examples/features/basics/build/callbacks.rs:45329;examples/features/basics/build/callbacks.rs:59801;examples/features/basics/build/callbacks.rs:60671;examples/features/basics/build/callbacks.rs:61471;examples/features/basics/build/callbacks.rs:61523;examples/features/basics/build/callbacks.rs:61641;examples/features/basics/build/callbacks.rs:62157;examples/features/basics/build/callbacks.rs:62160;examples/features/basics/build/callbacks.rs:62165	crates/jet-cli/src/Headless.rs:119;crates/jet-cli/src/Headless.rs:187;crates/jet-cli/src/Headless.rs:191;crates/jet-cli/src/Headless.rs:196;crates/jet-cli/src/Headless.rs:200;crates/jet-cli/src/Headless.rs:413;crates/jet-codegen/src/BrowserHost.rs:588;crates/jet-codegen/src/Codegen/TIR/artifact_plan.rs:258;crates/jet-codegen/src/Codegen/TIR/artifact_plan.rs:1425;crates/jet-codegen/src/Codegen/TIR/lower/call_args.rs:49;crates/jet-codegen/src/Codegen/TIR/lower/method_calls.rs:766;crates/jet-codegen/src/Codegen/TIR/lower/method_calls.rs:810;crates/jet-codegen/src/Codegen/TIR/lower/method_calls.rs:2456;crates/jet-codegen/src/Codegen/TIR/lower/method_calls.rs:6105;crates/jet-codegen/src/Codegen/TIR/lower/method_calls.rs:6170;crates/jet-codegen/src/Codegen/TIR/lower/method_calls.rs:6238;crates/jet-codegen/src/Codegen/TIR/lower/method_calls.rs:6267;crates/jet-codegen/src/Codegen/TIR/lower/method_calls.rs:6457					
core_effect_leaf	core-receiver:ServiceTree.send_durable	receiver	ServiceTree.send_durable	missing					authority:application-boundary,authority:canonical-holds		crates/jet-foundation/src/Syntax/core_calls.rs:469;crates/jet-foundation/src/Syntax/core_calls.rs:550	crates/jet-codegen/src/Codegen/TIR/lower/method_calls.rs:767;crates/jet-codegen/src/Prelude/CoreLib/Top/Services.rs:3131;crates/jet-comptime/src/Comptime/ServicesLite.rs:2623;crates/jet-foundation/src/Effects.rs:210;crates/jet-foundation/src/Syntax/core_calls.rs:454;crates/jet-foundation/src/Syntax/core_calls.rs:542;crates/jet-foundation/src/Syntax/core_calls.rs:544;crates/jet-jit/src/jit/runtime_host.rs:5592;crates/jet-jit/src/jit/runtime_host.rs:5593;crates/jet-sema/src/Sema/CheckerCoreLib/fixed_sigs.rs:2570;crates/jet-sema/src/Sema/CheckerCoreLib/services_methods.rs:238;crates/jet-sema/src/Sema/CheckerCoreLib/services_methods.rs:239;crates/jet-sema/src/Sema/CheckerCoreLib/services_methods.rs:241;crates/jet-sema/src/Sema/CheckerCoreLib/services_methods.rs:247;crates/jet-sema/src/Sema/CheckerCoreLib/services_methods.rs:249;crates/jet-sema/src/Sema/CheckerCoreLib/services_methods.rs:255;crates/jet-sema/src/Sema/CheckerInfer/calls/method_calls.rs:3736;crates/jetpack/batteries/backend/backend.jet:279	examples/features/tooling/service_authority.jet:30;examples/features/tooling/service_authority.jet:32;examples/features/tooling/service_runtime.jet:73;tests/services_runtime.rs:1267;tests/services_runtime.rs:1269;tests/services_runtime.rs:1271;tests/services_runtime.rs:1280;tests/services_runtime.rs:1605;tests/services_runtime.rs:1668;tests/services_runtime.rs:1917;tests/services_runtime.rs:1937;tests/services_runtime.rs:1940;tests/services_runtime.rs:2319	crates/jet-codegen/src/Codegen/TIR/lower/method_calls.rs:767;crates/jet-codegen/src/Prelude/CoreLib/Top/Services.rs:3131;crates/jet-comptime/src/Comptime/ServicesLite.rs:2623;crates/jet-foundation/src/Effects.rs:210;crates/jet-foundation/src/Syntax/core_calls.rs:454;crates/jet-foundation/src/Syntax/core_calls.rs:542;crates/jet-foundation/src/Syntax/core_calls.rs:544;crates/jet-jit/src/jit/runtime_host.rs:5592;crates/jet-jit/src/jit/runtime_host.rs:5593;crates/jet-sema/src/Sema/CheckerCoreLib/fixed_sigs.rs:2570;crates/jet-sema/src/Sema/CheckerCoreLib/services_methods.rs:238;crates/jet-sema/src/Sema/CheckerCoreLib/services_methods.rs:239;crates/jet-sema/src/Sema/CheckerCoreLib/services_methods.rs:241;crates/jet-sema/src/Sema/CheckerCoreLib/services_methods.rs:247;crates/jet-sema/src/Sema/CheckerCoreLib/services_methods.rs:249;crates/jet-sema/src/Sema/CheckerCoreLib/services_methods.rs:255;crates/jet-sema/src/Sema/CheckerInfer/calls/method_calls.rs:3736					
core_effect_leaf	core-receiver:ServiceWorkflow.activity_wait	receiver	ServiceWorkflow.activity_wait	missing					authority:application-boundary,authority:canonical-holds		crates/jet-foundation/src/Syntax/core_calls.rs:469;crates/jet-foundation/src/Syntax/core_calls.rs:550	crates/jet-foundation/src/Syntax/core_calls.rs:546	tests/services_runtime.rs:1080;tests/services_runtime.rs:1098	crates/jet-foundation/src/Syntax/core_calls.rs:546					
core_effect_leaf	core-receiver:ServiceWorkflow.all	receiver	ServiceWorkflow.all	missing					authority:application-boundary,authority:canonical-holds		crates/jet-foundation/src/Syntax/core_calls.rs:469;crates/jet-foundation/src/Syntax/core_calls.rs:550	crates/jet-cli/src/CLI.rs:217;crates/jet-cli/src/CLI.rs:1149;crates/jet-cli/src/CLI.rs:1774;crates/jet-cli/src/CLI.rs:1857;crates/jet-cli/src/CLI.rs:1877;crates/jet-cli/src/CLI.rs:1884;crates/jet-cli/src/CLI.rs:2001;crates/jet-cli/src/CLI.rs:2002;crates/jet-cli/src/CLI.rs:2066;crates/jet-cli/src/CLI.rs:3596;crates/jet-cli/src/CLI.rs:3599;crates/jet-cli/src/CLI.rs:3600;crates/jet-cli/src/CommandHarness.rs:365;crates/jet-cli/src/CommandHarness.rs:476;crates/jet-cli/src/Explain.rs:463;crates/jet-cli/src/Explain.rs:466;crates/jet-cli/src/Explain.rs:477;crates/jet-cli/src/Explain.rs:479	crates/jetpack/src/CLI/usage_tests.rs:56;crates/jetpack/src/Store/Tests/tests/nix_projection.rs:362;examples/canon.jet:99;examples/embedded/battery/run.jet:62;examples/features/basics/build/callbacks.rs:191;examples/features/basics/build/callbacks.rs:192;examples/features/basics/build/callbacks.rs:2066;examples/features/basics/build/callbacks.rs:2127;examples/features/basics/build/callbacks.rs:2419;examples/features/basics/build/callbacks.rs:2579;examples/features/basics/build/callbacks.rs:2639;examples/features/basics/build/callbacks.rs:2687;examples/features/basics/build/callbacks.rs:3257;examples/features/basics/build/callbacks.rs:3428;examples/features/basics/build/callbacks.rs:3576;examples/features/basics/build/callbacks.rs:3968;examples/features/basics/build/callbacks.rs:4080;examples/features/basics/build/callbacks.rs:4107	crates/jet-cli/src/CLI.rs:217;crates/jet-cli/src/CLI.rs:1149;crates/jet-cli/src/CLI.rs:1774;crates/jet-cli/src/CLI.rs:1857;crates/jet-cli/src/CLI.rs:1877;crates/jet-cli/src/CLI.rs:1884;crates/jet-cli/src/CLI.rs:2001;crates/jet-cli/src/CLI.rs:2002;crates/jet-cli/src/CLI.rs:2066;crates/jet-cli/src/CLI.rs:3596;crates/jet-cli/src/CLI.rs:3599;crates/jet-cli/src/CLI.rs:3600;crates/jet-cli/src/CommandHarness.rs:365;crates/jet-cli/src/CommandHarness.rs:476;crates/jet-cli/src/Explain.rs:463;crates/jet-cli/src/Explain.rs:466;crates/jet-cli/src/Explain.rs:477;crates/jet-cli/src/Explain.rs:479					
core_effect_leaf	core-receiver:ServiceWorkflow.sleep	receiver	ServiceWorkflow.sleep	missing					authority:application-boundary,authority:canonical-holds		crates/jet-foundation/src/Syntax/core_calls.rs:469;crates/jet-foundation/src/Syntax/core_calls.rs:550	crates/jet-cli/src/Headless.rs:349;crates/jet-cli/src/Tape.rs:232;crates/jet-cli/src/Tape.rs:269;crates/jet-cli/src/Tape.rs:277;crates/jet-codegen/src/Codegen/MIREval.rs:5122;crates/jet-codegen/src/Codegen/mod.rs:2401;crates/jet-codegen/src/Codegen/mod.rs:2404;crates/jet-codegen/src/Codegen/mod.rs:2444;crates/jet-codegen/src/Codegen/mod.rs:2633;crates/jet-codegen/src/Codegen/mod.rs:2639;crates/jet-codegen/src/Codegen/TIR/lower/method_calls.rs:793;crates/jet-codegen/src/Prelude/BrowserTest.rs:1292;crates/jet-codegen/src/Prelude/Core.jet:91;crates/jet-codegen/src/Prelude/Core.jet:324;crates/jet-codegen/src/Prelude/Core.jet:1561;crates/jet-codegen/src/Prelude/Core/TimeInstant.rs:50;crates/jet-codegen/src/Prelude/CoreLib/Email.rs:882;crates/jet-codegen/src/Prelude/CoreLib/Top/Browser.rs:1814	crates/jetpack-bin/tests/compiler_extension_e2e.rs:242;crates/jetpack/src/Store/Tests/tests/nix_projection.rs:726;examples/features/basics/build/callbacks.rs:17202;examples/features/basics/build/callbacks.rs:17268;examples/features/basics/build/callbacks.rs:59647;examples/features/basics/build/callbacks.rs:59684;examples/features/basics/build/callbacks.rs:59688;examples/features/basics/build/callbacks.rs:59693;examples/features/basics/build/callbacks.rs:59711;examples/features/basics/build/callbacks.rs:61599;examples/features/basics/build/callbacks.rs:65245;examples/features/basics/build/callbacks.rs:66129;examples/features/basics/build/callbacks.rs:66199;examples/features/basics/build/callbacks.rs:66214;examples/features/basics/build/callbacks.rs:66217;examples/features/basics/build/callbacks.rs:66222;examples/features/basics/build/callbacks.rs:66224;examples/features/basics/build/callbacks.rs:66228	crates/jet-cli/src/Headless.rs:349;crates/jet-cli/src/Tape.rs:232;crates/jet-cli/src/Tape.rs:269;crates/jet-cli/src/Tape.rs:277;crates/jet-codegen/src/Codegen/MIREval.rs:5122;crates/jet-codegen/src/Codegen/mod.rs:2401;crates/jet-codegen/src/Codegen/mod.rs:2404;crates/jet-codegen/src/Codegen/mod.rs:2444;crates/jet-codegen/src/Codegen/mod.rs:2633;crates/jet-codegen/src/Codegen/mod.rs:2639;crates/jet-codegen/src/Codegen/TIR/lower/method_calls.rs:793;crates/jet-codegen/src/Prelude/BrowserTest.rs:1292;crates/jet-codegen/src/Prelude/Core/TimeInstant.rs:50;crates/jet-codegen/src/Prelude/CoreLib/Email.rs:882;crates/jet-codegen/src/Prelude/CoreLib/Top/Browser.rs:1814;crates/jet-codegen/src/Prelude/CoreLib/Top/Browser.rs:1830;crates/jet-codegen/src/Prelude/CoreLib/Top/Game.rs:616;crates/jet-codegen/src/Prelude/CoreLib/Top/HTTPServer.rs:1834					
core_effect_leaf	core-receiver:Shared.edit	receiver	Shared.edit	missing					authority:application-boundary,authority:canonical-holds		crates/jet-foundation/src/Syntax/core_calls.rs:469;crates/jet-foundation/src/Syntax/core_calls.rs:550	crates/jet-canvas/src/html.rs:304;crates/jet-canvas/src/html.rs:305;crates/jet-canvas/src/html.rs:307;crates/jet-canvas/src/html.rs:343;crates/jet-canvas/src/html.rs:344;crates/jet-canvas/src/html.rs:571;crates/jet-canvas/src/html.rs:572;crates/jet-canvas/src/html.rs:598;crates/jet-canvas/src/html.rs:599;crates/jet-canvas/src/html.rs:600;crates/jet-canvas/src/html.rs:817;crates/jet-canvas/src/html.rs:818;crates/jet-canvas/src/html.rs:819;crates/jet-cli/src/CLI.rs:1875;crates/jet-cli/src/CLI.rs:2477;crates/jet-cli/src/CLI.rs:2478;crates/jet-cli/src/CLI.rs:2489;crates/jet-cli/src/DynamicCompletions.rs:96	crates/jet-rt/tests/gc_collector.rs:97;crates/jet-rt/tests/gc_collector.rs:104;crates/jet-rt/tests/gc_collector.rs:167;crates/jetpack/src/CLI/usage_tests.rs:115;examples/features/basics/build/callbacks.rs:1;examples/features/basics/build/callbacks.rs:4232;examples/features/basics/build/callbacks.rs:10366;examples/features/basics/build/callbacks.rs:10376;examples/features/basics/build/callbacks.rs:14554;examples/features/basics/build/callbacks.rs:14703;examples/features/basics/build/callbacks.rs:16650;examples/features/basics/build/callbacks.rs:21708;examples/features/basics/build/callbacks.rs:21709;examples/features/basics/build/callbacks.rs:21760;examples/features/basics/build/callbacks.rs:21770;examples/features/basics/build/callbacks.rs:21780;examples/features/basics/build/callbacks.rs:21790;examples/features/basics/build/callbacks.rs:21798	crates/jet-canvas/src/html.rs:304;crates/jet-canvas/src/html.rs:305;crates/jet-canvas/src/html.rs:307;crates/jet-canvas/src/html.rs:343;crates/jet-canvas/src/html.rs:344;crates/jet-canvas/src/html.rs:571;crates/jet-canvas/src/html.rs:572;crates/jet-canvas/src/html.rs:598;crates/jet-canvas/src/html.rs:599;crates/jet-canvas/src/html.rs:600;crates/jet-canvas/src/html.rs:817;crates/jet-canvas/src/html.rs:818;crates/jet-canvas/src/html.rs:819;crates/jet-cli/src/CLI.rs:1875;crates/jet-cli/src/CLI.rs:2477;crates/jet-cli/src/CLI.rs:2478;crates/jet-cli/src/CLI.rs:2489;crates/jet-cli/src/DynamicCompletions.rs:96					
core_effect_leaf	core-receiver:Shared.guard_edit	receiver	Shared.guard_edit	missing					authority:application-boundary,authority:canonical-holds		crates/jet-foundation/src/Syntax/core_calls.rs:469;crates/jet-foundation/src/Syntax/core_calls.rs:550	crates/jet-codegen/src/Codegen/MIREval.rs:5666;crates/jet-codegen/src/Codegen/MIREval.rs:7600;crates/jet-codegen/src/Codegen/MIREval.rs:7607;crates/jet-codegen/src/Codegen/TIR/lower/method_calls.rs:7092;crates/jet-codegen/src/Codegen/TIR/lower/method_calls.rs:7098;crates/jet-codegen/src/Codegen/TIR/lower/method_calls.rs:7216;crates/jet-codegen/src/Codegen/TIR/routes.rs:4055;crates/jet-codegen/src/Codegen/TIR/routes.rs:4095;crates/jet-codegen/src/Codegen/TIR/subset/methods.rs:383;crates/jet-codegen/src/Codegen/TIR/subset/methods.rs:437;crates/jet-codegen/src/Prelude/CoreLib/JetStd/MathTaskMem.rs:1461;crates/jet-codegen/src/Prelude/CoreLib/Top/SharedRoutes.rs:125;crates/jet-codegen/src/Prelude/Diagnostics.jet:47;crates/jet-codegen/src/Prelude/Diagnostics.jet:928;crates/jet-codegen/src/Prelude/LocalCell.rs:109;crates/jet-codegen/src/Prelude/LocalCell.rs:129;crates/jet-codegen/src/Prelude/LocalCell.rs:170;crates/jet-foundation/src/Collections.rs:306	examples/features/basics/build/callbacks.rs:44101;examples/features/basics/build/callbacks.rs:44121;examples/features/basics/build/callbacks.rs:44162;examples/features/basics/build/callbacks.rs:45412;examples/features/basics/build/compound.rs:44101;examples/features/basics/build/compound.rs:44121;examples/features/basics/build/compound.rs:44162;examples/features/basics/build/compound.rs:45412;examples/features/basics/build/numbers.rs:44101;examples/features/basics/build/numbers.rs:44121;examples/features/basics/build/numbers.rs:44162;examples/features/basics/build/numbers.rs:45412;examples/features/lowlevel/cbind/build/run.rs:44148;examples/features/lowlevel/cbind/build/run.rs:44168;examples/features/lowlevel/cbind/build/run.rs:44209;examples/features/lowlevel/cbind/build/run.rs:45459;examples/features/memory/program_allocator/build/main.rs:35371;examples/features/memory/program_allocator/build/main.rs:35391	crates/jet-codegen/src/Codegen/MIREval.rs:5666;crates/jet-codegen/src/Codegen/MIREval.rs:7600;crates/jet-codegen/src/Codegen/MIREval.rs:7607;crates/jet-codegen/src/Codegen/TIR/lower/method_calls.rs:7092;crates/jet-codegen/src/Codegen/TIR/lower/method_calls.rs:7098;crates/jet-codegen/src/Codegen/TIR/lower/method_calls.rs:7216;crates/jet-codegen/src/Codegen/TIR/routes.rs:4055;crates/jet-codegen/src/Codegen/TIR/routes.rs:4095;crates/jet-codegen/src/Codegen/TIR/subset/methods.rs:383;crates/jet-codegen/src/Codegen/TIR/subset/methods.rs:437;crates/jet-codegen/src/Prelude/CoreLib/JetStd/MathTaskMem.rs:1461;crates/jet-codegen/src/Prelude/CoreLib/Top/SharedRoutes.rs:125;crates/jet-codegen/src/Prelude/LocalCell.rs:109;crates/jet-codegen/src/Prelude/LocalCell.rs:129;crates/jet-codegen/src/Prelude/LocalCell.rs:170;crates/jet-foundation/src/Collections.rs:306;crates/jet-foundation/src/Collections.rs:2181;crates/jet-foundation/src/Collections.rs:2270					
core_effect_leaf	core-receiver:Shared.guard_read	receiver	Shared.guard_read	missing					authority:application-boundary,authority:canonical-holds		crates/jet-foundation/src/Syntax/core_calls.rs:469;crates/jet-foundation/src/Syntax/core_calls.rs:550	crates/jet-codegen/src/Codegen/MIREval.rs:5665;crates/jet-codegen/src/Codegen/MIREval.rs:7600;crates/jet-codegen/src/Codegen/TIR/lower/method_calls.rs:7092;crates/jet-codegen/src/Codegen/TIR/lower/method_calls.rs:7216;crates/jet-codegen/src/Codegen/TIR/routes.rs:4054;crates/jet-codegen/src/Codegen/TIR/routes.rs:4094;crates/jet-codegen/src/Codegen/TIR/subset/methods.rs:383;crates/jet-codegen/src/Codegen/TIR/subset/methods.rs:437;crates/jet-codegen/src/Prelude/CoreLib/JetStd/MathTaskMem.rs:1458;crates/jet-codegen/src/Prelude/CoreLib/Top/SharedRoutes.rs:118;crates/jet-codegen/src/Prelude/LocalCell.rs:102;crates/jet-codegen/src/Prelude/LocalCell.rs:112;crates/jet-foundation/src/Collections.rs:306;crates/jet-foundation/src/Collections.rs:2177;crates/jet-foundation/src/Collections.rs:2266;crates/jet-foundation/src/Syntax/core_calls.rs:474;crates/jet-jit/src/Cell.rs:517;crates/jet-jit/src/Cell.rs:740	examples/features/basics/build/callbacks.rs:44094;examples/features/basics/build/callbacks.rs:44104;examples/features/basics/build/callbacks.rs:45409;examples/features/basics/build/compound.rs:44094;examples/features/basics/build/compound.rs:44104;examples/features/basics/build/compound.rs:45409;examples/features/basics/build/numbers.rs:44094;examples/features/basics/build/numbers.rs:44104;examples/features/basics/build/numbers.rs:45409;examples/features/lowlevel/cbind/build/run.rs:44141;examples/features/lowlevel/cbind/build/run.rs:44151;examples/features/lowlevel/cbind/build/run.rs:45456;examples/features/memory/program_allocator/build/main.rs:35364;examples/features/memory/program_allocator/build/main.rs:35374;examples/features/memory/program_allocator/build/main.rs:36372;examples/features/memory/program_allocator/build/run.rs:44881;examples/features/memory/program_allocator/build/run.rs:44891;examples/features/memory/program_allocator/build/run.rs:46196	crates/jet-codegen/src/Codegen/MIREval.rs:5665;crates/jet-codegen/src/Codegen/MIREval.rs:7600;crates/jet-codegen/src/Codegen/TIR/lower/method_calls.rs:7092;crates/jet-codegen/src/Codegen/TIR/lower/method_calls.rs:7216;crates/jet-codegen/src/Codegen/TIR/routes.rs:4054;crates/jet-codegen/src/Codegen/TIR/routes.rs:4094;crates/jet-codegen/src/Codegen/TIR/subset/methods.rs:383;crates/jet-codegen/src/Codegen/TIR/subset/methods.rs:437;crates/jet-codegen/src/Prelude/CoreLib/JetStd/MathTaskMem.rs:1458;crates/jet-codegen/src/Prelude/CoreLib/Top/SharedRoutes.rs:118;crates/jet-codegen/src/Prelude/LocalCell.rs:102;crates/jet-codegen/src/Prelude/LocalCell.rs:112;crates/jet-foundation/src/Collections.rs:306;crates/jet-foundation/src/Collections.rs:2177;crates/jet-foundation/src/Collections.rs:2266;crates/jet-foundation/src/Syntax/core_calls.rs:474;crates/jet-jit/src/Cell.rs:517;crates/jet-jit/src/Cell.rs:740					
core_effect_leaf	core-receiver:Shared.read	receiver	Shared.read	missing					authority:application-boundary,authority:canonical-holds		crates/jet-foundation/src/Syntax/core_calls.rs:469;crates/jet-foundation/src/Syntax/core_calls.rs:550	crates/jet-canvas/src/html.rs:729;crates/jet-cli/src/AdaptiveTable.rs:254;crates/jet-cli/src/CLI.rs:241;crates/jet-cli/src/CLI.rs:727;crates/jet-cli/src/CLI.rs:796;crates/jet-cli/src/CLI.rs:1836;crates/jet-cli/src/CLI.rs:1847;crates/jet-cli/src/CLI.rs:2066;crates/jet-cli/src/DynamicCompletions.rs:465;crates/jet-cli/src/DynamicCompletions.rs:1426;crates/jet-cli/src/DynamicCompletions.rs:1430;crates/jet-cli/src/Explain.rs:253;crates/jet-cli/src/Explain.rs:305;crates/jet-cli/src/Explain.rs:319;crates/jet-cli/src/Help/mod.rs:167;crates/jet-cli/src/Help/mod.rs:563;crates/jet-cli/src/Help/Render.rs:578;crates/jet-cli/src/OutputProfile.rs:52	crates/jet-rt/tests/gc_collector.rs:98;crates/jet-rt/tests/gc_collector.rs:132;crates/jet-rt/tests/gc_collector.rs:232;crates/jet-rt/tests/gc_collector.rs:278;crates/jetpack/src/CLI/usage_tests.rs:81;crates/jetpack/src/CLI/usage_tests.rs:84;crates/jetpack/src/CLI/usage_tests.rs:151;crates/jetpack/src/Store/Tests/tests/late.rs:767;crates/jetpack/src/Store/Tests/tests/nix_projection.rs:752;examples/canon.jet:98;examples/canon.jet:124;examples/features/basics/branches.jet:3;examples/features/basics/build/callbacks.rs:2033;examples/features/basics/build/callbacks.rs:2925;examples/features/basics/build/callbacks.rs:3908;examples/features/basics/build/callbacks.rs:3947;examples/features/basics/build/callbacks.rs:3951;examples/features/basics/build/callbacks.rs:3957	crates/jet-canvas/src/html.rs:729;crates/jet-cli/src/AdaptiveTable.rs:254;crates/jet-cli/src/CLI.rs:241;crates/jet-cli/src/CLI.rs:727;crates/jet-cli/src/CLI.rs:796;crates/jet-cli/src/CLI.rs:1836;crates/jet-cli/src/CLI.rs:1847;crates/jet-cli/src/CLI.rs:2066;crates/jet-cli/src/DynamicCompletions.rs:465;crates/jet-cli/src/DynamicCompletions.rs:1426;crates/jet-cli/src/DynamicCompletions.rs:1430;crates/jet-cli/src/Explain.rs:253;crates/jet-cli/src/Explain.rs:305;crates/jet-cli/src/Explain.rs:319;crates/jet-cli/src/Help/mod.rs:167;crates/jet-cli/src/Help/mod.rs:563;crates/jet-cli/src/Help/Render.rs:578;crates/jet-cli/src/OutputProfile.rs:52					
core_effect_leaf	core-receiver:Stderr.flush	receiver	Stderr.flush	missing					authority:application-boundary,authority:canonical-holds		crates/jet-foundation/src/Syntax/core_calls.rs:469;crates/jet-foundation/src/Syntax/core_calls.rs:550	crates/jet-cli/src/Help/Interactive.rs:690;crates/jet-cli/src/Help/Interactive.rs:698;crates/jet-cli/src/Help/Interactive.rs:722;crates/jet-cli/src/Help/Interactive.rs:828;crates/jet-codegen/src/Codegen/MIREval.rs:5381;crates/jet-codegen/src/Codegen/MIREval.rs:5382;crates/jet-codegen/src/Codegen/Plugin.rs:1370;crates/jet-codegen/src/Codegen/TIR/lower/builtins.rs:418;crates/jet-codegen/src/Codegen/TIR/lower/builtins.rs:451;crates/jet-codegen/src/Codegen/TIR/mod.rs:10045;crates/jet-codegen/src/Codegen/TIR/mod.rs:10181;crates/jet-codegen/src/Codegen/TIR/routes.rs:671;crates/jet-codegen/src/Codegen/TIR/routes.rs:674;crates/jet-codegen/src/Codegen/TIR/routes.rs:678;crates/jet-codegen/src/Codegen/TIR/routes.rs:720;crates/jet-codegen/src/Codegen/TIR/routes.rs:723;crates/jet-codegen/src/Codegen/TIR/routes.rs:727;crates/jet-codegen/src/Codegen/TIR/routes.rs:733	examples/features/basics/build/callbacks.rs:9489;examples/features/basics/build/callbacks.rs:9490;examples/features/basics/build/callbacks.rs:9911;examples/features/basics/build/callbacks.rs:12200;examples/features/basics/build/callbacks.rs:15599;examples/features/basics/build/callbacks.rs:15600;examples/features/basics/build/callbacks.rs:15603;examples/features/basics/build/callbacks.rs:15609;examples/features/basics/build/callbacks.rs:15610;examples/features/basics/build/callbacks.rs:15615;examples/features/basics/build/callbacks.rs:15616;examples/features/basics/build/callbacks.rs:15619;examples/features/basics/build/callbacks.rs:15625;examples/features/basics/build/callbacks.rs:15626;examples/features/basics/build/callbacks.rs:15639;examples/features/basics/build/callbacks.rs:15641;examples/features/basics/build/callbacks.rs:15644;examples/features/basics/build/callbacks.rs:15646	crates/jet-cli/src/Help/Interactive.rs:690;crates/jet-cli/src/Help/Interactive.rs:698;crates/jet-cli/src/Help/Interactive.rs:722;crates/jet-cli/src/Help/Interactive.rs:828;crates/jet-codegen/src/Codegen/MIREval.rs:5381;crates/jet-codegen/src/Codegen/MIREval.rs:5382;crates/jet-codegen/src/Codegen/Plugin.rs:1370;crates/jet-codegen/src/Codegen/TIR/lower/builtins.rs:418;crates/jet-codegen/src/Codegen/TIR/lower/builtins.rs:451;crates/jet-codegen/src/Codegen/TIR/mod.rs:10045;crates/jet-codegen/src/Codegen/TIR/mod.rs:10181;crates/jet-codegen/src/Codegen/TIR/routes.rs:671;crates/jet-codegen/src/Codegen/TIR/routes.rs:674;crates/jet-codegen/src/Codegen/TIR/routes.rs:678;crates/jet-codegen/src/Codegen/TIR/routes.rs:720;crates/jet-codegen/src/Codegen/TIR/routes.rs:723;crates/jet-codegen/src/Codegen/TIR/routes.rs:727;crates/jet-codegen/src/Codegen/TIR/routes.rs:733					
core_effect_leaf	core-receiver:Stderr.write	receiver	Stderr.write	missing					authority:application-boundary,authority:canonical-holds		crates/jet-foundation/src/Syntax/core_calls.rs:469;crates/jet-foundation/src/Syntax/core_calls.rs:550	crates/jet-cli/src/CLI.rs:75;crates/jet-cli/src/CLI.rs:76;crates/jet-cli/src/CLI.rs:77;crates/jet-cli/src/CLI.rs:78;crates/jet-cli/src/CLI.rs:79;crates/jet-cli/src/CLI.rs:97;crates/jet-cli/src/CLI.rs:727;crates/jet-cli/src/CLI.rs:859;crates/jet-cli/src/CLI.rs:866;crates/jet-cli/src/CLI.rs:873;crates/jet-cli/src/CLI.rs:1869;crates/jet-cli/src/CommandHarness.rs:404;crates/jet-cli/src/CommandHarness.rs:406;crates/jet-cli/src/DynamicCompletions.rs:544;crates/jet-cli/src/DynamicCompletions.rs:545;crates/jet-cli/src/DynamicCompletions.rs:547;crates/jet-cli/src/DynamicCompletions.rs:550;crates/jet-cli/src/DynamicCompletions.rs:552	crates/jet-sema/tests/generic_module_body.rs:492;crates/jet-sema/tests/generic_module_body.rs:497;crates/jet-sema/tests/generic_module_body.rs:517;crates/jet-sema/tests/generic_module_body.rs:522;crates/jet-sema/tests/generic_module_body.rs:527;crates/jet-sema/tests/generic_module_body.rs:528;crates/jet-sema/tests/generic_module_body.rs:534;crates/jet-sema/tests/generic_module_body.rs:543;crates/jetpack-bin/tests/build_plugin_e2e.rs:145;crates/jetpack-bin/tests/build_plugin_e2e.rs:152;crates/jetpack-bin/tests/build_plugin_e2e.rs:198;crates/jetpack-bin/tests/build_plugin_e2e.rs:204;crates/jetpack-bin/tests/build_plugin_e2e.rs:228;crates/jetpack-bin/tests/build_plugin_e2e.rs:234;crates/jetpack-bin/tests/build_plugin_e2e.rs:249;crates/jetpack-bin/tests/build_plugin_e2e.rs:257;crates/jetpack-bin/tests/build_plugin_e2e.rs:276;crates/jetpack-bin/tests/build_plugin_e2e.rs:284	crates/jet-cli/src/CLI.rs:75;crates/jet-cli/src/CLI.rs:76;crates/jet-cli/src/CLI.rs:77;crates/jet-cli/src/CLI.rs:78;crates/jet-cli/src/CLI.rs:79;crates/jet-cli/src/CLI.rs:97;crates/jet-cli/src/CLI.rs:727;crates/jet-cli/src/CLI.rs:859;crates/jet-cli/src/CLI.rs:866;crates/jet-cli/src/CLI.rs:873;crates/jet-cli/src/CLI.rs:1869;crates/jet-cli/src/CommandHarness.rs:404;crates/jet-cli/src/CommandHarness.rs:406;crates/jet-cli/src/DynamicCompletions.rs:544;crates/jet-cli/src/DynamicCompletions.rs:545;crates/jet-cli/src/DynamicCompletions.rs:547;crates/jet-cli/src/DynamicCompletions.rs:550;crates/jet-cli/src/DynamicCompletions.rs:552					
core_effect_leaf	core-receiver:Stderr.write_bytes	receiver	Stderr.write_bytes	missing					authority:application-boundary,authority:canonical-holds		crates/jet-foundation/src/Syntax/core_calls.rs:469;crates/jet-foundation/src/Syntax/core_calls.rs:550	crates/jet-codegen/src/Codegen/TIR/lower/builtins.rs:411;crates/jet-codegen/src/Codegen/TIR/lower/builtins.rs:1007;crates/jet-codegen/src/Codegen/TIR/routes.rs:732;crates/jet-codegen/src/Codegen/TIR/routes.rs:737;crates/jet-codegen/src/Codegen/TIR/routes.rs:809;crates/jet-codegen/src/Codegen/TIR/subset/builtin_methods.rs:101;crates/jet-codegen/src/Codegen/TIR/subset/handles.rs:230;crates/jet-codegen/src/Codegen/TIR/subset/handles.rs:235;crates/jet-codegen/src/Codegen/TIR/tests.rs:1592;crates/jet-codegen/src/Prelude/Core.jet:56;crates/jet-codegen/src/Prelude/Core.jet:149;crates/jet-codegen/src/Prelude/Core.jet:1653;crates/jet-codegen/src/Prelude/Core/Bytes.rs:83;crates/jet-codegen/src/Prelude/Core/Bytes.rs:87;crates/jet-codegen/src/Prelude/CoreLib/ProcessPty.rs:451;crates/jet-codegen/src/Prelude/CoreLib/ProcessPty.rs:770;crates/jet-codegen/src/Prelude/CoreLib/ProcessPty.rs:1169;crates/jet-codegen/src/Prelude/CoreLib/Top/EncodingStream.rs:1099	examples/embedded/wasi/run.jet:10;examples/features/basics/build/callbacks.rs:11987;examples/features/basics/build/callbacks.rs:11991;examples/features/basics/build/callbacks.rs:19579;examples/features/basics/build/callbacks.rs:54177;examples/features/basics/build/callbacks.rs:54197;examples/features/basics/build/callbacks.rs:54200;examples/features/basics/build/callbacks.rs:54201;examples/features/basics/build/callbacks.rs:54202;examples/features/basics/build/callbacks.rs:54203;examples/features/basics/build/callbacks.rs:54204;examples/features/basics/build/callbacks.rs:54205;examples/features/basics/build/callbacks.rs:54206;examples/features/basics/build/callbacks.rs:54211;examples/features/basics/build/callbacks.rs:54215;examples/features/basics/build/callbacks.rs:54219;examples/features/basics/build/callbacks.rs:54224;examples/features/basics/build/callbacks.rs:54316	crates/jet-codegen/src/Codegen/TIR/lower/builtins.rs:411;crates/jet-codegen/src/Codegen/TIR/lower/builtins.rs:1007;crates/jet-codegen/src/Codegen/TIR/routes.rs:732;crates/jet-codegen/src/Codegen/TIR/routes.rs:737;crates/jet-codegen/src/Codegen/TIR/routes.rs:809;crates/jet-codegen/src/Codegen/TIR/subset/builtin_methods.rs:101;crates/jet-codegen/src/Codegen/TIR/subset/handles.rs:230;crates/jet-codegen/src/Codegen/TIR/subset/handles.rs:235;crates/jet-codegen/src/Codegen/TIR/tests.rs:1592;crates/jet-codegen/src/Prelude/Core/Bytes.rs:83;crates/jet-codegen/src/Prelude/Core/Bytes.rs:87;crates/jet-codegen/src/Prelude/CoreLib/ProcessPty.rs:451;crates/jet-codegen/src/Prelude/CoreLib/ProcessPty.rs:770;crates/jet-codegen/src/Prelude/CoreLib/ProcessPty.rs:1169;crates/jet-codegen/src/Prelude/CoreLib/Top/EncodingStream.rs:1099;crates/jet-codegen/src/Prelude/CoreLib/Top/EncodingStream.rs:1119;crates/jet-codegen/src/Prelude/CoreLib/Top/EncodingStream.rs:1122;crates/jet-codegen/src/Prelude/CoreLib/Top/EncodingStream.rs:1123					
core_effect_leaf	core-receiver:Stderr.write_line	receiver	Stderr.write_line	missing					authority:application-boundary,authority:canonical-holds		crates/jet-foundation/src/Syntax/core_calls.rs:469;crates/jet-foundation/src/Syntax/core_calls.rs:550	crates/jet-codegen/src/Codegen/TIR/mod.rs:10179;crates/jet-codegen/src/Codegen/TIR/routes.rs:670;crates/jet-codegen/src/Codegen/TIR/routes.rs:731;crates/jet-codegen/src/Codegen/TIR/routes.rs:736;crates/jet-codegen/src/Codegen/TIR/subset/handles.rs:200;crates/jet-codegen/src/Codegen/TIR/subset/handles.rs:229;crates/jet-codegen/src/Codegen/TIR/subset/handles.rs:234;crates/jet-codegen/src/Codegen/TIR/subset/methods.rs:1721;crates/jet-codegen/src/Codegen/TIR/tests.rs:1651;crates/jet-codegen/src/Codegen/TIR/tests.rs:1691;crates/jet-foundation/src/Syntax/core_calls.rs:478;crates/jet-foundation/src/Syntax/core_calls.rs:480;crates/jet-sema/src/Sema/CheckerCoreLib/core_types.rs:3405;crates/jet-sema/src/Sema/CheckerCoreLib/core_types.rs:3419;crates/jet-sema/src/Sema/CheckerCoreLib/core_types.rs:3420;crates/jet-sema/src/Sema/CheckerCoreLib/core_types.rs:3447	examples/features/foundations/storage/log.jet:48;examples/features/io/stream.jet:18;examples/features/io/terminal_parity.jet:30;examples/features/io/terminal_parity.jet:39;tests/conformance/corpus/core/files/create.jet:9;tests/conformance/corpus/core/files/glob.jet:9;tests/conformance/corpus/core/files/open.jet:9;tests/conformance/corpus/core/files/rename.jet:10;tests/conformance/corpus/core/files/walk_files.jet:9;tests/conformance/corpus/core/files/walk_parallel.jet:9;tests/conformance/corpus/core/files/walk.jet:9;tests/corelib_parts/net.rs:1349;tests/tir_core_and_closures.rs:1016;tests/tir_core_and_closures.rs:1033;tests/ui/e2501_bad_handle_method.jet:6	crates/jet-codegen/src/Codegen/TIR/mod.rs:10179;crates/jet-codegen/src/Codegen/TIR/routes.rs:670;crates/jet-codegen/src/Codegen/TIR/routes.rs:731;crates/jet-codegen/src/Codegen/TIR/routes.rs:736;crates/jet-codegen/src/Codegen/TIR/subset/handles.rs:200;crates/jet-codegen/src/Codegen/TIR/subset/handles.rs:229;crates/jet-codegen/src/Codegen/TIR/subset/handles.rs:234;crates/jet-codegen/src/Codegen/TIR/subset/methods.rs:1721;crates/jet-codegen/src/Codegen/TIR/tests.rs:1651;crates/jet-codegen/src/Codegen/TIR/tests.rs:1691;crates/jet-foundation/src/Syntax/core_calls.rs:478;crates/jet-foundation/src/Syntax/core_calls.rs:480;crates/jet-sema/src/Sema/CheckerCoreLib/core_types.rs:3405;crates/jet-sema/src/Sema/CheckerCoreLib/core_types.rs:3419;crates/jet-sema/src/Sema/CheckerCoreLib/core_types.rs:3420;crates/jet-sema/src/Sema/CheckerCoreLib/core_types.rs:3447					
core_effect_leaf	core-receiver:Stdout.flush	receiver	Stdout.flush	missing					authority:application-boundary,authority:canonical-holds		crates/jet-foundation/src/Syntax/core_calls.rs:469;crates/jet-foundation/src/Syntax/core_calls.rs:550	crates/jet-cli/src/Help/Interactive.rs:690;crates/jet-cli/src/Help/Interactive.rs:698;crates/jet-cli/src/Help/Interactive.rs:722;crates/jet-cli/src/Help/Interactive.rs:828;crates/jet-codegen/src/Codegen/MIREval.rs:5381;crates/jet-codegen/src/Codegen/MIREval.rs:5382;crates/jet-codegen/src/Codegen/Plugin.rs:1370;crates/jet-codegen/src/Codegen/TIR/lower/builtins.rs:418;crates/jet-codegen/src/Codegen/TIR/lower/builtins.rs:451;crates/jet-codegen/src/Codegen/TIR/mod.rs:10045;crates/jet-codegen/src/Codegen/TIR/mod.rs:10181;crates/jet-codegen/src/Codegen/TIR/routes.rs:671;crates/jet-codegen/src/Codegen/TIR/routes.rs:674;crates/jet-codegen/src/Codegen/TIR/routes.rs:678;crates/jet-codegen/src/Codegen/TIR/routes.rs:720;crates/jet-codegen/src/Codegen/TIR/routes.rs:723;crates/jet-codegen/src/Codegen/TIR/routes.rs:727;crates/jet-codegen/src/Codegen/TIR/routes.rs:733	examples/features/basics/build/callbacks.rs:9489;examples/features/basics/build/callbacks.rs:9490;examples/features/basics/build/callbacks.rs:9911;examples/features/basics/build/callbacks.rs:12200;examples/features/basics/build/callbacks.rs:15599;examples/features/basics/build/callbacks.rs:15600;examples/features/basics/build/callbacks.rs:15603;examples/features/basics/build/callbacks.rs:15609;examples/features/basics/build/callbacks.rs:15610;examples/features/basics/build/callbacks.rs:15615;examples/features/basics/build/callbacks.rs:15616;examples/features/basics/build/callbacks.rs:15619;examples/features/basics/build/callbacks.rs:15625;examples/features/basics/build/callbacks.rs:15626;examples/features/basics/build/callbacks.rs:15639;examples/features/basics/build/callbacks.rs:15641;examples/features/basics/build/callbacks.rs:15644;examples/features/basics/build/callbacks.rs:15646	crates/jet-cli/src/Help/Interactive.rs:690;crates/jet-cli/src/Help/Interactive.rs:698;crates/jet-cli/src/Help/Interactive.rs:722;crates/jet-cli/src/Help/Interactive.rs:828;crates/jet-codegen/src/Codegen/MIREval.rs:5381;crates/jet-codegen/src/Codegen/MIREval.rs:5382;crates/jet-codegen/src/Codegen/Plugin.rs:1370;crates/jet-codegen/src/Codegen/TIR/lower/builtins.rs:418;crates/jet-codegen/src/Codegen/TIR/lower/builtins.rs:451;crates/jet-codegen/src/Codegen/TIR/mod.rs:10045;crates/jet-codegen/src/Codegen/TIR/mod.rs:10181;crates/jet-codegen/src/Codegen/TIR/routes.rs:671;crates/jet-codegen/src/Codegen/TIR/routes.rs:674;crates/jet-codegen/src/Codegen/TIR/routes.rs:678;crates/jet-codegen/src/Codegen/TIR/routes.rs:720;crates/jet-codegen/src/Codegen/TIR/routes.rs:723;crates/jet-codegen/src/Codegen/TIR/routes.rs:727;crates/jet-codegen/src/Codegen/TIR/routes.rs:733					
core_effect_leaf	core-receiver:Stdout.write	receiver	Stdout.write	missing					authority:application-boundary,authority:canonical-holds		crates/jet-foundation/src/Syntax/core_calls.rs:469;crates/jet-foundation/src/Syntax/core_calls.rs:550	crates/jet-cli/src/CLI.rs:75;crates/jet-cli/src/CLI.rs:76;crates/jet-cli/src/CLI.rs:77;crates/jet-cli/src/CLI.rs:78;crates/jet-cli/src/CLI.rs:79;crates/jet-cli/src/CLI.rs:97;crates/jet-cli/src/CLI.rs:727;crates/jet-cli/src/CLI.rs:859;crates/jet-cli/src/CLI.rs:866;crates/jet-cli/src/CLI.rs:873;crates/jet-cli/src/CLI.rs:1869;crates/jet-cli/src/CommandHarness.rs:404;crates/jet-cli/src/CommandHarness.rs:406;crates/jet-cli/src/DynamicCompletions.rs:544;crates/jet-cli/src/DynamicCompletions.rs:545;crates/jet-cli/src/DynamicCompletions.rs:547;crates/jet-cli/src/DynamicCompletions.rs:550;crates/jet-cli/src/DynamicCompletions.rs:552	crates/jet-sema/tests/generic_module_body.rs:492;crates/jet-sema/tests/generic_module_body.rs:497;crates/jet-sema/tests/generic_module_body.rs:517;crates/jet-sema/tests/generic_module_body.rs:522;crates/jet-sema/tests/generic_module_body.rs:527;crates/jet-sema/tests/generic_module_body.rs:528;crates/jet-sema/tests/generic_module_body.rs:534;crates/jet-sema/tests/generic_module_body.rs:543;crates/jetpack-bin/tests/build_plugin_e2e.rs:145;crates/jetpack-bin/tests/build_plugin_e2e.rs:152;crates/jetpack-bin/tests/build_plugin_e2e.rs:198;crates/jetpack-bin/tests/build_plugin_e2e.rs:204;crates/jetpack-bin/tests/build_plugin_e2e.rs:228;crates/jetpack-bin/tests/build_plugin_e2e.rs:234;crates/jetpack-bin/tests/build_plugin_e2e.rs:249;crates/jetpack-bin/tests/build_plugin_e2e.rs:257;crates/jetpack-bin/tests/build_plugin_e2e.rs:276;crates/jetpack-bin/tests/build_plugin_e2e.rs:284	crates/jet-cli/src/CLI.rs:75;crates/jet-cli/src/CLI.rs:76;crates/jet-cli/src/CLI.rs:77;crates/jet-cli/src/CLI.rs:78;crates/jet-cli/src/CLI.rs:79;crates/jet-cli/src/CLI.rs:97;crates/jet-cli/src/CLI.rs:727;crates/jet-cli/src/CLI.rs:859;crates/jet-cli/src/CLI.rs:866;crates/jet-cli/src/CLI.rs:873;crates/jet-cli/src/CLI.rs:1869;crates/jet-cli/src/CommandHarness.rs:404;crates/jet-cli/src/CommandHarness.rs:406;crates/jet-cli/src/DynamicCompletions.rs:544;crates/jet-cli/src/DynamicCompletions.rs:545;crates/jet-cli/src/DynamicCompletions.rs:547;crates/jet-cli/src/DynamicCompletions.rs:550;crates/jet-cli/src/DynamicCompletions.rs:552					
core_effect_leaf	core-receiver:Stdout.write_bytes	receiver	Stdout.write_bytes	missing					authority:application-boundary,authority:canonical-holds		crates/jet-foundation/src/Syntax/core_calls.rs:469;crates/jet-foundation/src/Syntax/core_calls.rs:550	crates/jet-codegen/src/Codegen/TIR/lower/builtins.rs:411;crates/jet-codegen/src/Codegen/TIR/lower/builtins.rs:1007;crates/jet-codegen/src/Codegen/TIR/routes.rs:732;crates/jet-codegen/src/Codegen/TIR/routes.rs:737;crates/jet-codegen/src/Codegen/TIR/routes.rs:809;crates/jet-codegen/src/Codegen/TIR/subset/builtin_methods.rs:101;crates/jet-codegen/src/Codegen/TIR/subset/handles.rs:230;crates/jet-codegen/src/Codegen/TIR/subset/handles.rs:235;crates/jet-codegen/src/Codegen/TIR/tests.rs:1592;crates/jet-codegen/src/Prelude/Core.jet:56;crates/jet-codegen/src/Prelude/Core.jet:149;crates/jet-codegen/src/Prelude/Core.jet:1653;crates/jet-codegen/src/Prelude/Core/Bytes.rs:83;crates/jet-codegen/src/Prelude/Core/Bytes.rs:87;crates/jet-codegen/src/Prelude/CoreLib/ProcessPty.rs:451;crates/jet-codegen/src/Prelude/CoreLib/ProcessPty.rs:770;crates/jet-codegen/src/Prelude/CoreLib/ProcessPty.rs:1169;crates/jet-codegen/src/Prelude/CoreLib/Top/EncodingStream.rs:1099	examples/embedded/wasi/run.jet:10;examples/features/basics/build/callbacks.rs:11987;examples/features/basics/build/callbacks.rs:11991;examples/features/basics/build/callbacks.rs:19579;examples/features/basics/build/callbacks.rs:54177;examples/features/basics/build/callbacks.rs:54197;examples/features/basics/build/callbacks.rs:54200;examples/features/basics/build/callbacks.rs:54201;examples/features/basics/build/callbacks.rs:54202;examples/features/basics/build/callbacks.rs:54203;examples/features/basics/build/callbacks.rs:54204;examples/features/basics/build/callbacks.rs:54205;examples/features/basics/build/callbacks.rs:54206;examples/features/basics/build/callbacks.rs:54211;examples/features/basics/build/callbacks.rs:54215;examples/features/basics/build/callbacks.rs:54219;examples/features/basics/build/callbacks.rs:54224;examples/features/basics/build/callbacks.rs:54316	crates/jet-codegen/src/Codegen/TIR/lower/builtins.rs:411;crates/jet-codegen/src/Codegen/TIR/lower/builtins.rs:1007;crates/jet-codegen/src/Codegen/TIR/routes.rs:732;crates/jet-codegen/src/Codegen/TIR/routes.rs:737;crates/jet-codegen/src/Codegen/TIR/routes.rs:809;crates/jet-codegen/src/Codegen/TIR/subset/builtin_methods.rs:101;crates/jet-codegen/src/Codegen/TIR/subset/handles.rs:230;crates/jet-codegen/src/Codegen/TIR/subset/handles.rs:235;crates/jet-codegen/src/Codegen/TIR/tests.rs:1592;crates/jet-codegen/src/Prelude/Core/Bytes.rs:83;crates/jet-codegen/src/Prelude/Core/Bytes.rs:87;crates/jet-codegen/src/Prelude/CoreLib/ProcessPty.rs:451;crates/jet-codegen/src/Prelude/CoreLib/ProcessPty.rs:770;crates/jet-codegen/src/Prelude/CoreLib/ProcessPty.rs:1169;crates/jet-codegen/src/Prelude/CoreLib/Top/EncodingStream.rs:1099;crates/jet-codegen/src/Prelude/CoreLib/Top/EncodingStream.rs:1119;crates/jet-codegen/src/Prelude/CoreLib/Top/EncodingStream.rs:1122;crates/jet-codegen/src/Prelude/CoreLib/Top/EncodingStream.rs:1123					
core_effect_leaf	core-receiver:Stdout.write_line	receiver	Stdout.write_line	missing					authority:application-boundary,authority:canonical-holds		crates/jet-foundation/src/Syntax/core_calls.rs:469;crates/jet-foundation/src/Syntax/core_calls.rs:550	crates/jet-codegen/src/Codegen/TIR/mod.rs:10179;crates/jet-codegen/src/Codegen/TIR/routes.rs:670;crates/jet-codegen/src/Codegen/TIR/routes.rs:731;crates/jet-codegen/src/Codegen/TIR/routes.rs:736;crates/jet-codegen/src/Codegen/TIR/subset/handles.rs:200;crates/jet-codegen/src/Codegen/TIR/subset/handles.rs:229;crates/jet-codegen/src/Codegen/TIR/subset/handles.rs:234;crates/jet-codegen/src/Codegen/TIR/subset/methods.rs:1721;crates/jet-codegen/src/Codegen/TIR/tests.rs:1651;crates/jet-codegen/src/Codegen/TIR/tests.rs:1691;crates/jet-foundation/src/Syntax/core_calls.rs:478;crates/jet-foundation/src/Syntax/core_calls.rs:480;crates/jet-sema/src/Sema/CheckerCoreLib/core_types.rs:3405;crates/jet-sema/src/Sema/CheckerCoreLib/core_types.rs:3419;crates/jet-sema/src/Sema/CheckerCoreLib/core_types.rs:3420;crates/jet-sema/src/Sema/CheckerCoreLib/core_types.rs:3447	examples/features/foundations/storage/log.jet:48;examples/features/io/stream.jet:18;examples/features/io/terminal_parity.jet:30;examples/features/io/terminal_parity.jet:39;tests/conformance/corpus/core/files/create.jet:9;tests/conformance/corpus/core/files/glob.jet:9;tests/conformance/corpus/core/files/open.jet:9;tests/conformance/corpus/core/files/rename.jet:10;tests/conformance/corpus/core/files/walk_files.jet:9;tests/conformance/corpus/core/files/walk_parallel.jet:9;tests/conformance/corpus/core/files/walk.jet:9;tests/corelib_parts/net.rs:1349;tests/tir_core_and_closures.rs:1016;tests/tir_core_and_closures.rs:1033;tests/ui/e2501_bad_handle_method.jet:6	crates/jet-codegen/src/Codegen/TIR/mod.rs:10179;crates/jet-codegen/src/Codegen/TIR/routes.rs:670;crates/jet-codegen/src/Codegen/TIR/routes.rs:731;crates/jet-codegen/src/Codegen/TIR/routes.rs:736;crates/jet-codegen/src/Codegen/TIR/subset/handles.rs:200;crates/jet-codegen/src/Codegen/TIR/subset/handles.rs:229;crates/jet-codegen/src/Codegen/TIR/subset/handles.rs:234;crates/jet-codegen/src/Codegen/TIR/subset/methods.rs:1721;crates/jet-codegen/src/Codegen/TIR/tests.rs:1651;crates/jet-codegen/src/Codegen/TIR/tests.rs:1691;crates/jet-foundation/src/Syntax/core_calls.rs:478;crates/jet-foundation/src/Syntax/core_calls.rs:480;crates/jet-sema/src/Sema/CheckerCoreLib/core_types.rs:3405;crates/jet-sema/src/Sema/CheckerCoreLib/core_types.rs:3419;crates/jet-sema/src/Sema/CheckerCoreLib/core_types.rs:3420;crates/jet-sema/src/Sema/CheckerCoreLib/core_types.rs:3447					
core_effect_leaf	core-receiver:Task.join	receiver	Task.join	missing					authority:application-boundary,authority:canonical-holds		crates/jet-foundation/src/Syntax/core_calls.rs:469;crates/jet-foundation/src/Syntax/core_calls.rs:550	crates/jet-cli/src/AdaptiveTable.rs:430;crates/jet-cli/src/AdaptiveTable.rs:534;crates/jet-cli/src/AdaptiveTable.rs:538;crates/jet-cli/src/AdaptiveTable.rs:549;crates/jet-cli/src/AdaptiveTable.rs:558;crates/jet-cli/src/AdaptiveTable.rs:561;crates/jet-cli/src/CLI.rs:163;crates/jet-cli/src/CLI.rs:176;crates/jet-cli/src/CLI.rs:921;crates/jet-cli/src/CLI.rs:2080;crates/jet-cli/src/CLI.rs:2519;crates/jet-cli/src/CLI.rs:2520;crates/jet-cli/src/CLI.rs:2539;crates/jet-cli/src/CLI.rs:2543;crates/jet-cli/src/CLI.rs:2591;crates/jet-cli/src/CLI.rs:2595;crates/jet-cli/src/CLI.rs:2680;crates/jet-cli/src/CLI.rs:2690	crates/jet-rt/tests/gc_collector.rs:100;crates/jet-rt/tests/gc_collector.rs:146;crates/jet-rt/tests/gc_collector.rs:295;crates/jet-sema/tests/generic_module_body.rs:484;crates/jet-sema/tests/generic_module_body.rs:488;crates/jet-sema/tests/generic_module_body.rs:489;crates/jet-sema/tests/generic_module_body.rs:493;crates/jet-sema/tests/generic_module_body.rs:498;crates/jet-sema/tests/generic_module_body.rs:512;crates/jet-sema/tests/generic_module_body.rs:513;crates/jet-sema/tests/generic_module_body.rs:514;crates/jet-sema/tests/generic_module_body.rs:515;crates/jet-sema/tests/generic_module_body.rs:516;crates/jet-sema/tests/generic_module_body.rs:518;crates/jet-sema/tests/generic_module_body.rs:523;crates/jet-sema/tests/generic_module_body.rs:527;crates/jet-sema/tests/generic_module_body.rs:528;crates/jet-sema/tests/generic_module_body.rs:535	crates/jet-cli/src/AdaptiveTable.rs:430;crates/jet-cli/src/AdaptiveTable.rs:534;crates/jet-cli/src/AdaptiveTable.rs:538;crates/jet-cli/src/AdaptiveTable.rs:549;crates/jet-cli/src/AdaptiveTable.rs:558;crates/jet-cli/src/AdaptiveTable.rs:561;crates/jet-cli/src/CLI.rs:163;crates/jet-cli/src/CLI.rs:176;crates/jet-cli/src/CLI.rs:921;crates/jet-cli/src/CLI.rs:2080;crates/jet-cli/src/CLI.rs:2519;crates/jet-cli/src/CLI.rs:2520;crates/jet-cli/src/CLI.rs:2539;crates/jet-cli/src/CLI.rs:2543;crates/jet-cli/src/CLI.rs:2591;crates/jet-cli/src/CLI.rs:2595;crates/jet-cli/src/CLI.rs:2680;crates/jet-cli/src/CLI.rs:2690					
core_effect_leaf	core-receiver:TcpListener.accept	receiver	TcpListener.accept	missing					authority:application-boundary,authority:canonical-holds		crates/jet-foundation/src/Syntax/core_calls.rs:469;crates/jet-foundation/src/Syntax/core_calls.rs:550	crates/jet-cli/src/CLI.rs:432;crates/jet-cli/src/CLI.rs:2053;crates/jet-cli/src/Help/Interactive.rs:426;crates/jet-cli/src/Tape.rs:357;crates/jet-codegen/src/Codegen/Plugin.rs:1372;crates/jet-codegen/src/Codegen/TIR/mod.rs:5721;crates/jet-codegen/src/Codegen/TIR/mod.rs:9512;crates/jet-codegen/src/Codegen/TIR/mod.rs:10333;crates/jet-codegen/src/Codegen/TIR/routes.rs:800;crates/jet-codegen/src/Codegen/TIR/subset/handles.rs:312;crates/jet-codegen/src/Codegen/TIR/subset/handles.rs:329;crates/jet-codegen/src/Codegen/TIR/subset/methods.rs:1082;crates/jet-codegen/src/Codegen/TIR/subset/methods.rs:1722;crates/jet-codegen/src/Codegen/TIR/subset/statements.rs:628;crates/jet-codegen/src/Codegen/TIR/subset/types.rs:512;crates/jet-codegen/src/Codegen/TIR/tests.rs:1181;crates/jet-codegen/src/Codegen/TIR/tests.rs:1183;crates/jet-codegen/src/Codegen/TIR/tests.rs:1189	crates/jetpack-bin/tests/compiler_extension_e2e.rs:6;crates/jetpack/src/Store/Tests/tests/nix_projection.rs:723;examples/features/basics/build/callbacks.rs:10123;examples/features/basics/build/callbacks.rs:18133;examples/features/basics/build/callbacks.rs:22866;examples/features/basics/build/callbacks.rs:33695;examples/features/basics/build/callbacks.rs:56722;examples/features/basics/build/callbacks.rs:56924;examples/features/basics/build/callbacks.rs:56984;examples/features/basics/build/callbacks.rs:56986;examples/features/basics/build/callbacks.rs:59803;examples/features/basics/build/callbacks.rs:60688;examples/features/basics/build/callbacks.rs:61577;examples/features/basics/build/callbacks.rs:61579;examples/features/basics/build/callbacks.rs:61588;examples/features/basics/build/callbacks.rs:61592;examples/features/basics/build/callbacks.rs:61595;examples/features/basics/build/callbacks.rs:61601	crates/jet-cli/src/CLI.rs:432;crates/jet-cli/src/CLI.rs:2053;crates/jet-cli/src/Help/Interactive.rs:426;crates/jet-cli/src/Tape.rs:357;crates/jet-codegen/src/Codegen/Plugin.rs:1372;crates/jet-codegen/src/Codegen/TIR/mod.rs:5721;crates/jet-codegen/src/Codegen/TIR/mod.rs:9512;crates/jet-codegen/src/Codegen/TIR/mod.rs:10333;crates/jet-codegen/src/Codegen/TIR/routes.rs:800;crates/jet-codegen/src/Codegen/TIR/subset/handles.rs:312;crates/jet-codegen/src/Codegen/TIR/subset/handles.rs:329;crates/jet-codegen/src/Codegen/TIR/subset/methods.rs:1082;crates/jet-codegen/src/Codegen/TIR/subset/methods.rs:1722;crates/jet-codegen/src/Codegen/TIR/subset/statements.rs:628;crates/jet-codegen/src/Codegen/TIR/subset/types.rs:512;crates/jet-codegen/src/Codegen/TIR/tests.rs:1181;crates/jet-codegen/src/Codegen/TIR/tests.rs:1183;crates/jet-codegen/src/Codegen/TIR/tests.rs:1189					
core_effect_leaf	core-receiver:TcpStream.read	receiver	TcpStream.read	missing					authority:application-boundary,authority:canonical-holds		crates/jet-foundation/src/Syntax/core_calls.rs:469;crates/jet-foundation/src/Syntax/core_calls.rs:550	crates/jet-canvas/src/html.rs:729;crates/jet-cli/src/AdaptiveTable.rs:254;crates/jet-cli/src/CLI.rs:241;crates/jet-cli/src/CLI.rs:727;crates/jet-cli/src/CLI.rs:796;crates/jet-cli/src/CLI.rs:1836;crates/jet-cli/src/CLI.rs:1847;crates/jet-cli/src/CLI.rs:2066;crates/jet-cli/src/DynamicCompletions.rs:465;crates/jet-cli/src/DynamicCompletions.rs:1426;crates/jet-cli/src/DynamicCompletions.rs:1430;crates/jet-cli/src/Explain.rs:253;crates/jet-cli/src/Explain.rs:305;crates/jet-cli/src/Explain.rs:319;crates/jet-cli/src/Help/mod.rs:167;crates/jet-cli/src/Help/mod.rs:563;crates/jet-cli/src/Help/Render.rs:578;crates/jet-cli/src/OutputProfile.rs:52	crates/jet-rt/tests/gc_collector.rs:98;crates/jet-rt/tests/gc_collector.rs:132;crates/jet-rt/tests/gc_collector.rs:232;crates/jet-rt/tests/gc_collector.rs:278;crates/jetpack/src/CLI/usage_tests.rs:81;crates/jetpack/src/CLI/usage_tests.rs:84;crates/jetpack/src/CLI/usage_tests.rs:151;crates/jetpack/src/Store/Tests/tests/late.rs:767;crates/jetpack/src/Store/Tests/tests/nix_projection.rs:752;examples/canon.jet:98;examples/canon.jet:124;examples/features/basics/branches.jet:3;examples/features/basics/build/callbacks.rs:2033;examples/features/basics/build/callbacks.rs:2925;examples/features/basics/build/callbacks.rs:3908;examples/features/basics/build/callbacks.rs:3947;examples/features/basics/build/callbacks.rs:3951;examples/features/basics/build/callbacks.rs:3957	crates/jet-canvas/src/html.rs:729;crates/jet-cli/src/AdaptiveTable.rs:254;crates/jet-cli/src/CLI.rs:241;crates/jet-cli/src/CLI.rs:727;crates/jet-cli/src/CLI.rs:796;crates/jet-cli/src/CLI.rs:1836;crates/jet-cli/src/CLI.rs:1847;crates/jet-cli/src/CLI.rs:2066;crates/jet-cli/src/DynamicCompletions.rs:465;crates/jet-cli/src/DynamicCompletions.rs:1426;crates/jet-cli/src/DynamicCompletions.rs:1430;crates/jet-cli/src/Explain.rs:253;crates/jet-cli/src/Explain.rs:305;crates/jet-cli/src/Explain.rs:319;crates/jet-cli/src/Help/mod.rs:167;crates/jet-cli/src/Help/mod.rs:563;crates/jet-cli/src/Help/Render.rs:578;crates/jet-cli/src/OutputProfile.rs:52					
core_effect_leaf	core-receiver:TcpStream.read_text	receiver	TcpStream.read_text	missing					authority:application-boundary,authority:canonical-holds		crates/jet-foundation/src/Syntax/core_calls.rs:469;crates/jet-foundation/src/Syntax/core_calls.rs:550	crates/jet-codegen/src/Codegen/Library.rs:362;crates/jet-codegen/src/Codegen/Library.rs:366;crates/jet-codegen/src/Codegen/Plugin.rs:394;crates/jet-codegen/src/Codegen/Plugin.rs:429;crates/jet-codegen/src/Codegen/Plugin.rs:448;crates/jet-codegen/src/Codegen/Plugin.rs:477;crates/jet-codegen/src/Codegen/Plugin.rs:500;crates/jet-codegen/src/Codegen/Plugin.rs:511;crates/jet-codegen/src/Codegen/Plugin.rs:534;crates/jet-codegen/src/Codegen/Plugin.rs:572;crates/jet-codegen/src/Codegen/Plugin.rs:584;crates/jet-codegen/src/Codegen/Plugin.rs:602;crates/jet-codegen/src/Codegen/Plugin.rs:629;crates/jet-codegen/src/Codegen/Plugin.rs:650;crates/jet-codegen/src/Codegen/Plugin.rs:658;crates/jet-codegen/src/Codegen/Plugin.rs:681;crates/jet-codegen/src/Codegen/Plugin.rs:987;crates/jet-codegen/src/Codegen/Plugin.rs:1017	examples/features/foundations/distributed/run.jet:56;examples/features/foundations/distributed/run.jet:82;examples/features/foundations/distributed/run.jet:83;examples/features/foundations/tooling/load/run.jet:13;examples/features/memory/parameter_modes.jet:9;examples/features/memory/parameter_modes.jet:30;examples/features/net/http_client.jet:15;examples/features/net/http_client.jet:18;examples/features/net/http_get.jet:15;examples/features/net/http_readiness.jet:11;examples/features/net/http_readiness.jet:132;examples/features/net/http_server_limits.jet:24;examples/features/net/http_server_limits.jet:35;examples/features/net/http_server_trailers.jet:34;examples/features/net/socket_echo.jet:16;examples/features/net/socket_echo.jet:30;examples/performance/receipts/http_ready/src/run.jet:92;examples/performance/receipts/http_ready/src/run.jet:103	crates/jet-codegen/src/Codegen/Library.rs:362;crates/jet-codegen/src/Codegen/Library.rs:366;crates/jet-codegen/src/Codegen/Plugin.rs:394;crates/jet-codegen/src/Codegen/Plugin.rs:429;crates/jet-codegen/src/Codegen/Plugin.rs:448;crates/jet-codegen/src/Codegen/Plugin.rs:477;crates/jet-codegen/src/Codegen/Plugin.rs:500;crates/jet-codegen/src/Codegen/Plugin.rs:511;crates/jet-codegen/src/Codegen/Plugin.rs:534;crates/jet-codegen/src/Codegen/Plugin.rs:572;crates/jet-codegen/src/Codegen/Plugin.rs:584;crates/jet-codegen/src/Codegen/Plugin.rs:602;crates/jet-codegen/src/Codegen/Plugin.rs:629;crates/jet-codegen/src/Codegen/Plugin.rs:650;crates/jet-codegen/src/Codegen/Plugin.rs:658;crates/jet-codegen/src/Codegen/Plugin.rs:681;crates/jet-codegen/src/Codegen/Plugin.rs:987;crates/jet-codegen/src/Codegen/Plugin.rs:1017					
core_effect_leaf	core-receiver:TcpStream.ready	receiver	TcpStream.ready	missing					authority:application-boundary,authority:canonical-holds		crates/jet-foundation/src/Syntax/core_calls.rs:469;crates/jet-foundation/src/Syntax/core_calls.rs:550	crates/jet-canvas/src/html.rs:101;crates/jet-canvas/src/html.rs:118;crates/jet-canvas/src/html.rs:125;crates/jet-cli/src/Headless.rs:128;crates/jet-cli/src/Headless.rs:216;crates/jet-cli/src/Headless.rs:217;crates/jet-cli/src/Headless.rs:357;crates/jet-cli/src/Headless.rs:441;crates/jet-cli/src/Headless.rs:442;crates/jet-cli/src/Help/Interactive.rs:428;crates/jet-codegen/src/Codegen/MIREval.rs:1822;crates/jet-codegen/src/Codegen/MIREval.rs:1829;crates/jet-codegen/src/Codegen/MIREval.rs:1852;crates/jet-codegen/src/Codegen/MIREval.rs:1933;crates/jet-codegen/src/Codegen/MIREval.rs:2129;crates/jet-codegen/src/Codegen/MIREval.rs:2132;crates/jet-codegen/src/Codegen/MIREval.rs:2141;crates/jet-codegen/src/Codegen/MIREval.rs:2148	examples/canon.jet:20;examples/canon.jet:21;examples/features/basics/build/callbacks.rs:15211;examples/features/basics/build/callbacks.rs:15215;examples/features/basics/build/callbacks.rs:15220;examples/features/basics/build/callbacks.rs:15433;examples/features/basics/build/callbacks.rs:15438;examples/features/basics/build/callbacks.rs:15462;examples/features/basics/build/callbacks.rs:38640;examples/features/basics/build/callbacks.rs:45199;examples/features/basics/build/callbacks.rs:45646;examples/features/basics/build/callbacks.rs:45657;examples/features/basics/build/callbacks.rs:47797;examples/features/basics/build/callbacks.rs:47798;examples/features/basics/build/callbacks.rs:61344;examples/features/basics/build/callbacks.rs:61346;examples/features/basics/build/callbacks.rs:61360;examples/features/basics/build/callbacks.rs:61827	crates/jet-canvas/src/html.rs:101;crates/jet-canvas/src/html.rs:118;crates/jet-canvas/src/html.rs:125;crates/jet-cli/src/Headless.rs:128;crates/jet-cli/src/Headless.rs:216;crates/jet-cli/src/Headless.rs:217;crates/jet-cli/src/Headless.rs:357;crates/jet-cli/src/Headless.rs:441;crates/jet-cli/src/Headless.rs:442;crates/jet-cli/src/Help/Interactive.rs:428;crates/jet-codegen/src/Codegen/MIREval.rs:1822;crates/jet-codegen/src/Codegen/MIREval.rs:1829;crates/jet-codegen/src/Codegen/MIREval.rs:1852;crates/jet-codegen/src/Codegen/MIREval.rs:1933;crates/jet-codegen/src/Codegen/MIREval.rs:2129;crates/jet-codegen/src/Codegen/MIREval.rs:2132;crates/jet-codegen/src/Codegen/MIREval.rs:2141;crates/jet-codegen/src/Codegen/MIREval.rs:2148					
core_effect_leaf	core-receiver:TcpStream.write	receiver	TcpStream.write	missing					authority:application-boundary,authority:canonical-holds		crates/jet-foundation/src/Syntax/core_calls.rs:469;crates/jet-foundation/src/Syntax/core_calls.rs:550	crates/jet-cli/src/CLI.rs:75;crates/jet-cli/src/CLI.rs:76;crates/jet-cli/src/CLI.rs:77;crates/jet-cli/src/CLI.rs:78;crates/jet-cli/src/CLI.rs:79;crates/jet-cli/src/CLI.rs:97;crates/jet-cli/src/CLI.rs:727;crates/jet-cli/src/CLI.rs:859;crates/jet-cli/src/CLI.rs:866;crates/jet-cli/src/CLI.rs:873;crates/jet-cli/src/CLI.rs:1869;crates/jet-cli/src/CommandHarness.rs:404;crates/jet-cli/src/CommandHarness.rs:406;crates/jet-cli/src/DynamicCompletions.rs:544;crates/jet-cli/src/DynamicCompletions.rs:545;crates/jet-cli/src/DynamicCompletions.rs:547;crates/jet-cli/src/DynamicCompletions.rs:550;crates/jet-cli/src/DynamicCompletions.rs:552	crates/jet-sema/tests/generic_module_body.rs:492;crates/jet-sema/tests/generic_module_body.rs:497;crates/jet-sema/tests/generic_module_body.rs:517;crates/jet-sema/tests/generic_module_body.rs:522;crates/jet-sema/tests/generic_module_body.rs:527;crates/jet-sema/tests/generic_module_body.rs:528;crates/jet-sema/tests/generic_module_body.rs:534;crates/jet-sema/tests/generic_module_body.rs:543;crates/jetpack-bin/tests/build_plugin_e2e.rs:145;crates/jetpack-bin/tests/build_plugin_e2e.rs:152;crates/jetpack-bin/tests/build_plugin_e2e.rs:198;crates/jetpack-bin/tests/build_plugin_e2e.rs:204;crates/jetpack-bin/tests/build_plugin_e2e.rs:228;crates/jetpack-bin/tests/build_plugin_e2e.rs:234;crates/jetpack-bin/tests/build_plugin_e2e.rs:249;crates/jetpack-bin/tests/build_plugin_e2e.rs:257;crates/jetpack-bin/tests/build_plugin_e2e.rs:276;crates/jetpack-bin/tests/build_plugin_e2e.rs:284	crates/jet-cli/src/CLI.rs:75;crates/jet-cli/src/CLI.rs:76;crates/jet-cli/src/CLI.rs:77;crates/jet-cli/src/CLI.rs:78;crates/jet-cli/src/CLI.rs:79;crates/jet-cli/src/CLI.rs:97;crates/jet-cli/src/CLI.rs:727;crates/jet-cli/src/CLI.rs:859;crates/jet-cli/src/CLI.rs:866;crates/jet-cli/src/CLI.rs:873;crates/jet-cli/src/CLI.rs:1869;crates/jet-cli/src/CommandHarness.rs:404;crates/jet-cli/src/CommandHarness.rs:406;crates/jet-cli/src/DynamicCompletions.rs:544;crates/jet-cli/src/DynamicCompletions.rs:545;crates/jet-cli/src/DynamicCompletions.rs:547;crates/jet-cli/src/DynamicCompletions.rs:550;crates/jet-cli/src/DynamicCompletions.rs:552					
core_effect_leaf	core-receiver:TcpStream.write_all	receiver	TcpStream.write_all	missing					authority:application-boundary,authority:canonical-holds		crates/jet-foundation/src/Syntax/core_calls.rs:469;crates/jet-foundation/src/Syntax/core_calls.rs:550	crates/jet-cli/src/Recording.rs:600;crates/jet-codegen/src/Codegen/TIR/lower/method_calls.rs:3413;crates/jet-codegen/src/Codegen/TIR/lower/method_calls.rs:3458;crates/jet-codegen/src/Codegen/TIR/subset/handles.rs:318;crates/jet-codegen/src/Codegen/TIR/subset/handles.rs:331;crates/jet-codegen/src/Codegen/TIR/subset/handles.rs:336;crates/jet-codegen/src/Codegen/TIR/subset/methods.rs:123;crates/jet-codegen/src/Prelude/Core.jet:71;crates/jet-codegen/src/Prelude/Core/Receipt.rs:301;crates/jet-codegen/src/Prelude/CoreLib/Email.rs:1193;crates/jet-codegen/src/Prelude/CoreLib/Email.rs:1317;crates/jet-codegen/src/Prelude/CoreLib/ProcessPty.rs:1215;crates/jet-codegen/src/Prelude/CoreLib/Top/EncodingHostileIo.rs:269;crates/jet-codegen/src/Prelude/CoreLib/Top/EncodingHostileIo.rs:297;crates/jet-codegen/src/Prelude/CoreLib/Top/EncodingHostileIo.rs:303;crates/jet-codegen/src/Prelude/CoreLib/Top/EncodingStream.rs:3254;crates/jet-codegen/src/Prelude/CoreLib/Top/EncodingStream.rs:3308;crates/jet-codegen/src/Prelude/CoreLib/Top/FileStream.rs:109	crates/jetpack-bin/tests/criterion1.rs:60;crates/jetpack/src/Store/Tests/tests/late.rs:507;crates/jetpack/src/Store/Tests/tests/nix_projection.rs:768;crates/jetpack/src/Store/Tests/tests/nix_projection.rs:769;crates/jetpack/src/Store/Tests/tests/nix_projection.rs:772;examples/features/basics/build/callbacks.rs:3158;examples/features/basics/build/callbacks.rs:9903;examples/features/basics/build/callbacks.rs:9905;examples/features/basics/build/callbacks.rs:9906;examples/features/basics/build/callbacks.rs:9908;examples/features/basics/build/callbacks.rs:9909;examples/features/basics/build/callbacks.rs:15606;examples/features/basics/build/callbacks.rs:15622;examples/features/basics/build/callbacks.rs:17196;examples/features/basics/build/callbacks.rs:19355;examples/features/basics/build/callbacks.rs:21295;examples/features/basics/build/callbacks.rs:51608;examples/features/basics/build/callbacks.rs:53034	crates/jet-cli/src/Recording.rs:600;crates/jet-codegen/src/Codegen/TIR/lower/method_calls.rs:3413;crates/jet-codegen/src/Codegen/TIR/lower/method_calls.rs:3458;crates/jet-codegen/src/Codegen/TIR/subset/handles.rs:318;crates/jet-codegen/src/Codegen/TIR/subset/handles.rs:331;crates/jet-codegen/src/Codegen/TIR/subset/handles.rs:336;crates/jet-codegen/src/Codegen/TIR/subset/methods.rs:123;crates/jet-codegen/src/Prelude/Core/Receipt.rs:301;crates/jet-codegen/src/Prelude/CoreLib/Email.rs:1193;crates/jet-codegen/src/Prelude/CoreLib/Email.rs:1317;crates/jet-codegen/src/Prelude/CoreLib/ProcessPty.rs:1215;crates/jet-codegen/src/Prelude/CoreLib/Top/EncodingHostileIo.rs:269;crates/jet-codegen/src/Prelude/CoreLib/Top/EncodingHostileIo.rs:297;crates/jet-codegen/src/Prelude/CoreLib/Top/EncodingHostileIo.rs:303;crates/jet-codegen/src/Prelude/CoreLib/Top/EncodingStream.rs:3254;crates/jet-codegen/src/Prelude/CoreLib/Top/EncodingStream.rs:3308;crates/jet-codegen/src/Prelude/CoreLib/Top/FileStream.rs:109;crates/jet-codegen/src/Prelude/CoreLib/Top/FileStream.rs:110					
core_effect_leaf	core-receiver:TcpStream.write_text	receiver	TcpStream.write_text	missing					authority:application-boundary,authority:canonical-holds		crates/jet-foundation/src/Syntax/core_calls.rs:469;crates/jet-foundation/src/Syntax/core_calls.rs:550	crates/jet-codegen/src/Codegen/TIR/routes.rs:811;crates/jet-codegen/src/Codegen/TIR/subset/handles.rs:319;crates/jet-codegen/src/Prelude/Core.jet:71;crates/jet-codegen/src/Prelude/Core.jet:96;crates/jet-codegen/src/Prelude/Core.jet:838;crates/jet-foundation/src/CoreModuleExports.rs:376;crates/jet-foundation/src/CoreModuleExports.rs:476;crates/jet-foundation/src/Effects.rs:203;crates/jet-foundation/src/Syntax/core_calls.rs:422;crates/jet-foundation/src/Syntax/core_calls.rs:521;crates/jet-foundation/src/Syntax/core_calls.rs:2208;crates/jet-jit/src/net_http_hosts.rs:1962;crates/jet-jit/src/Ui.rs:2750;crates/jet-jit/src/Ui.rs:2751;crates/jet-jit/src/Ui.rs:2752;crates/jet-jit/src/Ui.rs:3545;crates/jet-sema/src/Sema/CheckerCoreLib/fixed_sigs.rs:4379;crates/jet-sema/src/Sema/CheckerCoreLib/fixed_sigs.rs:5151	tests/conformance/corpus/core/net/ready_readable.jet:9;tests/conformance/corpus/core/net/tcp_read_text.jet:9;tests/conformance/corpus/core/net/tcp_read.jet:9;tests/conformance/corpus/core/net/tls/write_text.jet:1;tests/conformance/corpus/core/net/tls/write_text.jet:14;tests/corelib_parts/net.rs:446;tests/corelib_parts/net.rs:718;tests/corelib_parts/net.rs:1504	crates/jet-codegen/src/Codegen/TIR/routes.rs:811;crates/jet-codegen/src/Codegen/TIR/subset/handles.rs:319;crates/jet-foundation/src/CoreModuleExports.rs:376;crates/jet-foundation/src/CoreModuleExports.rs:476;crates/jet-foundation/src/Effects.rs:203;crates/jet-foundation/src/Syntax/core_calls.rs:422;crates/jet-foundation/src/Syntax/core_calls.rs:521;crates/jet-foundation/src/Syntax/core_calls.rs:2208;crates/jet-jit/src/net_http_hosts.rs:1962;crates/jet-jit/src/Ui.rs:2750;crates/jet-jit/src/Ui.rs:2751;crates/jet-jit/src/Ui.rs:2752;crates/jet-jit/src/Ui.rs:3545;crates/jet-sema/src/Sema/CheckerCoreLib/fixed_sigs.rs:4379;crates/jet-sema/src/Sema/CheckerCoreLib/fixed_sigs.rs:5151;crates/jet-sema/src/Sema/CheckerCoreLib/module_items.rs:1099;crates/jet-sema/src/Sema/CheckerCoreLib/module_items.rs:1311;crates/jet-sema/src/Sema/CheckerCoreLib/net_text_time.rs:413					
core_effect_leaf	core-receiver:TLSStream.close_write	receiver	TLSStream.close_write	missing					authority:application-boundary,authority:canonical-holds		crates/jet-foundation/src/Syntax/core_calls.rs:469;crates/jet-foundation/src/Syntax/core_calls.rs:550	crates/jet-codegen/src/Codegen/TIR/routes.rs:828;crates/jet-codegen/src/Codegen/TIR/subset/handles.rs:339;crates/jet-foundation/src/Syntax/core_calls.rs:531;crates/jet-jit/src/net_http_hosts.rs:1988;crates/jet-sema/src/Sema/CheckerCoreLib/net_text_time.rs:474;crates/jet-sema/src/Sema/CheckerCoreLib/net_text_time.rs:524;crates/jet-sema/src/Sema/CheckerInfer/calls/method_calls.rs:4605;crates/jet-sema/src/Sema/CheckerInfer/calls/method_calls.rs:4608	tests/corelib_parts/net.rs:459;tests/corelib_parts/net.rs:1740;tests/corelib_parts/net.rs:1741;tests/corelib_parts/net.rs:1744	crates/jet-codegen/src/Codegen/TIR/routes.rs:828;crates/jet-codegen/src/Codegen/TIR/subset/handles.rs:339;crates/jet-foundation/src/Syntax/core_calls.rs:531;crates/jet-jit/src/net_http_hosts.rs:1988;crates/jet-sema/src/Sema/CheckerCoreLib/net_text_time.rs:474;crates/jet-sema/src/Sema/CheckerCoreLib/net_text_time.rs:524;crates/jet-sema/src/Sema/CheckerInfer/calls/method_calls.rs:4605;crates/jet-sema/src/Sema/CheckerInfer/calls/method_calls.rs:4608					
core_effect_leaf	core-receiver:TLSStream.read	receiver	TLSStream.read	missing					authority:application-boundary,authority:canonical-holds		crates/jet-foundation/src/Syntax/core_calls.rs:469;crates/jet-foundation/src/Syntax/core_calls.rs:550	crates/jet-canvas/src/html.rs:729;crates/jet-cli/src/AdaptiveTable.rs:254;crates/jet-cli/src/CLI.rs:241;crates/jet-cli/src/CLI.rs:727;crates/jet-cli/src/CLI.rs:796;crates/jet-cli/src/CLI.rs:1836;crates/jet-cli/src/CLI.rs:1847;crates/jet-cli/src/CLI.rs:2066;crates/jet-cli/src/DynamicCompletions.rs:465;crates/jet-cli/src/DynamicCompletions.rs:1426;crates/jet-cli/src/DynamicCompletions.rs:1430;crates/jet-cli/src/Explain.rs:253;crates/jet-cli/src/Explain.rs:305;crates/jet-cli/src/Explain.rs:319;crates/jet-cli/src/Help/mod.rs:167;crates/jet-cli/src/Help/mod.rs:563;crates/jet-cli/src/Help/Render.rs:578;crates/jet-cli/src/OutputProfile.rs:52	crates/jet-rt/tests/gc_collector.rs:98;crates/jet-rt/tests/gc_collector.rs:132;crates/jet-rt/tests/gc_collector.rs:232;crates/jet-rt/tests/gc_collector.rs:278;crates/jetpack/src/CLI/usage_tests.rs:81;crates/jetpack/src/CLI/usage_tests.rs:84;crates/jetpack/src/CLI/usage_tests.rs:151;crates/jetpack/src/Store/Tests/tests/late.rs:767;crates/jetpack/src/Store/Tests/tests/nix_projection.rs:752;examples/canon.jet:98;examples/canon.jet:124;examples/features/basics/branches.jet:3;examples/features/basics/build/callbacks.rs:2033;examples/features/basics/build/callbacks.rs:2925;examples/features/basics/build/callbacks.rs:3908;examples/features/basics/build/callbacks.rs:3947;examples/features/basics/build/callbacks.rs:3951;examples/features/basics/build/callbacks.rs:3957	crates/jet-canvas/src/html.rs:729;crates/jet-cli/src/AdaptiveTable.rs:254;crates/jet-cli/src/CLI.rs:241;crates/jet-cli/src/CLI.rs:727;crates/jet-cli/src/CLI.rs:796;crates/jet-cli/src/CLI.rs:1836;crates/jet-cli/src/CLI.rs:1847;crates/jet-cli/src/CLI.rs:2066;crates/jet-cli/src/DynamicCompletions.rs:465;crates/jet-cli/src/DynamicCompletions.rs:1426;crates/jet-cli/src/DynamicCompletions.rs:1430;crates/jet-cli/src/Explain.rs:253;crates/jet-cli/src/Explain.rs:305;crates/jet-cli/src/Explain.rs:319;crates/jet-cli/src/Help/mod.rs:167;crates/jet-cli/src/Help/mod.rs:563;crates/jet-cli/src/Help/Render.rs:578;crates/jet-cli/src/OutputProfile.rs:52					
core_effect_leaf	core-receiver:TLSStream.ready	receiver	TLSStream.ready	missing					authority:application-boundary,authority:canonical-holds		crates/jet-foundation/src/Syntax/core_calls.rs:469;crates/jet-foundation/src/Syntax/core_calls.rs:550	crates/jet-canvas/src/html.rs:101;crates/jet-canvas/src/html.rs:118;crates/jet-canvas/src/html.rs:125;crates/jet-cli/src/Headless.rs:128;crates/jet-cli/src/Headless.rs:216;crates/jet-cli/src/Headless.rs:217;crates/jet-cli/src/Headless.rs:357;crates/jet-cli/src/Headless.rs:441;crates/jet-cli/src/Headless.rs:442;crates/jet-cli/src/Help/Interactive.rs:428;crates/jet-codegen/src/Codegen/MIREval.rs:1822;crates/jet-codegen/src/Codegen/MIREval.rs:1829;crates/jet-codegen/src/Codegen/MIREval.rs:1852;crates/jet-codegen/src/Codegen/MIREval.rs:1933;crates/jet-codegen/src/Codegen/MIREval.rs:2129;crates/jet-codegen/src/Codegen/MIREval.rs:2132;crates/jet-codegen/src/Codegen/MIREval.rs:2141;crates/jet-codegen/src/Codegen/MIREval.rs:2148	examples/canon.jet:20;examples/canon.jet:21;examples/features/basics/build/callbacks.rs:15211;examples/features/basics/build/callbacks.rs:15215;examples/features/basics/build/callbacks.rs:15220;examples/features/basics/build/callbacks.rs:15433;examples/features/basics/build/callbacks.rs:15438;examples/features/basics/build/callbacks.rs:15462;examples/features/basics/build/callbacks.rs:38640;examples/features/basics/build/callbacks.rs:45199;examples/features/basics/build/callbacks.rs:45646;examples/features/basics/build/callbacks.rs:45657;examples/features/basics/build/callbacks.rs:47797;examples/features/basics/build/callbacks.rs:47798;examples/features/basics/build/callbacks.rs:61344;examples/features/basics/build/callbacks.rs:61346;examples/features/basics/build/callbacks.rs:61360;examples/features/basics/build/callbacks.rs:61827	crates/jet-canvas/src/html.rs:101;crates/jet-canvas/src/html.rs:118;crates/jet-canvas/src/html.rs:125;crates/jet-cli/src/Headless.rs:128;crates/jet-cli/src/Headless.rs:216;crates/jet-cli/src/Headless.rs:217;crates/jet-cli/src/Headless.rs:357;crates/jet-cli/src/Headless.rs:441;crates/jet-cli/src/Headless.rs:442;crates/jet-cli/src/Help/Interactive.rs:428;crates/jet-codegen/src/Codegen/MIREval.rs:1822;crates/jet-codegen/src/Codegen/MIREval.rs:1829;crates/jet-codegen/src/Codegen/MIREval.rs:1852;crates/jet-codegen/src/Codegen/MIREval.rs:1933;crates/jet-codegen/src/Codegen/MIREval.rs:2129;crates/jet-codegen/src/Codegen/MIREval.rs:2132;crates/jet-codegen/src/Codegen/MIREval.rs:2141;crates/jet-codegen/src/Codegen/MIREval.rs:2148					
core_effect_leaf	core-receiver:TLSStream.write_all	receiver	TLSStream.write_all	missing					authority:application-boundary,authority:canonical-holds		crates/jet-foundation/src/Syntax/core_calls.rs:469;crates/jet-foundation/src/Syntax/core_calls.rs:550	crates/jet-cli/src/Recording.rs:600;crates/jet-codegen/src/Codegen/TIR/lower/method_calls.rs:3413;crates/jet-codegen/src/Codegen/TIR/lower/method_calls.rs:3458;crates/jet-codegen/src/Codegen/TIR/subset/handles.rs:318;crates/jet-codegen/src/Codegen/TIR/subset/handles.rs:331;crates/jet-codegen/src/Codegen/TIR/subset/handles.rs:336;crates/jet-codegen/src/Codegen/TIR/subset/methods.rs:123;crates/jet-codegen/src/Prelude/Core.jet:71;crates/jet-codegen/src/Prelude/Core/Receipt.rs:301;crates/jet-codegen/src/Prelude/CoreLib/Email.rs:1193;crates/jet-codegen/src/Prelude/CoreLib/Email.rs:1317;crates/jet-codegen/src/Prelude/CoreLib/ProcessPty.rs:1215;crates/jet-codegen/src/Prelude/CoreLib/Top/EncodingHostileIo.rs:269;crates/jet-codegen/src/Prelude/CoreLib/Top/EncodingHostileIo.rs:297;crates/jet-codegen/src/Prelude/CoreLib/Top/EncodingHostileIo.rs:303;crates/jet-codegen/src/Prelude/CoreLib/Top/EncodingStream.rs:3254;crates/jet-codegen/src/Prelude/CoreLib/Top/EncodingStream.rs:3308;crates/jet-codegen/src/Prelude/CoreLib/Top/FileStream.rs:109	crates/jetpack-bin/tests/criterion1.rs:60;crates/jetpack/src/Store/Tests/tests/late.rs:507;crates/jetpack/src/Store/Tests/tests/nix_projection.rs:768;crates/jetpack/src/Store/Tests/tests/nix_projection.rs:769;crates/jetpack/src/Store/Tests/tests/nix_projection.rs:772;examples/features/basics/build/callbacks.rs:3158;examples/features/basics/build/callbacks.rs:9903;examples/features/basics/build/callbacks.rs:9905;examples/features/basics/build/callbacks.rs:9906;examples/features/basics/build/callbacks.rs:9908;examples/features/basics/build/callbacks.rs:9909;examples/features/basics/build/callbacks.rs:15606;examples/features/basics/build/callbacks.rs:15622;examples/features/basics/build/callbacks.rs:17196;examples/features/basics/build/callbacks.rs:19355;examples/features/basics/build/callbacks.rs:21295;examples/features/basics/build/callbacks.rs:51608;examples/features/basics/build/callbacks.rs:53034	crates/jet-cli/src/Recording.rs:600;crates/jet-codegen/src/Codegen/TIR/lower/method_calls.rs:3413;crates/jet-codegen/src/Codegen/TIR/lower/method_calls.rs:3458;crates/jet-codegen/src/Codegen/TIR/subset/handles.rs:318;crates/jet-codegen/src/Codegen/TIR/subset/handles.rs:331;crates/jet-codegen/src/Codegen/TIR/subset/handles.rs:336;crates/jet-codegen/src/Codegen/TIR/subset/methods.rs:123;crates/jet-codegen/src/Prelude/Core/Receipt.rs:301;crates/jet-codegen/src/Prelude/CoreLib/Email.rs:1193;crates/jet-codegen/src/Prelude/CoreLib/Email.rs:1317;crates/jet-codegen/src/Prelude/CoreLib/ProcessPty.rs:1215;crates/jet-codegen/src/Prelude/CoreLib/Top/EncodingHostileIo.rs:269;crates/jet-codegen/src/Prelude/CoreLib/Top/EncodingHostileIo.rs:297;crates/jet-codegen/src/Prelude/CoreLib/Top/EncodingHostileIo.rs:303;crates/jet-codegen/src/Prelude/CoreLib/Top/EncodingStream.rs:3254;crates/jet-codegen/src/Prelude/CoreLib/Top/EncodingStream.rs:3308;crates/jet-codegen/src/Prelude/CoreLib/Top/FileStream.rs:109;crates/jet-codegen/src/Prelude/CoreLib/Top/FileStream.rs:110					
core_effect_leaf	core-receiver:UdpSocket.ready	receiver	UdpSocket.ready	missing					authority:application-boundary,authority:canonical-holds		crates/jet-foundation/src/Syntax/core_calls.rs:469;crates/jet-foundation/src/Syntax/core_calls.rs:550	crates/jet-canvas/src/html.rs:101;crates/jet-canvas/src/html.rs:118;crates/jet-canvas/src/html.rs:125;crates/jet-cli/src/Headless.rs:128;crates/jet-cli/src/Headless.rs:216;crates/jet-cli/src/Headless.rs:217;crates/jet-cli/src/Headless.rs:357;crates/jet-cli/src/Headless.rs:441;crates/jet-cli/src/Headless.rs:442;crates/jet-cli/src/Help/Interactive.rs:428;crates/jet-codegen/src/Codegen/MIREval.rs:1822;crates/jet-codegen/src/Codegen/MIREval.rs:1829;crates/jet-codegen/src/Codegen/MIREval.rs:1852;crates/jet-codegen/src/Codegen/MIREval.rs:1933;crates/jet-codegen/src/Codegen/MIREval.rs:2129;crates/jet-codegen/src/Codegen/MIREval.rs:2132;crates/jet-codegen/src/Codegen/MIREval.rs:2141;crates/jet-codegen/src/Codegen/MIREval.rs:2148	examples/canon.jet:20;examples/canon.jet:21;examples/features/basics/build/callbacks.rs:15211;examples/features/basics/build/callbacks.rs:15215;examples/features/basics/build/callbacks.rs:15220;examples/features/basics/build/callbacks.rs:15433;examples/features/basics/build/callbacks.rs:15438;examples/features/basics/build/callbacks.rs:15462;examples/features/basics/build/callbacks.rs:38640;examples/features/basics/build/callbacks.rs:45199;examples/features/basics/build/callbacks.rs:45646;examples/features/basics/build/callbacks.rs:45657;examples/features/basics/build/callbacks.rs:47797;examples/features/basics/build/callbacks.rs:47798;examples/features/basics/build/callbacks.rs:61344;examples/features/basics/build/callbacks.rs:61346;examples/features/basics/build/callbacks.rs:61360;examples/features/basics/build/callbacks.rs:61827	crates/jet-canvas/src/html.rs:101;crates/jet-canvas/src/html.rs:118;crates/jet-canvas/src/html.rs:125;crates/jet-cli/src/Headless.rs:128;crates/jet-cli/src/Headless.rs:216;crates/jet-cli/src/Headless.rs:217;crates/jet-cli/src/Headless.rs:357;crates/jet-cli/src/Headless.rs:441;crates/jet-cli/src/Headless.rs:442;crates/jet-cli/src/Help/Interactive.rs:428;crates/jet-codegen/src/Codegen/MIREval.rs:1822;crates/jet-codegen/src/Codegen/MIREval.rs:1829;crates/jet-codegen/src/Codegen/MIREval.rs:1852;crates/jet-codegen/src/Codegen/MIREval.rs:1933;crates/jet-codegen/src/Codegen/MIREval.rs:2129;crates/jet-codegen/src/Codegen/MIREval.rs:2132;crates/jet-codegen/src/Codegen/MIREval.rs:2141;crates/jet-codegen/src/Codegen/MIREval.rs:2148					
core_effect_leaf	core-receiver:UdpSocket.receive	receiver	UdpSocket.receive	missing					authority:application-boundary,authority:canonical-holds		crates/jet-foundation/src/Syntax/core_calls.rs:469;crates/jet-foundation/src/Syntax/core_calls.rs:550	crates/jet-cli/src/MultiProgress.rs:258;crates/jet-codegen/src/Codegen/Context.rs:436;crates/jet-codegen/src/Codegen/Context.rs:1828;crates/jet-codegen/src/Codegen/Context.rs:2170;crates/jet-codegen/src/Codegen/mod.rs:166;crates/jet-codegen/src/Codegen/mod.rs:2268;crates/jet-codegen/src/Codegen/TIR/lower/control_flow.rs:1445;crates/jet-codegen/src/Codegen/TIR/lower/fields.rs:1163;crates/jet-codegen/src/Codegen/TIR/lower/method_calls.rs:768;crates/jet-codegen/src/Codegen/TIR/lower/method_calls.rs:811;crates/jet-codegen/src/Codegen/TIR/lower/method_calls.rs:5648;crates/jet-codegen/src/Codegen/TIR/lower/method_calls.rs:6804;crates/jet-codegen/src/Codegen/TIR/lower/method_calls.rs:6835;crates/jet-codegen/src/Codegen/TIR/lower/method_calls.rs:7046;crates/jet-codegen/src/Codegen/TIR/mod.rs:8446;crates/jet-codegen/src/Codegen/TIR/mod.rs:9989;crates/jet-codegen/src/Codegen/TIR/mod.rs:10470;crates/jet-codegen/src/Codegen/TIR/subset/builtin_methods.rs:150	examples/features/basics/build/callbacks.rs:42165;examples/features/basics/build/callbacks.rs:42321;examples/features/basics/build/callbacks.rs:45181;examples/features/basics/build/callbacks.rs:45199;examples/features/basics/build/callbacks.rs:45283;examples/features/basics/build/callbacks.rs:45294;examples/features/basics/build/callbacks.rs:45296;examples/features/basics/build/callbacks.rs:45302;examples/features/basics/build/callbacks.rs:45306;examples/features/basics/build/callbacks.rs:45308;examples/features/basics/build/callbacks.rs:53125;examples/features/basics/build/callbacks.rs:62107;examples/features/basics/build/callbacks.rs:62109;examples/features/basics/build/callbacks.rs:62113;examples/features/basics/build/callbacks.rs:62129;examples/features/basics/build/callbacks.rs:62131;examples/features/basics/build/callbacks.rs:62177;examples/features/basics/build/callbacks.rs:62180	crates/jet-cli/src/MultiProgress.rs:258;crates/jet-codegen/src/Codegen/Context.rs:436;crates/jet-codegen/src/Codegen/Context.rs:1828;crates/jet-codegen/src/Codegen/Context.rs:2170;crates/jet-codegen/src/Codegen/mod.rs:166;crates/jet-codegen/src/Codegen/mod.rs:2268;crates/jet-codegen/src/Codegen/TIR/lower/control_flow.rs:1445;crates/jet-codegen/src/Codegen/TIR/lower/fields.rs:1163;crates/jet-codegen/src/Codegen/TIR/lower/method_calls.rs:768;crates/jet-codegen/src/Codegen/TIR/lower/method_calls.rs:811;crates/jet-codegen/src/Codegen/TIR/lower/method_calls.rs:5648;crates/jet-codegen/src/Codegen/TIR/lower/method_calls.rs:6804;crates/jet-codegen/src/Codegen/TIR/lower/method_calls.rs:6835;crates/jet-codegen/src/Codegen/TIR/lower/method_calls.rs:7046;crates/jet-codegen/src/Codegen/TIR/mod.rs:8446;crates/jet-codegen/src/Codegen/TIR/mod.rs:9989;crates/jet-codegen/src/Codegen/TIR/mod.rs:10470;crates/jet-codegen/src/Codegen/TIR/subset/builtin_methods.rs:150					
core_effect_leaf	core-receiver:UdpSocket.send_to	receiver	UdpSocket.send_to	missing					authority:application-boundary,authority:canonical-holds		crates/jet-foundation/src/Syntax/core_calls.rs:469;crates/jet-foundation/src/Syntax/core_calls.rs:550	crates/jet-codegen/src/Codegen/TIR/subset/handles.rs:328;crates/jet-codegen/src/Prelude/CoreLib/Top/NetHTTP.rs:2802;crates/jet-foundation/src/Syntax/core_calls.rs:526;crates/jet-sema/src/Sema/CheckerCoreLib/net_text_time.rs:442;crates/jet-sema/src/Sema/CheckerCoreLib/net_text_time.rs:523	examples/features/basics/build/callbacks.rs:62162;examples/features/basics/build/compound.rs:62162;examples/features/basics/build/numbers.rs:62162;examples/features/lowlevel/cbind/build/run.rs:62189;examples/features/memory/program_allocator/build/main.rs:52570;examples/features/memory/program_allocator/build/run.rs:63346;examples/features/memory/unsafe_sentries_package_off/build/run.rs:48986;examples/performance/receipts/http_ready/build/run.rs:51465;tests/corelib_parts/net.rs:10;tests/corelib_parts/net.rs:42;tests/corelib_parts/net.rs:86;tests/corelib_parts/net.rs:173;tests/corelib_parts/net.rs:205;tests/corelib_parts/net.rs:238;tests/corelib_parts/net.rs:346;tests/corelib_parts/net.rs:448;tests/corelib_parts/net.rs:632;tests/fixtures/fresh_agent_t4/build/run.rs:61680	crates/jet-codegen/src/Codegen/TIR/subset/handles.rs:328;crates/jet-codegen/src/Prelude/CoreLib/Top/NetHTTP.rs:2802;crates/jet-foundation/src/Syntax/core_calls.rs:526;crates/jet-sema/src/Sema/CheckerCoreLib/net_text_time.rs:442;crates/jet-sema/src/Sema/CheckerCoreLib/net_text_time.rs:523					
core_effect_leaf	core-receiver:UnixListener.accept	receiver	UnixListener.accept	missing					authority:application-boundary,authority:canonical-holds		crates/jet-foundation/src/Syntax/core_calls.rs:469;crates/jet-foundation/src/Syntax/core_calls.rs:550	crates/jet-cli/src/CLI.rs:432;crates/jet-cli/src/CLI.rs:2053;crates/jet-cli/src/Help/Interactive.rs:426;crates/jet-cli/src/Tape.rs:357;crates/jet-codegen/src/Codegen/Plugin.rs:1372;crates/jet-codegen/src/Codegen/TIR/mod.rs:5721;crates/jet-codegen/src/Codegen/TIR/mod.rs:9512;crates/jet-codegen/src/Codegen/TIR/mod.rs:10333;crates/jet-codegen/src/Codegen/TIR/routes.rs:800;crates/jet-codegen/src/Codegen/TIR/subset/handles.rs:312;crates/jet-codegen/src/Codegen/TIR/subset/handles.rs:329;crates/jet-codegen/src/Codegen/TIR/subset/methods.rs:1082;crates/jet-codegen/src/Codegen/TIR/subset/methods.rs:1722;crates/jet-codegen/src/Codegen/TIR/subset/statements.rs:628;crates/jet-codegen/src/Codegen/TIR/subset/types.rs:512;crates/jet-codegen/src/Codegen/TIR/tests.rs:1181;crates/jet-codegen/src/Codegen/TIR/tests.rs:1183;crates/jet-codegen/src/Codegen/TIR/tests.rs:1189	crates/jetpack-bin/tests/compiler_extension_e2e.rs:6;crates/jetpack/src/Store/Tests/tests/nix_projection.rs:723;examples/features/basics/build/callbacks.rs:10123;examples/features/basics/build/callbacks.rs:18133;examples/features/basics/build/callbacks.rs:22866;examples/features/basics/build/callbacks.rs:33695;examples/features/basics/build/callbacks.rs:56722;examples/features/basics/build/callbacks.rs:56924;examples/features/basics/build/callbacks.rs:56984;examples/features/basics/build/callbacks.rs:56986;examples/features/basics/build/callbacks.rs:59803;examples/features/basics/build/callbacks.rs:60688;examples/features/basics/build/callbacks.rs:61577;examples/features/basics/build/callbacks.rs:61579;examples/features/basics/build/callbacks.rs:61588;examples/features/basics/build/callbacks.rs:61592;examples/features/basics/build/callbacks.rs:61595;examples/features/basics/build/callbacks.rs:61601	crates/jet-cli/src/CLI.rs:432;crates/jet-cli/src/CLI.rs:2053;crates/jet-cli/src/Help/Interactive.rs:426;crates/jet-cli/src/Tape.rs:357;crates/jet-codegen/src/Codegen/Plugin.rs:1372;crates/jet-codegen/src/Codegen/TIR/mod.rs:5721;crates/jet-codegen/src/Codegen/TIR/mod.rs:9512;crates/jet-codegen/src/Codegen/TIR/mod.rs:10333;crates/jet-codegen/src/Codegen/TIR/routes.rs:800;crates/jet-codegen/src/Codegen/TIR/subset/handles.rs:312;crates/jet-codegen/src/Codegen/TIR/subset/handles.rs:329;crates/jet-codegen/src/Codegen/TIR/subset/methods.rs:1082;crates/jet-codegen/src/Codegen/TIR/subset/methods.rs:1722;crates/jet-codegen/src/Codegen/TIR/subset/statements.rs:628;crates/jet-codegen/src/Codegen/TIR/subset/types.rs:512;crates/jet-codegen/src/Codegen/TIR/tests.rs:1181;crates/jet-codegen/src/Codegen/TIR/tests.rs:1183;crates/jet-codegen/src/Codegen/TIR/tests.rs:1189					
core_effect_leaf	core-receiver:UnixStream.read	receiver	UnixStream.read	missing					authority:application-boundary,authority:canonical-holds		crates/jet-foundation/src/Syntax/core_calls.rs:469;crates/jet-foundation/src/Syntax/core_calls.rs:550	crates/jet-canvas/src/html.rs:729;crates/jet-cli/src/AdaptiveTable.rs:254;crates/jet-cli/src/CLI.rs:241;crates/jet-cli/src/CLI.rs:727;crates/jet-cli/src/CLI.rs:796;crates/jet-cli/src/CLI.rs:1836;crates/jet-cli/src/CLI.rs:1847;crates/jet-cli/src/CLI.rs:2066;crates/jet-cli/src/DynamicCompletions.rs:465;crates/jet-cli/src/DynamicCompletions.rs:1426;crates/jet-cli/src/DynamicCompletions.rs:1430;crates/jet-cli/src/Explain.rs:253;crates/jet-cli/src/Explain.rs:305;crates/jet-cli/src/Explain.rs:319;crates/jet-cli/src/Help/mod.rs:167;crates/jet-cli/src/Help/mod.rs:563;crates/jet-cli/src/Help/Render.rs:578;crates/jet-cli/src/OutputProfile.rs:52	crates/jet-rt/tests/gc_collector.rs:98;crates/jet-rt/tests/gc_collector.rs:132;crates/jet-rt/tests/gc_collector.rs:232;crates/jet-rt/tests/gc_collector.rs:278;crates/jetpack/src/CLI/usage_tests.rs:81;crates/jetpack/src/CLI/usage_tests.rs:84;crates/jetpack/src/CLI/usage_tests.rs:151;crates/jetpack/src/Store/Tests/tests/late.rs:767;crates/jetpack/src/Store/Tests/tests/nix_projection.rs:752;examples/canon.jet:98;examples/canon.jet:124;examples/features/basics/branches.jet:3;examples/features/basics/build/callbacks.rs:2033;examples/features/basics/build/callbacks.rs:2925;examples/features/basics/build/callbacks.rs:3908;examples/features/basics/build/callbacks.rs:3947;examples/features/basics/build/callbacks.rs:3951;examples/features/basics/build/callbacks.rs:3957	crates/jet-canvas/src/html.rs:729;crates/jet-cli/src/AdaptiveTable.rs:254;crates/jet-cli/src/CLI.rs:241;crates/jet-cli/src/CLI.rs:727;crates/jet-cli/src/CLI.rs:796;crates/jet-cli/src/CLI.rs:1836;crates/jet-cli/src/CLI.rs:1847;crates/jet-cli/src/CLI.rs:2066;crates/jet-cli/src/DynamicCompletions.rs:465;crates/jet-cli/src/DynamicCompletions.rs:1426;crates/jet-cli/src/DynamicCompletions.rs:1430;crates/jet-cli/src/Explain.rs:253;crates/jet-cli/src/Explain.rs:305;crates/jet-cli/src/Explain.rs:319;crates/jet-cli/src/Help/mod.rs:167;crates/jet-cli/src/Help/mod.rs:563;crates/jet-cli/src/Help/Render.rs:578;crates/jet-cli/src/OutputProfile.rs:52					
core_effect_leaf	core-receiver:UnixStream.ready	receiver	UnixStream.ready	missing					authority:application-boundary,authority:canonical-holds		crates/jet-foundation/src/Syntax/core_calls.rs:469;crates/jet-foundation/src/Syntax/core_calls.rs:550	crates/jet-canvas/src/html.rs:101;crates/jet-canvas/src/html.rs:118;crates/jet-canvas/src/html.rs:125;crates/jet-cli/src/Headless.rs:128;crates/jet-cli/src/Headless.rs:216;crates/jet-cli/src/Headless.rs:217;crates/jet-cli/src/Headless.rs:357;crates/jet-cli/src/Headless.rs:441;crates/jet-cli/src/Headless.rs:442;crates/jet-cli/src/Help/Interactive.rs:428;crates/jet-codegen/src/Codegen/MIREval.rs:1822;crates/jet-codegen/src/Codegen/MIREval.rs:1829;crates/jet-codegen/src/Codegen/MIREval.rs:1852;crates/jet-codegen/src/Codegen/MIREval.rs:1933;crates/jet-codegen/src/Codegen/MIREval.rs:2129;crates/jet-codegen/src/Codegen/MIREval.rs:2132;crates/jet-codegen/src/Codegen/MIREval.rs:2141;crates/jet-codegen/src/Codegen/MIREval.rs:2148	examples/canon.jet:20;examples/canon.jet:21;examples/features/basics/build/callbacks.rs:15211;examples/features/basics/build/callbacks.rs:15215;examples/features/basics/build/callbacks.rs:15220;examples/features/basics/build/callbacks.rs:15433;examples/features/basics/build/callbacks.rs:15438;examples/features/basics/build/callbacks.rs:15462;examples/features/basics/build/callbacks.rs:38640;examples/features/basics/build/callbacks.rs:45199;examples/features/basics/build/callbacks.rs:45646;examples/features/basics/build/callbacks.rs:45657;examples/features/basics/build/callbacks.rs:47797;examples/features/basics/build/callbacks.rs:47798;examples/features/basics/build/callbacks.rs:61344;examples/features/basics/build/callbacks.rs:61346;examples/features/basics/build/callbacks.rs:61360;examples/features/basics/build/callbacks.rs:61827	crates/jet-canvas/src/html.rs:101;crates/jet-canvas/src/html.rs:118;crates/jet-canvas/src/html.rs:125;crates/jet-cli/src/Headless.rs:128;crates/jet-cli/src/Headless.rs:216;crates/jet-cli/src/Headless.rs:217;crates/jet-cli/src/Headless.rs:357;crates/jet-cli/src/Headless.rs:441;crates/jet-cli/src/Headless.rs:442;crates/jet-cli/src/Help/Interactive.rs:428;crates/jet-codegen/src/Codegen/MIREval.rs:1822;crates/jet-codegen/src/Codegen/MIREval.rs:1829;crates/jet-codegen/src/Codegen/MIREval.rs:1852;crates/jet-codegen/src/Codegen/MIREval.rs:1933;crates/jet-codegen/src/Codegen/MIREval.rs:2129;crates/jet-codegen/src/Codegen/MIREval.rs:2132;crates/jet-codegen/src/Codegen/MIREval.rs:2141;crates/jet-codegen/src/Codegen/MIREval.rs:2148					
core_effect_leaf	core-receiver:UnixStream.write_all	receiver	UnixStream.write_all	missing					authority:application-boundary,authority:canonical-holds		crates/jet-foundation/src/Syntax/core_calls.rs:469;crates/jet-foundation/src/Syntax/core_calls.rs:550	crates/jet-cli/src/Recording.rs:600;crates/jet-codegen/src/Codegen/TIR/lower/method_calls.rs:3413;crates/jet-codegen/src/Codegen/TIR/lower/method_calls.rs:3458;crates/jet-codegen/src/Codegen/TIR/subset/handles.rs:318;crates/jet-codegen/src/Codegen/TIR/subset/handles.rs:331;crates/jet-codegen/src/Codegen/TIR/subset/handles.rs:336;crates/jet-codegen/src/Codegen/TIR/subset/methods.rs:123;crates/jet-codegen/src/Prelude/Core.jet:71;crates/jet-codegen/src/Prelude/Core/Receipt.rs:301;crates/jet-codegen/src/Prelude/CoreLib/Email.rs:1193;crates/jet-codegen/src/Prelude/CoreLib/Email.rs:1317;crates/jet-codegen/src/Prelude/CoreLib/ProcessPty.rs:1215;crates/jet-codegen/src/Prelude/CoreLib/Top/EncodingHostileIo.rs:269;crates/jet-codegen/src/Prelude/CoreLib/Top/EncodingHostileIo.rs:297;crates/jet-codegen/src/Prelude/CoreLib/Top/EncodingHostileIo.rs:303;crates/jet-codegen/src/Prelude/CoreLib/Top/EncodingStream.rs:3254;crates/jet-codegen/src/Prelude/CoreLib/Top/EncodingStream.rs:3308;crates/jet-codegen/src/Prelude/CoreLib/Top/FileStream.rs:109	crates/jetpack-bin/tests/criterion1.rs:60;crates/jetpack/src/Store/Tests/tests/late.rs:507;crates/jetpack/src/Store/Tests/tests/nix_projection.rs:768;crates/jetpack/src/Store/Tests/tests/nix_projection.rs:769;crates/jetpack/src/Store/Tests/tests/nix_projection.rs:772;examples/features/basics/build/callbacks.rs:3158;examples/features/basics/build/callbacks.rs:9903;examples/features/basics/build/callbacks.rs:9905;examples/features/basics/build/callbacks.rs:9906;examples/features/basics/build/callbacks.rs:9908;examples/features/basics/build/callbacks.rs:9909;examples/features/basics/build/callbacks.rs:15606;examples/features/basics/build/callbacks.rs:15622;examples/features/basics/build/callbacks.rs:17196;examples/features/basics/build/callbacks.rs:19355;examples/features/basics/build/callbacks.rs:21295;examples/features/basics/build/callbacks.rs:51608;examples/features/basics/build/callbacks.rs:53034	crates/jet-cli/src/Recording.rs:600;crates/jet-codegen/src/Codegen/TIR/lower/method_calls.rs:3413;crates/jet-codegen/src/Codegen/TIR/lower/method_calls.rs:3458;crates/jet-codegen/src/Codegen/TIR/subset/handles.rs:318;crates/jet-codegen/src/Codegen/TIR/subset/handles.rs:331;crates/jet-codegen/src/Codegen/TIR/subset/handles.rs:336;crates/jet-codegen/src/Codegen/TIR/subset/methods.rs:123;crates/jet-codegen/src/Prelude/Core/Receipt.rs:301;crates/jet-codegen/src/Prelude/CoreLib/Email.rs:1193;crates/jet-codegen/src/Prelude/CoreLib/Email.rs:1317;crates/jet-codegen/src/Prelude/CoreLib/ProcessPty.rs:1215;crates/jet-codegen/src/Prelude/CoreLib/Top/EncodingHostileIo.rs:269;crates/jet-codegen/src/Prelude/CoreLib/Top/EncodingHostileIo.rs:297;crates/jet-codegen/src/Prelude/CoreLib/Top/EncodingHostileIo.rs:303;crates/jet-codegen/src/Prelude/CoreLib/Top/EncodingStream.rs:3254;crates/jet-codegen/src/Prelude/CoreLib/Top/EncodingStream.rs:3308;crates/jet-codegen/src/Prelude/CoreLib/Top/FileStream.rs:109;crates/jet-codegen/src/Prelude/CoreLib/Top/FileStream.rs:110					
core_effect_leaf	core-receiver:WsConn.close	receiver	WsConn.close	missing					authority:application-boundary,authority:canonical-holds		crates/jet-foundation/src/Syntax/core_calls.rs:469;crates/jet-foundation/src/Syntax/core_calls.rs:550	crates/jet-canvas/src/html.rs:722;crates/jet-canvas/src/html.rs:764;crates/jet-canvas/src/html.rs:789;crates/jet-canvas/src/html.rs:800;crates/jet-cli/src/CLI.rs:122;crates/jet-cli/src/CLI.rs:2503;crates/jet-codegen/src/BrowserHost.rs:410;crates/jet-codegen/src/BrowserHost.rs:423;crates/jet-codegen/src/BrowserHost.rs:494;crates/jet-codegen/src/BrowserHost.rs:544;crates/jet-codegen/src/Codegen/MIREval.rs:1951;crates/jet-codegen/src/Codegen/MIREval.rs:1958;crates/jet-codegen/src/Codegen/MIREval.rs:1966;crates/jet-codegen/src/Codegen/MIREval.rs:2015;crates/jet-codegen/src/Codegen/MIREval.rs:2017;crates/jet-codegen/src/Codegen/MIREval.rs:4223;crates/jet-codegen/src/Codegen/MIREval.rs:9312;crates/jet-codegen/src/Codegen/MIREval.rs:9319	crates/jetpack-bin/tests/compiler_extension_e2e.rs:131;crates/jetpack-bin/tests/compiler_extension_e2e.rs:182;crates/jetpack-bin/tests/compiler_extension_e2e.rs:200;crates/jetpack-bin/tests/compiler_extension_e2e.rs:216;crates/jetpack-bin/tests/compiler_extension_e2e.rs:236;crates/jetpack-bin/tests/compiler_extension_e2e.rs:282;crates/jetpack-bin/tests/compiler_extension_e2e.rs:309;crates/jetpack-bin/tests/compiler_extension_e2e.rs:330;crates/jetpack/src/Store/Tests/tests/nix_projection.rs:765;crates/jetpack/src/Store/Tests/tests/nix_projection.rs:773;examples/features/basics/build/callbacks.rs:69;examples/features/basics/build/callbacks.rs:71;examples/features/basics/build/callbacks.rs:2414;examples/features/basics/build/callbacks.rs:2415;examples/features/basics/build/callbacks.rs:2427;examples/features/basics/build/callbacks.rs:2478;examples/features/basics/build/callbacks.rs:2479;examples/features/basics/build/callbacks.rs:2484	crates/jet-canvas/src/html.rs:722;crates/jet-canvas/src/html.rs:764;crates/jet-canvas/src/html.rs:789;crates/jet-canvas/src/html.rs:800;crates/jet-cli/src/CLI.rs:122;crates/jet-cli/src/CLI.rs:2503;crates/jet-codegen/src/BrowserHost.rs:410;crates/jet-codegen/src/BrowserHost.rs:423;crates/jet-codegen/src/BrowserHost.rs:494;crates/jet-codegen/src/BrowserHost.rs:544;crates/jet-codegen/src/Codegen/MIREval.rs:1951;crates/jet-codegen/src/Codegen/MIREval.rs:1958;crates/jet-codegen/src/Codegen/MIREval.rs:1966;crates/jet-codegen/src/Codegen/MIREval.rs:2015;crates/jet-codegen/src/Codegen/MIREval.rs:2017;crates/jet-codegen/src/Codegen/MIREval.rs:4223;crates/jet-codegen/src/Codegen/MIREval.rs:9312;crates/jet-codegen/src/Codegen/MIREval.rs:9319					
core_effect_leaf	core-receiver:WsConn.recv	receiver	WsConn.recv	missing					authority:application-boundary,authority:canonical-holds		crates/jet-foundation/src/Syntax/core_calls.rs:469;crates/jet-foundation/src/Syntax/core_calls.rs:550	crates/jet-codegen/src/BrowserHost.rs:290;crates/jet-codegen/src/BrowserHost.rs:294;crates/jet-codegen/src/BrowserHost.rs:603;crates/jet-codegen/src/BrowserHost.rs:607;crates/jet-codegen/src/BrowserHost.rs:615;crates/jet-codegen/src/BrowserHost.rs:616;crates/jet-codegen/src/BrowserHost.rs:617;crates/jet-codegen/src/BrowserHost.rs:618;crates/jet-codegen/src/BrowserHost.rs:619;crates/jet-codegen/src/BrowserHost.rs:626;crates/jet-codegen/src/BrowserHost.rs:642;crates/jet-codegen/src/BrowserHost.rs:657;crates/jet-codegen/src/BrowserHost.rs:664;crates/jet-codegen/src/BrowserHost.rs:680;crates/jet-codegen/src/BrowserHost.rs:699;crates/jet-codegen/src/BrowserHost.rs:701;crates/jet-codegen/src/BrowserHost.rs:704;crates/jet-codegen/src/BrowserHost.rs:707	examples/features/basics/build/callbacks.rs:15449;examples/features/basics/build/callbacks.rs:45296;examples/features/basics/build/callbacks.rs:62924;examples/features/basics/build/callbacks.rs:64848;examples/features/basics/build/callbacks.rs:67019;examples/features/basics/build/callbacks.rs:67724;examples/features/basics/build/compound.rs:15449;examples/features/basics/build/compound.rs:45296;examples/features/basics/build/compound.rs:62924;examples/features/basics/build/compound.rs:64848;examples/features/basics/build/compound.rs:67019;examples/features/basics/build/compound.rs:67724;examples/features/basics/build/hello.rs:10778;examples/features/basics/build/numbers.rs:15449;examples/features/basics/build/numbers.rs:45296;examples/features/basics/build/numbers.rs:62924;examples/features/basics/build/numbers.rs:64848;examples/features/basics/build/numbers.rs:67019	crates/jet-codegen/src/BrowserHost.rs:290;crates/jet-codegen/src/BrowserHost.rs:294;crates/jet-codegen/src/BrowserHost.rs:603;crates/jet-codegen/src/BrowserHost.rs:607;crates/jet-codegen/src/BrowserHost.rs:615;crates/jet-codegen/src/BrowserHost.rs:616;crates/jet-codegen/src/BrowserHost.rs:617;crates/jet-codegen/src/BrowserHost.rs:618;crates/jet-codegen/src/BrowserHost.rs:619;crates/jet-codegen/src/BrowserHost.rs:626;crates/jet-codegen/src/BrowserHost.rs:642;crates/jet-codegen/src/BrowserHost.rs:657;crates/jet-codegen/src/BrowserHost.rs:664;crates/jet-codegen/src/BrowserHost.rs:680;crates/jet-codegen/src/BrowserHost.rs:699;crates/jet-codegen/src/BrowserHost.rs:701;crates/jet-codegen/src/BrowserHost.rs:704;crates/jet-codegen/src/BrowserHost.rs:707					
core_effect_leaf	core-receiver:WsConn.send_bytes	receiver	WsConn.send_bytes	missing					authority:application-boundary,authority:canonical-holds		crates/jet-foundation/src/Syntax/core_calls.rs:469;crates/jet-foundation/src/Syntax/core_calls.rs:550	crates/jet-codegen/src/Codegen/TIR/lower/method_calls.rs:6351;crates/jet-codegen/src/Codegen/TIR/subset/builtin_methods.rs:455;crates/jet-foundation/src/Syntax/core_calls.rs:489;crates/jet-sema/src/Sema/CheckerCoreLib/net_text_time.rs:221;crates/jet-sema/src/Sema/CheckerCoreLib/net_text_time.rs:767	MISSING: no fixture reference for core-receiver:WsConn.send_bytes	crates/jet-codegen/src/Codegen/TIR/lower/method_calls.rs:6351;crates/jet-codegen/src/Codegen/TIR/subset/builtin_methods.rs:455;crates/jet-foundation/src/Syntax/core_calls.rs:489;crates/jet-sema/src/Sema/CheckerCoreLib/net_text_time.rs:221;crates/jet-sema/src/Sema/CheckerCoreLib/net_text_time.rs:767					
core_effect_leaf	core-receiver:WsConn.send_text	receiver	WsConn.send_text	missing					authority:application-boundary,authority:canonical-holds		crates/jet-foundation/src/Syntax/core_calls.rs:469;crates/jet-foundation/src/Syntax/core_calls.rs:550	crates/jet-codegen/src/Codegen/TIR/lower/method_calls.rs:6351;crates/jet-codegen/src/Codegen/TIR/subset/builtin_methods.rs:455;crates/jet-foundation/src/Syntax/core_calls.rs:489;crates/jet-sema/src/Sema/CheckerCoreLib/net_text_time.rs:217;crates/jet-sema/src/Sema/CheckerCoreLib/net_text_time.rs:767	examples/features/net/ws_echo.jet:12;examples/features/net/ws_echo.jet:28;tests/syntax_reconciliation.rs:262	crates/jet-codegen/src/Codegen/TIR/lower/method_calls.rs:6351;crates/jet-codegen/src/Codegen/TIR/subset/builtin_methods.rs:455;crates/jet-foundation/src/Syntax/core_calls.rs:489;crates/jet-sema/src/Sema/CheckerCoreLib/net_text_time.rs:217;crates/jet-sema/src/Sema/CheckerCoreLib/net_text_time.rs:767					
enforcement	enforcement:effect-fs-write-denial	enforcement_point	!FS.Write denial before host entry	found	refuse-before-host	refuse-before-host	refuse-before-host	E0749,E0740,E1803	authority:application-boundary,authority:canonical-holds		crates/jet-codegen/src/Codegen/TIR/mod.rs:524;crates/jet-codegen/src/Prelude/Diagnostics.jet:418;crates/jet-foundation/src/AST/program_imports.rs:702;crates/jet-foundation/src/Authority.rs:267;crates/jet-foundation/src/Authority.rs:344;crates/jet-foundation/src/Authority.rs:353;crates/jet-foundation/src/Authority.rs:381;crates/jet-foundation/src/Authority.rs:404;crates/jet-pkg-model/src/EffectBudget.rs:170;crates/jet-pkg-model/src/EffectBudget.rs:1044;crates/jet-sema/src/Sema/Bundle/Pipeline/Completion.rs:387;crates/jet-sema/src/Sema/Effects.rs:1273;crates/jet-sema/src/Sema/Effects.rs:2223;crates/jet-sema/src/Sema/Effects.rs:2229;crates/jet-sema/src/Sema/Effects.rs:2240;crates/jet-sema/src/Sema/Effects.rs:2262;crates/jet-sema/src/Sema/Effects.rs:2264;crates/jet-sema/src/Sema/Effects.rs:2280;crates/jet-sema/src/Sema/Registration.rs:1211;crates/jet-sema/src/Sema/Registration.rs:1225;crates/jet-sema/src/Sema/Registration.rs:1227;docs/spec/diagnostic-rows.md:420;docs/spec/diagnostics.md:615;docs/spec/syntax-decisions.md:2628;docs/spec/syntax-decisions.md:7889;scripts/agent/effect-authority-census-fixtures/effect-denial.jet:3;tests/effects.rs:319;tests/effects.rs:329;tests/effects.rs:330;tests/effects.rs:359	crates/jet-codegen/src/Codegen/TIR/mod.rs:524;crates/jet-codegen/src/Prelude/Diagnostics.jet:418;crates/jet-foundation/src/AST/program_imports.rs:702;crates/jet-foundation/src/Authority.rs:267;crates/jet-foundation/src/Authority.rs:344;crates/jet-foundation/src/Authority.rs:353;crates/jet-foundation/src/Authority.rs:381;crates/jet-foundation/src/Authority.rs:404;crates/jet-pkg-model/src/EffectBudget.rs:170;crates/jet-pkg-model/src/EffectBudget.rs:1044;crates/jet-sema/src/Sema/Bundle/Pipeline/Completion.rs:387;crates/jet-sema/src/Sema/Effects.rs:1273;crates/jet-sema/src/Sema/Effects.rs:2223;crates/jet-sema/src/Sema/Effects.rs:2229;crates/jet-sema/src/Sema/Effects.rs:2240;crates/jet-sema/src/Sema/Effects.rs:2262;crates/jet-sema/src/Sema/Effects.rs:2264;crates/jet-sema/src/Sema/Effects.rs:2280;crates/jet-sema/src/Sema/Registration.rs:1211;crates/jet-sema/src/Sema/Registration.rs:1225;crates/jet-sema/src/Sema/Registration.rs:1227	scripts/agent/effect-authority-census-fixtures/effect-denial.jet:3;tests/effects.rs:319;tests/effects.rs:329;tests/effects.rs:330;tests/effects.rs:359;tests/effects.rs:395;tests/fmt.rs:3901	crates/jet-codegen/src/Codegen/TIR/mod.rs:524;crates/jet-foundation/src/AST/program_imports.rs:702;crates/jet-foundation/src/Authority.rs:267;crates/jet-foundation/src/Authority.rs:344;crates/jet-foundation/src/Authority.rs:353;crates/jet-foundation/src/Authority.rs:381;crates/jet-foundation/src/Authority.rs:404;crates/jet-pkg-model/src/EffectBudget.rs:170;crates/jet-pkg-model/src/EffectBudget.rs:1044;crates/jet-sema/src/Sema/Bundle/Pipeline/Completion.rs:387;crates/jet-sema/src/Sema/Effects.rs:1273;crates/jet-sema/src/Sema/Effects.rs:2223;crates/jet-sema/src/Sema/Effects.rs:2229;crates/jet-sema/src/Sema/Effects.rs:2240;crates/jet-sema/src/Sema/Effects.rs:2262;crates/jet-sema/src/Sema/Effects.rs:2264;crates/jet-sema/src/Sema/Effects.rs:2280;crates/jet-sema/src/Sema/Registration.rs:1211;crates/jet-sema/src/Sema/Registration.rs:1225;crates/jet-sema/src/Sema/Registration.rs:1227	aot: none | run: none | interpret: none	unavailable	unavailable: tier exited without a registered diagnostic code	unavailable: tier exited without a registered diagnostic code	unavailable: tier exited without a registered diagnostic code
enforcement	enforcement:effect-mem-alloc-denial	enforcement_point	!Mem.Alloc denial	found	refuse-before-allocation	refuse-before-allocation	refuse-before-allocation	E0921	authority:memory-denials,authority:canonical-holds		crates/jet-codegen/src/Prelude/Diagnostics.jet:559;crates/jet-foundation/src/AST/program_imports.rs:694;crates/jet-foundation/src/Syntax/math_layout.rs:545;crates/jet-parser/src/lib.rs:433;crates/jet-parser/src/lib.rs:437;crates/jet-parser/src/Parser/Items/imports_policy.rs:171;crates/jet-parser/src/Parser/Items/imports_policy.rs:174;crates/jet-parser/src/Parser/Items/imports_policy.rs:176;crates/jet-pkg-model/src/Package/mod.rs:431;crates/jet-sema/src/Sema/Bundle/Validation.rs:2418;crates/jet-sema/src/Sema/Effects.rs:328;crates/jet-sema/src/Sema/Effects.rs:329;crates/jet-sema/src/Sema/Effects.rs:1259;crates/jet-sema/src/Sema/MemoryFacts.rs:22;crates/jet-sema/src/Sema/MemoryFacts.rs:24;crates/jet-sema/src/Sema/MemoryFacts.rs:746;crates/jet-sema/src/Sema/MemoryFacts.rs:1294;crates/jet-sema/src/Sema/MemoryFacts.rs:1309;crates/jet-sema/src/Sema/Registration.rs:1168;crates/jet-semindex/src/Build.rs:628;crates/jet-semindex/src/Symbols.rs:1109;docs/spec/diagnostic-rows.md:559;docs/spec/diagnostics.md:751;docs/spec/diagnostics.md:2476;docs/spec/diagnostics.md:2478;docs/spec/diagnostics.md:2491;docs/spec/spec.md:732;docs/spec/spec.md:735;docs/spec/spec.md:736;docs/spec/spec.md:742	crates/jet-codegen/src/Prelude/Diagnostics.jet:559;crates/jet-foundation/src/AST/program_imports.rs:694;crates/jet-foundation/src/Syntax/math_layout.rs:545;crates/jet-parser/src/lib.rs:433;crates/jet-parser/src/lib.rs:437;crates/jet-parser/src/Parser/Items/imports_policy.rs:171;crates/jet-parser/src/Parser/Items/imports_policy.rs:174;crates/jet-parser/src/Parser/Items/imports_policy.rs:176;crates/jet-pkg-model/src/Package/mod.rs:431;crates/jet-sema/src/Sema/Bundle/Validation.rs:2418;crates/jet-sema/src/Sema/Effects.rs:328;crates/jet-sema/src/Sema/Effects.rs:329;crates/jet-sema/src/Sema/Effects.rs:1259;crates/jet-sema/src/Sema/MemoryFacts.rs:22;crates/jet-sema/src/Sema/MemoryFacts.rs:24;crates/jet-sema/src/Sema/MemoryFacts.rs:746;crates/jet-sema/src/Sema/MemoryFacts.rs:1294;crates/jet-sema/src/Sema/MemoryFacts.rs:1309;crates/jet-sema/src/Sema/Registration.rs:1168;crates/jet-semindex/src/Build.rs:628;crates/jet-semindex/src/Symbols.rs:1109	examples/features/memory/effect_denials.jet:1;examples/features/memory/effect_denials.jet:4;scripts/agent/effect-authority-census-fixtures/effect-mem-alloc-denial.jet:3;tests/cli_parts/expand.rs:665;tests/diagnostic_snapshots.rs:1023;tests/effects.rs:202;tests/effects.rs:232;tests/effects.rs:242;tests/effects.rs:243;tests/effects.rs:248;tests/fmt.rs:2854;tests/fmt.rs:2856;tests/fmt.rs:2862;tests/fmt.rs:2863;tests/fuzz/sema/valid/ex_memory_effect_denial.jet:1;tests/fuzz/sema/valid/ex_memory_effect_denial.jet:3;tests/memory_semantics.rs:9;tests/memory_semantics.rs:17;tests/memory_semantics.rs:42;tests/memory_semantics.rs:51;tests/memory_semantics.rs:58;tests/memory_semantics.rs:91;tests/memory_semantics.rs:145;tests/memory_semantics.rs:155;tests/ui/arena_bounded_open_multiplicity.jet:8;tests/ui/arena_bounded_transitive_overflow.jet:8;tests/ui/no_alloc_policy_violation.jet:3	crates/jet-foundation/src/AST/program_imports.rs:694;crates/jet-foundation/src/Syntax/math_layout.rs:545;crates/jet-parser/src/lib.rs:433;crates/jet-parser/src/lib.rs:437;crates/jet-parser/src/Parser/Items/imports_policy.rs:171;crates/jet-parser/src/Parser/Items/imports_policy.rs:174;crates/jet-parser/src/Parser/Items/imports_policy.rs:176;crates/jet-pkg-model/src/Package/mod.rs:431;crates/jet-sema/src/Sema/Bundle/Validation.rs:2418;crates/jet-sema/src/Sema/Effects.rs:328;crates/jet-sema/src/Sema/Effects.rs:329;crates/jet-sema/src/Sema/Effects.rs:1259;crates/jet-sema/src/Sema/MemoryFacts.rs:22;crates/jet-sema/src/Sema/MemoryFacts.rs:24;crates/jet-sema/src/Sema/MemoryFacts.rs:746;crates/jet-sema/src/Sema/MemoryFacts.rs:1294;crates/jet-sema/src/Sema/MemoryFacts.rs:1309;crates/jet-sema/src/Sema/Registration.rs:1168;crates/jet-semindex/src/Build.rs:628;crates/jet-semindex/src/Symbols.rs:1109	aot: none | run: none | interpret: none	same_decision_same_meaning	refuse [E0921] Error [E0921]: String interpolation allocates a new `String` at main.jet violates the effective `!Mem.Alloc` declared at main.jet | Why: main.jet is reachable through main::run -> main::frame_label from code governed by `!Mem.Alloc`; declaration provenance: signature denial `-[!Mem.Alloc]>` in main.jet; operation provenance: frame_label in main.jet | Fix: Remove or replace the incompatible operation, seal the target set, or move the call outside this denial | More: jet-lang.dev/e/E09211 problem found | run `jet explain E0921` to learn more	refuse [E0921] Error [E0921]: String interpolation allocates a new `String` at main.jet violates the effective `!Mem.Alloc` declared at main.jet | Why: main.jet is reachable through main::run -> main::frame_label from code governed by `!Mem.Alloc`; declaration provenance: signature denial `-[!Mem.Alloc]>` in main.jet; operation provenance: frame_label in main.jet | Fix: Remove or replace the incompatible operation, seal the target set, or move the call outside this denial | More: jet-lang.dev/e/E09211 problem found | run `jet explain E0921` to learn more	refuse [E0921] Error [E0921]: String interpolation allocates a new `String` at main.jet violates the effective `!Mem.Alloc` declared at main.jet | Why: main.jet is reachable through main::run -> main::frame_label from code governed by `!Mem.Alloc`; declaration provenance: signature denial `-[!Mem.Alloc]>` in main.jet; operation provenance: frame_label in main.jet | Fix: Remove or replace the incompatible operation, seal the target set, or move the call outside this denial | More: jet-lang.dev/e/E09211 problem found | run `jet explain E0921` to learn more
enforcement	enforcement:memory-fact-denial	enforcement_point	transitive/package memory-fact denial	found	refuse-before-allocation	refuse-before-allocation	refuse-before-allocation	E0921	authority:memory-denials,authority:package-guarantees		crates/jet-codegen/src/Prelude/Diagnostics.jet:559;crates/jet-codegen/src/Prelude/Observe.rs:110;crates/jet-sema/src/Sema/Bundle/Pipeline/Completion.rs:571;crates/jet-sema/src/Sema/Effects.rs:944;crates/jet-sema/src/Sema/Effects.rs:1258;crates/jet-sema/src/Sema/Effects.rs:1259;crates/jet-sema/src/Sema/MemoryFacts.rs:1;crates/jet-sema/src/Sema/MemoryFacts.rs:746;crates/jet-sema/src/Sema/MemoryFacts.rs:1294;crates/jet-sema/src/Sema/MemoryFacts.rs:1309;crates/jet-sema/src/Sema/mod.rs:1826;docs/spec/diagnostic-rows.md:559;docs/spec/diagnostics.md:751;docs/spec/diagnostics.md:2476;docs/spec/spec.md:732;docs/spec/spec.md:736;docs/spec/spec.md:4186;docs/spec/syntax-decisions.md:2107;docs/spec/syntax-decisions.md:2306;docs/spec/syntax-decisions.md:2307;docs/spec/syntax-decisions.md:7129;docs/spec/syntax-decisions.md:9218;examples/features/basics/build/callbacks.rs:16889;examples/features/basics/build/compound.rs:16889;examples/features/basics/build/hello.rs:11892;examples/features/basics/build/numbers.rs:16889;examples/features/lowlevel/cbind/build/run.rs:16896;examples/features/memory/effect_denials.jet:1;examples/features/memory/program_allocator/build/main.rs:12093;examples/features/memory/program_allocator/build/run.rs:17472	crates/jet-codegen/src/Prelude/Diagnostics.jet:559;crates/jet-codegen/src/Prelude/Observe.rs:110;crates/jet-sema/src/Sema/Bundle/Pipeline/Completion.rs:571;crates/jet-sema/src/Sema/Effects.rs:944;crates/jet-sema/src/Sema/Effects.rs:1258;crates/jet-sema/src/Sema/Effects.rs:1259;crates/jet-sema/src/Sema/MemoryFacts.rs:1;crates/jet-sema/src/Sema/MemoryFacts.rs:746;crates/jet-sema/src/Sema/MemoryFacts.rs:1294;crates/jet-sema/src/Sema/MemoryFacts.rs:1309;crates/jet-sema/src/Sema/mod.rs:1826	examples/features/basics/build/callbacks.rs:16889;examples/features/basics/build/compound.rs:16889;examples/features/basics/build/hello.rs:11892;examples/features/basics/build/numbers.rs:16889;examples/features/lowlevel/cbind/build/run.rs:16896;examples/features/memory/effect_denials.jet:1;examples/features/memory/program_allocator/build/main.rs:12093;examples/features/memory/program_allocator/build/run.rs:17472;examples/features/memory/unsafe_sentries_package_off/build/run.rs:11241;examples/features/packages/outputs_nested/build/main.rs:16889;examples/features/tooling/build_entry_discovery/build/run.rs:11493;examples/features/tooling/build/output_callable.rs:11892;examples/features/tooling/programmable_build/build/main.rs:3526;examples/features/tooling/run_default/build/run.rs:11577;examples/features/tooling/test_package_modules/build/run.rs:11577;examples/performance/receipts/hello/build/run.rs:11497;examples/performance/receipts/http_ready/build/run.rs:11497;tests/diagnostic_snapshots.rs:1023;tests/effects.rs:232;tests/effects.rs:248;tests/fixtures/fresh_agent_t4/build/run.rs:16892;tests/fuzz/sema/valid/ex_memory_effect_denial.jet:1;tests/memory_semantics.rs:91;tests/memory_semantics.rs:98;tests/memory_semantics.rs:115;tests/memory_semantics.rs:136;tests/memory_semantics.rs:142;tests/memory_semantics.rs:155;tests/memory_semantics.rs:161;tests/project_check/fixtures/core_closure/build/run.rs:16889	crates/jet-codegen/src/Prelude/Observe.rs:110;crates/jet-sema/src/Sema/Bundle/Pipeline/Completion.rs:571;crates/jet-sema/src/Sema/Effects.rs:944;crates/jet-sema/src/Sema/Effects.rs:1258;crates/jet-sema/src/Sema/Effects.rs:1259;crates/jet-sema/src/Sema/MemoryFacts.rs:1;crates/jet-sema/src/Sema/MemoryFacts.rs:746;crates/jet-sema/src/Sema/MemoryFacts.rs:1294;crates/jet-sema/src/Sema/MemoryFacts.rs:1309;crates/jet-sema/src/Sema/mod.rs:1826	aot: none | run: none | interpret: none	same_decision_same_meaning	refuse [E0921] Error [E0921]: String interpolation allocates a new `String` at main.jet violates the effective `!Mem.Alloc` declared at package.jet | Why: main.jet is reachable through frame_label from code governed by `!Mem.Alloc`; declaration provenance: manifest denial `authority: { holds: { deny: [Mem.Alloc] } }`; operation provenance: frame_label in main.jet | Fix: Remove or replace the incompatible operation, seal the target set, or move the call outside this denial | More: jet-lang.dev/e/E09211 problem found | run `jet explain E0921` to learn more	refuse [E0921] Error [E0921]: String interpolation allocates a new `String` at main.jet violates the effective `!Mem.Alloc` declared at package.jet | Why: main.jet is reachable through frame_label from code governed by `!Mem.Alloc`; declaration provenance: manifest denial `authority: { holds: { deny: [Mem.Alloc] } }`; operation provenance: frame_label in main.jet | Fix: Remove or replace the incompatible operation, seal the target set, or move the call outside this denial | More: jet-lang.dev/e/E09211 problem found | run `jet explain E0921` to learn more	refuse [E0921] Error [E0921]: String interpolation allocates a new `String` at main.jet violates the effective `!Mem.Alloc` declared at package.jet | Why: main.jet is reachable through frame_label from code governed by `!Mem.Alloc`; declaration provenance: manifest denial `authority: { holds: { deny: [Mem.Alloc] } }`; operation provenance: frame_label in main.jet | Fix: Remove or replace the incompatible operation, seal the target set, or move the call outside this denial | More: jet-lang.dev/e/E09211 problem found | run `jet explain E0921` to learn more
enforcement	enforcement:authority-holds	enforcement_point	authority holds and child-scope attenuation	found	refuse-widening-or-missing-hold	refuse-widening-or-missing-hold	refuse-widening-or-missing-hold	E0712,E1803	authority:canonical-holds,authority:sandbox-lending	sandbox:authority-lend-tighten	crates/jet-codegen/src/Prelude/Core/Authority.rs:136;crates/jet-codegen/src/Prelude/Diagnostics.jet:400;crates/jet-codegen/src/Prelude/Diagnostics.jet:404;crates/jet-codegen/src/Prelude/Facts.jet:23;crates/jet-comptime/src/Comptime/Builtins.rs:309;crates/jet-foundation/src/Authority.rs:1;crates/jet-foundation/src/Authority.rs:104;crates/jet-foundation/src/Authority.rs:181;crates/jet-foundation/src/Authority.rs:434;crates/jet-foundation/src/Authority.rs:435;crates/jet-foundation/src/Policy.rs:194;crates/jet-foundation/src/Policy.rs:2478;crates/jet-jit/src/Collections.rs:5202;crates/jet-pkg-model/src/Authority.rs:45;crates/jet-pkg-model/src/Authority.rs:48;crates/jet-pkg-model/src/Authority.rs:60;crates/jet-pkg-model/src/Authority.rs:63;crates/jet-pkg-model/src/Authority.rs:69;crates/jet-pkg-model/src/Authority.rs:78;crates/jet-pkg-model/src/Authority.rs:97;crates/jet-pkg-model/src/Authority.rs:103;crates/jet-pkg-model/src/Authority.rs:109;crates/jet-pkg-model/src/Authority.rs:117;crates/jet-pkg-model/src/Authority.rs:123;crates/jet-pkg-model/src/Authority.rs:126;crates/jet-pkg-model/src/Authority.rs:129;crates/jet-pkg-model/src/Authority.rs:134;crates/jet-pkg-model/src/Authority.rs:171;crates/jet-pkg-model/src/Authority.rs:173;crates/jet-pkg-model/src/Authority.rs:182	crates/jet-codegen/src/Prelude/Core/Authority.rs:136;crates/jet-codegen/src/Prelude/Diagnostics.jet:400;crates/jet-codegen/src/Prelude/Diagnostics.jet:404;crates/jet-codegen/src/Prelude/Facts.jet:23;crates/jet-comptime/src/Comptime/Builtins.rs:309;crates/jet-foundation/src/Authority.rs:1;crates/jet-foundation/src/Authority.rs:104;crates/jet-foundation/src/Authority.rs:181;crates/jet-foundation/src/Authority.rs:434;crates/jet-foundation/src/Authority.rs:435;crates/jet-foundation/src/Policy.rs:194;crates/jet-foundation/src/Policy.rs:2478;crates/jet-jit/src/Collections.rs:5202;crates/jet-pkg-model/src/Authority.rs:45;crates/jet-pkg-model/src/Authority.rs:48;crates/jet-pkg-model/src/Authority.rs:60;crates/jet-pkg-model/src/Authority.rs:63;crates/jet-pkg-model/src/Authority.rs:69;crates/jet-pkg-model/src/Authority.rs:78;crates/jet-pkg-model/src/Authority.rs:97;crates/jet-pkg-model/src/Authority.rs:103;crates/jet-pkg-model/src/Authority.rs:109;crates/jet-pkg-model/src/Authority.rs:117;crates/jet-pkg-model/src/Authority.rs:123;crates/jet-pkg-model/src/Authority.rs:126;crates/jet-pkg-model/src/Authority.rs:129;crates/jet-pkg-model/src/Authority.rs:134;crates/jet-pkg-model/src/Authority.rs:171;crates/jet-pkg-model/src/Authority.rs:173;crates/jet-pkg-model/src/Authority.rs:182	examples/features/basics/build/callbacks.rs:8240;examples/features/basics/build/compound.rs:8240;examples/features/basics/build/hello.rs:5251;examples/features/basics/build/numbers.rs:8240;examples/features/effects/effect_authority.jet:3;examples/features/effects/effect_grant.jet:9;examples/features/lowlevel/cbind/build/run.rs:8247;examples/features/memory/program_allocator/build/main.rs:5457;examples/features/memory/program_allocator/build/run.rs:8792;examples/features/packages/outputs_nested/build/main.rs:8240;examples/features/tooling/build_entry_discovery/build/run.rs:4900;examples/features/tooling/build/output_callable.rs:5251;examples/features/tooling/run_default/build/run.rs:4938;examples/features/tooling/test_package_modules/build/run.rs:4938;examples/performance/receipts/hello/build/run.rs:4900;examples/performance/receipts/http_ready/build/run.rs:4900;tests/authority.rs:92;tests/authority.rs:100;tests/effects.rs:577;tests/effects.rs:634;tests/effects.rs:636;tests/effects.rs:647;tests/effects.rs:648;tests/effects.rs:654;tests/effects.rs:656;tests/effects.rs:668;tests/effects.rs:669;tests/effects.rs:842;tests/effects.rs:854;tests/effects.rs:861	crates/jet-codegen/src/Prelude/Core/Authority.rs:136;crates/jet-comptime/src/Comptime/Builtins.rs:309;crates/jet-foundation/src/Authority.rs:1;crates/jet-foundation/src/Authority.rs:104;crates/jet-foundation/src/Authority.rs:181;crates/jet-foundation/src/Authority.rs:434;crates/jet-foundation/src/Authority.rs:435;crates/jet-foundation/src/Policy.rs:194;crates/jet-foundation/src/Policy.rs:2478;crates/jet-jit/src/Collections.rs:5202;crates/jet-pkg-model/src/Authority.rs:45;crates/jet-pkg-model/src/Authority.rs:48;crates/jet-pkg-model/src/Authority.rs:60;crates/jet-pkg-model/src/Authority.rs:63;crates/jet-pkg-model/src/Authority.rs:69;crates/jet-pkg-model/src/Authority.rs:78;crates/jet-pkg-model/src/Authority.rs:97;crates/jet-pkg-model/src/Authority.rs:103;crates/jet-pkg-model/src/Authority.rs:109;crates/jet-pkg-model/src/Authority.rs:117;crates/jet-pkg-model/src/Authority.rs:123;crates/jet-pkg-model/src/Authority.rs:126;crates/jet-pkg-model/src/Authority.rs:129;crates/jet-pkg-model/src/Authority.rs:134;crates/jet-pkg-model/src/Authority.rs:171;crates/jet-pkg-model/src/Authority.rs:173;crates/jet-pkg-model/src/Authority.rs:182;crates/jet-pkg-model/src/Authority.rs:204;crates/jet-pkg-model/src/Authority.rs:213;crates/jet-sema/src/Sema/CheckerCore/statements.rs:3157	aot: none | run: none | interpret: none	unavailable	unavailable: tier exited without a registered diagnostic code	unavailable: tier exited without a registered diagnostic code	unavailable: tier exited without a registered diagnostic code
enforcement	enforcement:sentry-poisoning	enforcement_point	released storage quarantine and sentry fault	found	release-silent-or-hardened-check	dev-or-hardened-runtime-check	dev-or-hardened-runtime-check	R0801,R0802,R0803	authority:unsafe-policy,authority:package-guarantees	sandbox:sentry-fenced-scope	crates/jet-codegen/src/Codegen/Context.rs:362;crates/jet-codegen/src/Codegen/mod.rs:3716;crates/jet-codegen/src/Codegen/TIR/lower/env.rs:87;crates/jet-codegen/src/Codegen/TIR/lower/env.rs:91;crates/jet-codegen/src/Codegen/TIR/mod.rs:247;crates/jet-codegen/src/Codegen/TIR/mod.rs:4025;crates/jet-codegen/src/Codegen/TIR/mod.rs:4974;crates/jet-codegen/src/Codegen/TIR/mod.rs:9398;crates/jet-codegen/src/Prelude/Core.rs:1113;crates/jet-codegen/src/Prelude/Core.rs:1114;crates/jet-codegen/src/Prelude/Core.rs:1115;crates/jet-codegen/src/Prelude/Core.rs:1116;crates/jet-codegen/src/Prelude/Diagnostics.jet:936;crates/jet-codegen/src/Prelude/Diagnostics.jet:937;crates/jet-codegen/src/Prelude/Diagnostics.jet:938;crates/jet-codegen/src/Prelude/Mem.rs:32;crates/jet-codegen/src/Prelude/Mem.rs:55;crates/jet-codegen/src/Prelude/Mem.rs:56;crates/jet-codegen/src/Prelude/Mem.rs:59;crates/jet-codegen/src/Prelude/Mem.rs:60;crates/jet-codegen/src/Prelude/Mem.rs:78;crates/jet-codegen/src/Prelude/Mem.rs:79;crates/jet-codegen/src/Prelude/Mem.rs:91;crates/jet-codegen/src/Prelude/Mem.rs:97;crates/jet-codegen/src/Prelude/Mem.rs:110;crates/jet-codegen/src/Prelude/Mem.rs:116;crates/jet-codegen/src/Prelude/Mem.rs:134;crates/jet-codegen/src/Prelude/Mem.rs:141;crates/jet-codegen/src/Prelude/Mem.rs:157;crates/jet-codegen/src/Prelude/Mem.rs:163	crates/jet-codegen/src/Codegen/Context.rs:362;crates/jet-codegen/src/Codegen/mod.rs:3716;crates/jet-codegen/src/Codegen/TIR/lower/env.rs:87;crates/jet-codegen/src/Codegen/TIR/lower/env.rs:91;crates/jet-codegen/src/Codegen/TIR/mod.rs:247;crates/jet-codegen/src/Codegen/TIR/mod.rs:4025;crates/jet-codegen/src/Codegen/TIR/mod.rs:4974;crates/jet-codegen/src/Codegen/TIR/mod.rs:9398;crates/jet-codegen/src/Prelude/Core.rs:1113;crates/jet-codegen/src/Prelude/Core.rs:1114;crates/jet-codegen/src/Prelude/Core.rs:1115;crates/jet-codegen/src/Prelude/Core.rs:1116;crates/jet-codegen/src/Prelude/Diagnostics.jet:936;crates/jet-codegen/src/Prelude/Diagnostics.jet:937;crates/jet-codegen/src/Prelude/Diagnostics.jet:938;crates/jet-codegen/src/Prelude/Mem.rs:32;crates/jet-codegen/src/Prelude/Mem.rs:55;crates/jet-codegen/src/Prelude/Mem.rs:56;crates/jet-codegen/src/Prelude/Mem.rs:59;crates/jet-codegen/src/Prelude/Mem.rs:60;crates/jet-codegen/src/Prelude/Mem.rs:78;crates/jet-codegen/src/Prelude/Mem.rs:79;crates/jet-codegen/src/Prelude/Mem.rs:91;crates/jet-codegen/src/Prelude/Mem.rs:97;crates/jet-codegen/src/Prelude/Mem.rs:110;crates/jet-codegen/src/Prelude/Mem.rs:116;crates/jet-codegen/src/Prelude/Mem.rs:134;crates/jet-codegen/src/Prelude/Mem.rs:141;crates/jet-codegen/src/Prelude/Mem.rs:157;crates/jet-codegen/src/Prelude/Mem.rs:163	examples/features/basics/build/callbacks.rs:2812;examples/features/basics/build/callbacks.rs:2938;examples/features/basics/build/callbacks.rs:2939;examples/features/basics/build/callbacks.rs:2940;examples/features/basics/build/callbacks.rs:9797;examples/features/basics/build/callbacks.rs:9798;examples/features/basics/build/callbacks.rs:9799;examples/features/basics/build/callbacks.rs:9800;examples/features/basics/build/callbacks.rs:19196;examples/features/basics/build/callbacks.rs:19562;examples/features/basics/build/callbacks.rs:19583;examples/features/basics/build/callbacks.rs:19624;examples/features/basics/build/callbacks.rs:19631;examples/features/basics/build/callbacks.rs:19640;examples/features/basics/build/callbacks.rs:19641;examples/features/basics/build/callbacks.rs:19648;examples/features/basics/build/callbacks.rs:19660;examples/features/basics/build/callbacks.rs:19668;examples/features/basics/build/callbacks.rs:19681;examples/features/basics/build/callbacks.rs:19682;examples/features/basics/build/callbacks.rs:19690;examples/features/basics/build/callbacks.rs:19702;examples/features/basics/build/callbacks.rs:19734;examples/features/basics/build/callbacks.rs:19740;examples/features/basics/build/callbacks.rs:19758;examples/features/basics/build/callbacks.rs:19761;examples/features/basics/build/callbacks.rs:19766;examples/features/basics/build/callbacks.rs:19771;examples/features/basics/build/callbacks.rs:19785;examples/features/basics/build/callbacks.rs:19789	crates/jet-codegen/src/Codegen/Context.rs:362;crates/jet-codegen/src/Codegen/mod.rs:3716;crates/jet-codegen/src/Codegen/TIR/lower/env.rs:87;crates/jet-codegen/src/Codegen/TIR/lower/env.rs:91;crates/jet-codegen/src/Codegen/TIR/mod.rs:247;crates/jet-codegen/src/Codegen/TIR/mod.rs:4025;crates/jet-codegen/src/Codegen/TIR/mod.rs:4974;crates/jet-codegen/src/Codegen/TIR/mod.rs:9398;crates/jet-codegen/src/Prelude/Core.rs:1113;crates/jet-codegen/src/Prelude/Core.rs:1114;crates/jet-codegen/src/Prelude/Core.rs:1115;crates/jet-codegen/src/Prelude/Core.rs:1116;crates/jet-codegen/src/Prelude/Mem.rs:32;crates/jet-codegen/src/Prelude/Mem.rs:55;crates/jet-codegen/src/Prelude/Mem.rs:56;crates/jet-codegen/src/Prelude/Mem.rs:59;crates/jet-codegen/src/Prelude/Mem.rs:60;crates/jet-codegen/src/Prelude/Mem.rs:78;crates/jet-codegen/src/Prelude/Mem.rs:79;crates/jet-codegen/src/Prelude/Mem.rs:91;crates/jet-codegen/src/Prelude/Mem.rs:97;crates/jet-codegen/src/Prelude/Mem.rs:110;crates/jet-codegen/src/Prelude/Mem.rs:116;crates/jet-codegen/src/Prelude/Mem.rs:134;crates/jet-codegen/src/Prelude/Mem.rs:141;crates/jet-codegen/src/Prelude/Mem.rs:157;crates/jet-codegen/src/Prelude/Mem.rs:163;crates/jet-codegen/src/Prelude/Mem.rs:183;crates/jet-codegen/src/Prelude/Mem.rs:190;crates/jet-codegen/src/Prelude/Mem.rs:197	aot: release AOT may be unwatched unless package/profile harden enables sentries | run: shared sentry kernel is active in the dev tier or when harden is enabled | interpret: shared sentry kernel is active in the dev tier or when harden is enabled	unavailable	unavailable: tier exited without a registered diagnostic code	unavailable: tier exited without a registered diagnostic code	unavailable: tier exited without a registered diagnostic code
enforcement	enforcement:harden-fence	enforcement_point	package/profile harden keeps foreign fences active	found	hardened-runtime-check	hardened-runtime-check	hardened-runtime-check	R0801,R0802,R0803	authority:package-guarantees,authority:unsafe-policy	sandbox:sentry-fenced-scope	crates/jet-codegen/src/Codegen/Context.rs:364;crates/jet-codegen/src/Codegen/Context.rs:367;crates/jet-codegen/src/Codegen/Context.rs:368;crates/jet-codegen/src/Codegen/Context.rs:4088;crates/jet-codegen/src/Codegen/Context.rs:4908;crates/jet-codegen/src/Codegen/TIR/lower/env.rs:91;crates/jet-codegen/src/Codegen/TIR/mod.rs:247;crates/jet-codegen/src/Codegen/TIR/mod.rs:521;crates/jet-codegen/src/Codegen/TIR/mod.rs:523;crates/jet-codegen/src/Codegen/TIR/mod.rs:2301;crates/jet-codegen/src/Codegen/TIR/mod.rs:3877;crates/jet-codegen/src/Codegen/TIR/mod.rs:3926;crates/jet-codegen/src/Codegen/TIR/mod.rs:4025;crates/jet-codegen/src/Codegen/TIR/mod.rs:9398;crates/jet-driver/src/Driver/mod.rs:83;crates/jet-driver/src/Driver/mod.rs:171;crates/jet-driver/src/Driver/mod.rs:180;crates/jet-driver/src/Driver/mod.rs:187;crates/jet-foundation/src/AST/program_imports.rs:640;crates/jet-foundation/src/AST/program_imports.rs:666;crates/jet-foundation/src/Syntax/predicates.rs:224;crates/jet-pkg-model/src/Package/Blocks.rs:1637;crates/jet-pkg-model/src/Package/mod.rs:452;crates/jet-pkg-model/src/Package/mod.rs:455;crates/jet-pkg-model/src/Package/mod.rs:676;docs/spec/syntax-decisions.md:2900;docs/spec/syntax-decisions.md:7745;docs/spec/syntax-decisions.md:7751;docs/spec/syntax-decisions.md:7755;docs/spec/syntax-decisions.md:7757	crates/jet-codegen/src/Codegen/Context.rs:364;crates/jet-codegen/src/Codegen/Context.rs:367;crates/jet-codegen/src/Codegen/Context.rs:368;crates/jet-codegen/src/Codegen/Context.rs:4088;crates/jet-codegen/src/Codegen/Context.rs:4908;crates/jet-codegen/src/Codegen/TIR/lower/env.rs:91;crates/jet-codegen/src/Codegen/TIR/mod.rs:247;crates/jet-codegen/src/Codegen/TIR/mod.rs:521;crates/jet-codegen/src/Codegen/TIR/mod.rs:523;crates/jet-codegen/src/Codegen/TIR/mod.rs:2301;crates/jet-codegen/src/Codegen/TIR/mod.rs:3877;crates/jet-codegen/src/Codegen/TIR/mod.rs:3926;crates/jet-codegen/src/Codegen/TIR/mod.rs:4025;crates/jet-codegen/src/Codegen/TIR/mod.rs:9398;crates/jet-driver/src/Driver/mod.rs:83;crates/jet-driver/src/Driver/mod.rs:171;crates/jet-driver/src/Driver/mod.rs:180;crates/jet-driver/src/Driver/mod.rs:187;crates/jet-foundation/src/AST/program_imports.rs:640;crates/jet-foundation/src/AST/program_imports.rs:666;crates/jet-foundation/src/Syntax/predicates.rs:224;crates/jet-pkg-model/src/Package/Blocks.rs:1637;crates/jet-pkg-model/src/Package/mod.rs:452;crates/jet-pkg-model/src/Package/mod.rs:455;crates/jet-pkg-model/src/Package/mod.rs:676	tests/tir_unsafe_and_runtime.rs:231	crates/jet-codegen/src/Codegen/Context.rs:364;crates/jet-codegen/src/Codegen/Context.rs:367;crates/jet-codegen/src/Codegen/Context.rs:368;crates/jet-codegen/src/Codegen/Context.rs:4088;crates/jet-codegen/src/Codegen/Context.rs:4908;crates/jet-codegen/src/Codegen/TIR/lower/env.rs:91;crates/jet-codegen/src/Codegen/TIR/mod.rs:247;crates/jet-codegen/src/Codegen/TIR/mod.rs:521;crates/jet-codegen/src/Codegen/TIR/mod.rs:523;crates/jet-codegen/src/Codegen/TIR/mod.rs:2301;crates/jet-codegen/src/Codegen/TIR/mod.rs:3877;crates/jet-codegen/src/Codegen/TIR/mod.rs:3926;crates/jet-codegen/src/Codegen/TIR/mod.rs:4025;crates/jet-codegen/src/Codegen/TIR/mod.rs:9398;crates/jet-driver/src/Driver/mod.rs:83;crates/jet-driver/src/Driver/mod.rs:171;crates/jet-driver/src/Driver/mod.rs:180;crates/jet-driver/src/Driver/mod.rs:187;crates/jet-foundation/src/AST/program_imports.rs:640;crates/jet-foundation/src/AST/program_imports.rs:666;crates/jet-foundation/src/Syntax/predicates.rs:224;crates/jet-pkg-model/src/Package/Blocks.rs:1637;crates/jet-pkg-model/src/Package/mod.rs:452;crates/jet-pkg-model/src/Package/mod.rs:455;crates/jet-pkg-model/src/Package/mod.rs:676	aot: none | run: none | interpret: none	unavailable	unavailable: tier exited without a registered diagnostic code	unavailable: tier exited without a registered diagnostic code	unavailable: tier exited without a registered diagnostic code
enforcement	enforcement:process-sandbox	enforcement_point	executable actions require a native boundary	found	native-boundary-or-refuse	native-boundary-or-refuse	refuse-process-action-without-host-launch	E1275,E1803,E3504,E3505	authority:build-capabilities,authority:package-guarantees	sandbox:build-native-boundary,sandbox:substitute-or-refuse	crates/jet-codegen/src/Prelude/Diagnostics.jet:198;crates/jet-codegen/src/Prelude/Diagnostics.jet:527;crates/jet-codegen/src/Prelude/Diagnostics.jet:762;crates/jet-comptime/src/Comptime/Build/execution_runtime.rs:91;crates/jet-comptime/src/Comptime/Build/execution_runtime.rs:241;crates/jet-comptime/src/Comptime/Build/execution_runtime.rs:249;crates/jet-comptime/src/Comptime/Build/execution_runtime.rs:261;crates/jet-comptime/src/Comptime/Build/execution_runtime.rs:270;crates/jet-comptime/src/Comptime/Build/execution_runtime.rs:282;crates/jet-comptime/src/Comptime/Build/execution_runtime.rs:291;crates/jet-comptime/src/Comptime/Build/execution_runtime.rs:303;crates/jet-comptime/src/Comptime/Build/execution_runtime.rs:386;crates/jet-comptime/src/Comptime/Build/execution_runtime.rs:923;crates/jet-comptime/src/Comptime/Build/execution_runtime.rs:1752;crates/jet-comptime/src/Comptime/Build/execution_runtime.rs:1757;crates/jet-comptime/src/Comptime/Build/execution_runtime.rs:2210;crates/jet-comptime/src/Comptime/Build/execution_runtime.rs:2413;crates/jet-comptime/src/Comptime/Build/execution_runtime.rs:2644;crates/jet-comptime/src/Comptime/Build/execution_runtime.rs:2764;crates/jet-comptime/src/Comptime/Build/execution_runtime.rs:2829;crates/jet-comptime/src/Comptime/Build/execution_runtime.rs:2897;crates/jet-comptime/src/Comptime/Methods/repl_process.rs:200;crates/jet-comptime/src/Comptime/Methods/repl_process.rs:240;crates/jet-comptime/tests/tls_tier2.rs:74;crates/jet-comptime/tests/tls_tier2.rs:159;crates/jet-driver/src/Driver/mod.rs:6266;crates/jet-foundation/src/Authority.rs:397;crates/jet-foundation/src/Authority.rs:837;crates/jet-foundation/src/Authority.rs:854;crates/jet-pkg-model/src/EffectBudget.rs:163	crates/jet-codegen/src/Prelude/Diagnostics.jet:198;crates/jet-codegen/src/Prelude/Diagnostics.jet:527;crates/jet-codegen/src/Prelude/Diagnostics.jet:762;crates/jet-comptime/src/Comptime/Build/execution_runtime.rs:91;crates/jet-comptime/src/Comptime/Build/execution_runtime.rs:241;crates/jet-comptime/src/Comptime/Build/execution_runtime.rs:249;crates/jet-comptime/src/Comptime/Build/execution_runtime.rs:261;crates/jet-comptime/src/Comptime/Build/execution_runtime.rs:270;crates/jet-comptime/src/Comptime/Build/execution_runtime.rs:282;crates/jet-comptime/src/Comptime/Build/execution_runtime.rs:291;crates/jet-comptime/src/Comptime/Build/execution_runtime.rs:303;crates/jet-comptime/src/Comptime/Build/execution_runtime.rs:386;crates/jet-comptime/src/Comptime/Build/execution_runtime.rs:923;crates/jet-comptime/src/Comptime/Build/execution_runtime.rs:1752;crates/jet-comptime/src/Comptime/Build/execution_runtime.rs:1757;crates/jet-comptime/src/Comptime/Build/execution_runtime.rs:2210;crates/jet-comptime/src/Comptime/Build/execution_runtime.rs:2413;crates/jet-comptime/src/Comptime/Build/execution_runtime.rs:2644;crates/jet-comptime/src/Comptime/Build/execution_runtime.rs:2764;crates/jet-comptime/src/Comptime/Build/execution_runtime.rs:2829;crates/jet-comptime/src/Comptime/Build/execution_runtime.rs:2897;crates/jet-comptime/src/Comptime/Methods/repl_process.rs:200;crates/jet-comptime/src/Comptime/Methods/repl_process.rs:240;crates/jet-comptime/tests/tls_tier2.rs:74;crates/jet-comptime/tests/tls_tier2.rs:159;crates/jet-driver/src/Driver/mod.rs:6266;crates/jet-foundation/src/Authority.rs:397;crates/jet-foundation/src/Authority.rs:837;crates/jet-foundation/src/Authority.rs:854;crates/jet-pkg-model/src/EffectBudget.rs:163	crates/jet-comptime/tests/tls_tier2.rs:74;crates/jet-comptime/tests/tls_tier2.rs:159;tests/build_sandbox.rs:358;tests/build_sandbox.rs:551;tests/build_sandbox.rs:654;tests/build_sandbox.rs:813;tests/build_sandbox.rs:894;tests/build_sandbox.rs:1078;tests/build_sandbox.rs:1296;tests/build_sandbox.rs:1560;tests/cli_parts/surface.rs:2115;tests/cli_parts/surface.rs:2118;tests/cli_parts/surface.rs:2121;tests/cli_parts/surface.rs:2128;tests/dev_parts/support.rs:2720;tests/diagnostics_coverage.rs:1376;tests/diagnostics_coverage.rs:1400;tests/jetpack_no_daemon.rs:95;tests/jetpack_no_daemon.rs:111;tests/jetpack_no_daemon.rs:145;tests/repl.rs:975;tests/repl.rs:1543;tests/repl.rs:1560;tests/repl.rs:1640;tests/repl.rs:1656;tests/repl.rs:2000;tests/repl.rs:2019;tests/repl.rs:2033;tests/repl.rs:2081;tests/repl.rs:2102	crates/jet-comptime/src/Comptime/Build/execution_runtime.rs:91;crates/jet-comptime/src/Comptime/Build/execution_runtime.rs:241;crates/jet-comptime/src/Comptime/Build/execution_runtime.rs:249;crates/jet-comptime/src/Comptime/Build/execution_runtime.rs:261;crates/jet-comptime/src/Comptime/Build/execution_runtime.rs:270;crates/jet-comptime/src/Comptime/Build/execution_runtime.rs:282;crates/jet-comptime/src/Comptime/Build/execution_runtime.rs:291;crates/jet-comptime/src/Comptime/Build/execution_runtime.rs:303;crates/jet-comptime/src/Comptime/Build/execution_runtime.rs:386;crates/jet-comptime/src/Comptime/Build/execution_runtime.rs:923;crates/jet-comptime/src/Comptime/Build/execution_runtime.rs:1752;crates/jet-comptime/src/Comptime/Build/execution_runtime.rs:1757;crates/jet-comptime/src/Comptime/Build/execution_runtime.rs:2210;crates/jet-comptime/src/Comptime/Build/execution_runtime.rs:2413;crates/jet-comptime/src/Comptime/Build/execution_runtime.rs:2644;crates/jet-comptime/src/Comptime/Build/execution_runtime.rs:2764;crates/jet-comptime/src/Comptime/Build/execution_runtime.rs:2829;crates/jet-comptime/src/Comptime/Build/execution_runtime.rs:2897;crates/jet-comptime/src/Comptime/Methods/repl_process.rs:200;crates/jet-comptime/src/Comptime/Methods/repl_process.rs:240;crates/jet-comptime/tests/tls_tier2.rs:74;crates/jet-comptime/tests/tls_tier2.rs:159;crates/jet-driver/src/Driver/mod.rs:6266;crates/jet-foundation/src/Authority.rs:397;crates/jet-foundation/src/Authority.rs:837;crates/jet-foundation/src/Authority.rs:854;crates/jet-pkg-model/src/EffectBudget.rs:163;crates/jet-pkg-model/src/EffectBudget.rs:988;crates/jet-pkg-model/src/FFI.rs:2414;crates/jet-pkg-model/src/FFI.rs:2493	aot: native build/action boundary or structured refusal | run: native build/action boundary or structured refusal | interpret: interpreter refuses process/OS actions instead of launching; refusal is not a bypass	same_decision_same_meaning	refuse [E0712] Error [E0712]: This `#FX` region uses the effect `Time.Wait`, which it has no authority for | Why: `#FX(…)` allows only `Exec, IO`; an effect reached inside — even through a call — must be in that list | Fix: Add `Time.Wait` to the `#FX(…)` list, or move that work outside the region | More: jet-lang.dev/e/E07121 problem found | run `jet explain E0712` to learn more	refuse [E0712] Error [E0712]: This `#FX` region uses the effect `Time.Wait`, which it has no authority for | Why: `#FX(…)` allows only `Exec, IO`; an effect reached inside — even through a call — must be in that list | Fix: Add `Time.Wait` to the `#FX(…)` list, or move that work outside the region | More: jet-lang.dev/e/E07121 problem found | run `jet explain E0712` to learn more	refuse [E0712] Error [E0712]: This `#FX` region uses the effect `Time.Wait`, which it has no authority for | Why: `#FX(…)` allows only `Exec, IO`; an effect reached inside — even through a call — must be in that list | Fix: Add `Time.Wait` to the `#FX(…)` list, or move that work outside the region | More: jet-lang.dev/e/E07121 problem found | run `jet explain E0712` to learn more
