warning: trait `__jet_Display` should have an upper camel case name
 --> /jet/build/run.rs:9:11
  |
9 | pub trait __jet_Display {
  |           ^^^^^^^^^^^^^ help: convert the identifier to upper camel case: `JetDisplay`
  |
  = note: `#[warn(non_camel_case_types)]` (part of `#[warn(nonstandard_style)]`) on by default

warning: trait `__jet_Equatable` should have an upper camel case name
  --> /jet/build/run.rs:13:11
   |
13 | pub trait __jet_Equatable: Sized { fn equal(&self, rhs: &Self) -> bool; }
   |           ^^^^^^^^^^^^^^^ help: convert the identifier to upper camel case: `JetEquatable`

warning: type `__jet_Ordering` should have an upper camel case name
  --> /jet/build/run.rs:29:10
   |
29 | pub enum __jet_Ordering { __jet_Less, __jet_Equal, __jet_Greater }
   |          ^^^^^^^^^^^^^^ help: convert the identifier to upper camel case: `JetOrdering`

warning: variant `__jet_Less` should have an upper camel case name
  --> /jet/build/run.rs:29:27
   |
29 | pub enum __jet_Ordering { __jet_Less, __jet_Equal, __jet_Greater }
   |                           ^^^^^^^^^^ help: convert the identifier to upper camel case: `JetLess`

warning: variant `__jet_Equal` should have an upper camel case name
  --> /jet/build/run.rs:29:39
   |
29 | pub enum __jet_Ordering { __jet_Less, __jet_Equal, __jet_Greater }
   |                                       ^^^^^^^^^^^ help: convert the identifier to upper camel case: `JetEqual`

warning: variant `__jet_Greater` should have an upper camel case name
  --> /jet/build/run.rs:29:52
   |
29 | pub enum __jet_Ordering { __jet_Less, __jet_Equal, __jet_Greater }
   |                                                    ^^^^^^^^^^^^^ help: convert the identifier to upper camel case: `JetGreater`

warning: trait `__jet_Comparable` should have an upper camel case name
  --> /jet/build/run.rs:31:11
   |
31 | pub trait __jet_Comparable: Sized { fn compare(&self, rhs: &Self) -> __jet_Ordering; }
   |           ^^^^^^^^^^^^^^^^ help: convert the identifier to upper camel case: `JetComparable`

warning: trait `__jet_Add` should have an upper camel case name
  --> /jet/build/run.rs:43:11
   |
43 | pub trait __jet_Add<Rhs = Self>: Sized { type Output; fn add(&self, rhs: &Rhs) -> Self::Output; }
   |           ^^^^^^^^^ help: convert the identifier to upper camel case: `JetAdd`

warning: trait `__jet_Sub` should have an upper camel case name
  --> /jet/build/run.rs:44:11
   |
44 | pub trait __jet_Sub<Rhs = Self>: Sized { type Output; fn sub(&self, rhs: &Rhs) -> Self::Output; }
   |           ^^^^^^^^^ help: convert the identifier to upper camel case: `JetSub`

warning: trait `__jet_Mul` should have an upper camel case name
  --> /jet/build/run.rs:45:11
   |
45 | pub trait __jet_Mul<Rhs = Self>: Sized { type Output; fn mul(&self, rhs: &Rhs) -> Self::Output; }
   |           ^^^^^^^^^ help: convert the identifier to upper camel case: `JetMul`

warning: trait `__jet_Div` should have an upper camel case name
  --> /jet/build/run.rs:46:11
   |
46 | pub trait __jet_Div<Rhs = Self>: Sized { type Output; fn div(&self, rhs: &Rhs) -> Self::Output; }
   |           ^^^^^^^^^ help: convert the identifier to upper camel case: `JetDiv`

warning: trait `__jet_Index` should have an upper camel case name
  --> /jet/build/run.rs:47:11
   |
47 | pub trait __jet_Index {
   |           ^^^^^^^^^^^ help: convert the identifier to upper camel case: `JetIndex`

warning: associated type `__jet_Key` should have an upper camel case name
  --> /jet/build/run.rs:48:10
   |
48 |     type __jet_Key;
   |          ^^^^^^^^^ help: convert the identifier to upper camel case: `JetKey`

warning: associated type `__jet_Value` should have an upper camel case name
  --> /jet/build/run.rs:49:10
   |
49 |     type __jet_Value;
   |          ^^^^^^^^^^^ help: convert the identifier to upper camel case: `JetValue`

warning: trait `__jet_IndexMut` should have an upper camel case name
  --> /jet/build/run.rs:52:11
   |
52 | pub trait __jet_IndexMut: __jet_Index {
   |           ^^^^^^^^^^^^^^ help: convert the identifier to upper camel case: `JetIndexMut`

warning: trait `__jet_Serialize` should have an upper camel case name
     --> /jet/build/run.rs:41755:7
      |
41755 | trait __jet_Serialize {
      |       ^^^^^^^^^^^^^^^ help: convert the identifier to upper camel case: `JetSerialize`

warning: unused import: `Cell`
     --> /jet/build/run.rs:46280:21
      |
46280 |     use std::cell::{Cell, RefCell};
      |                     ^^^^
      |
      = note: `#[warn(unused_imports)]` (part of `#[warn(unused)]`) on by default

warning: unused import: `JetUninit`
     --> /jet/build/run.rs:46284:43
      |
46284 |     pub use super::jet_uninit_semantics::{JetUninit, JetUninitFixed};
      |                                           ^^^^^^^^^

warning: unused imports: `JetSentryFrame`, `JetSentryGuard`, `jet_sentry_current_frame`, `jet_sentry_fenced_scope`, `jet_sentry_frame`, `jet_sentry_policy_scope`, `jet_sentry_reset`, `jet_sentry_scope`, and `jet_sentry_set_hardened`
     --> /jet/build/run.rs:46297:35
      |
46297 |         jet_memory_ledger_record, jet_sentry_current_frame, jet_sentry_fenced_scope,
      |                                   ^^^^^^^^^^^^^^^^^^^^^^^^  ^^^^^^^^^^^^^^^^^^^^^^^
46298 |         jet_sentry_frame, jet_sentry_policy_scope, jet_sentry_reset, jet_sentry_scope,
      |         ^^^^^^^^^^^^^^^^  ^^^^^^^^^^^^^^^^^^^^^^^  ^^^^^^^^^^^^^^^^  ^^^^^^^^^^^^^^^^
46299 |         jet_sentry_set_hardened, JetSentryFrame, JetSentryGuard, MemoryLedgerWitness,
      |         ^^^^^^^^^^^^^^^^^^^^^^^  ^^^^^^^^^^^^^^  ^^^^^^^^^^^^^^

warning: unnecessary parentheses around block return value
     --> /jet/build/run.rs:70361:13
      |
70361 |             (((exponent as u64 + 1023) << 52) | (top & ((1u64 << 52) - 1)))
      |             ^                                                             ^
      |
      = note: `#[warn(unused_parens)]` (part of `#[warn(unused)]`) on by default
help: remove these parentheses
      |
70361 -             (((exponent as u64 + 1023) << 52) | (top & ((1u64 << 52) - 1)))
70361 +             ((exponent as u64 + 1023) << 52) | (top & ((1u64 << 52) - 1))
      |

warning: unused import: `crate::jet_int_compare_hot`
     --> /jet/build/run.rs:70712:9
      |
70712 | pub use crate::jet_int_compare_hot;
      |         ^^^^^^^^^^^^^^^^^^^^^^^^^^

warning: unused import: `crate::jet_int_add_hot`
     --> /jet/build/run.rs:70736:9
      |
70736 | pub use crate::jet_int_add_hot;
      |         ^^^^^^^^^^^^^^^^^^^^^^

warning: unused import: `crate::jet_int_sub_hot`
     --> /jet/build/run.rs:70760:9
      |
70760 | pub use crate::jet_int_sub_hot;
      |         ^^^^^^^^^^^^^^^^^^^^^^

warning: unused import: `crate::jet_int_mul_hot`
     --> /jet/build/run.rs:70784:9
      |
70784 | pub use crate::jet_int_mul_hot;
      |         ^^^^^^^^^^^^^^^^^^^^^^

warning: unused import: `crate::jet_int_add_inline`
     --> /jet/build/run.rs:70798:9
      |
70798 | pub use crate::jet_int_add_inline;
      |         ^^^^^^^^^^^^^^^^^^^^^^^^^

warning: unused import: `crate::jet_int_sub_inline`
     --> /jet/build/run.rs:70808:9
      |
70808 | pub use crate::jet_int_sub_inline;
      |         ^^^^^^^^^^^^^^^^^^^^^^^^^

warning: unused import: `crate::jet_int_mul_inline`
     --> /jet/build/run.rs:70818:9
      |
70818 | pub use crate::jet_int_mul_inline;
      |         ^^^^^^^^^^^^^^^^^^^^^^^^^

warning: unused import: `crate::jet_int_compare_inline`
     --> /jet/build/run.rs:70832:9
      |
70832 | pub use crate::jet_int_compare_inline;
      |         ^^^^^^^^^^^^^^^^^^^^^^^^^^^^^

warning: unused import: `crate::jet_int_neg_inline`
     --> /jet/build/run.rs:70841:9
      |
70841 | pub use crate::jet_int_neg_inline;
      |         ^^^^^^^^^^^^^^^^^^^^^^^^^

warning: unused import: `crate::jet_int_bit_and_hot`
     --> /jet/build/run.rs:70860:9
      |
70860 | pub use crate::jet_int_bit_and_hot;
      |         ^^^^^^^^^^^^^^^^^^^^^^^^^^

warning: unused import: `crate::jet_int_bit_or_hot`
     --> /jet/build/run.rs:70876:9
      |
70876 | pub use crate::jet_int_bit_or_hot;
      |         ^^^^^^^^^^^^^^^^^^^^^^^^^

warning: unused import: `crate::jet_int_bit_xor_hot`
     --> /jet/build/run.rs:70892:9
      |
70892 | pub use crate::jet_int_bit_xor_hot;
      |         ^^^^^^^^^^^^^^^^^^^^^^^^^^

warning: unused imports: `JetCellEditGuard` and `JetCellReadGuard`
     --> /jet/build/run.rs:77429:35
      |
77429 | pub use self::jet_cell::{JetCell, JetCellEditGuard, JetCellReadGuard};
      |                                   ^^^^^^^^^^^^^^^^  ^^^^^^^^^^^^^^^^

warning: unused imports: `JetStreamSender` and `jet_stream_task`
     --> /jet/build/run.rs:78370:21
      |
78370 |     pub use super::{jet_stream_task, JetStream, JetStreamSender};
      |                     ^^^^^^^^^^^^^^^             ^^^^^^^^^^^^^^^

warning: unused macro definition: `jet_plugin_bridge`
     --> /jet/build/run.rs:88644:14
      |
88644 | macro_rules! jet_plugin_bridge {
      |              ^^^^^^^^^^^^^^^^^
      |
      = note: `#[warn(unused_macros)]` (part of `#[warn(unused)]`) on by default

warning: unused import: `std::io::Write`
     --> /jet/build/run.rs:94602:13
      |
94602 |         use std::io::Write;
      |             ^^^^^^^^^^^^^^

warning: unused import: `core::cell::Cell`
      --> /jet/build/run.rs:115462:5
       |
115462 | use core::cell::Cell;
       |     ^^^^^^^^^^^^^^^^

warning: unused import: `std::fs::OpenOptions`
      --> /jet/build/run.rs:115469:5
       |
115469 | use std::fs::OpenOptions;
       |     ^^^^^^^^^^^^^^^^^^^^

warning: unused import: `SeekFrom`
      --> /jet/build/run.rs:115470:27
       |
115470 | use std::io::{Read, Seek, SeekFrom, Write};
       |                           ^^^^^^^^

warning: unused imports: `Component` and `Path`
      --> /jet/build/run.rs:115473:17
       |
115473 | use std::path::{Component, Path, PathBuf};
       |                 ^^^^^^^^^  ^^^^

warning: unused import: `Arc as JetDataPlotArc`
      --> /jet/build/run.rs:115474:31
       |
115474 | use std::sync::{Arc, Condvar, Arc as JetDataPlotArc, Arc as JetWebFormArc, Mutex as JetWebFormMutex, Arc as JetWebQueryArc, Mute...
       |                               ^^^^^^^^^^^^^^^^^^^^^

warning: unused import: `JetFontStyle`
      --> /jet/build/run.rs:123293:30
       |
123293 |     use super::{JetFontFace, JetFontStyle, JetGlyph, JetGlyphRun, JetGlyphShaper};
       |                              ^^^^^^^^^^^^

warning: unused macro definition: `jet_http_client_bridge`
      --> /jet/build/run.rs:146309:14
       |
146309 | macro_rules! jet_http_client_bridge {
       |              ^^^^^^^^^^^^^^^^^^^^^^

warning: type `__jet__shome_snate_sProjects_sGithub_sjet_sdogfood_stower_c_crun_djet_c_cTime` should have an upper camel case name
      --> /jet/build/run.rs:179756:10
       |
179756 | pub enum __jet__shome_snate_sProjects_sGithub_sjet_sdogfood_stower_c_crun_djet_c_cTime {
       |          ^^^^^^^^^^^^^^^^^^^^^^^^^^^^^^^^^^^^^^^^^^^^^^^^^^^^^^^^^^^^^^^^^^^^^^^^^^^^^ help: convert the identifier to upper camel case: `JetShomeSnateSProjectsSGithubSjetSdogfoodStowerCCrunDjetCCTime`

warning: type `__jet__shome_snate_sProjects_sGithub_sjet_sdogfood_stower_c_crun_djet_c_cTowerArgs` should have an upper camel case name
      --> /jet/build/run.rs:179760:8
       |
179760 | struct __jet__shome_snate_sProjects_sGithub_sjet_sdogfood_stower_c_crun_djet_c_cTowerArgs {
       |        ^^^^^^^^^^^^^^^^^^^^^^^^^^^^^^^^^^^^^^^^^^^^^^^^^^^^^^^^^^^^^^^^^^^^^^^^^^^^^^^^^^ help: convert the identifier to upper camel case: `JetShomeSnateSProjectsSGithubSjetSdogfoodStowerCCrunDjetCCTowerArgs`

warning: type `__jet_ParseError` should have an upper camel case name
      --> /jet/build/run.rs:179783:10
       |
179783 | pub type __jet_ParseError = String;
       |          ^^^^^^^^^^^^^^^^ help: convert the identifier to upper camel case: `JetParseError`

warning: unnecessary parentheses around function argument
      --> /jet/build/run.rs:179836:53
       |
179836 | ...me((((__jet_v_10344833410177178741.as_ref().expect("MIR value")).clone()) != ((__jet_v_12904654611431072275.as_ref().expect("MIR value")).clone())));
       |       ^                                                                                                                                              ^
       |
help: remove these parentheses
       |
179836 -                 __jet_v_10579276704160747043 = Some((((__jet_v_10344833410177178741.as_ref().expect("MIR value")).clone()) != ((__jet_v_12904654611431072275.as_ref().expect("MIR value")).clone())));
179836 +                 __jet_v_10579276704160747043 = Some(((__jet_v_10344833410177178741.as_ref().expect("MIR value")).clone()) != ((__jet_v_12904654611431072275.as_ref().expect("MIR value")).clone()));
       |

warning: unnecessary parentheses around function argument
      --> /jet/build/run.rs:179858:52
       |
179858 | ...me((((__jet_v_8532418213898584734.as_ref().expect("MIR value")).clone()) != ((__jet_v_15414430145232752432.as_ref().expect("MIR value")).clone())));
       |       ^                                                                                                                                             ^
       |
help: remove these parentheses
       |
179858 -                 __jet_v_6170162335707176326 = Some((((__jet_v_8532418213898584734.as_ref().expect("MIR value")).clone()) != ((__jet_v_15414430145232752432.as_ref().expect("MIR value")).clone())));
179858 +                 __jet_v_6170162335707176326 = Some(((__jet_v_8532418213898584734.as_ref().expect("MIR value")).clone()) != ((__jet_v_15414430145232752432.as_ref().expect("MIR value")).clone()));
       |

warning: unnecessary parentheses around function argument
      --> /jet/build/run.rs:180103:52
       |
180103 |                 __jet_v_4054861837793338437 = Some((!(*(__jet_v_9039713497339507549.as_ref().expect("MIR value")))));
       |                                                    ^                                                              ^
       |
help: remove these parentheses
       |
180103 -                 __jet_v_4054861837793338437 = Some((!(*(__jet_v_9039713497339507549.as_ref().expect("MIR value")))));
180103 +                 __jet_v_4054861837793338437 = Some(!(*(__jet_v_9039713497339507549.as_ref().expect("MIR value"))));
       |

warning: unnecessary parentheses around function argument
      --> /jet/build/run.rs:180278:52
       |
180278 |                 __jet_v_9547817117383357786 = Some((!(*(__jet_v_8236341914495235828.as_ref().expect("MIR value")))));
       |                                                    ^                                                              ^
       |
help: remove these parentheses
       |
180278 -                 __jet_v_9547817117383357786 = Some((!(*(__jet_v_8236341914495235828.as_ref().expect("MIR value")))));
180278 +                 __jet_v_9547817117383357786 = Some(!(*(__jet_v_8236341914495235828.as_ref().expect("MIR value"))));
       |

warning: unnecessary parentheses around function argument
      --> /jet/build/run.rs:180453:52
       |
180453 |                 __jet_v_6579714465560222435 = Some((!(*(__jet_v_14635423095485823200.as_ref().expect("MIR value")))));
       |                                                    ^                                                               ^
       |
help: remove these parentheses
       |
180453 -                 __jet_v_6579714465560222435 = Some((!(*(__jet_v_14635423095485823200.as_ref().expect("MIR value")))));
180453 +                 __jet_v_6579714465560222435 = Some(!(*(__jet_v_14635423095485823200.as_ref().expect("MIR value"))));
       |

warning: unnecessary parentheses around function argument
      --> /jet/build/run.rs:180486:52
       |
180486 | ...me((((__jet_v_12206431419755255367.as_ref().expect("MIR value")).clone()) == ((__jet_v_5776839406642306494.as_ref().expect("MIR value")).clone())));
       |       ^                                                                                                                                             ^
       |
help: remove these parentheses
       |
180486 -                 __jet_v_8453748748696344725 = Some((((__jet_v_12206431419755255367.as_ref().expect("MIR value")).clone()) == ((__jet_v_5776839406642306494.as_ref().expect("MIR value")).clone())));
180486 +                 __jet_v_8453748748696344725 = Some(((__jet_v_12206431419755255367.as_ref().expect("MIR value")).clone()) == ((__jet_v_5776839406642306494.as_ref().expect("MIR value")).clone()));
       |

warning: unnecessary parentheses around function argument
      --> /jet/build/run.rs:180516:53
       |
180516 |                 __jet_v_10684266947713425060 = Some((!(*(__jet_v_1300504257616075201.as_ref().expect("MIR value")))));
       |                                                     ^                                                              ^
       |
help: remove these parentheses
       |
180516 -                 __jet_v_10684266947713425060 = Some((!(*(__jet_v_1300504257616075201.as_ref().expect("MIR value")))));
180516 +                 __jet_v_10684266947713425060 = Some(!(*(__jet_v_1300504257616075201.as_ref().expect("MIR value"))));
       |

warning: unnecessary parentheses around function argument
      --> /jet/build/run.rs:180578:52
       |
180578 | ...me((((__jet_v_7826715874626358791.as_ref().expect("MIR value")).clone()) == ((__jet_v_4901368553446769083.as_ref().expect("MIR value")).clone())));
       |       ^                                                                                                                                            ^
       |
help: remove these parentheses
       |
180578 -                 __jet_v_7565646511577109893 = Some((((__jet_v_7826715874626358791.as_ref().expect("MIR value")).clone()) == ((__jet_v_4901368553446769083.as_ref().expect("MIR value")).clone())));
180578 +                 __jet_v_7565646511577109893 = Some(((__jet_v_7826715874626358791.as_ref().expect("MIR value")).clone()) == ((__jet_v_4901368553446769083.as_ref().expect("MIR value")).clone()));
       |

warning: unnecessary parentheses around function argument
      --> /jet/build/run.rs:180682:53
       |
180682 |                 __jet_v_15278307724045033934 = Some((!(*(__jet_v_2957211572817958834.as_ref().expect("MIR value")))));
       |                                                     ^                                                              ^
       |
help: remove these parentheses
       |
180682 -                 __jet_v_15278307724045033934 = Some((!(*(__jet_v_2957211572817958834.as_ref().expect("MIR value")))));
180682 +                 __jet_v_15278307724045033934 = Some(!(*(__jet_v_2957211572817958834.as_ref().expect("MIR value"))));
       |

warning: unnecessary parentheses around function argument
      --> /jet/build/run.rs:180886:53
       |
180886 | ...me((((__jet_v_9787863550310879182.as_ref().expect("MIR value")).clone()) > ((__jet_v_16461584104535176619.as_ref().expect("MIR value")).clone())));
       |       ^                                                                                                                                            ^
       |
help: remove these parentheses
       |
180886 -                 __jet_v_12509901879156262946 = Some((((__jet_v_9787863550310879182.as_ref().expect("MIR value")).clone()) > ((__jet_v_16461584104535176619.as_ref().expect("MIR value")).clone())));
180886 +                 __jet_v_12509901879156262946 = Some(((__jet_v_9787863550310879182.as_ref().expect("MIR value")).clone()) > ((__jet_v_16461584104535176619.as_ref().expect("MIR value")).clone()));
       |

warning: unnecessary parentheses around function argument
      --> /jet/build/run.rs:180902:52
       |
180902 | ...me((((__jet_v_8076579684016313556.as_ref().expect("MIR value")).clone()) > ((__jet_v_7093091941859237560.as_ref().expect("MIR value")).clone())));
       |       ^                                                                                                                                           ^
       |
help: remove these parentheses
       |
180902 -                 __jet_v_4748930753729773822 = Some((((__jet_v_8076579684016313556.as_ref().expect("MIR value")).clone()) > ((__jet_v_7093091941859237560.as_ref().expect("MIR value")).clone())));
180902 +                 __jet_v_4748930753729773822 = Some(((__jet_v_8076579684016313556.as_ref().expect("MIR value")).clone()) > ((__jet_v_7093091941859237560.as_ref().expect("MIR value")).clone()));
       |

warning: unnecessary parentheses around function argument
      --> /jet/build/run.rs:180939:53
       |
180939 | ...me((((__jet_v_7196685790933213782.as_ref().expect("MIR value")).clone()) < ((__jet_v_15120807228986073711.as_ref().expect("MIR value")).clone())));
       |       ^                                                                                                                                            ^
       |
help: remove these parentheses
       |
180939 -                 __jet_v_17651517606980401367 = Some((((__jet_v_7196685790933213782.as_ref().expect("MIR value")).clone()) < ((__jet_v_15120807228986073711.as_ref().expect("MIR value")).clone())));
180939 +                 __jet_v_17651517606980401367 = Some(((__jet_v_7196685790933213782.as_ref().expect("MIR value")).clone()) < ((__jet_v_15120807228986073711.as_ref().expect("MIR value")).clone()));
       |

warning: unnecessary parentheses around function argument
      --> /jet/build/run.rs:180955:52
       |
180955 | ...me((((__jet_v_14497729138474376610.as_ref().expect("MIR value")).clone()) < ((__jet_v_14086588411193118141.as_ref().expect("MIR value")).clone())));
       |       ^                                                                                                                                             ^
       |
help: remove these parentheses
       |
180955 -                 __jet_v_5536164827773617851 = Some((((__jet_v_14497729138474376610.as_ref().expect("MIR value")).clone()) < ((__jet_v_14086588411193118141.as_ref().expect("MIR value")).clone())));
180955 +                 __jet_v_5536164827773617851 = Some(((__jet_v_14497729138474376610.as_ref().expect("MIR value")).clone()) < ((__jet_v_14086588411193118141.as_ref().expect("MIR value")).clone()));
       |

warning: unnecessary parentheses around function argument
      --> /jet/build/run.rs:181154:52
       |
181154 | ...me((((__jet_v_1349116226401193640.as_ref().expect("MIR value")).clone()) != ((__jet_v_1398355020417246016.as_ref().expect("MIR value")).clone())));
       |       ^                                                                                                                                            ^
       |
help: remove these parentheses
       |
181154 -                 __jet_v_1529219084188026949 = Some((((__jet_v_1349116226401193640.as_ref().expect("MIR value")).clone()) != ((__jet_v_1398355020417246016.as_ref().expect("MIR value")).clone())));
181154 +                 __jet_v_1529219084188026949 = Some(((__jet_v_1349116226401193640.as_ref().expect("MIR value")).clone()) != ((__jet_v_1398355020417246016.as_ref().expect("MIR value")).clone()));
       |

warning: unnecessary parentheses around function argument
      --> /jet/build/run.rs:181605:53
       |
181605 | ...me((((__jet_v_17017434574857872466.as_ref().expect("MIR value")).clone()) != ((__jet_v_10163322755734595312.as_ref().expect("MIR value")).clone())));
       |       ^                                                                                                                                              ^
       |
help: remove these parentheses
       |
181605 -                 __jet_v_15894248217385033788 = Some((((__jet_v_17017434574857872466.as_ref().expect("MIR value")).clone()) != ((__jet_v_10163322755734595312.as_ref().expect("MIR value")).clone())));
181605 +                 __jet_v_15894248217385033788 = Some(((__jet_v_17017434574857872466.as_ref().expect("MIR value")).clone()) != ((__jet_v_10163322755734595312.as_ref().expect("MIR value")).clone()));
       |

warning: unnecessary parentheses around function argument
      --> /jet/build/run.rs:181665:52
       |
181665 | ...me((((__jet_v_17729926213379877870.as_ref().expect("MIR value")).clone()) != ((__jet_v_11891368132778141940.as_ref().expect("MIR value")).clone())));
       |       ^                                                                                                                                              ^
       |
help: remove these parentheses
       |
181665 -                 __jet_v_1701420354398394519 = Some((((__jet_v_17729926213379877870.as_ref().expect("MIR value")).clone()) != ((__jet_v_11891368132778141940.as_ref().expect("MIR value")).clone())));
181665 +                 __jet_v_1701420354398394519 = Some(((__jet_v_17729926213379877870.as_ref().expect("MIR value")).clone()) != ((__jet_v_11891368132778141940.as_ref().expect("MIR value")).clone()));
       |

warning: unnecessary parentheses around function argument
      --> /jet/build/run.rs:181714:52
       |
181714 | ...me((((__jet_v_11284907351983001583.as_ref().expect("MIR value")).clone()) == ((__jet_v_8587817043700604354.as_ref().expect("MIR value")).clone())));
       |       ^                                                                                                                                             ^
       |
help: remove these parentheses
       |
181714 -                 __jet_v_5459504475705754271 = Some((((__jet_v_11284907351983001583.as_ref().expect("MIR value")).clone()) == ((__jet_v_8587817043700604354.as_ref().expect("MIR value")).clone())));
181714 +                 __jet_v_5459504475705754271 = Some(((__jet_v_11284907351983001583.as_ref().expect("MIR value")).clone()) == ((__jet_v_8587817043700604354.as_ref().expect("MIR value")).clone()));
       |

warning: unused label
      --> /jet/build/run.rs:182034:5
       |
182034 |     'mir_dispatch: loop {
       |     ^^^^^^^^^^^^^
       |
       = note: `#[warn(unused_labels)]` (part of `#[warn(unused)]`) on by default

warning: unused label
      --> /jet/build/run.rs:182457:5
       |
182457 |     'mir_dispatch: loop {
       |     ^^^^^^^^^^^^^

warning: unnecessary parentheses around function argument
      --> /jet/build/run.rs:183101:53
       |
183101 | ...me((((__jet_v_10934414865431244332.as_ref().expect("MIR value")).clone()) == ((__jet_v_7875427393218796688.as_ref().expect("MIR value")).clone())));
       |       ^                                                                                                                                             ^
       |
help: remove these parentheses
       |
183101 -                 __jet_v_17148833821761463347 = Some((((__jet_v_10934414865431244332.as_ref().expect("MIR value")).clone()) == ((__jet_v_7875427393218796688.as_ref().expect("MIR value")).clone())));
183101 +                 __jet_v_17148833821761463347 = Some(((__jet_v_10934414865431244332.as_ref().expect("MIR value")).clone()) == ((__jet_v_7875427393218796688.as_ref().expect("MIR value")).clone()));
       |

warning: unnecessary parentheses around function argument
      --> /jet/build/run.rs:183491:51
       |
183491 | ...me((((__jet_v_6499283048015897057.as_ref().expect("MIR value")).clone()) == ((__jet_v_7336820223812771109.as_ref().expect("MIR value")).clone())));
       |       ^                                                                                                                                            ^
       |
help: remove these parentheses
       |
183491 -                 __jet_v_507206698592882335 = Some((((__jet_v_6499283048015897057.as_ref().expect("MIR value")).clone()) == ((__jet_v_7336820223812771109.as_ref().expect("MIR value")).clone())));
183491 +                 __jet_v_507206698592882335 = Some(((__jet_v_6499283048015897057.as_ref().expect("MIR value")).clone()) == ((__jet_v_7336820223812771109.as_ref().expect("MIR value")).clone()));
       |

warning: unnecessary parentheses around function argument
      --> /jet/build/run.rs:183679:53
       |
183679 | ...me((((__jet_v_15718575568838421454.as_ref().expect("MIR value")).clone()) != ((__jet_v_17705039346138402716.as_ref().expect("MIR value")).clone())));
       |       ^                                                                                                                                              ^
       |
help: remove these parentheses
       |
183679 -                 __jet_v_18194004641095995775 = Some((((__jet_v_15718575568838421454.as_ref().expect("MIR value")).clone()) != ((__jet_v_17705039346138402716.as_ref().expect("MIR value")).clone())));
183679 +                 __jet_v_18194004641095995775 = Some(((__jet_v_15718575568838421454.as_ref().expect("MIR value")).clone()) != ((__jet_v_17705039346138402716.as_ref().expect("MIR value")).clone()));
       |

warning: unnecessary parentheses around function argument
      --> /jet/build/run.rs:183757:53
       |
183757 | ...me((((__jet_v_8960060420426536443.as_ref().expect("MIR value")).clone()) != ((__jet_v_13909976010248443813.as_ref().expect("MIR value")).clone())));
       |       ^                                                                                                                                             ^
       |
help: remove these parentheses
       |
183757 -                 __jet_v_11028546884168208809 = Some((((__jet_v_8960060420426536443.as_ref().expect("MIR value")).clone()) != ((__jet_v_13909976010248443813.as_ref().expect("MIR value")).clone())));
183757 +                 __jet_v_11028546884168208809 = Some(((__jet_v_8960060420426536443.as_ref().expect("MIR value")).clone()) != ((__jet_v_13909976010248443813.as_ref().expect("MIR value")).clone()));
       |

warning: unused label
      --> /jet/build/run.rs:183822:5
       |
183822 |     'mir_dispatch: loop {
       |     ^^^^^^^^^^^^^

warning: unnecessary parentheses around function argument
      --> /jet/build/run.rs:183898:53
       |
183898 | ...me((((__jet_v_14859324501018922079.as_ref().expect("MIR value")).clone()) > ((__jet_v_1604631085791834879.as_ref().expect("MIR value")).clone())));
       |       ^                                                                                                                                            ^
       |
help: remove these parentheses
       |
183898 -                 __jet_v_12639639655494751863 = Some((((__jet_v_14859324501018922079.as_ref().expect("MIR value")).clone()) > ((__jet_v_1604631085791834879.as_ref().expect("MIR value")).clone())));
183898 +                 __jet_v_12639639655494751863 = Some(((__jet_v_14859324501018922079.as_ref().expect("MIR value")).clone()) > ((__jet_v_1604631085791834879.as_ref().expect("MIR value")).clone()));
       |

warning: unnecessary parentheses around function argument
      --> /jet/build/run.rs:183901:53
       |
183901 | ...me((((__jet_v_1844900708070941695.as_ref().expect("MIR value")).clone()) < ((__jet_v_9491688490805171743.as_ref().expect("MIR value")).clone())));
       |       ^                                                                                                                                           ^
       |
help: remove these parentheses
       |
183901 -                 __jet_v_13424534127028807158 = Some((((__jet_v_1844900708070941695.as_ref().expect("MIR value")).clone()) < ((__jet_v_9491688490805171743.as_ref().expect("MIR value")).clone())));
183901 +                 __jet_v_13424534127028807158 = Some(((__jet_v_1844900708070941695.as_ref().expect("MIR value")).clone()) < ((__jet_v_9491688490805171743.as_ref().expect("MIR value")).clone()));
       |

warning: unnecessary parentheses around function argument
      --> /jet/build/run.rs:183902:52
       |
183902 | ...me((((__jet_v_12639639655494751863.as_ref().expect("MIR value")).clone()) || ((__jet_v_13424534127028807158.as_ref().expect("MIR value")).clone())));
       |       ^                                                                                                                                              ^
       |
help: remove these parentheses
       |
183902 -                 __jet_v_3475363758715826400 = Some((((__jet_v_12639639655494751863.as_ref().expect("MIR value")).clone()) || ((__jet_v_13424534127028807158.as_ref().expect("MIR value")).clone())));
183902 +                 __jet_v_3475363758715826400 = Some(((__jet_v_12639639655494751863.as_ref().expect("MIR value")).clone()) || ((__jet_v_13424534127028807158.as_ref().expect("MIR value")).clone()));
       |

warning: unnecessary parentheses around function argument
      --> /jet/build/run.rs:183905:53
       |
183905 |                 __jet_v_13486545752389337806 = Some((!(*(__jet_v_18151554021745495826.as_ref().expect("MIR value")))));
       |                                                     ^                                                               ^
       |
help: remove these parentheses
       |
183905 -                 __jet_v_13486545752389337806 = Some((!(*(__jet_v_18151554021745495826.as_ref().expect("MIR value")))));
183905 +                 __jet_v_13486545752389337806 = Some(!(*(__jet_v_18151554021745495826.as_ref().expect("MIR value"))));
       |

warning: unnecessary parentheses around function argument
      --> /jet/build/run.rs:183906:53
       |
183906 | ...me((((__jet_v_3475363758715826400.as_ref().expect("MIR value")).clone()) && ((__jet_v_13486545752389337806.as_ref().expect("MIR value")).clone())));
       |       ^                                                                                                                                             ^
       |
help: remove these parentheses
       |
183906 -                 __jet_v_17403609761888320266 = Some((((__jet_v_3475363758715826400.as_ref().expect("MIR value")).clone()) && ((__jet_v_13486545752389337806.as_ref().expect("MIR value")).clone())));
183906 +                 __jet_v_17403609761888320266 = Some(((__jet_v_3475363758715826400.as_ref().expect("MIR value")).clone()) && ((__jet_v_13486545752389337806.as_ref().expect("MIR value")).clone()));
       |

warning: unused label
      --> /jet/build/run.rs:183973:5
       |
183973 |     'mir_dispatch: loop {
       |     ^^^^^^^^^^^^^

warning: unnecessary parentheses around function argument
      --> /jet/build/run.rs:184338:52
       |
184338 | ...me((((__jet_v_7737205922876188867.as_ref().expect("MIR value")).clone()) == ((__jet_v_9365842879860197604.as_ref().expect("MIR value")).clone())));
       |       ^                                                                                                                                            ^
       |
help: remove these parentheses
       |
184338 -                 __jet_v_4285250435211734076 = Some((((__jet_v_7737205922876188867.as_ref().expect("MIR value")).clone()) == ((__jet_v_9365842879860197604.as_ref().expect("MIR value")).clone())));
184338 +                 __jet_v_4285250435211734076 = Some(((__jet_v_7737205922876188867.as_ref().expect("MIR value")).clone()) == ((__jet_v_9365842879860197604.as_ref().expect("MIR value")).clone()));
       |

warning: unnecessary parentheses around function argument
      --> /jet/build/run.rs:184404:52
       |
184404 | ...me((((__jet_v_14317727544111818093.as_ref().expect("MIR value")).clone()) == ((__jet_v_195273436130918266.as_ref().expect("MIR value")).clone())));
       |       ^                                                                                                                                            ^
       |
help: remove these parentheses
       |
184404 -                 __jet_v_9307762760770208880 = Some((((__jet_v_14317727544111818093.as_ref().expect("MIR value")).clone()) == ((__jet_v_195273436130918266.as_ref().expect("MIR value")).clone())));
184404 +                 __jet_v_9307762760770208880 = Some(((__jet_v_14317727544111818093.as_ref().expect("MIR value")).clone()) == ((__jet_v_195273436130918266.as_ref().expect("MIR value")).clone()));
       |

warning: unnecessary parentheses around function argument
      --> /jet/build/run.rs:184418:52
       |
184418 | ...me((((__jet_v_14080330562366679315.as_ref().expect("MIR value")).clone()) != ((__jet_v_617749476585698205.as_ref().expect("MIR value")).clone())));
       |       ^                                                                                                                                            ^
       |
help: remove these parentheses
       |
184418 -                 __jet_v_5862215478097347023 = Some((((__jet_v_14080330562366679315.as_ref().expect("MIR value")).clone()) != ((__jet_v_617749476585698205.as_ref().expect("MIR value")).clone())));
184418 +                 __jet_v_5862215478097347023 = Some(((__jet_v_14080330562366679315.as_ref().expect("MIR value")).clone()) != ((__jet_v_617749476585698205.as_ref().expect("MIR value")).clone()));
       |

warning: unused label
      --> /jet/build/run.rs:184523:5
       |
184523 |     'mir_dispatch: loop {
       |     ^^^^^^^^^^^^^

warning: unused label
      --> /jet/build/run.rs:184546:5
       |
184546 |     'mir_dispatch: loop {
       |     ^^^^^^^^^^^^^

warning: unnecessary parentheses around function argument
      --> /jet/build/run.rs:184795:53
       |
184795 | ...me((((__jet_v_7420069530423820699.as_ref().expect("MIR value")).clone()) != ((__jet_v_16649474191782750106.as_ref().expect("MIR value")).clone())));
       |       ^                                                                                                                                             ^
       |
help: remove these parentheses
       |
184795 -                 __jet_v_18055680707843405478 = Some((((__jet_v_7420069530423820699.as_ref().expect("MIR value")).clone()) != ((__jet_v_16649474191782750106.as_ref().expect("MIR value")).clone())));
184795 +                 __jet_v_18055680707843405478 = Some(((__jet_v_7420069530423820699.as_ref().expect("MIR value")).clone()) != ((__jet_v_16649474191782750106.as_ref().expect("MIR value")).clone()));
       |

warning: unused label
      --> /jet/build/run.rs:184915:5
       |
184915 |     'mir_dispatch: loop {
       |     ^^^^^^^^^^^^^

warning: unused label
      --> /jet/build/run.rs:184940:5
       |
184940 |     'mir_dispatch: loop {
       |     ^^^^^^^^^^^^^

warning: unused label
      --> /jet/build/run.rs:184960:5
       |
184960 |     'mir_dispatch: loop {
       |     ^^^^^^^^^^^^^

warning: unused label
      --> /jet/build/run.rs:185247:5
       |
185247 |     'mir_dispatch: loop {
       |     ^^^^^^^^^^^^^

warning: unnecessary parentheses around function argument
      --> /jet/build/run.rs:185256:53
       |
185256 | ...me((((__jet_v_5400686072107390210.as_ref().expect("MIR value")).clone()) || ((__jet_v_15950856668039984335.as_ref().expect("MIR value")).clone())));
       |       ^                                                                                                                                             ^
       |
help: remove these parentheses
       |
185256 -                 __jet_v_11103278937261490923 = Some((((__jet_v_5400686072107390210.as_ref().expect("MIR value")).clone()) || ((__jet_v_15950856668039984335.as_ref().expect("MIR value")).clone())));
185256 +                 __jet_v_11103278937261490923 = Some(((__jet_v_5400686072107390210.as_ref().expect("MIR value")).clone()) || ((__jet_v_15950856668039984335.as_ref().expect("MIR value")).clone()));
       |

warning: unnecessary parentheses around function argument
      --> /jet/build/run.rs:185259:53
       |
185259 | ...me((((__jet_v_11103278937261490923.as_ref().expect("MIR value")).clone()) || ((__jet_v_13367626297359875942.as_ref().expect("MIR value")).clone())));
       |       ^                                                                                                                                              ^
       |
help: remove these parentheses
       |
185259 -                 __jet_v_15898415951710808229 = Some((((__jet_v_11103278937261490923.as_ref().expect("MIR value")).clone()) || ((__jet_v_13367626297359875942.as_ref().expect("MIR value")).clone())));
185259 +                 __jet_v_15898415951710808229 = Some(((__jet_v_11103278937261490923.as_ref().expect("MIR value")).clone()) || ((__jet_v_13367626297359875942.as_ref().expect("MIR value")).clone()));
       |

warning: unnecessary parentheses around function argument
      --> /jet/build/run.rs:185262:53
       |
185262 | ...me((((__jet_v_15898415951710808229.as_ref().expect("MIR value")).clone()) || ((__jet_v_11226107593104583440.as_ref().expect("MIR value")).clone())));
       |       ^                                                                                                                                              ^
       |
help: remove these parentheses
       |
185262 -                 __jet_v_11142645352228761758 = Some((((__jet_v_15898415951710808229.as_ref().expect("MIR value")).clone()) || ((__jet_v_11226107593104583440.as_ref().expect("MIR value")).clone())));
185262 +                 __jet_v_11142645352228761758 = Some(((__jet_v_15898415951710808229.as_ref().expect("MIR value")).clone()) || ((__jet_v_11226107593104583440.as_ref().expect("MIR value")).clone()));
       |

warning: unnecessary parentheses around function argument
      --> /jet/build/run.rs:185386:53
       |
185386 | ...me((((__jet_v_10806147992834009923.as_ref().expect("MIR value")).clone()) == ((__jet_v_74649753562443181.as_ref().expect("MIR value")).clone())));
       |       ^                                                                                                                                           ^
       |
help: remove these parentheses
       |
185386 -                 __jet_v_14389530426744403980 = Some((((__jet_v_10806147992834009923.as_ref().expect("MIR value")).clone()) == ((__jet_v_74649753562443181.as_ref().expect("MIR value")).clone())));
185386 +                 __jet_v_14389530426744403980 = Some(((__jet_v_10806147992834009923.as_ref().expect("MIR value")).clone()) == ((__jet_v_74649753562443181.as_ref().expect("MIR value")).clone()));
       |

warning: unused label
      --> /jet/build/run.rs:186309:5
       |
186309 |     'mir_dispatch: loop {
       |     ^^^^^^^^^^^^^

warning: unnecessary parentheses around function argument
      --> /jet/build/run.rs:186318:53
       |
186318 | ...me((((__jet_v_17242044778841767426.as_ref().expect("MIR value")).clone()) || ((__jet_v_13895339535916686696.as_ref().expect("MIR value")).clone())));
       |       ^                                                                                                                                              ^
       |
help: remove these parentheses
       |
186318 -                 __jet_v_13438921258246567293 = Some((((__jet_v_17242044778841767426.as_ref().expect("MIR value")).clone()) || ((__jet_v_13895339535916686696.as_ref().expect("MIR value")).clone())));
186318 +                 __jet_v_13438921258246567293 = Some(((__jet_v_17242044778841767426.as_ref().expect("MIR value")).clone()) || ((__jet_v_13895339535916686696.as_ref().expect("MIR value")).clone()));
       |

warning: unnecessary parentheses around function argument
      --> /jet/build/run.rs:186838:52
       |
186838 |                 __jet_v_7227665852811585400 = Some((!(*(__jet_v_15809071229181610821.as_ref().expect("MIR value")))));
       |                                                    ^                                                               ^
       |
help: remove these parentheses
       |
186838 -                 __jet_v_7227665852811585400 = Some((!(*(__jet_v_15809071229181610821.as_ref().expect("MIR value")))));
186838 +                 __jet_v_7227665852811585400 = Some(!(*(__jet_v_15809071229181610821.as_ref().expect("MIR value"))));
       |

warning: unnecessary parentheses around function argument
      --> /jet/build/run.rs:187330:53
       |
187330 | ...me((((__jet_v_14211468359737072120.as_ref().expect("MIR value")).clone()) != ((__jet_v_6567638877774367347.as_ref().expect("MIR value")).clone())));
       |       ^                                                                                                                                             ^
       |
help: remove these parentheses
       |
187330 -                 __jet_v_14684292829902499987 = Some((((__jet_v_14211468359737072120.as_ref().expect("MIR value")).clone()) != ((__jet_v_6567638877774367347.as_ref().expect("MIR value")).clone())));
187330 +                 __jet_v_14684292829902499987 = Some(((__jet_v_14211468359737072120.as_ref().expect("MIR value")).clone()) != ((__jet_v_6567638877774367347.as_ref().expect("MIR value")).clone()));
       |

warning: unnecessary parentheses around function argument
      --> /jet/build/run.rs:187427:53
       |
187427 |                 __jet_v_18169984663255997234 = Some((!(*(__jet_v_1954423461601187553.as_ref().expect("MIR value")))));
       |                                                     ^                                                              ^
       |
help: remove these parentheses
       |
187427 -                 __jet_v_18169984663255997234 = Some((!(*(__jet_v_1954423461601187553.as_ref().expect("MIR value")))));
187427 +                 __jet_v_18169984663255997234 = Some(!(*(__jet_v_1954423461601187553.as_ref().expect("MIR value"))));
       |

warning: unnecessary parentheses around function argument
      --> /jet/build/run.rs:187456:52
       |
187456 |                 __jet_v_8826778355218310179 = Some((!(*(__jet_v_15284036626107859265.as_ref().expect("MIR value")))));
       |                                                    ^                                                               ^
       |
help: remove these parentheses
       |
187456 -                 __jet_v_8826778355218310179 = Some((!(*(__jet_v_15284036626107859265.as_ref().expect("MIR value")))));
187456 +                 __jet_v_8826778355218310179 = Some(!(*(__jet_v_15284036626107859265.as_ref().expect("MIR value"))));
       |

warning: unnecessary parentheses around function argument
      --> /jet/build/run.rs:187548:52
       |
187548 | ...me((((__jet_v_14840156440606963483.as_ref().expect("MIR value")).clone()) == ((__jet_v_14277098894318173213.as_ref().expect("MIR value")).clone())));
       |       ^                                                                                                                                              ^
       |
help: remove these parentheses
       |
187548 -                 __jet_v_7665208615360082314 = Some((((__jet_v_14840156440606963483.as_ref().expect("MIR value")).clone()) == ((__jet_v_14277098894318173213.as_ref().expect("MIR value")).clone())));
187548 +                 __jet_v_7665208615360082314 = Some(((__jet_v_14840156440606963483.as_ref().expect("MIR value")).clone()) == ((__jet_v_14277098894318173213.as_ref().expect("MIR value")).clone()));
       |

warning: unnecessary parentheses around function argument
      --> /jet/build/run.rs:187640:53
       |
187640 | ...me((((__jet_v_3291161768491946996.as_ref().expect("MIR value")).clone()) != ((__jet_v_9662247032467956431.as_ref().expect("MIR value")).clone())));
       |       ^                                                                                                                                            ^
       |
help: remove these parentheses
       |
187640 -                 __jet_v_17218736057533351590 = Some((((__jet_v_3291161768491946996.as_ref().expect("MIR value")).clone()) != ((__jet_v_9662247032467956431.as_ref().expect("MIR value")).clone())));
187640 +                 __jet_v_17218736057533351590 = Some(((__jet_v_3291161768491946996.as_ref().expect("MIR value")).clone()) != ((__jet_v_9662247032467956431.as_ref().expect("MIR value")).clone()));
       |

warning: unnecessary parentheses around function argument
      --> /jet/build/run.rs:187793:53
       |
187793 | ...me((((__jet_v_13490613498498458769.as_ref().expect("MIR value")).clone()) == ((__jet_v_2858492144169031305.as_ref().expect("MIR value")).clone())));
       |       ^                                                                                                                                             ^
       |
help: remove these parentheses
       |
187793 -                 __jet_v_10111084357820963881 = Some((((__jet_v_13490613498498458769.as_ref().expect("MIR value")).clone()) == ((__jet_v_2858492144169031305.as_ref().expect("MIR value")).clone())));
187793 +                 __jet_v_10111084357820963881 = Some(((__jet_v_13490613498498458769.as_ref().expect("MIR value")).clone()) == ((__jet_v_2858492144169031305.as_ref().expect("MIR value")).clone()));
       |

warning: unnecessary parentheses around function argument
      --> /jet/build/run.rs:187808:53
       |
187808 |                 __jet_v_17645079001517269760 = Some((!(*(__jet_v_12114817161983716476.as_ref().expect("MIR value")))));
       |                                                     ^                                                               ^
       |
help: remove these parentheses
       |
187808 -                 __jet_v_17645079001517269760 = Some((!(*(__jet_v_12114817161983716476.as_ref().expect("MIR value")))));
187808 +                 __jet_v_17645079001517269760 = Some(!(*(__jet_v_12114817161983716476.as_ref().expect("MIR value"))));
       |

warning: unused label
      --> /jet/build/run.rs:188528:5
       |
188528 |     'mir_dispatch: loop {
       |     ^^^^^^^^^^^^^

warning: unnecessary parentheses around function argument
      --> /jet/build/run.rs:188684:52
       |
188684 | ...me((((__jet_v_13135393196383049917.as_ref().expect("MIR value")).clone()) == ((__jet_v_9551278115899676125.as_ref().expect("MIR value")).clone())));
       |       ^                                                                                                                                             ^
       |
help: remove these parentheses
       |
188684 -                 __jet_v_6598541046848589128 = Some((((__jet_v_13135393196383049917.as_ref().expect("MIR value")).clone()) == ((__jet_v_9551278115899676125.as_ref().expect("MIR value")).clone())));
188684 +                 __jet_v_6598541046848589128 = Some(((__jet_v_13135393196383049917.as_ref().expect("MIR value")).clone()) == ((__jet_v_9551278115899676125.as_ref().expect("MIR value")).clone()));
       |

warning: unnecessary parentheses around function argument
      --> /jet/build/run.rs:188794:51
       |
188794 | ...me((((__jet_v_2371767610482714490.as_ref().expect("MIR value")).clone()) == ((__jet_v_16763995851273193484.as_ref().expect("MIR value")).clone())));
       |       ^                                                                                                                                             ^
       |
help: remove these parentheses
       |
188794 -                 __jet_v_306943472641787209 = Some((((__jet_v_2371767610482714490.as_ref().expect("MIR value")).clone()) == ((__jet_v_16763995851273193484.as_ref().expect("MIR value")).clone())));
188794 +                 __jet_v_306943472641787209 = Some(((__jet_v_2371767610482714490.as_ref().expect("MIR value")).clone()) == ((__jet_v_16763995851273193484.as_ref().expect("MIR value")).clone()));
       |

warning: unnecessary parentheses around function argument
      --> /jet/build/run.rs:188821:53
       |
188821 |                 __jet_v_12246809607627680275 = Some((!(*(__jet_v_7357875874547216061.as_ref().expect("MIR value")))));
       |                                                     ^                                                              ^
       |
help: remove these parentheses
       |
188821 -                 __jet_v_12246809607627680275 = Some((!(*(__jet_v_7357875874547216061.as_ref().expect("MIR value")))));
188821 +                 __jet_v_12246809607627680275 = Some(!(*(__jet_v_7357875874547216061.as_ref().expect("MIR value"))));
       |

warning: unnecessary parentheses around function argument
      --> /jet/build/run.rs:190350:53
       |
190350 |                 __jet_v_15732017322875035521 = Some((!(*(__jet_v_11584243058890122053.as_ref().expect("MIR value")))));
       |                                                     ^                                                               ^
       |
help: remove these parentheses
       |
190350 -                 __jet_v_15732017322875035521 = Some((!(*(__jet_v_11584243058890122053.as_ref().expect("MIR value")))));
190350 +                 __jet_v_15732017322875035521 = Some(!(*(__jet_v_11584243058890122053.as_ref().expect("MIR value"))));
       |

warning: unnecessary parentheses around function argument
      --> /jet/build/run.rs:190446:53
       |
190446 |                 __jet_v_17219914322436399184 = Some((!(*(__jet_v_14018265582035946810.as_ref().expect("MIR value")))));
       |                                                     ^                                                               ^
       |
help: remove these parentheses
       |
190446 -                 __jet_v_17219914322436399184 = Some((!(*(__jet_v_14018265582035946810.as_ref().expect("MIR value")))));
190446 +                 __jet_v_17219914322436399184 = Some(!(*(__jet_v_14018265582035946810.as_ref().expect("MIR value"))));
       |

warning: unnecessary parentheses around function argument
      --> /jet/build/run.rs:190583:52
       |
190583 | ...me((((__jet_v_3632266222936132509.as_ref().expect("MIR value")).clone()) == ((__jet_v_14134181593798409905.as_ref().expect("MIR value")).clone())));
       |       ^                                                                                                                                             ^
       |
help: remove these parentheses
       |
190583 -                 __jet_v_5082266894065220685 = Some((((__jet_v_3632266222936132509.as_ref().expect("MIR value")).clone()) == ((__jet_v_14134181593798409905.as_ref().expect("MIR value")).clone())));
190583 +                 __jet_v_5082266894065220685 = Some(((__jet_v_3632266222936132509.as_ref().expect("MIR value")).clone()) == ((__jet_v_14134181593798409905.as_ref().expect("MIR value")).clone()));
       |

warning: unnecessary parentheses around function argument
      --> /jet/build/run.rs:190869:52
       |
190869 | ...me((((__jet_v_8807502122251388585.as_ref().expect("MIR value")).clone()) != ((__jet_v_14037636812723003076.as_ref().expect("MIR value")).clone())));
       |       ^                                                                                                                                             ^
       |
help: remove these parentheses
       |
190869 -                 __jet_v_6209427498360294759 = Some((((__jet_v_8807502122251388585.as_ref().expect("MIR value")).clone()) != ((__jet_v_14037636812723003076.as_ref().expect("MIR value")).clone())));
190869 +                 __jet_v_6209427498360294759 = Some(((__jet_v_8807502122251388585.as_ref().expect("MIR value")).clone()) != ((__jet_v_14037636812723003076.as_ref().expect("MIR value")).clone()));
       |

warning: unnecessary parentheses around function argument
      --> /jet/build/run.rs:190912:52
       |
190912 |                 __jet_v_3265426698960951489 = Some((!(*(__jet_v_16645743388493179913.as_ref().expect("MIR value")))));
       |                                                    ^                                                               ^
       |
help: remove these parentheses
       |
190912 -                 __jet_v_3265426698960951489 = Some((!(*(__jet_v_16645743388493179913.as_ref().expect("MIR value")))));
190912 +                 __jet_v_3265426698960951489 = Some(!(*(__jet_v_16645743388493179913.as_ref().expect("MIR value"))));
       |

warning: unnecessary parentheses around function argument
      --> /jet/build/run.rs:191017:53
       |
191017 |                 __jet_v_10493851807068505577 = Some((!(*(__jet_v_7199480905935665270.as_ref().expect("MIR value")))));
       |                                                     ^                                                              ^
       |
help: remove these parentheses
       |
191017 -                 __jet_v_10493851807068505577 = Some((!(*(__jet_v_7199480905935665270.as_ref().expect("MIR value")))));
191017 +                 __jet_v_10493851807068505577 = Some(!(*(__jet_v_7199480905935665270.as_ref().expect("MIR value"))));
       |

warning: unnecessary parentheses around function argument
      --> /jet/build/run.rs:191132:52
       |
191132 | ...me((((__jet_v_1717195432908053205.as_ref().expect("MIR value")).clone()) != ((__jet_v_9355619179304652944.as_ref().expect("MIR value")).clone())));
       |       ^                                                                                                                                            ^
       |
help: remove these parentheses
       |
191132 -                 __jet_v_6234810566154592726 = Some((((__jet_v_1717195432908053205.as_ref().expect("MIR value")).clone()) != ((__jet_v_9355619179304652944.as_ref().expect("MIR value")).clone())));
191132 +                 __jet_v_6234810566154592726 = Some(((__jet_v_1717195432908053205.as_ref().expect("MIR value")).clone()) != ((__jet_v_9355619179304652944.as_ref().expect("MIR value")).clone()));
       |

warning: unnecessary parentheses around function argument
      --> /jet/build/run.rs:191197:52
       |
191197 | ...me((((__jet_v_6729217515187533711.as_ref().expect("MIR value")).clone()) == ((__jet_v_14227259174033844036.as_ref().expect("MIR value")).clone())));
       |       ^                                                                                                                                             ^
       |
help: remove these parentheses
       |
191197 -                 __jet_v_3780491533274944727 = Some((((__jet_v_6729217515187533711.as_ref().expect("MIR value")).clone()) == ((__jet_v_14227259174033844036.as_ref().expect("MIR value")).clone())));
191197 +                 __jet_v_3780491533274944727 = Some(((__jet_v_6729217515187533711.as_ref().expect("MIR value")).clone()) == ((__jet_v_14227259174033844036.as_ref().expect("MIR value")).clone()));
       |

warning: unnecessary parentheses around function argument
      --> /jet/build/run.rs:191829:52
       |
191829 | ...me((((__jet_v_15909238528246386242.as_ref().expect("MIR value")).clone()) || ((__jet_v_17592997681896584019.as_ref().expect("MIR value")).clone())));
       |       ^                                                                                                                                              ^
       |
help: remove these parentheses
       |
191829 -                 __jet_v_3240437345692644661 = Some((((__jet_v_15909238528246386242.as_ref().expect("MIR value")).clone()) || ((__jet_v_17592997681896584019.as_ref().expect("MIR value")).clone())));
191829 +                 __jet_v_3240437345692644661 = Some(((__jet_v_15909238528246386242.as_ref().expect("MIR value")).clone()) || ((__jet_v_17592997681896584019.as_ref().expect("MIR value")).clone()));
       |

warning: unnecessary parentheses around function argument
      --> /jet/build/run.rs:191842:53
       |
191842 | ...me((((__jet_v_4500115173862175168.as_ref().expect("MIR value")).clone()) || ((__jet_v_7059145186893982938.as_ref().expect("MIR value")).clone())));
       |       ^                                                                                                                                            ^
       |
help: remove these parentheses
       |
191842 -                 __jet_v_15909238528246386242 = Some((((__jet_v_4500115173862175168.as_ref().expect("MIR value")).clone()) || ((__jet_v_7059145186893982938.as_ref().expect("MIR value")).clone())));
191842 +                 __jet_v_15909238528246386242 = Some(((__jet_v_4500115173862175168.as_ref().expect("MIR value")).clone()) || ((__jet_v_7059145186893982938.as_ref().expect("MIR value")).clone()));
       |

warning: unnecessary parentheses around function argument
      --> /jet/build/run.rs:191861:52
       |
191861 |                 __jet_v_5619703266848356113 = Some((!(*(__jet_v_7148920764235683332.as_ref().expect("MIR value")))));
       |                                                    ^                                                              ^
       |
help: remove these parentheses
       |
191861 -                 __jet_v_5619703266848356113 = Some((!(*(__jet_v_7148920764235683332.as_ref().expect("MIR value")))));
191861 +                 __jet_v_5619703266848356113 = Some(!(*(__jet_v_7148920764235683332.as_ref().expect("MIR value"))));
       |

warning: unnecessary parentheses around function argument
      --> /jet/build/run.rs:191913:52
       |
191913 | ...me((((__jet_v_9465037066482694149.as_ref().expect("MIR value")).clone()) == ((__jet_v_15153600113712770224.as_ref().expect("MIR value")).clone())));
       |       ^                                                                                                                                             ^
       |
help: remove these parentheses
       |
191913 -                 __jet_v_6593310376462199392 = Some((((__jet_v_9465037066482694149.as_ref().expect("MIR value")).clone()) == ((__jet_v_15153600113712770224.as_ref().expect("MIR value")).clone())));
191913 +                 __jet_v_6593310376462199392 = Some(((__jet_v_9465037066482694149.as_ref().expect("MIR value")).clone()) == ((__jet_v_15153600113712770224.as_ref().expect("MIR value")).clone()));
       |

warning: unnecessary parentheses around function argument
      --> /jet/build/run.rs:192031:51
       |
192031 |                 __jet_v_205431471370280509 = Some((!(*(__jet_v_10145621496231916486.as_ref().expect("MIR value")))));
       |                                                   ^                                                               ^
       |
help: remove these parentheses
       |
192031 -                 __jet_v_205431471370280509 = Some((!(*(__jet_v_10145621496231916486.as_ref().expect("MIR value")))));
192031 +                 __jet_v_205431471370280509 = Some(!(*(__jet_v_10145621496231916486.as_ref().expect("MIR value"))));
       |

warning: unnecessary parentheses around function argument
      --> /jet/build/run.rs:192032:53
       |
192032 | ...me((((__jet_v_2532645865977324384.as_ref().expect("MIR value")).clone()) || ((__jet_v_205431471370280509.as_ref().expect("MIR value")).clone())));
       |       ^                                                                                                                                           ^
       |
help: remove these parentheses
       |
192032 -                 __jet_v_12790939648531610868 = Some((((__jet_v_2532645865977324384.as_ref().expect("MIR value")).clone()) || ((__jet_v_205431471370280509.as_ref().expect("MIR value")).clone())));
192032 +                 __jet_v_12790939648531610868 = Some(((__jet_v_2532645865977324384.as_ref().expect("MIR value")).clone()) || ((__jet_v_205431471370280509.as_ref().expect("MIR value")).clone()));
       |

warning: unnecessary parentheses around function argument
      --> /jet/build/run.rs:192050:52
       |
192050 |                 __jet_v_1144936066304154935 = Some((!(*(__jet_v_14992939444621290681.as_ref().expect("MIR value")))));
       |                                                    ^                                                               ^
       |
help: remove these parentheses
       |
192050 -                 __jet_v_1144936066304154935 = Some((!(*(__jet_v_14992939444621290681.as_ref().expect("MIR value")))));
192050 +                 __jet_v_1144936066304154935 = Some(!(*(__jet_v_14992939444621290681.as_ref().expect("MIR value"))));
       |

warning: unnecessary parentheses around function argument
      --> /jet/build/run.rs:192893:53
       |
192893 |                 __jet_v_17308102073869819482 = Some((!(*(__jet_v_3950768112404032754.as_ref().expect("MIR value")))));
       |                                                     ^                                                              ^
       |
help: remove these parentheses
       |
192893 -                 __jet_v_17308102073869819482 = Some((!(*(__jet_v_3950768112404032754.as_ref().expect("MIR value")))));
192893 +                 __jet_v_17308102073869819482 = Some(!(*(__jet_v_3950768112404032754.as_ref().expect("MIR value"))));
       |

warning: unnecessary parentheses around function argument
      --> /jet/build/run.rs:193908:53
       |
193908 | ...me((((__jet_v_17825661494791291931.as_ref().expect("MIR value")).clone()) == ((__jet_v_11606676196758886313.as_ref().expect("MIR value")).clone())));
       |       ^                                                                                                                                              ^
       |
help: remove these parentheses
       |
193908 -                 __jet_v_16852177365991285200 = Some((((__jet_v_17825661494791291931.as_ref().expect("MIR value")).clone()) == ((__jet_v_11606676196758886313.as_ref().expect("MIR value")).clone())));
193908 +                 __jet_v_16852177365991285200 = Some(((__jet_v_17825661494791291931.as_ref().expect("MIR value")).clone()) == ((__jet_v_11606676196758886313.as_ref().expect("MIR value")).clone()));
       |

warning: unnecessary parentheses around function argument
      --> /jet/build/run.rs:194074:52
       |
194074 | ...me((((__jet_v_8694496013494189973.as_ref().expect("MIR value")).clone()) == ((__jet_v_6027994019333318618.as_ref().expect("MIR value")).clone())));
       |       ^                                                                                                                                            ^
       |
help: remove these parentheses
       |
194074 -                 __jet_v_4403460646903702604 = Some((((__jet_v_8694496013494189973.as_ref().expect("MIR value")).clone()) == ((__jet_v_6027994019333318618.as_ref().expect("MIR value")).clone())));
194074 +                 __jet_v_4403460646903702604 = Some(((__jet_v_8694496013494189973.as_ref().expect("MIR value")).clone()) == ((__jet_v_6027994019333318618.as_ref().expect("MIR value")).clone()));
       |

warning: unnecessary parentheses around function argument
      --> /jet/build/run.rs:194115:52
       |
194115 |                 __jet_v_8920209413014999693 = Some((!(*(__jet_v_6305906570700457533.as_ref().expect("MIR value")))));
       |                                                    ^                                                              ^
       |
help: remove these parentheses
       |
194115 -                 __jet_v_8920209413014999693 = Some((!(*(__jet_v_6305906570700457533.as_ref().expect("MIR value")))));
194115 +                 __jet_v_8920209413014999693 = Some(!(*(__jet_v_6305906570700457533.as_ref().expect("MIR value"))));
       |

warning: unused label
      --> /jet/build/run.rs:194263:5
       |
194263 |     'mir_dispatch: loop {
       |     ^^^^^^^^^^^^^

warning: unnecessary parentheses around function argument
      --> /jet/build/run.rs:194371:53
       |
194371 |                 __jet_v_13431279110094697170 = Some((!(*(__jet_v_3663428157306301072.as_ref().expect("MIR value")))));
       |                                                     ^                                                              ^
       |
help: remove these parentheses
       |
194371 -                 __jet_v_13431279110094697170 = Some((!(*(__jet_v_3663428157306301072.as_ref().expect("MIR value")))));
194371 +                 __jet_v_13431279110094697170 = Some(!(*(__jet_v_3663428157306301072.as_ref().expect("MIR value"))));
       |

warning: unused label
      --> /jet/build/run.rs:194720:5
       |
194720 |     'mir_dispatch: loop {
       |     ^^^^^^^^^^^^^

warning: unnecessary parentheses around function argument
      --> /jet/build/run.rs:194840:52
       |
194840 | ...me((((__jet_v_8773824537951349031.as_ref().expect("MIR value")).clone()) == ((__jet_v_4587845011428504907.as_ref().expect("MIR value")).clone())));
       |       ^                                                                                                                                            ^
       |
help: remove these parentheses
       |
194840 -                 __jet_v_2138723444233739489 = Some((((__jet_v_8773824537951349031.as_ref().expect("MIR value")).clone()) == ((__jet_v_4587845011428504907.as_ref().expect("MIR value")).clone())));
194840 +                 __jet_v_2138723444233739489 = Some(((__jet_v_8773824537951349031.as_ref().expect("MIR value")).clone()) == ((__jet_v_4587845011428504907.as_ref().expect("MIR value")).clone()));
       |

warning: unnecessary parentheses around function argument
      --> /jet/build/run.rs:194880:52
       |
194880 | ...me((((__jet_v_29430270996811952.as_ref().expect("MIR value")).clone()) > ((__jet_v_6546822297076638307.as_ref().expect("MIR value")).clone())));
       |       ^                                                                                                                                         ^
       |
help: remove these parentheses
       |
194880 -                 __jet_v_5941980616861988115 = Some((((__jet_v_29430270996811952.as_ref().expect("MIR value")).clone()) > ((__jet_v_6546822297076638307.as_ref().expect("MIR value")).clone())));
194880 +                 __jet_v_5941980616861988115 = Some(((__jet_v_29430270996811952.as_ref().expect("MIR value")).clone()) > ((__jet_v_6546822297076638307.as_ref().expect("MIR value")).clone()));
       |

warning: unnecessary parentheses around function argument
      --> /jet/build/run.rs:195497:53
       |
195497 | ...me((((__jet_v_8799320263603330242.as_ref().expect("MIR value")).clone()) == ((__jet_v_9042997307316066028.as_ref().expect("MIR value")).clone())));
       |       ^                                                                                                                                            ^
       |
help: remove these parentheses
       |
195497 -                 __jet_v_11322712803444132174 = Some((((__jet_v_8799320263603330242.as_ref().expect("MIR value")).clone()) == ((__jet_v_9042997307316066028.as_ref().expect("MIR value")).clone())));
195497 +                 __jet_v_11322712803444132174 = Some(((__jet_v_8799320263603330242.as_ref().expect("MIR value")).clone()) == ((__jet_v_9042997307316066028.as_ref().expect("MIR value")).clone()));
       |

warning: unnecessary parentheses around function argument
      --> /jet/build/run.rs:195511:52
       |
195511 | ...me((((__jet_v_8423592102207717603.as_ref().expect("MIR value")).clone()) == ((__jet_v_14044337180118291372.as_ref().expect("MIR value")).clone())));
       |       ^                                                                                                                                             ^
       |
help: remove these parentheses
       |
195511 -                 __jet_v_5320197257851947967 = Some((((__jet_v_8423592102207717603.as_ref().expect("MIR value")).clone()) == ((__jet_v_14044337180118291372.as_ref().expect("MIR value")).clone())));
195511 +                 __jet_v_5320197257851947967 = Some(((__jet_v_8423592102207717603.as_ref().expect("MIR value")).clone()) == ((__jet_v_14044337180118291372.as_ref().expect("MIR value")).clone()));
       |

warning: unnecessary parentheses around function argument
      --> /jet/build/run.rs:195591:52
       |
195591 | ...me((((__jet_v_9677161525317972080.as_ref().expect("MIR value")).clone()) >= ((__jet_v_12570650683712365733.as_ref().expect("MIR value")).clone())));
       |       ^                                                                                                                                             ^
       |
help: remove these parentheses
       |
195591 -                 __jet_v_3644867323977308621 = Some((((__jet_v_9677161525317972080.as_ref().expect("MIR value")).clone()) >= ((__jet_v_12570650683712365733.as_ref().expect("MIR value")).clone())));
195591 +                 __jet_v_3644867323977308621 = Some(((__jet_v_9677161525317972080.as_ref().expect("MIR value")).clone()) >= ((__jet_v_12570650683712365733.as_ref().expect("MIR value")).clone()));
       |

warning: unnecessary parentheses around function argument
      --> /jet/build/run.rs:195933:53
       |
195933 |                 __jet_v_17336147378035541061 = Some((!(*(__jet_v_9067457397506939476.as_ref().expect("MIR value")))));
       |                                                     ^                                                              ^
       |
help: remove these parentheses
       |
195933 -                 __jet_v_17336147378035541061 = Some((!(*(__jet_v_9067457397506939476.as_ref().expect("MIR value")))));
195933 +                 __jet_v_17336147378035541061 = Some(!(*(__jet_v_9067457397506939476.as_ref().expect("MIR value"))));
       |

warning: unnecessary parentheses around function argument
      --> /jet/build/run.rs:196290:52
       |
196290 | ...me((((__jet_v_9738462246187421044.as_ref().expect("MIR value")).clone()) > ((__jet_v_8069892108068870845.as_ref().expect("MIR value")).clone())));
       |       ^                                                                                                                                           ^
       |
help: remove these parentheses
       |
196290 -                 __jet_v_3638173613865272093 = Some((((__jet_v_9738462246187421044.as_ref().expect("MIR value")).clone()) > ((__jet_v_8069892108068870845.as_ref().expect("MIR value")).clone())));
196290 +                 __jet_v_3638173613865272093 = Some(((__jet_v_9738462246187421044.as_ref().expect("MIR value")).clone()) > ((__jet_v_8069892108068870845.as_ref().expect("MIR value")).clone()));
       |

warning: unnecessary parentheses around function argument
      --> /jet/build/run.rs:196536:53
       |
196536 | ...me((((__jet_v_1519572135698307723.as_ref().expect("MIR value")).clone()) != ((__jet_v_13282888812568348389.as_ref().expect("MIR value")).clone())));
       |       ^                                                                                                                                             ^
       |
help: remove these parentheses
       |
196536 -                 __jet_v_16320704384500944420 = Some((((__jet_v_1519572135698307723.as_ref().expect("MIR value")).clone()) != ((__jet_v_13282888812568348389.as_ref().expect("MIR value")).clone())));
196536 +                 __jet_v_16320704384500944420 = Some(((__jet_v_1519572135698307723.as_ref().expect("MIR value")).clone()) != ((__jet_v_13282888812568348389.as_ref().expect("MIR value")).clone()));
       |

warning: unnecessary parentheses around function argument
      --> /jet/build/run.rs:196789:52
       |
196789 | ...me((((__jet_v_1880515606494931770.as_ref().expect("MIR value")).clone()) < ((__jet_v_9375725029142093245.as_ref().expect("MIR value")).clone())));
       |       ^                                                                                                                                           ^
       |
help: remove these parentheses
       |
196789 -                 __jet_v_7871584085807949454 = Some((((__jet_v_1880515606494931770.as_ref().expect("MIR value")).clone()) < ((__jet_v_9375725029142093245.as_ref().expect("MIR value")).clone())));
196789 +                 __jet_v_7871584085807949454 = Some(((__jet_v_1880515606494931770.as_ref().expect("MIR value")).clone()) < ((__jet_v_9375725029142093245.as_ref().expect("MIR value")).clone()));
       |

warning: unnecessary parentheses around function argument
      --> /jet/build/run.rs:196803:53
       |
196803 | ...me((((__jet_v_9640257309701085575.as_ref().expect("MIR value")).clone()) == ((__jet_v_15464047098152359913.as_ref().expect("MIR value")).clone())));
       |       ^                                                                                                                                             ^
       |
help: remove these parentheses
       |
196803 -                 __jet_v_15528140453567669732 = Some((((__jet_v_9640257309701085575.as_ref().expect("MIR value")).clone()) == ((__jet_v_15464047098152359913.as_ref().expect("MIR value")).clone())));
196803 +                 __jet_v_15528140453567669732 = Some(((__jet_v_9640257309701085575.as_ref().expect("MIR value")).clone()) == ((__jet_v_15464047098152359913.as_ref().expect("MIR value")).clone()));
       |

warning: unnecessary parentheses around function argument
      --> /jet/build/run.rs:196857:52
       |
196857 | ...me((((__jet_v_17555814236011306074.as_ref().expect("MIR value")).clone()) >= ((__jet_v_2179099557140567991.as_ref().expect("MIR value")).clone())));
       |       ^                                                                                                                                             ^
       |
help: remove these parentheses
       |
196857 -                 __jet_v_7880281751897323375 = Some((((__jet_v_17555814236011306074.as_ref().expect("MIR value")).clone()) >= ((__jet_v_2179099557140567991.as_ref().expect("MIR value")).clone())));
196857 +                 __jet_v_7880281751897323375 = Some(((__jet_v_17555814236011306074.as_ref().expect("MIR value")).clone()) >= ((__jet_v_2179099557140567991.as_ref().expect("MIR value")).clone()));
       |

warning: unnecessary parentheses around function argument
      --> /jet/build/run.rs:196886:53
       |
196886 | ...me((((__jet_v_9261455578988575982.as_ref().expect("MIR value")).clone()) == ((__jet_v_8897302464945315885.as_ref().expect("MIR value")).clone())));
       |       ^                                                                                                                                            ^
       |
help: remove these parentheses
       |
196886 -                 __jet_v_17162716623075479443 = Some((((__jet_v_9261455578988575982.as_ref().expect("MIR value")).clone()) == ((__jet_v_8897302464945315885.as_ref().expect("MIR value")).clone())));
196886 +                 __jet_v_17162716623075479443 = Some(((__jet_v_9261455578988575982.as_ref().expect("MIR value")).clone()) == ((__jet_v_8897302464945315885.as_ref().expect("MIR value")).clone()));
       |

warning: unnecessary parentheses around function argument
      --> /jet/build/run.rs:197184:52
       |
197184 | ...me((((__jet_v_18247819578370906541.as_ref().expect("MIR value")).clone()) < ((__jet_v_15454034702987199428.as_ref().expect("MIR value")).clone())));
       |       ^                                                                                                                                             ^
       |
help: remove these parentheses
       |
197184 -                 __jet_v_1096960386637159614 = Some((((__jet_v_18247819578370906541.as_ref().expect("MIR value")).clone()) < ((__jet_v_15454034702987199428.as_ref().expect("MIR value")).clone())));
197184 +                 __jet_v_1096960386637159614 = Some(((__jet_v_18247819578370906541.as_ref().expect("MIR value")).clone()) < ((__jet_v_15454034702987199428.as_ref().expect("MIR value")).clone()));
       |

warning: unnecessary parentheses around function argument
      --> /jet/build/run.rs:197885:52
       |
197885 |                 __jet_v_6883406552712197036 = Some((!(*(__jet_v_10852153043338645495.as_ref().expect("MIR value")))));
       |                                                    ^                                                               ^
       |
help: remove these parentheses
       |
197885 -                 __jet_v_6883406552712197036 = Some((!(*(__jet_v_10852153043338645495.as_ref().expect("MIR value")))));
197885 +                 __jet_v_6883406552712197036 = Some(!(*(__jet_v_10852153043338645495.as_ref().expect("MIR value"))));
       |

warning: unnecessary parentheses around function argument
      --> /jet/build/run.rs:198104:53
       |
198104 | ...me((((__jet_v_3029996113530605830.as_ref().expect("MIR value")).clone()) == ((__jet_v_1595592981587819676.as_ref().expect("MIR value")).clone())));
       |       ^                                                                                                                                            ^
       |
help: remove these parentheses
       |
198104 -                 __jet_v_12593579282561839303 = Some((((__jet_v_3029996113530605830.as_ref().expect("MIR value")).clone()) == ((__jet_v_1595592981587819676.as_ref().expect("MIR value")).clone())));
198104 +                 __jet_v_12593579282561839303 = Some(((__jet_v_3029996113530605830.as_ref().expect("MIR value")).clone()) == ((__jet_v_1595592981587819676.as_ref().expect("MIR value")).clone()));
       |

warning: unnecessary parentheses around function argument
      --> /jet/build/run.rs:198129:53
       |
198129 | ...me((((__jet_v_17277038702621997500.as_ref().expect("MIR value")).clone()) == ((__jet_v_14015327636299113534.as_ref().expect("MIR value")).clone())));
       |       ^                                                                                                                                              ^
       |
help: remove these parentheses
       |
198129 -                 __jet_v_14482778391438458827 = Some((((__jet_v_17277038702621997500.as_ref().expect("MIR value")).clone()) == ((__jet_v_14015327636299113534.as_ref().expect("MIR value")).clone())));
198129 +                 __jet_v_14482778391438458827 = Some(((__jet_v_17277038702621997500.as_ref().expect("MIR value")).clone()) == ((__jet_v_14015327636299113534.as_ref().expect("MIR value")).clone()));
       |

warning: unnecessary parentheses around function argument
      --> /jet/build/run.rs:198251:52
       |
198251 | ...me((((__jet_v_1932365991545556333.as_ref().expect("MIR value")).clone()) == ((__jet_v_3280888402626386199.as_ref().expect("MIR value")).clone())));
       |       ^                                                                                                                                            ^
       |
help: remove these parentheses
       |
198251 -                 __jet_v_7919471854935579649 = Some((((__jet_v_1932365991545556333.as_ref().expect("MIR value")).clone()) == ((__jet_v_3280888402626386199.as_ref().expect("MIR value")).clone())));
198251 +                 __jet_v_7919471854935579649 = Some(((__jet_v_1932365991545556333.as_ref().expect("MIR value")).clone()) == ((__jet_v_3280888402626386199.as_ref().expect("MIR value")).clone()));
       |

warning: unused label
      --> /jet/build/run.rs:198667:5
       |
198667 |     'mir_dispatch: loop {
       |     ^^^^^^^^^^^^^

warning: unnecessary parentheses around function argument
      --> /jet/build/run.rs:199529:53
       |
199529 | ...me((((__jet_v_5839447939268267021.as_ref().expect("MIR value")).clone()) == ((__jet_v_10374390007453488498.as_ref().expect("MIR value")).clone())));
       |       ^                                                                                                                                             ^
       |
help: remove these parentheses
       |
199529 -                 __jet_v_10295467575773488751 = Some((((__jet_v_5839447939268267021.as_ref().expect("MIR value")).clone()) == ((__jet_v_10374390007453488498.as_ref().expect("MIR value")).clone())));
199529 +                 __jet_v_10295467575773488751 = Some(((__jet_v_5839447939268267021.as_ref().expect("MIR value")).clone()) == ((__jet_v_10374390007453488498.as_ref().expect("MIR value")).clone()));
       |

warning: unnecessary parentheses around function argument
      --> /jet/build/run.rs:199576:52
       |
199576 | ...me((((__jet_v_14305180334274824225.as_ref().expect("MIR value")).clone()) != ((__jet_v_1170993730445094247.as_ref().expect("MIR value")).clone())));
       |       ^                                                                                                                                             ^
       |
help: remove these parentheses
       |
199576 -                 __jet_v_8845957222416225499 = Some((((__jet_v_14305180334274824225.as_ref().expect("MIR value")).clone()) != ((__jet_v_1170993730445094247.as_ref().expect("MIR value")).clone())));
199576 +                 __jet_v_8845957222416225499 = Some(((__jet_v_14305180334274824225.as_ref().expect("MIR value")).clone()) != ((__jet_v_1170993730445094247.as_ref().expect("MIR value")).clone()));
       |

warning: unnecessary parentheses around function argument
      --> /jet/build/run.rs:199590:52
       |
199590 | ...me((((__jet_v_15966478548813013022.as_ref().expect("MIR value")).clone()) == ((__jet_v_1646541911901139120.as_ref().expect("MIR value")).clone())));
       |       ^                                                                                                                                             ^
       |
help: remove these parentheses
       |
199590 -                 __jet_v_1909342208274940908 = Some((((__jet_v_15966478548813013022.as_ref().expect("MIR value")).clone()) == ((__jet_v_1646541911901139120.as_ref().expect("MIR value")).clone())));
199590 +                 __jet_v_1909342208274940908 = Some(((__jet_v_15966478548813013022.as_ref().expect("MIR value")).clone()) == ((__jet_v_1646541911901139120.as_ref().expect("MIR value")).clone()));
       |

warning: unnecessary parentheses around function argument
      --> /jet/build/run.rs:200105:52
       |
200105 | ...me((((__jet_v_9478305228814488852.as_ref().expect("MIR value")).clone()) != ((__jet_v_11504058767676715990.as_ref().expect("MIR value")).clone())));
       |       ^                                                                                                                                             ^
       |
help: remove these parentheses
       |
200105 -                 __jet_v_6689502866424773062 = Some((((__jet_v_9478305228814488852.as_ref().expect("MIR value")).clone()) != ((__jet_v_11504058767676715990.as_ref().expect("MIR value")).clone())));
200105 +                 __jet_v_6689502866424773062 = Some(((__jet_v_9478305228814488852.as_ref().expect("MIR value")).clone()) != ((__jet_v_11504058767676715990.as_ref().expect("MIR value")).clone()));
       |

warning: unnecessary parentheses around function argument
      --> /jet/build/run.rs:200273:52
       |
200273 |                 __jet_v_6760625733670748569 = Some((!(*(__jet_v_6910271670331904784.as_ref().expect("MIR value")))));
       |                                                    ^                                                              ^
       |
help: remove these parentheses
       |
200273 -                 __jet_v_6760625733670748569 = Some((!(*(__jet_v_6910271670331904784.as_ref().expect("MIR value")))));
200273 +                 __jet_v_6760625733670748569 = Some(!(*(__jet_v_6910271670331904784.as_ref().expect("MIR value"))));
       |

warning: unnecessary parentheses around function argument
      --> /jet/build/run.rs:200384:53
       |
200384 | ...me((((__jet_v_14162688858734799848.as_ref().expect("MIR value")).clone()) != ((__jet_v_155122860788237011.as_ref().expect("MIR value")).clone())));
       |       ^                                                                                                                                            ^
       |
help: remove these parentheses
       |
200384 -                 __jet_v_11360645685883558693 = Some((((__jet_v_14162688858734799848.as_ref().expect("MIR value")).clone()) != ((__jet_v_155122860788237011.as_ref().expect("MIR value")).clone())));
200384 +                 __jet_v_11360645685883558693 = Some(((__jet_v_14162688858734799848.as_ref().expect("MIR value")).clone()) != ((__jet_v_155122860788237011.as_ref().expect("MIR value")).clone()));
       |

warning: unnecessary parentheses around function argument
      --> /jet/build/run.rs:200387:52
       |
200387 |                 __jet_v_8128258180055196436 = Some((!(*(__jet_v_7209446706025081212.as_ref().expect("MIR value")))));
       |                                                    ^                                                              ^
       |
help: remove these parentheses
       |
200387 -                 __jet_v_8128258180055196436 = Some((!(*(__jet_v_7209446706025081212.as_ref().expect("MIR value")))));
200387 +                 __jet_v_8128258180055196436 = Some(!(*(__jet_v_7209446706025081212.as_ref().expect("MIR value"))));
       |

warning: unnecessary parentheses around function argument
      --> /jet/build/run.rs:200388:52
       |
200388 | ...me((((__jet_v_11360645685883558693.as_ref().expect("MIR value")).clone()) || ((__jet_v_8128258180055196436.as_ref().expect("MIR value")).clone())));
       |       ^                                                                                                                                             ^
       |
help: remove these parentheses
       |
200388 -                 __jet_v_1746213829624654282 = Some((((__jet_v_11360645685883558693.as_ref().expect("MIR value")).clone()) || ((__jet_v_8128258180055196436.as_ref().expect("MIR value")).clone())));
200388 +                 __jet_v_1746213829624654282 = Some(((__jet_v_11360645685883558693.as_ref().expect("MIR value")).clone()) || ((__jet_v_8128258180055196436.as_ref().expect("MIR value")).clone()));
       |

warning: unnecessary parentheses around function argument
      --> /jet/build/run.rs:200455:53
       |
200455 |                 __jet_v_16369178264064092858 = Some((!(*(__jet_v_8459728502582010448.as_ref().expect("MIR value")))));
       |                                                     ^                                                              ^
       |
help: remove these parentheses
       |
200455 -                 __jet_v_16369178264064092858 = Some((!(*(__jet_v_8459728502582010448.as_ref().expect("MIR value")))));
200455 +                 __jet_v_16369178264064092858 = Some(!(*(__jet_v_8459728502582010448.as_ref().expect("MIR value"))));
       |

warning: unnecessary parentheses around function argument
      --> /jet/build/run.rs:200472:52
       |
200472 |                 __jet_v_8622039588786595388 = Some((!(*(__jet_v_16543621619853584139.as_ref().expect("MIR value")))));
       |                                                    ^                                                               ^
       |
help: remove these parentheses
       |
200472 -                 __jet_v_8622039588786595388 = Some((!(*(__jet_v_16543621619853584139.as_ref().expect("MIR value")))));
200472 +                 __jet_v_8622039588786595388 = Some(!(*(__jet_v_16543621619853584139.as_ref().expect("MIR value"))));
       |

warning: unnecessary parentheses around function argument
      --> /jet/build/run.rs:200946:53
       |
200946 |                 __jet_v_15059954639234317548 = Some((!(*(__jet_v_5031774371822124575.as_ref().expect("MIR value")))));
       |                                                     ^                                                              ^
       |
help: remove these parentheses
       |
200946 -                 __jet_v_15059954639234317548 = Some((!(*(__jet_v_5031774371822124575.as_ref().expect("MIR value")))));
200946 +                 __jet_v_15059954639234317548 = Some(!(*(__jet_v_5031774371822124575.as_ref().expect("MIR value"))));
       |

warning: unnecessary parentheses around function argument
      --> /jet/build/run.rs:200968:53
       |
200968 | ...me((((__jet_v_4892990645964206778.as_ref().expect("MIR value")).clone()) != ((__jet_v_329013931604071947.as_ref().expect("MIR value")).clone())));
       |       ^                                                                                                                                           ^
       |
help: remove these parentheses
       |
200968 -                 __jet_v_16788421918676034152 = Some((((__jet_v_4892990645964206778.as_ref().expect("MIR value")).clone()) != ((__jet_v_329013931604071947.as_ref().expect("MIR value")).clone())));
200968 +                 __jet_v_16788421918676034152 = Some(((__jet_v_4892990645964206778.as_ref().expect("MIR value")).clone()) != ((__jet_v_329013931604071947.as_ref().expect("MIR value")).clone()));
       |

warning: unnecessary parentheses around function argument
      --> /jet/build/run.rs:201132:53
       |
201132 | ...me((((__jet_v_11570830730713459306.as_ref().expect("MIR value")).clone()) == ((__jet_v_6496041814152582631.as_ref().expect("MIR value")).clone())));
       |       ^                                                                                                                                             ^
       |
help: remove these parentheses
       |
201132 -                 __jet_v_10034375212518834737 = Some((((__jet_v_11570830730713459306.as_ref().expect("MIR value")).clone()) == ((__jet_v_6496041814152582631.as_ref().expect("MIR value")).clone())));
201132 +                 __jet_v_10034375212518834737 = Some(((__jet_v_11570830730713459306.as_ref().expect("MIR value")).clone()) == ((__jet_v_6496041814152582631.as_ref().expect("MIR value")).clone()));
       |

warning: unnecessary parentheses around function argument
      --> /jet/build/run.rs:201514:52
       |
201514 | ...me((((__jet_v_10059487540923170085.as_ref().expect("MIR value")).clone()) == ((__jet_v_16624116758172966035.as_ref().expect("MIR value")).clone())));
       |       ^                                                                                                                                              ^
       |
help: remove these parentheses
       |
201514 -                 __jet_v_8056066262558000368 = Some((((__jet_v_10059487540923170085.as_ref().expect("MIR value")).clone()) == ((__jet_v_16624116758172966035.as_ref().expect("MIR value")).clone())));
201514 +                 __jet_v_8056066262558000368 = Some(((__jet_v_10059487540923170085.as_ref().expect("MIR value")).clone()) == ((__jet_v_16624116758172966035.as_ref().expect("MIR value")).clone()));
       |

warning: unnecessary parentheses around function argument
      --> /jet/build/run.rs:201517:52
       |
201517 | ...me((((__jet_v_10477550627734042153.as_ref().expect("MIR value")).clone()) == ((__jet_v_6102845561034851603.as_ref().expect("MIR value")).clone())));
       |       ^                                                                                                                                             ^
       |
help: remove these parentheses
       |
201517 -                 __jet_v_4644399723908338525 = Some((((__jet_v_10477550627734042153.as_ref().expect("MIR value")).clone()) == ((__jet_v_6102845561034851603.as_ref().expect("MIR value")).clone())));
201517 +                 __jet_v_4644399723908338525 = Some(((__jet_v_10477550627734042153.as_ref().expect("MIR value")).clone()) == ((__jet_v_6102845561034851603.as_ref().expect("MIR value")).clone()));
       |

warning: unnecessary parentheses around function argument
      --> /jet/build/run.rs:201518:53
       |
201518 | ...me((((__jet_v_8056066262558000368.as_ref().expect("MIR value")).clone()) || ((__jet_v_4644399723908338525.as_ref().expect("MIR value")).clone())));
       |       ^                                                                                                                                            ^
       |
help: remove these parentheses
       |
201518 -                 __jet_v_17630013823901064899 = Some((((__jet_v_8056066262558000368.as_ref().expect("MIR value")).clone()) || ((__jet_v_4644399723908338525.as_ref().expect("MIR value")).clone())));
201518 +                 __jet_v_17630013823901064899 = Some(((__jet_v_8056066262558000368.as_ref().expect("MIR value")).clone()) || ((__jet_v_4644399723908338525.as_ref().expect("MIR value")).clone()));
       |

warning: unnecessary parentheses around function argument
      --> /jet/build/run.rs:201617:52
       |
201617 |                 __jet_v_9642982315035296496 = Some((!(*(__jet_v_6918658173347570891.as_ref().expect("MIR value")))));
       |                                                    ^                                                              ^
       |
help: remove these parentheses
       |
201617 -                 __jet_v_9642982315035296496 = Some((!(*(__jet_v_6918658173347570891.as_ref().expect("MIR value")))));
201617 +                 __jet_v_9642982315035296496 = Some(!(*(__jet_v_6918658173347570891.as_ref().expect("MIR value"))));
       |

warning: unnecessary parentheses around function argument
      --> /jet/build/run.rs:201634:53
       |
201634 |                 __jet_v_18013154198129499566 = Some((!(*(__jet_v_7442490758760051828.as_ref().expect("MIR value")))));
       |                                                     ^                                                              ^
       |
help: remove these parentheses
       |
201634 -                 __jet_v_18013154198129499566 = Some((!(*(__jet_v_7442490758760051828.as_ref().expect("MIR value")))));
201634 +                 __jet_v_18013154198129499566 = Some(!(*(__jet_v_7442490758760051828.as_ref().expect("MIR value"))));
       |

warning: unnecessary parentheses around function argument
      --> /jet/build/run.rs:201824:52
       |
201824 | ...me((((__jet_v_4358482284050218631.as_ref().expect("MIR value")).clone()) == ((__jet_v_8066745345051745366.as_ref().expect("MIR value")).clone())));
       |       ^                                                                                                                                            ^
       |
help: remove these parentheses
       |
201824 -                 __jet_v_4077886362142354363 = Some((((__jet_v_4358482284050218631.as_ref().expect("MIR value")).clone()) == ((__jet_v_8066745345051745366.as_ref().expect("MIR value")).clone())));
201824 +                 __jet_v_4077886362142354363 = Some(((__jet_v_4358482284050218631.as_ref().expect("MIR value")).clone()) == ((__jet_v_8066745345051745366.as_ref().expect("MIR value")).clone()));
       |

warning: unnecessary parentheses around function argument
      --> /jet/build/run.rs:201838:53
       |
201838 | ...me((((__jet_v_10826882147699439425.as_ref().expect("MIR value")).clone()) == ((__jet_v_993553107460310707.as_ref().expect("MIR value")).clone())));
       |       ^                                                                                                                                            ^
       |
help: remove these parentheses
       |
201838 -                 __jet_v_14104511417881248717 = Some((((__jet_v_10826882147699439425.as_ref().expect("MIR value")).clone()) == ((__jet_v_993553107460310707.as_ref().expect("MIR value")).clone())));
201838 +                 __jet_v_14104511417881248717 = Some(((__jet_v_10826882147699439425.as_ref().expect("MIR value")).clone()) == ((__jet_v_993553107460310707.as_ref().expect("MIR value")).clone()));
       |

warning: unnecessary parentheses around function argument
      --> /jet/build/run.rs:201851:51
       |
201851 | ...me((((__jet_v_6153131208726790193.as_ref().expect("MIR value")).clone()) == ((__jet_v_4650224480848713962.as_ref().expect("MIR value")).clone())));
       |       ^                                                                                                                                            ^
       |
help: remove these parentheses
       |
201851 -                 __jet_v_297673789650589667 = Some((((__jet_v_6153131208726790193.as_ref().expect("MIR value")).clone()) == ((__jet_v_4650224480848713962.as_ref().expect("MIR value")).clone())));
201851 +                 __jet_v_297673789650589667 = Some(((__jet_v_6153131208726790193.as_ref().expect("MIR value")).clone()) == ((__jet_v_4650224480848713962.as_ref().expect("MIR value")).clone()));
       |

warning: unnecessary parentheses around function argument
      --> /jet/build/run.rs:202318:52
       |
202318 | ...me((((__jet_v_1349092075929270105.as_ref().expect("MIR value")).clone()) >= ((__jet_v_17197857545831738540.as_ref().expect("MIR value")).clone())));
       |       ^                                                                                                                                             ^
       |
help: remove these parentheses
       |
202318 -                 __jet_v_4001889131232608640 = Some((((__jet_v_1349092075929270105.as_ref().expect("MIR value")).clone()) >= ((__jet_v_17197857545831738540.as_ref().expect("MIR value")).clone())));
202318 +                 __jet_v_4001889131232608640 = Some(((__jet_v_1349092075929270105.as_ref().expect("MIR value")).clone()) >= ((__jet_v_17197857545831738540.as_ref().expect("MIR value")).clone()));
       |

warning: unnecessary parentheses around function argument
      --> /jet/build/run.rs:202407:52
       |
202407 | ...me((((__jet_v_12776234770858694834.as_ref().expect("MIR value")).clone()) + ((__jet_v_1142431215007626322.as_ref().expect("MIR value")).clone())));
       |       ^                                                                                                                                            ^
       |
help: remove these parentheses
       |
202407 -                 __jet_v_7557895463681972007 = Some((((__jet_v_12776234770858694834.as_ref().expect("MIR value")).clone()) + ((__jet_v_1142431215007626322.as_ref().expect("MIR value")).clone())));
202407 +                 __jet_v_7557895463681972007 = Some(((__jet_v_12776234770858694834.as_ref().expect("MIR value")).clone()) + ((__jet_v_1142431215007626322.as_ref().expect("MIR value")).clone()));
       |

warning: unnecessary parentheses around function argument
      --> /jet/build/run.rs:202431:53
       |
202431 | ...me((((__jet_v_4113669967765627472.as_ref().expect("MIR value")).clone()) < ((__jet_v_2712739305240984788.as_ref().expect("MIR value")).clone())));
       |       ^                                                                                                                                           ^
       |
help: remove these parentheses
       |
202431 -                 __jet_v_16294291132204068986 = Some((((__jet_v_4113669967765627472.as_ref().expect("MIR value")).clone()) < ((__jet_v_2712739305240984788.as_ref().expect("MIR value")).clone())));
202431 +                 __jet_v_16294291132204068986 = Some(((__jet_v_4113669967765627472.as_ref().expect("MIR value")).clone()) < ((__jet_v_2712739305240984788.as_ref().expect("MIR value")).clone()));
       |

warning: unnecessary parentheses around function argument
      --> /jet/build/run.rs:202469:52
       |
202469 | ...me((((__jet_v_13369156187030381840.as_ref().expect("MIR value")).clone()) + ((__jet_v_867176662964152225.as_ref().expect("MIR value")).clone())));
       |       ^                                                                                                                                           ^
       |
help: remove these parentheses
       |
202469 -                 __jet_v_3944261189149664932 = Some((((__jet_v_13369156187030381840.as_ref().expect("MIR value")).clone()) + ((__jet_v_867176662964152225.as_ref().expect("MIR value")).clone())));
202469 +                 __jet_v_3944261189149664932 = Some(((__jet_v_13369156187030381840.as_ref().expect("MIR value")).clone()) + ((__jet_v_867176662964152225.as_ref().expect("MIR value")).clone()));
       |

warning: unnecessary parentheses around function argument
      --> /jet/build/run.rs:202720:52
       |
202720 | ...me((((__jet_v_6151602395527149347.as_ref().expect("MIR value")).clone()) + ((__jet_v_6662797714866966054.as_ref().expect("MIR value")).clone())));
       |       ^                                                                                                                                           ^
       |
help: remove these parentheses
       |
202720 -                 __jet_v_6268060067224428872 = Some((((__jet_v_6151602395527149347.as_ref().expect("MIR value")).clone()) + ((__jet_v_6662797714866966054.as_ref().expect("MIR value")).clone())));
202720 +                 __jet_v_6268060067224428872 = Some(((__jet_v_6151602395527149347.as_ref().expect("MIR value")).clone()) + ((__jet_v_6662797714866966054.as_ref().expect("MIR value")).clone()));
       |

warning: unnecessary parentheses around function argument
      --> /jet/build/run.rs:202731:52
       |
202731 | ...me((((__jet_v_3983834484168472932.as_ref().expect("MIR value")).clone()) != ((__jet_v_4181159345051344720.as_ref().expect("MIR value")).clone())));
       |       ^                                                                                                                                            ^
       |
help: remove these parentheses
       |
202731 -                 __jet_v_6699506861828598379 = Some((((__jet_v_3983834484168472932.as_ref().expect("MIR value")).clone()) != ((__jet_v_4181159345051344720.as_ref().expect("MIR value")).clone())));
202731 +                 __jet_v_6699506861828598379 = Some(((__jet_v_3983834484168472932.as_ref().expect("MIR value")).clone()) != ((__jet_v_4181159345051344720.as_ref().expect("MIR value")).clone()));
       |

warning: unnecessary parentheses around function argument
      --> /jet/build/run.rs:202802:53
       |
202802 | ...me((((__jet_v_5099047362340310505.as_ref().expect("MIR value")).clone()) + ((__jet_v_15454966541662332788.as_ref().expect("MIR value")).clone())));
       |       ^                                                                                                                                            ^
       |
help: remove these parentheses
       |
202802 -                 __jet_v_15918148140428256694 = Some((((__jet_v_5099047362340310505.as_ref().expect("MIR value")).clone()) + ((__jet_v_15454966541662332788.as_ref().expect("MIR value")).clone())));
202802 +                 __jet_v_15918148140428256694 = Some(((__jet_v_5099047362340310505.as_ref().expect("MIR value")).clone()) + ((__jet_v_15454966541662332788.as_ref().expect("MIR value")).clone()));
       |

warning: unnecessary parentheses around function argument
      --> /jet/build/run.rs:202822:51
       |
202822 |                 __jet_v_982451105935632199 = Some((!(*(__jet_v_15039649258034466617.as_ref().expect("MIR value")))));
       |                                                   ^                                                               ^
       |
help: remove these parentheses
       |
202822 -                 __jet_v_982451105935632199 = Some((!(*(__jet_v_15039649258034466617.as_ref().expect("MIR value")))));
202822 +                 __jet_v_982451105935632199 = Some(!(*(__jet_v_15039649258034466617.as_ref().expect("MIR value"))));
       |

warning: unnecessary parentheses around function argument
      --> /jet/build/run.rs:202938:53
       |
202938 | ...me((((__jet_v_1250465744866990717.as_ref().expect("MIR value")).clone()) < ((__jet_v_15568012038961287098.as_ref().expect("MIR value")).clone())));
       |       ^                                                                                                                                            ^
       |
help: remove these parentheses
       |
202938 -                 __jet_v_17361877882622236267 = Some((((__jet_v_1250465744866990717.as_ref().expect("MIR value")).clone()) < ((__jet_v_15568012038961287098.as_ref().expect("MIR value")).clone())));
202938 +                 __jet_v_17361877882622236267 = Some(((__jet_v_1250465744866990717.as_ref().expect("MIR value")).clone()) < ((__jet_v_15568012038961287098.as_ref().expect("MIR value")).clone()));
       |

warning: unnecessary parentheses around function argument
      --> /jet/build/run.rs:203006:52
       |
203006 | ...me((((__jet_v_1974445592119860403.as_ref().expect("MIR value")).clone()) != ((__jet_v_11324299061863235153.as_ref().expect("MIR value")).clone())));
       |       ^                                                                                                                                             ^
       |
help: remove these parentheses
       |
203006 -                 __jet_v_9986526674287832189 = Some((((__jet_v_1974445592119860403.as_ref().expect("MIR value")).clone()) != ((__jet_v_11324299061863235153.as_ref().expect("MIR value")).clone())));
203006 +                 __jet_v_9986526674287832189 = Some(((__jet_v_1974445592119860403.as_ref().expect("MIR value")).clone()) != ((__jet_v_11324299061863235153.as_ref().expect("MIR value")).clone()));
       |

warning: unnecessary parentheses around function argument
      --> /jet/build/run.rs:203029:53
       |
203029 |                 __jet_v_15662268629376304037 = Some((!(*(__jet_v_13404479482005675068.as_ref().expect("MIR value")))));
       |                                                     ^                                                               ^
       |
help: remove these parentheses
       |
203029 -                 __jet_v_15662268629376304037 = Some((!(*(__jet_v_13404479482005675068.as_ref().expect("MIR value")))));
203029 +                 __jet_v_15662268629376304037 = Some(!(*(__jet_v_13404479482005675068.as_ref().expect("MIR value"))));
       |

warning: unnecessary parentheses around function argument
      --> /jet/build/run.rs:203119:53
       |
203119 | ...me((((__jet_v_17256922662590490350.as_ref().expect("MIR value")).clone()) == ((__jet_v_5135837328585468889.as_ref().expect("MIR value")).clone())));
       |       ^                                                                                                                                             ^
       |
help: remove these parentheses
       |
203119 -                 __jet_v_15470044482416990421 = Some((((__jet_v_17256922662590490350.as_ref().expect("MIR value")).clone()) == ((__jet_v_5135837328585468889.as_ref().expect("MIR value")).clone())));
203119 +                 __jet_v_15470044482416990421 = Some(((__jet_v_17256922662590490350.as_ref().expect("MIR value")).clone()) == ((__jet_v_5135837328585468889.as_ref().expect("MIR value")).clone()));
       |

warning: unnecessary parentheses around function argument
      --> /jet/build/run.rs:203361:53
       |
203361 | ...me((((__jet_v_15453432612067852308.as_ref().expect("MIR value")).clone()) == ((__jet_v_3676833968992546441.as_ref().expect("MIR value")).clone())));
       |       ^                                                                                                                                             ^
       |
help: remove these parentheses
       |
203361 -                 __jet_v_14749307335444514620 = Some((((__jet_v_15453432612067852308.as_ref().expect("MIR value")).clone()) == ((__jet_v_3676833968992546441.as_ref().expect("MIR value")).clone())));
203361 +                 __jet_v_14749307335444514620 = Some(((__jet_v_15453432612067852308.as_ref().expect("MIR value")).clone()) == ((__jet_v_3676833968992546441.as_ref().expect("MIR value")).clone()));
       |

warning: unnecessary parentheses around function argument
      --> /jet/build/run.rs:203410:52
       |
203410 | ...me((((__jet_v_7948036192766454608.as_ref().expect("MIR value")).clone()) != ((__jet_v_16367781748465216324.as_ref().expect("MIR value")).clone())));
       |       ^                                                                                                                                             ^
       |
help: remove these parentheses
       |
203410 -                 __jet_v_4407014730457791327 = Some((((__jet_v_7948036192766454608.as_ref().expect("MIR value")).clone()) != ((__jet_v_16367781748465216324.as_ref().expect("MIR value")).clone())));
203410 +                 __jet_v_4407014730457791327 = Some(((__jet_v_7948036192766454608.as_ref().expect("MIR value")).clone()) != ((__jet_v_16367781748465216324.as_ref().expect("MIR value")).clone()));
       |

warning: unnecessary parentheses around function argument
      --> /jet/build/run.rs:203478:53
       |
203478 | ...me((((__jet_v_10451508920887383815.as_ref().expect("MIR value")).clone()) != ((__jet_v_11853562070396247227.as_ref().expect("MIR value")).clone())));
       |       ^                                                                                                                                              ^
       |
help: remove these parentheses
       |
203478 -                 __jet_v_16743228141362035075 = Some((((__jet_v_10451508920887383815.as_ref().expect("MIR value")).clone()) != ((__jet_v_11853562070396247227.as_ref().expect("MIR value")).clone())));
203478 +                 __jet_v_16743228141362035075 = Some(((__jet_v_10451508920887383815.as_ref().expect("MIR value")).clone()) != ((__jet_v_11853562070396247227.as_ref().expect("MIR value")).clone()));
       |

warning: unnecessary parentheses around function argument
      --> /jet/build/run.rs:203492:52
       |
203492 | ...me((((__jet_v_13885863282919628999.as_ref().expect("MIR value")).clone()) != ((__jet_v_746020214693811805.as_ref().expect("MIR value")).clone())));
       |       ^                                                                                                                                            ^
       |
help: remove these parentheses
       |
203492 -                 __jet_v_9737534266989643048 = Some((((__jet_v_13885863282919628999.as_ref().expect("MIR value")).clone()) != ((__jet_v_746020214693811805.as_ref().expect("MIR value")).clone())));
203492 +                 __jet_v_9737534266989643048 = Some(((__jet_v_13885863282919628999.as_ref().expect("MIR value")).clone()) != ((__jet_v_746020214693811805.as_ref().expect("MIR value")).clone()));
       |

warning: unnecessary parentheses around function argument
      --> /jet/build/run.rs:207705:53
       |
207705 | ...me((((__jet_v_15160942352877092755.as_ref().expect("MIR value")).clone()) != ((__jet_v_18351084744195934298.as_ref().expect("MIR value")).clone())));
       |       ^                                                                                                                                              ^
       |
help: remove these parentheses
       |
207705 -                 __jet_v_13988580913027732208 = Some((((__jet_v_15160942352877092755.as_ref().expect("MIR value")).clone()) != ((__jet_v_18351084744195934298.as_ref().expect("MIR value")).clone())));
207705 +                 __jet_v_13988580913027732208 = Some(((__jet_v_15160942352877092755.as_ref().expect("MIR value")).clone()) != ((__jet_v_18351084744195934298.as_ref().expect("MIR value")).clone()));
       |

warning: unnecessary parentheses around function argument
      --> /jet/build/run.rs:207765:53
       |
207765 | ...me((((__jet_v_15866578573886202559.as_ref().expect("MIR value")).clone()) > ((__jet_v_6526173564830209275.as_ref().expect("MIR value")).clone())));
       |       ^                                                                                                                                            ^
       |
help: remove these parentheses
       |
207765 -                 __jet_v_15056791936703729510 = Some((((__jet_v_15866578573886202559.as_ref().expect("MIR value")).clone()) > ((__jet_v_6526173564830209275.as_ref().expect("MIR value")).clone())));
207765 +                 __jet_v_15056791936703729510 = Some(((__jet_v_15866578573886202559.as_ref().expect("MIR value")).clone()) > ((__jet_v_6526173564830209275.as_ref().expect("MIR value")).clone()));
       |

warning: unnecessary parentheses around function argument
      --> /jet/build/run.rs:207831:52
       |
207831 | ...me((((__jet_v_10432810643068671131.as_ref().expect("MIR value")).clone()) != ((__jet_v_801088819303983790.as_ref().expect("MIR value")).clone())));
       |       ^                                                                                                                                            ^
       |
help: remove these parentheses
       |
207831 -                 __jet_v_1939441184891646879 = Some((((__jet_v_10432810643068671131.as_ref().expect("MIR value")).clone()) != ((__jet_v_801088819303983790.as_ref().expect("MIR value")).clone())));
207831 +                 __jet_v_1939441184891646879 = Some(((__jet_v_10432810643068671131.as_ref().expect("MIR value")).clone()) != ((__jet_v_801088819303983790.as_ref().expect("MIR value")).clone()));
       |

warning: unnecessary parentheses around function argument
      --> /jet/build/run.rs:207962:52
       |
207962 |                 __jet_v_8803742063708548890 = Some((!(*(__jet_v_12980276832271261408.as_ref().expect("MIR value")))));
       |                                                    ^                                                               ^
       |
help: remove these parentheses
       |
207962 -                 __jet_v_8803742063708548890 = Some((!(*(__jet_v_12980276832271261408.as_ref().expect("MIR value")))));
207962 +                 __jet_v_8803742063708548890 = Some(!(*(__jet_v_12980276832271261408.as_ref().expect("MIR value"))));
       |

warning: unnecessary parentheses around function argument
      --> /jet/build/run.rs:208199:53
       |
208199 | ...me((((__jet_v_6769841983585411489.as_ref().expect("MIR value")).clone()) != ((__jet_v_17195534285597882334.as_ref().expect("MIR value")).clone())));
       |       ^                                                                                                                                             ^
       |
help: remove these parentheses
       |
208199 -                 __jet_v_10397139180222517255 = Some((((__jet_v_6769841983585411489.as_ref().expect("MIR value")).clone()) != ((__jet_v_17195534285597882334.as_ref().expect("MIR value")).clone())));
208199 +                 __jet_v_10397139180222517255 = Some(((__jet_v_6769841983585411489.as_ref().expect("MIR value")).clone()) != ((__jet_v_17195534285597882334.as_ref().expect("MIR value")).clone()));
       |

warning: unnecessary parentheses around function argument
      --> /jet/build/run.rs:208950:53
       |
208950 | ...me((((__jet_v_1422771540316851852.as_ref().expect("MIR value")).clone()) != ((__jet_v_8289338576995224690.as_ref().expect("MIR value")).clone())));
       |       ^                                                                                                                                            ^
       |
help: remove these parentheses
       |
208950 -                 __jet_v_15312933023173841248 = Some((((__jet_v_1422771540316851852.as_ref().expect("MIR value")).clone()) != ((__jet_v_8289338576995224690.as_ref().expect("MIR value")).clone())));
208950 +                 __jet_v_15312933023173841248 = Some(((__jet_v_1422771540316851852.as_ref().expect("MIR value")).clone()) != ((__jet_v_8289338576995224690.as_ref().expect("MIR value")).clone()));
       |

warning: unnecessary parentheses around function argument
      --> /jet/build/run.rs:208966:52
       |
208966 | ...me((((__jet_v_10852147213821671523.as_ref().expect("MIR value")).clone()) > ((__jet_v_4531295417623269159.as_ref().expect("MIR value")).clone())));
       |       ^                                                                                                                                            ^
       |
help: remove these parentheses
       |
208966 -                 __jet_v_1642929410564023940 = Some((((__jet_v_10852147213821671523.as_ref().expect("MIR value")).clone()) > ((__jet_v_4531295417623269159.as_ref().expect("MIR value")).clone())));
208966 +                 __jet_v_1642929410564023940 = Some(((__jet_v_10852147213821671523.as_ref().expect("MIR value")).clone()) > ((__jet_v_4531295417623269159.as_ref().expect("MIR value")).clone()));
       |

warning: unnecessary parentheses around function argument
      --> /jet/build/run.rs:209464:53
       |
209464 |                 __jet_v_15757892594118660403 = Some((!(*(__jet_v_6429882338624670514.as_ref().expect("MIR value")))));
       |                                                     ^                                                              ^
       |
help: remove these parentheses
       |
209464 -                 __jet_v_15757892594118660403 = Some((!(*(__jet_v_6429882338624670514.as_ref().expect("MIR value")))));
209464 +                 __jet_v_15757892594118660403 = Some(!(*(__jet_v_6429882338624670514.as_ref().expect("MIR value"))));
       |

warning: unnecessary parentheses around function argument
      --> /jet/build/run.rs:209506:53
       |
209506 | ...me((((__jet_v_3795926483145105540.as_ref().expect("MIR value")).clone()) != ((__jet_v_4225238093627377017.as_ref().expect("MIR value")).clone())));
       |       ^                                                                                                                                            ^
       |
help: remove these parentheses
       |
209506 -                 __jet_v_17645968960923981414 = Some((((__jet_v_3795926483145105540.as_ref().expect("MIR value")).clone()) != ((__jet_v_4225238093627377017.as_ref().expect("MIR value")).clone())));
209506 +                 __jet_v_17645968960923981414 = Some(((__jet_v_3795926483145105540.as_ref().expect("MIR value")).clone()) != ((__jet_v_4225238093627377017.as_ref().expect("MIR value")).clone()));
       |

warning: unnecessary parentheses around function argument
      --> /jet/build/run.rs:209556:52
       |
209556 | ...me((((__jet_v_1179992723994246840.as_ref().expect("MIR value")).clone()) != ((__jet_v_15988306138148336001.as_ref().expect("MIR value")).clone())));
       |       ^                                                                                                                                             ^
       |
help: remove these parentheses
       |
209556 -                 __jet_v_5965306488350052027 = Some((((__jet_v_1179992723994246840.as_ref().expect("MIR value")).clone()) != ((__jet_v_15988306138148336001.as_ref().expect("MIR value")).clone())));
209556 +                 __jet_v_5965306488350052027 = Some(((__jet_v_1179992723994246840.as_ref().expect("MIR value")).clone()) != ((__jet_v_15988306138148336001.as_ref().expect("MIR value")).clone()));
       |

warning: unnecessary parentheses around function argument
      --> /jet/build/run.rs:209723:53
       |
209723 | ...me((((__jet_v_70247424741464570.as_ref().expect("MIR value")).clone()) == ((__jet_v_9570421422441989167.as_ref().expect("MIR value")).clone())));
       |       ^                                                                                                                                          ^
       |
help: remove these parentheses
       |
209723 -                 __jet_v_13071610242134800695 = Some((((__jet_v_70247424741464570.as_ref().expect("MIR value")).clone()) == ((__jet_v_9570421422441989167.as_ref().expect("MIR value")).clone())));
209723 +                 __jet_v_13071610242134800695 = Some(((__jet_v_70247424741464570.as_ref().expect("MIR value")).clone()) == ((__jet_v_9570421422441989167.as_ref().expect("MIR value")).clone()));
       |

warning: unnecessary parentheses around function argument
      --> /jet/build/run.rs:209988:53
       |
209988 | ...me((((__jet_v_9474509799096686201.as_ref().expect("MIR value")).clone()) < ((__jet_v_15450331830082968302.as_ref().expect("MIR value")).clone())));
       |       ^                                                                                                                                            ^
       |
help: remove these parentheses
       |
209988 -                 __jet_v_17602558840581308827 = Some((((__jet_v_9474509799096686201.as_ref().expect("MIR value")).clone()) < ((__jet_v_15450331830082968302.as_ref().expect("MIR value")).clone())));
209988 +                 __jet_v_17602558840581308827 = Some(((__jet_v_9474509799096686201.as_ref().expect("MIR value")).clone()) < ((__jet_v_15450331830082968302.as_ref().expect("MIR value")).clone()));
       |

warning: unused label
      --> /jet/build/run.rs:210149:5
       |
210149 |     'mir_dispatch: loop {
       |     ^^^^^^^^^^^^^

warning: unnecessary parentheses around function argument
      --> /jet/build/run.rs:210340:53
       |
210340 | ...me((((__jet_v_15642679235802524156.as_ref().expect("MIR value")).clone()) == ((__jet_v_15614008667938512402.as_ref().expect("MIR value")).clone())));
       |       ^                                                                                                                                              ^
       |
help: remove these parentheses
       |
210340 -                 __jet_v_11887081151949169796 = Some((((__jet_v_15642679235802524156.as_ref().expect("MIR value")).clone()) == ((__jet_v_15614008667938512402.as_ref().expect("MIR value")).clone())));
210340 +                 __jet_v_11887081151949169796 = Some(((__jet_v_15642679235802524156.as_ref().expect("MIR value")).clone()) == ((__jet_v_15614008667938512402.as_ref().expect("MIR value")).clone()));
       |

warning: unnecessary parentheses around function argument
      --> /jet/build/run.rs:210387:52
       |
210387 | ...me((((__jet_v_14176618194180502054.as_ref().expect("MIR value")).clone()) == ((__jet_v_4277075965018738140.as_ref().expect("MIR value")).clone())));
       |       ^                                                                                                                                             ^
       |
help: remove these parentheses
       |
210387 -                 __jet_v_2246528584684375270 = Some((((__jet_v_14176618194180502054.as_ref().expect("MIR value")).clone()) == ((__jet_v_4277075965018738140.as_ref().expect("MIR value")).clone())));
210387 +                 __jet_v_2246528584684375270 = Some(((__jet_v_14176618194180502054.as_ref().expect("MIR value")).clone()) == ((__jet_v_4277075965018738140.as_ref().expect("MIR value")).clone()));
       |

warning: unnecessary parentheses around function argument
      --> /jet/build/run.rs:210441:53
       |
210441 | ...me((((__jet_v_1844714274014823244.as_ref().expect("MIR value")).clone()) == ((__jet_v_5049898222371625574.as_ref().expect("MIR value")).clone())));
       |       ^                                                                                                                                            ^
       |
help: remove these parentheses
       |
210441 -                 __jet_v_14531220617995565102 = Some((((__jet_v_1844714274014823244.as_ref().expect("MIR value")).clone()) == ((__jet_v_5049898222371625574.as_ref().expect("MIR value")).clone())));
210441 +                 __jet_v_14531220617995565102 = Some(((__jet_v_1844714274014823244.as_ref().expect("MIR value")).clone()) == ((__jet_v_5049898222371625574.as_ref().expect("MIR value")).clone()));
       |

warning: unnecessary parentheses around function argument
      --> /jet/build/run.rs:210762:52
       |
210762 | ...me((((__jet_v_2006548829946616856.as_ref().expect("MIR value")).clone()) == ((__jet_v_6538096810363982308.as_ref().expect("MIR value")).clone())));
       |       ^                                                                                                                                            ^
       |
help: remove these parentheses
       |
210762 -                 __jet_v_9175552106726272257 = Some((((__jet_v_2006548829946616856.as_ref().expect("MIR value")).clone()) == ((__jet_v_6538096810363982308.as_ref().expect("MIR value")).clone())));
210762 +                 __jet_v_9175552106726272257 = Some(((__jet_v_2006548829946616856.as_ref().expect("MIR value")).clone()) == ((__jet_v_6538096810363982308.as_ref().expect("MIR value")).clone()));
       |

warning: unnecessary parentheses around function argument
      --> /jet/build/run.rs:210906:53
       |
210906 | ...me((((__jet_v_846659803347186727.as_ref().expect("MIR value")).clone()) == ((__jet_v_9884155748730254318.as_ref().expect("MIR value")).clone())));
       |       ^                                                                                                                                           ^
       |
help: remove these parentheses
       |
210906 -                 __jet_v_17672023086377579747 = Some((((__jet_v_846659803347186727.as_ref().expect("MIR value")).clone()) == ((__jet_v_9884155748730254318.as_ref().expect("MIR value")).clone())));
210906 +                 __jet_v_17672023086377579747 = Some(((__jet_v_846659803347186727.as_ref().expect("MIR value")).clone()) == ((__jet_v_9884155748730254318.as_ref().expect("MIR value")).clone()));
       |

warning: unused label
      --> /jet/build/run.rs:211029:5
       |
211029 |     'mir_dispatch: loop {
       |     ^^^^^^^^^^^^^

warning: unnecessary parentheses around function argument
      --> /jet/build/run.rs:211459:51
       |
211459 | ...me((((__jet_v_3592482487737697350.as_ref().expect("MIR value")).clone()) < ((__jet_v_8082865708965164299.as_ref().expect("MIR value")).clone())));
       |       ^                                                                                                                                           ^
       |
help: remove these parentheses
       |
211459 -                 __jet_v_660026963094321886 = Some((((__jet_v_3592482487737697350.as_ref().expect("MIR value")).clone()) < ((__jet_v_8082865708965164299.as_ref().expect("MIR value")).clone())));
211459 +                 __jet_v_660026963094321886 = Some(((__jet_v_3592482487737697350.as_ref().expect("MIR value")).clone()) < ((__jet_v_8082865708965164299.as_ref().expect("MIR value")).clone()));
       |

warning: unnecessary parentheses around function argument
      --> /jet/build/run.rs:211500:53
       |
211500 | ...me((((__jet_v_6353696872525763797.as_ref().expect("MIR value")).clone()) != ((__jet_v_16483349336365894217.as_ref().expect("MIR value")).clone())));
       |       ^                                                                                                                                             ^
       |
help: remove these parentheses
       |
211500 -                 __jet_v_15522783111801391646 = Some((((__jet_v_6353696872525763797.as_ref().expect("MIR value")).clone()) != ((__jet_v_16483349336365894217.as_ref().expect("MIR value")).clone())));
211500 +                 __jet_v_15522783111801391646 = Some(((__jet_v_6353696872525763797.as_ref().expect("MIR value")).clone()) != ((__jet_v_16483349336365894217.as_ref().expect("MIR value")).clone()));
       |

warning: unnecessary parentheses around function argument
      --> /jet/build/run.rs:211762:53
       |
211762 |                 __jet_v_10708431542993292262 = Some((!(*(__jet_v_3787245277411882032.as_ref().expect("MIR value")))));
       |                                                     ^                                                              ^
       |
help: remove these parentheses
       |
211762 -                 __jet_v_10708431542993292262 = Some((!(*(__jet_v_3787245277411882032.as_ref().expect("MIR value")))));
211762 +                 __jet_v_10708431542993292262 = Some(!(*(__jet_v_3787245277411882032.as_ref().expect("MIR value"))));
       |

warning: unnecessary parentheses around function argument
      --> /jet/build/run.rs:211801:51
       |
211801 |                 __jet_v_893794416944490984 = Some((!(*(__jet_v_5760530606805149464.as_ref().expect("MIR value")))));
       |                                                   ^                                                              ^
       |
help: remove these parentheses
       |
211801 -                 __jet_v_893794416944490984 = Some((!(*(__jet_v_5760530606805149464.as_ref().expect("MIR value")))));
211801 +                 __jet_v_893794416944490984 = Some(!(*(__jet_v_5760530606805149464.as_ref().expect("MIR value"))));
       |

warning: unnecessary parentheses around function argument
      --> /jet/build/run.rs:212420:53
       |
212420 |                 __jet_v_13867843162142737807 = Some((!(*(__jet_v_8861006688751538332.as_ref().expect("MIR value")))));
       |                                                     ^                                                              ^
       |
help: remove these parentheses
       |
212420 -                 __jet_v_13867843162142737807 = Some((!(*(__jet_v_8861006688751538332.as_ref().expect("MIR value")))));
212420 +                 __jet_v_13867843162142737807 = Some(!(*(__jet_v_8861006688751538332.as_ref().expect("MIR value"))));
       |

warning: unnecessary parentheses around function argument
      --> /jet/build/run.rs:212488:52
       |
212488 | ...me((((__jet_v_2150036016928093212.as_ref().expect("MIR value")).clone()) != ((__jet_v_17058304313677520347.as_ref().expect("MIR value")).clone())));
       |       ^                                                                                                                                             ^
       |
help: remove these parentheses
       |
212488 -                 __jet_v_5004208220254380398 = Some((((__jet_v_2150036016928093212.as_ref().expect("MIR value")).clone()) != ((__jet_v_17058304313677520347.as_ref().expect("MIR value")).clone())));
212488 +                 __jet_v_5004208220254380398 = Some(((__jet_v_2150036016928093212.as_ref().expect("MIR value")).clone()) != ((__jet_v_17058304313677520347.as_ref().expect("MIR value")).clone()));
       |

warning: unnecessary parentheses around function argument
      --> /jet/build/run.rs:212529:53
       |
212529 | ...me((((__jet_v_12389693441412008834.as_ref().expect("MIR value")).clone()) != ((__jet_v_3826111018113183327.as_ref().expect("MIR value")).clone())));
       |       ^                                                                                                                                             ^
       |
help: remove these parentheses
       |
212529 -                 __jet_v_14339026391328370082 = Some((((__jet_v_12389693441412008834.as_ref().expect("MIR value")).clone()) != ((__jet_v_3826111018113183327.as_ref().expect("MIR value")).clone())));
212529 +                 __jet_v_14339026391328370082 = Some(((__jet_v_12389693441412008834.as_ref().expect("MIR value")).clone()) != ((__jet_v_3826111018113183327.as_ref().expect("MIR value")).clone()));
       |

warning: unnecessary parentheses around function argument
      --> /jet/build/run.rs:212706:53
       |
212706 |                 __jet_v_16065092664475416567 = Some((!(*(__jet_v_4054939258587938059.as_ref().expect("MIR value")))));
       |                                                     ^                                                              ^
       |
help: remove these parentheses
       |
212706 -                 __jet_v_16065092664475416567 = Some((!(*(__jet_v_4054939258587938059.as_ref().expect("MIR value")))));
212706 +                 __jet_v_16065092664475416567 = Some(!(*(__jet_v_4054939258587938059.as_ref().expect("MIR value"))));
       |

warning: unnecessary parentheses around function argument
      --> /jet/build/run.rs:212742:52
       |
212742 | ...me((((__jet_v_15799133476363959161.as_ref().expect("MIR value")).clone()) != ((__jet_v_4841389018586970340.as_ref().expect("MIR value")).clone())));
       |       ^                                                                                                                                             ^
       |
help: remove these parentheses
       |
212742 -                 __jet_v_1738579028789274536 = Some((((__jet_v_15799133476363959161.as_ref().expect("MIR value")).clone()) != ((__jet_v_4841389018586970340.as_ref().expect("MIR value")).clone())));
212742 +                 __jet_v_1738579028789274536 = Some(((__jet_v_15799133476363959161.as_ref().expect("MIR value")).clone()) != ((__jet_v_4841389018586970340.as_ref().expect("MIR value")).clone()));
       |

warning: unnecessary parentheses around function argument
      --> /jet/build/run.rs:213301:52
       |
213301 | ...me((((__jet_v_16060268638500088696.as_ref().expect("MIR value")).clone()) != ((__jet_v_10541234714987462282.as_ref().expect("MIR value")).clone())));
       |       ^                                                                                                                                              ^
       |
help: remove these parentheses
       |
213301 -                 __jet_v_7842046872886673184 = Some((((__jet_v_16060268638500088696.as_ref().expect("MIR value")).clone()) != ((__jet_v_10541234714987462282.as_ref().expect("MIR value")).clone())));
213301 +                 __jet_v_7842046872886673184 = Some(((__jet_v_16060268638500088696.as_ref().expect("MIR value")).clone()) != ((__jet_v_10541234714987462282.as_ref().expect("MIR value")).clone()));
       |

warning: unnecessary parentheses around function argument
      --> /jet/build/run.rs:213342:53
       |
213342 | ...me((((__jet_v_12479740524401877316.as_ref().expect("MIR value")).clone()) >= ((__jet_v_3684885666926409090.as_ref().expect("MIR value")).clone())));
       |       ^                                                                                                                                             ^
       |
help: remove these parentheses
       |
213342 -                 __jet_v_17540921965900263264 = Some((((__jet_v_12479740524401877316.as_ref().expect("MIR value")).clone()) >= ((__jet_v_3684885666926409090.as_ref().expect("MIR value")).clone())));
213342 +                 __jet_v_17540921965900263264 = Some(((__jet_v_12479740524401877316.as_ref().expect("MIR value")).clone()) >= ((__jet_v_3684885666926409090.as_ref().expect("MIR value")).clone()));
       |

warning: unnecessary parentheses around function argument
      --> /jet/build/run.rs:213420:52
       |
213420 | ...me((((__jet_v_3359606184132359867.as_ref().expect("MIR value")).clone()) < ((__jet_v_12618730189757581466.as_ref().expect("MIR value")).clone())));
       |       ^                                                                                                                                            ^
       |
help: remove these parentheses
       |
213420 -                 __jet_v_3758535014483870753 = Some((((__jet_v_3359606184132359867.as_ref().expect("MIR value")).clone()) < ((__jet_v_12618730189757581466.as_ref().expect("MIR value")).clone())));
213420 +                 __jet_v_3758535014483870753 = Some(((__jet_v_3359606184132359867.as_ref().expect("MIR value")).clone()) < ((__jet_v_12618730189757581466.as_ref().expect("MIR value")).clone()));
       |

warning: unnecessary parentheses around function argument
      --> /jet/build/run.rs:213459:52
       |
213459 | ...me((((__jet_v_10311720766055307391.as_ref().expect("MIR value")).clone()) >= ((__jet_v_8531202493811920366.as_ref().expect("MIR value")).clone())));
       |       ^                                                                                                                                             ^
       |
help: remove these parentheses
       |
213459 -                 __jet_v_4553056778145981373 = Some((((__jet_v_10311720766055307391.as_ref().expect("MIR value")).clone()) >= ((__jet_v_8531202493811920366.as_ref().expect("MIR value")).clone())));
213459 +                 __jet_v_4553056778145981373 = Some(((__jet_v_10311720766055307391.as_ref().expect("MIR value")).clone()) >= ((__jet_v_8531202493811920366.as_ref().expect("MIR value")).clone()));
       |

warning: unnecessary parentheses around function argument
      --> /jet/build/run.rs:213490:53
       |
213490 | ...me((((__jet_v_11715997306129951923.as_ref().expect("MIR value")).clone()) >= ((__jet_v_13746845492106827326.as_ref().expect("MIR value")).clone())));
       |       ^                                                                                                                                              ^
       |
help: remove these parentheses
       |
213490 -                 __jet_v_14333583223544197069 = Some((((__jet_v_11715997306129951923.as_ref().expect("MIR value")).clone()) >= ((__jet_v_13746845492106827326.as_ref().expect("MIR value")).clone())));
213490 +                 __jet_v_14333583223544197069 = Some(((__jet_v_11715997306129951923.as_ref().expect("MIR value")).clone()) >= ((__jet_v_13746845492106827326.as_ref().expect("MIR value")).clone()));
       |

warning: unnecessary parentheses around function argument
      --> /jet/build/run.rs:213643:53
       |
213643 | ...me((((__jet_v_13197565173753173602.as_ref().expect("MIR value")).clone()) != ((__jet_v_12437207052397103120.as_ref().expect("MIR value")).clone())));
       |       ^                                                                                                                                              ^
       |
help: remove these parentheses
       |
213643 -                 __jet_v_16363707625673099943 = Some((((__jet_v_13197565173753173602.as_ref().expect("MIR value")).clone()) != ((__jet_v_12437207052397103120.as_ref().expect("MIR value")).clone())));
213643 +                 __jet_v_16363707625673099943 = Some(((__jet_v_13197565173753173602.as_ref().expect("MIR value")).clone()) != ((__jet_v_12437207052397103120.as_ref().expect("MIR value")).clone()));
       |

warning: unnecessary parentheses around function argument
      --> /jet/build/run.rs:213709:52
       |
213709 | ...me((((__jet_v_15190002264839582564.as_ref().expect("MIR value")).clone()) != ((__jet_v_8751774266610240061.as_ref().expect("MIR value")).clone())));
       |       ^                                                                                                                                             ^
       |
help: remove these parentheses
       |
213709 -                 __jet_v_3833692929854430404 = Some((((__jet_v_15190002264839582564.as_ref().expect("MIR value")).clone()) != ((__jet_v_8751774266610240061.as_ref().expect("MIR value")).clone())));
213709 +                 __jet_v_3833692929854430404 = Some(((__jet_v_15190002264839582564.as_ref().expect("MIR value")).clone()) != ((__jet_v_8751774266610240061.as_ref().expect("MIR value")).clone()));
       |

warning: unnecessary parentheses around function argument
      --> /jet/build/run.rs:213730:53
       |
213730 | ...me((((__jet_v_7197224109365731623.as_ref().expect("MIR value")).clone()) != ((__jet_v_8306767978205631960.as_ref().expect("MIR value")).clone())));
       |       ^                                                                                                                                            ^
       |
help: remove these parentheses
       |
213730 -                 __jet_v_10606368849353043617 = Some((((__jet_v_7197224109365731623.as_ref().expect("MIR value")).clone()) != ((__jet_v_8306767978205631960.as_ref().expect("MIR value")).clone())));
213730 +                 __jet_v_10606368849353043617 = Some(((__jet_v_7197224109365731623.as_ref().expect("MIR value")).clone()) != ((__jet_v_8306767978205631960.as_ref().expect("MIR value")).clone()));
       |

warning: unnecessary parentheses around function argument
      --> /jet/build/run.rs:213784:52
       |
213784 | ...me((((__jet_v_12792818919445096456.as_ref().expect("MIR value")).clone()) == ((__jet_v_5263150235031520451.as_ref().expect("MIR value")).clone())));
       |       ^                                                                                                                                             ^
       |
help: remove these parentheses
       |
213784 -                 __jet_v_2375729589037776250 = Some((((__jet_v_12792818919445096456.as_ref().expect("MIR value")).clone()) == ((__jet_v_5263150235031520451.as_ref().expect("MIR value")).clone())));
213784 +                 __jet_v_2375729589037776250 = Some(((__jet_v_12792818919445096456.as_ref().expect("MIR value")).clone()) == ((__jet_v_5263150235031520451.as_ref().expect("MIR value")).clone()));
       |

warning: unnecessary parentheses around function argument
      --> /jet/build/run.rs:213921:53
       |
213921 | ...me((((__jet_v_8483631443986413593.as_ref().expect("MIR value")).clone()) != ((__jet_v_13913070366894361280.as_ref().expect("MIR value")).clone())));
       |       ^                                                                                                                                             ^
       |
help: remove these parentheses
       |
213921 -                 __jet_v_12232906600169280978 = Some((((__jet_v_8483631443986413593.as_ref().expect("MIR value")).clone()) != ((__jet_v_13913070366894361280.as_ref().expect("MIR value")).clone())));
213921 +                 __jet_v_12232906600169280978 = Some(((__jet_v_8483631443986413593.as_ref().expect("MIR value")).clone()) != ((__jet_v_13913070366894361280.as_ref().expect("MIR value")).clone()));
       |

warning: unnecessary parentheses around function argument
      --> /jet/build/run.rs:214088:53
       |
214088 |                 __jet_v_14768472746565915503 = Some((!(*(__jet_v_15408251491568606815.as_ref().expect("MIR value")))));
       |                                                     ^                                                               ^
       |
help: remove these parentheses
       |
214088 -                 __jet_v_14768472746565915503 = Some((!(*(__jet_v_15408251491568606815.as_ref().expect("MIR value")))));
214088 +                 __jet_v_14768472746565915503 = Some(!(*(__jet_v_15408251491568606815.as_ref().expect("MIR value"))));
       |

warning: unnecessary parentheses around function argument
      --> /jet/build/run.rs:214542:52
       |
214542 |                 __jet_v_9988115252273951730 = Some((!(*(__jet_v_10069893909751484461.as_ref().expect("MIR value")))));
       |                                                    ^                                                               ^
       |
help: remove these parentheses
       |
214542 -                 __jet_v_9988115252273951730 = Some((!(*(__jet_v_10069893909751484461.as_ref().expect("MIR value")))));
214542 +                 __jet_v_9988115252273951730 = Some(!(*(__jet_v_10069893909751484461.as_ref().expect("MIR value"))));
       |

warning: unnecessary parentheses around function argument
      --> /jet/build/run.rs:214650:53
       |
214650 |                 __jet_v_17359655759446728767 = Some((!(*(__jet_v_17249614929969667916.as_ref().expect("MIR value")))));
       |                                                     ^                                                               ^
       |
help: remove these parentheses
       |
214650 -                 __jet_v_17359655759446728767 = Some((!(*(__jet_v_17249614929969667916.as_ref().expect("MIR value")))));
214650 +                 __jet_v_17359655759446728767 = Some(!(*(__jet_v_17249614929969667916.as_ref().expect("MIR value"))));
       |

warning: unnecessary parentheses around function argument
      --> /jet/build/run.rs:214866:53
       |
214866 | ...me((((__jet_v_13150350012593927374.as_ref().expect("MIR value")).clone()) == ((__jet_v_999938318829151838.as_ref().expect("MIR value")).clone())));
       |       ^                                                                                                                                            ^
       |
help: remove these parentheses
       |
214866 -                 __jet_v_15356430623028164611 = Some((((__jet_v_13150350012593927374.as_ref().expect("MIR value")).clone()) == ((__jet_v_999938318829151838.as_ref().expect("MIR value")).clone())));
214866 +                 __jet_v_15356430623028164611 = Some(((__jet_v_13150350012593927374.as_ref().expect("MIR value")).clone()) == ((__jet_v_999938318829151838.as_ref().expect("MIR value")).clone()));
       |

warning: unnecessary parentheses around function argument
      --> /jet/build/run.rs:214906:49
       |
214906 |                 __jet_v_6633467255345666 = Some((!(*(__jet_v_4240079045933018126.as_ref().expect("MIR value")))));
       |                                                 ^                                                              ^
       |
help: remove these parentheses
       |
214906 -                 __jet_v_6633467255345666 = Some((!(*(__jet_v_4240079045933018126.as_ref().expect("MIR value")))));
214906 +                 __jet_v_6633467255345666 = Some(!(*(__jet_v_4240079045933018126.as_ref().expect("MIR value"))));
       |

warning: unused label
      --> /jet/build/run.rs:214978:5
       |
214978 |     'mir_dispatch: loop {
       |     ^^^^^^^^^^^^^

warning: unnecessary parentheses around function argument
      --> /jet/build/run.rs:215164:53
       |
215164 | ...me((((__jet_v_4755392313927602974.as_ref().expect("MIR value")).clone()) == ((__jet_v_4221937785525325222.as_ref().expect("MIR value")).clone())));
       |       ^                                                                                                                                            ^
       |
help: remove these parentheses
       |
215164 -                 __jet_v_12055845563278913509 = Some((((__jet_v_4755392313927602974.as_ref().expect("MIR value")).clone()) == ((__jet_v_4221937785525325222.as_ref().expect("MIR value")).clone())));
215164 +                 __jet_v_12055845563278913509 = Some(((__jet_v_4755392313927602974.as_ref().expect("MIR value")).clone()) == ((__jet_v_4221937785525325222.as_ref().expect("MIR value")).clone()));
       |

warning: unnecessary parentheses around function argument
      --> /jet/build/run.rs:215300:53
       |
215300 | ...me((((__jet_v_12058148877290294122.as_ref().expect("MIR value")).clone()) == ((__jet_v_7991411443957155425.as_ref().expect("MIR value")).clone())));
       |       ^                                                                                                                                             ^
       |
help: remove these parentheses
       |
215300 -                 __jet_v_17352508927108179629 = Some((((__jet_v_12058148877290294122.as_ref().expect("MIR value")).clone()) == ((__jet_v_7991411443957155425.as_ref().expect("MIR value")).clone())));
215300 +                 __jet_v_17352508927108179629 = Some(((__jet_v_12058148877290294122.as_ref().expect("MIR value")).clone()) == ((__jet_v_7991411443957155425.as_ref().expect("MIR value")).clone()));
       |

warning: unnecessary parentheses around function argument
      --> /jet/build/run.rs:215340:52
       |
215340 | ...me((((__jet_v_15835137614958651330.as_ref().expect("MIR value")).clone()) == ((__jet_v_16700804851608457270.as_ref().expect("MIR value")).clone())));
       |       ^                                                                                                                                              ^
       |
help: remove these parentheses
       |
215340 -                 __jet_v_3128034158198331300 = Some((((__jet_v_15835137614958651330.as_ref().expect("MIR value")).clone()) == ((__jet_v_16700804851608457270.as_ref().expect("MIR value")).clone())));
215340 +                 __jet_v_3128034158198331300 = Some(((__jet_v_15835137614958651330.as_ref().expect("MIR value")).clone()) == ((__jet_v_16700804851608457270.as_ref().expect("MIR value")).clone()));
       |

warning: unnecessary parentheses around function argument
      --> /jet/build/run.rs:215507:53
       |
215507 | ...me((((__jet_v_630762928371741793.as_ref().expect("MIR value")).clone()) == ((__jet_v_10169405387882237159.as_ref().expect("MIR value")).clone())));
       |       ^                                                                                                                                            ^
       |
help: remove these parentheses
       |
215507 -                 __jet_v_18169986227395532349 = Some((((__jet_v_630762928371741793.as_ref().expect("MIR value")).clone()) == ((__jet_v_10169405387882237159.as_ref().expect("MIR value")).clone())));
215507 +                 __jet_v_18169986227395532349 = Some(((__jet_v_630762928371741793.as_ref().expect("MIR value")).clone()) == ((__jet_v_10169405387882237159.as_ref().expect("MIR value")).clone()));
       |

warning: unnecessary parentheses around function argument
      --> /jet/build/run.rs:215527:52
       |
215527 | ...me((((__jet_v_8843056290570367346.as_ref().expect("MIR value")).clone()) == ((__jet_v_700895246779429273.as_ref().expect("MIR value")).clone())));
       |       ^                                                                                                                                           ^
       |
help: remove these parentheses
       |
215527 -                 __jet_v_8900523619421819581 = Some((((__jet_v_8843056290570367346.as_ref().expect("MIR value")).clone()) == ((__jet_v_700895246779429273.as_ref().expect("MIR value")).clone())));
215527 +                 __jet_v_8900523619421819581 = Some(((__jet_v_8843056290570367346.as_ref().expect("MIR value")).clone()) == ((__jet_v_700895246779429273.as_ref().expect("MIR value")).clone()));
       |

warning: unnecessary parentheses around function argument
      --> /jet/build/run.rs:215671:52
       |
215671 | ...me((((__jet_v_11909422725537809843.as_ref().expect("MIR value")).clone()) != ((__jet_v_4096313036738122304.as_ref().expect("MIR value")).clone())));
       |       ^                                                                                                                                             ^
       |
help: remove these parentheses
       |
215671 -                 __jet_v_6802765735415543030 = Some((((__jet_v_11909422725537809843.as_ref().expect("MIR value")).clone()) != ((__jet_v_4096313036738122304.as_ref().expect("MIR value")).clone())));
215671 +                 __jet_v_6802765735415543030 = Some(((__jet_v_11909422725537809843.as_ref().expect("MIR value")).clone()) != ((__jet_v_4096313036738122304.as_ref().expect("MIR value")).clone()));
       |

warning: unnecessary parentheses around function argument
      --> /jet/build/run.rs:215695:53
       |
215695 |                 __jet_v_16744928276263357464 = Some((!(*(__jet_v_7139950860799508099.as_ref().expect("MIR value")))));
       |                                                     ^                                                              ^
       |
help: remove these parentheses
       |
215695 -                 __jet_v_16744928276263357464 = Some((!(*(__jet_v_7139950860799508099.as_ref().expect("MIR value")))));
215695 +                 __jet_v_16744928276263357464 = Some(!(*(__jet_v_7139950860799508099.as_ref().expect("MIR value"))));
       |

warning: unnecessary parentheses around function argument
      --> /jet/build/run.rs:215696:53
       |
215696 | ...me((((__jet_v_6802765735415543030.as_ref().expect("MIR value")).clone()) && ((__jet_v_16744928276263357464.as_ref().expect("MIR value")).clone())));
       |       ^                                                                                                                                             ^
       |
help: remove these parentheses
       |
215696 -                 __jet_v_10970351406774898142 = Some((((__jet_v_6802765735415543030.as_ref().expect("MIR value")).clone()) && ((__jet_v_16744928276263357464.as_ref().expect("MIR value")).clone())));
215696 +                 __jet_v_10970351406774898142 = Some(((__jet_v_6802765735415543030.as_ref().expect("MIR value")).clone()) && ((__jet_v_16744928276263357464.as_ref().expect("MIR value")).clone()));
       |

warning: unused label
      --> /jet/build/run.rs:215768:5
       |
215768 |     'mir_dispatch: loop {
       |     ^^^^^^^^^^^^^

warning: unnecessary parentheses around function argument
      --> /jet/build/run.rs:215886:53
       |
215886 | ...me((((__jet_v_3725027517101017277.as_ref().expect("MIR value")).clone()) / ((__jet_v_1475150578200174688.as_ref().expect("MIR value")).clone())));
       |       ^                                                                                                                                           ^
       |
help: remove these parentheses
       |
215886 -                 __jet_v_14084426661757181360 = Some((((__jet_v_3725027517101017277.as_ref().expect("MIR value")).clone()) / ((__jet_v_1475150578200174688.as_ref().expect("MIR value")).clone())));
215886 +                 __jet_v_14084426661757181360 = Some(((__jet_v_3725027517101017277.as_ref().expect("MIR value")).clone()) / ((__jet_v_1475150578200174688.as_ref().expect("MIR value")).clone()));
       |

warning: unnecessary parentheses around function argument
      --> /jet/build/run.rs:216103:53
       |
216103 |                 __jet_v_14168922765546836444 = Some((!(*(__jet_v_11540728057259388126.as_ref().expect("MIR value")))));
       |                                                     ^                                                               ^
       |
help: remove these parentheses
       |
216103 -                 __jet_v_14168922765546836444 = Some((!(*(__jet_v_11540728057259388126.as_ref().expect("MIR value")))));
216103 +                 __jet_v_14168922765546836444 = Some(!(*(__jet_v_11540728057259388126.as_ref().expect("MIR value"))));
       |

warning: unnecessary parentheses around function argument
      --> /jet/build/run.rs:216652:53
       |
216652 |                 __jet_v_18251982792497660155 = Some((!(*(__jet_v_14198351570680102734.as_ref().expect("MIR value")))));
       |                                                     ^                                                               ^
       |
help: remove these parentheses
       |
216652 -                 __jet_v_18251982792497660155 = Some((!(*(__jet_v_14198351570680102734.as_ref().expect("MIR value")))));
216652 +                 __jet_v_18251982792497660155 = Some(!(*(__jet_v_14198351570680102734.as_ref().expect("MIR value"))));
       |

warning: unnecessary parentheses around function argument
      --> /jet/build/run.rs:216700:53
       |
216700 | ...me((((__jet_v_3744021150343856159.as_ref().expect("MIR value")).clone()) != ((__jet_v_6592358762837284579.as_ref().expect("MIR value")).clone())));
       |       ^                                                                                                                                            ^
       |
help: remove these parentheses
       |
216700 -                 __jet_v_15760860724653717692 = Some((((__jet_v_3744021150343856159.as_ref().expect("MIR value")).clone()) != ((__jet_v_6592358762837284579.as_ref().expect("MIR value")).clone())));
216700 +                 __jet_v_15760860724653717692 = Some(((__jet_v_3744021150343856159.as_ref().expect("MIR value")).clone()) != ((__jet_v_6592358762837284579.as_ref().expect("MIR value")).clone()));
       |

warning: unused label
      --> /jet/build/run.rs:216738:5
       |
216738 |     'mir_dispatch: loop {
       |     ^^^^^^^^^^^^^

warning: unnecessary parentheses around function argument
      --> /jet/build/run.rs:217254:53
       |
217254 | ...me((((__jet_v_13138628570961113344.as_ref().expect("MIR value")).clone()) > ((__jet_v_12720896121939523419.as_ref().expect("MIR value")).clone())));
       |       ^                                                                                                                                             ^
       |
help: remove these parentheses
       |
217254 -                 __jet_v_12513070085645471172 = Some((((__jet_v_13138628570961113344.as_ref().expect("MIR value")).clone()) > ((__jet_v_12720896121939523419.as_ref().expect("MIR value")).clone())));
217254 +                 __jet_v_12513070085645471172 = Some(((__jet_v_13138628570961113344.as_ref().expect("MIR value")).clone()) > ((__jet_v_12720896121939523419.as_ref().expect("MIR value")).clone()));
       |

warning: unnecessary parentheses around function argument
      --> /jet/build/run.rs:217299:52
       |
217299 | ...me((((__jet_v_11536266604966891680.as_ref().expect("MIR value")).clone()) > ((__jet_v_11170212567627349095.as_ref().expect("MIR value")).clone())));
       |       ^                                                                                                                                             ^
       |
help: remove these parentheses
       |
217299 -                 __jet_v_8784297635362333593 = Some((((__jet_v_11536266604966891680.as_ref().expect("MIR value")).clone()) > ((__jet_v_11170212567627349095.as_ref().expect("MIR value")).clone())));
217299 +                 __jet_v_8784297635362333593 = Some(((__jet_v_11536266604966891680.as_ref().expect("MIR value")).clone()) > ((__jet_v_11170212567627349095.as_ref().expect("MIR value")).clone()));
       |

warning: unnecessary parentheses around function argument
      --> /jet/build/run.rs:217373:52
       |
217373 |                 __jet_v_9888868646724029356 = Some((!(*(__jet_v_8960065401184972237.as_ref().expect("MIR value")))));
       |                                                    ^                                                              ^
       |
help: remove these parentheses
       |
217373 -                 __jet_v_9888868646724029356 = Some((!(*(__jet_v_8960065401184972237.as_ref().expect("MIR value")))));
217373 +                 __jet_v_9888868646724029356 = Some(!(*(__jet_v_8960065401184972237.as_ref().expect("MIR value"))));
       |

warning: unnecessary parentheses around function argument
      --> /jet/build/run.rs:219157:53
       |
219157 | ...me((((__jet_v_1216933100323705112.as_ref().expect("MIR value")).clone()) != ((__jet_v_4117365508544319672.as_ref().expect("MIR value")).clone())));
       |       ^                                                                                                                                            ^
       |
help: remove these parentheses
       |
219157 -                 __jet_v_16314116128896443691 = Some((((__jet_v_1216933100323705112.as_ref().expect("MIR value")).clone()) != ((__jet_v_4117365508544319672.as_ref().expect("MIR value")).clone())));
219157 +                 __jet_v_16314116128896443691 = Some(((__jet_v_1216933100323705112.as_ref().expect("MIR value")).clone()) != ((__jet_v_4117365508544319672.as_ref().expect("MIR value")).clone()));
       |

warning: unnecessary parentheses around function argument
      --> /jet/build/run.rs:219199:52
       |
219199 |                 __jet_v_8050099661625418057 = Some((!(*(__jet_v_2043585714632883624.as_ref().expect("MIR value")))));
       |                                                    ^                                                              ^
       |
help: remove these parentheses
       |
219199 -                 __jet_v_8050099661625418057 = Some((!(*(__jet_v_2043585714632883624.as_ref().expect("MIR value")))));
219199 +                 __jet_v_8050099661625418057 = Some(!(*(__jet_v_2043585714632883624.as_ref().expect("MIR value"))));
       |

warning: unnecessary parentheses around function argument
      --> /jet/build/run.rs:219298:53
       |
219298 | ...me((((__jet_v_13928367356934919187.as_ref().expect("MIR value")).clone()) <= ((__jet_v_16671784710548018268.as_ref().expect("MIR value")).clone())));
       |       ^                                                                                                                                              ^
       |
help: remove these parentheses
       |
219298 -                 __jet_v_16100304054774483023 = Some((((__jet_v_13928367356934919187.as_ref().expect("MIR value")).clone()) <= ((__jet_v_16671784710548018268.as_ref().expect("MIR value")).clone())));
219298 +                 __jet_v_16100304054774483023 = Some(((__jet_v_13928367356934919187.as_ref().expect("MIR value")).clone()) <= ((__jet_v_16671784710548018268.as_ref().expect("MIR value")).clone()));
       |

warning: unnecessary parentheses around function argument
      --> /jet/build/run.rs:219312:53
       |
219312 | ...me((((__jet_v_4292434231441875792.as_ref().expect("MIR value")).clone()) != ((__jet_v_15397055182623284599.as_ref().expect("MIR value")).clone())));
       |       ^                                                                                                                                             ^
       |
help: remove these parentheses
       |
219312 -                 __jet_v_15444217151265300321 = Some((((__jet_v_4292434231441875792.as_ref().expect("MIR value")).clone()) != ((__jet_v_15397055182623284599.as_ref().expect("MIR value")).clone())));
219312 +                 __jet_v_15444217151265300321 = Some(((__jet_v_4292434231441875792.as_ref().expect("MIR value")).clone()) != ((__jet_v_15397055182623284599.as_ref().expect("MIR value")).clone()));
       |

warning: unnecessary parentheses around function argument
      --> /jet/build/run.rs:219569:53
       |
219569 | ...me((((__jet_v_6761406848418419249.as_ref().expect("MIR value")).clone()) == ((__jet_v_17993990177903320298.as_ref().expect("MIR value")).clone())));
       |       ^                                                                                                                                             ^
       |
help: remove these parentheses
       |
219569 -                 __jet_v_17988848580308552852 = Some((((__jet_v_6761406848418419249.as_ref().expect("MIR value")).clone()) == ((__jet_v_17993990177903320298.as_ref().expect("MIR value")).clone())));
219569 +                 __jet_v_17988848580308552852 = Some(((__jet_v_6761406848418419249.as_ref().expect("MIR value")).clone()) == ((__jet_v_17993990177903320298.as_ref().expect("MIR value")).clone()));
       |

warning: unnecessary parentheses around function argument
      --> /jet/build/run.rs:219583:53
       |
219583 | ...me((((__jet_v_5077149810698046749.as_ref().expect("MIR value")).clone()) == ((__jet_v_2050646054871977201.as_ref().expect("MIR value")).clone())));
       |       ^                                                                                                                                            ^
       |
help: remove these parentheses
       |
219583 -                 __jet_v_12936863808665769341 = Some((((__jet_v_5077149810698046749.as_ref().expect("MIR value")).clone()) == ((__jet_v_2050646054871977201.as_ref().expect("MIR value")).clone())));
219583 +                 __jet_v_12936863808665769341 = Some(((__jet_v_5077149810698046749.as_ref().expect("MIR value")).clone()) == ((__jet_v_2050646054871977201.as_ref().expect("MIR value")).clone()));
       |

warning: unnecessary parentheses around function argument
      --> /jet/build/run.rs:219866:52
       |
219866 |                 __jet_v_2225417442916021641 = Some((!(*(__jet_v_16126345084399227281.as_ref().expect("MIR value")))));
       |                                                    ^                                                               ^
       |
help: remove these parentheses
       |
219866 -                 __jet_v_2225417442916021641 = Some((!(*(__jet_v_16126345084399227281.as_ref().expect("MIR value")))));
219866 +                 __jet_v_2225417442916021641 = Some(!(*(__jet_v_16126345084399227281.as_ref().expect("MIR value"))));
       |

warning: unnecessary parentheses around function argument
      --> /jet/build/run.rs:219895:53
       |
219895 |                 __jet_v_17046821233397666957 = Some((!(*(__jet_v_8434366560311348193.as_ref().expect("MIR value")))));
       |                                                     ^                                                              ^
       |
help: remove these parentheses
       |
219895 -                 __jet_v_17046821233397666957 = Some((!(*(__jet_v_8434366560311348193.as_ref().expect("MIR value")))));
219895 +                 __jet_v_17046821233397666957 = Some(!(*(__jet_v_8434366560311348193.as_ref().expect("MIR value"))));
       |

warning: unnecessary parentheses around function argument
      --> /jet/build/run.rs:220079:53
       |
220079 | ...me((((__jet_v_9381504339357356124.as_ref().expect("MIR value")).clone()) == ((__jet_v_3952526586381407584.as_ref().expect("MIR value")).clone())));
       |       ^                                                                                                                                            ^
       |
help: remove these parentheses
       |
220079 -                 __jet_v_17796140182922201019 = Some((((__jet_v_9381504339357356124.as_ref().expect("MIR value")).clone()) == ((__jet_v_3952526586381407584.as_ref().expect("MIR value")).clone())));
220079 +                 __jet_v_17796140182922201019 = Some(((__jet_v_9381504339357356124.as_ref().expect("MIR value")).clone()) == ((__jet_v_3952526586381407584.as_ref().expect("MIR value")).clone()));
       |

warning: unnecessary parentheses around function argument
      --> /jet/build/run.rs:220342:52
       |
220342 | ...me((((__jet_v_13189217304959869262.as_ref().expect("MIR value")).clone()) <= ((__jet_v_9283553402576179665.as_ref().expect("MIR value")).clone())));
       |       ^                                                                                                                                             ^
       |
help: remove these parentheses
       |
220342 -                 __jet_v_1346933427345579562 = Some((((__jet_v_13189217304959869262.as_ref().expect("MIR value")).clone()) <= ((__jet_v_9283553402576179665.as_ref().expect("MIR value")).clone())));
220342 +                 __jet_v_1346933427345579562 = Some(((__jet_v_13189217304959869262.as_ref().expect("MIR value")).clone()) <= ((__jet_v_9283553402576179665.as_ref().expect("MIR value")).clone()));
       |

warning: unnecessary parentheses around function argument
      --> /jet/build/run.rs:220518:53
       |
220518 |                 __jet_v_13649677770881232190 = Some((!(*(__jet_v_2447325107028150258.as_ref().expect("MIR value")))));
       |                                                     ^                                                              ^
       |
help: remove these parentheses
       |
220518 -                 __jet_v_13649677770881232190 = Some((!(*(__jet_v_2447325107028150258.as_ref().expect("MIR value")))));
220518 +                 __jet_v_13649677770881232190 = Some(!(*(__jet_v_2447325107028150258.as_ref().expect("MIR value"))));
       |

warning: unused label
      --> /jet/build/run.rs:220631:5
       |
220631 |     'mir_dispatch: loop {
       |     ^^^^^^^^^^^^^

warning: unused label
      --> /jet/build/run.rs:221027:5
       |
221027 |     'mir_dispatch: loop {
       |     ^^^^^^^^^^^^^

warning: unused label
      --> /jet/build/run.rs:221050:5
       |
221050 |     'mir_dispatch: loop {
       |     ^^^^^^^^^^^^^

warning: unnecessary parentheses around function argument
      --> /jet/build/run.rs:221334:52
       |
221334 | ...me((((__jet_v_12561978512291082229.as_ref().expect("MIR value")).clone()) == ((__jet_v_4473084139011781272.as_ref().expect("MIR value")).clone())));
       |       ^                                                                                                                                             ^
       |
help: remove these parentheses
       |
221334 -                 __jet_v_7554265966218477275 = Some((((__jet_v_12561978512291082229.as_ref().expect("MIR value")).clone()) == ((__jet_v_4473084139011781272.as_ref().expect("MIR value")).clone())));
221334 +                 __jet_v_7554265966218477275 = Some(((__jet_v_12561978512291082229.as_ref().expect("MIR value")).clone()) == ((__jet_v_4473084139011781272.as_ref().expect("MIR value")).clone()));
       |

warning: unnecessary parentheses around function argument
      --> /jet/build/run.rs:221491:52
       |
221491 | ...me((((__jet_v_12425196545115743259.as_ref().expect("MIR value")).clone()) == ((__jet_v_1522062026694637033.as_ref().expect("MIR value")).clone())));
       |       ^                                                                                                                                             ^
       |
help: remove these parentheses
       |
221491 -                 __jet_v_5414501018182893234 = Some((((__jet_v_12425196545115743259.as_ref().expect("MIR value")).clone()) == ((__jet_v_1522062026694637033.as_ref().expect("MIR value")).clone())));
221491 +                 __jet_v_5414501018182893234 = Some(((__jet_v_12425196545115743259.as_ref().expect("MIR value")).clone()) == ((__jet_v_1522062026694637033.as_ref().expect("MIR value")).clone()));
       |

warning: unnecessary parentheses around function argument
      --> /jet/build/run.rs:221494:52
       |
221494 | ...me((((__jet_v_16963457487491183746.as_ref().expect("MIR value")).clone()) != ((__jet_v_13609051188761336699.as_ref().expect("MIR value")).clone())));
       |       ^                                                                                                                                              ^
       |
help: remove these parentheses
       |
221494 -                 __jet_v_8329424617003189720 = Some((((__jet_v_16963457487491183746.as_ref().expect("MIR value")).clone()) != ((__jet_v_13609051188761336699.as_ref().expect("MIR value")).clone())));
221494 +                 __jet_v_8329424617003189720 = Some(((__jet_v_16963457487491183746.as_ref().expect("MIR value")).clone()) != ((__jet_v_13609051188761336699.as_ref().expect("MIR value")).clone()));
       |

warning: unnecessary parentheses around function argument
      --> /jet/build/run.rs:221495:52
       |
221495 | ...me((((__jet_v_5414501018182893234.as_ref().expect("MIR value")).clone()) || ((__jet_v_8329424617003189720.as_ref().expect("MIR value")).clone())));
       |       ^                                                                                                                                            ^
       |
help: remove these parentheses
       |
221495 -                 __jet_v_2867734175543634698 = Some((((__jet_v_5414501018182893234.as_ref().expect("MIR value")).clone()) || ((__jet_v_8329424617003189720.as_ref().expect("MIR value")).clone())));
221495 +                 __jet_v_2867734175543634698 = Some(((__jet_v_5414501018182893234.as_ref().expect("MIR value")).clone()) || ((__jet_v_8329424617003189720.as_ref().expect("MIR value")).clone()));
       |

warning: unnecessary parentheses around function argument
      --> /jet/build/run.rs:221796:53
       |
221796 | ...me((((__jet_v_16251005826286136118.as_ref().expect("MIR value")).clone()) == ((__jet_v_3080550047436387491.as_ref().expect("MIR value")).clone())));
       |       ^                                                                                                                                             ^
       |
help: remove these parentheses
       |
221796 -                 __jet_v_13116713651986841247 = Some((((__jet_v_16251005826286136118.as_ref().expect("MIR value")).clone()) == ((__jet_v_3080550047436387491.as_ref().expect("MIR value")).clone())));
221796 +                 __jet_v_13116713651986841247 = Some(((__jet_v_16251005826286136118.as_ref().expect("MIR value")).clone()) == ((__jet_v_3080550047436387491.as_ref().expect("MIR value")).clone()));
       |

warning: unused label
      --> /jet/build/run.rs:222172:5
       |
222172 |     'mir_dispatch: loop {
       |     ^^^^^^^^^^^^^

warning: unnecessary parentheses around function argument
      --> /jet/build/run.rs:222256:53
       |
222256 | ...me((((__jet_v_5568645743973622516.as_ref().expect("MIR value")).clone()) == ((__jet_v_17157026061822990846.as_ref().expect("MIR value")).clone())));
       |       ^                                                                                                                                             ^
       |
help: remove these parentheses
       |
222256 -                 __jet_v_16667182248220415793 = Some((((__jet_v_5568645743973622516.as_ref().expect("MIR value")).clone()) == ((__jet_v_17157026061822990846.as_ref().expect("MIR value")).clone())));
222256 +                 __jet_v_16667182248220415793 = Some(((__jet_v_5568645743973622516.as_ref().expect("MIR value")).clone()) == ((__jet_v_17157026061822990846.as_ref().expect("MIR value")).clone()));
       |

warning: unnecessary parentheses around function argument
      --> /jet/build/run.rs:222272:51
       |
222272 | ...me((((__jet_v_1986807064430170034.as_ref().expect("MIR value")).clone()) > ((__jet_v_576578877496683349.as_ref().expect("MIR value")).clone())));
       |       ^                                                                                                                                          ^
       |
help: remove these parentheses
       |
222272 -                 __jet_v_797184980294205461 = Some((((__jet_v_1986807064430170034.as_ref().expect("MIR value")).clone()) > ((__jet_v_576578877496683349.as_ref().expect("MIR value")).clone())));
222272 +                 __jet_v_797184980294205461 = Some(((__jet_v_1986807064430170034.as_ref().expect("MIR value")).clone()) > ((__jet_v_576578877496683349.as_ref().expect("MIR value")).clone()));
       |

warning: unnecessary parentheses around function argument
      --> /jet/build/run.rs:222466:53
       |
222466 |                 __jet_v_11654125537991144842 = Some((!(*(__jet_v_5486376033193590320.as_ref().expect("MIR value")))));
       |                                                     ^                                                              ^
       |
help: remove these parentheses
       |
222466 -                 __jet_v_11654125537991144842 = Some((!(*(__jet_v_5486376033193590320.as_ref().expect("MIR value")))));
222466 +                 __jet_v_11654125537991144842 = Some(!(*(__jet_v_5486376033193590320.as_ref().expect("MIR value"))));
       |

warning: unused label
      --> /jet/build/run.rs:223391:5
       |
223391 |     'mir_dispatch: loop {
       |     ^^^^^^^^^^^^^

warning: unused label
      --> /jet/build/run.rs:223479:5
       |
223479 |     'mir_dispatch: loop {
       |     ^^^^^^^^^^^^^

warning: unnecessary parentheses around function argument
      --> /jet/build/run.rs:223629:52
       |
223629 | ...me((((__jet_v_10573908508107551761.as_ref().expect("MIR value")).clone()) == ((__jet_v_9067694384104185716.as_ref().expect("MIR value")).clone())));
       |       ^                                                                                                                                             ^
       |
help: remove these parentheses
       |
223629 -                 __jet_v_7610234255006936960 = Some((((__jet_v_10573908508107551761.as_ref().expect("MIR value")).clone()) == ((__jet_v_9067694384104185716.as_ref().expect("MIR value")).clone())));
223629 +                 __jet_v_7610234255006936960 = Some(((__jet_v_10573908508107551761.as_ref().expect("MIR value")).clone()) == ((__jet_v_9067694384104185716.as_ref().expect("MIR value")).clone()));
       |

warning: unnecessary parentheses around function argument
      --> /jet/build/run.rs:223810:53
       |
223810 | ...me((((__jet_v_5669698483635061164.as_ref().expect("MIR value")).clone()) == ((__jet_v_5946567377667237123.as_ref().expect("MIR value")).clone())));
       |       ^                                                                                                                                            ^
       |
help: remove these parentheses
       |
223810 -                 __jet_v_13546073498417002210 = Some((((__jet_v_5669698483635061164.as_ref().expect("MIR value")).clone()) == ((__jet_v_5946567377667237123.as_ref().expect("MIR value")).clone())));
223810 +                 __jet_v_13546073498417002210 = Some(((__jet_v_5669698483635061164.as_ref().expect("MIR value")).clone()) == ((__jet_v_5946567377667237123.as_ref().expect("MIR value")).clone()));
       |

warning: unnecessary parentheses around function argument
      --> /jet/build/run.rs:223811:51
       |
223811 | ...me((((__jet_v_15071285969502940601.as_ref().expect("MIR value")).clone()) || ((__jet_v_13546073498417002210.as_ref().expect("MIR value")).clone())));
       |       ^                                                                                                                                              ^
       |
help: remove these parentheses
       |
223811 -                 __jet_v_487524579997506192 = Some((((__jet_v_15071285969502940601.as_ref().expect("MIR value")).clone()) || ((__jet_v_13546073498417002210.as_ref().expect("MIR value")).clone())));
223811 +                 __jet_v_487524579997506192 = Some(((__jet_v_15071285969502940601.as_ref().expect("MIR value")).clone()) || ((__jet_v_13546073498417002210.as_ref().expect("MIR value")).clone()));
       |

warning: unnecessary parentheses around function argument
      --> /jet/build/run.rs:223827:53
       |
223827 | ...me((((__jet_v_4582137727768280035.as_ref().expect("MIR value")).clone()) == ((__jet_v_7170603728109383021.as_ref().expect("MIR value")).clone())));
       |       ^                                                                                                                                            ^
       |
help: remove these parentheses
       |
223827 -                 __jet_v_15071285969502940601 = Some((((__jet_v_4582137727768280035.as_ref().expect("MIR value")).clone()) == ((__jet_v_7170603728109383021.as_ref().expect("MIR value")).clone())));
223827 +                 __jet_v_15071285969502940601 = Some(((__jet_v_4582137727768280035.as_ref().expect("MIR value")).clone()) == ((__jet_v_7170603728109383021.as_ref().expect("MIR value")).clone()));
       |

warning: unused label
      --> /jet/build/run.rs:223938:5
       |
223938 |     'mir_dispatch: loop {
       |     ^^^^^^^^^^^^^

warning: unused label
      --> /jet/build/run.rs:224015:5
       |
224015 |     'mir_dispatch: loop {
       |     ^^^^^^^^^^^^^

warning: unnecessary parentheses around function argument
      --> /jet/build/run.rs:224128:52
       |
224128 | ...me((((__jet_v_7866055214896075535.as_ref().expect("MIR value")).clone()) == ((__jet_v_15526534218731110550.as_ref().expect("MIR value")).clone())));
       |       ^                                                                                                                                             ^
       |
help: remove these parentheses
       |
224128 -                 __jet_v_8663502414733988403 = Some((((__jet_v_7866055214896075535.as_ref().expect("MIR value")).clone()) == ((__jet_v_15526534218731110550.as_ref().expect("MIR value")).clone())));
224128 +                 __jet_v_8663502414733988403 = Some(((__jet_v_7866055214896075535.as_ref().expect("MIR value")).clone()) == ((__jet_v_15526534218731110550.as_ref().expect("MIR value")).clone()));
       |

warning: unnecessary parentheses around function argument
      --> /jet/build/run.rs:224232:53
       |
224232 | ...me((((__jet_v_2075764128897323453.as_ref().expect("MIR value")).clone()) != ((__jet_v_1054727325658592629.as_ref().expect("MIR value")).clone())));
       |       ^                                                                                                                                            ^
       |
help: remove these parentheses
       |
224232 -                 __jet_v_14132916561541189023 = Some((((__jet_v_2075764128897323453.as_ref().expect("MIR value")).clone()) != ((__jet_v_1054727325658592629.as_ref().expect("MIR value")).clone())));
224232 +                 __jet_v_14132916561541189023 = Some(((__jet_v_2075764128897323453.as_ref().expect("MIR value")).clone()) != ((__jet_v_1054727325658592629.as_ref().expect("MIR value")).clone()));
       |

warning: unused label
      --> /jet/build/run.rs:224826:5
       |
224826 |     'mir_dispatch: loop {
       |     ^^^^^^^^^^^^^

warning: unnecessary parentheses around function argument
      --> /jet/build/run.rs:225037:52
       |
225037 | ...me((((__jet_v_15737729401943245511.as_ref().expect("MIR value")).clone()) != ((__jet_v_11522745061395980071.as_ref().expect("MIR value")).clone())));
       |       ^                                                                                                                                              ^
       |
help: remove these parentheses
       |
225037 -                 __jet_v_4402595387614535919 = Some((((__jet_v_15737729401943245511.as_ref().expect("MIR value")).clone()) != ((__jet_v_11522745061395980071.as_ref().expect("MIR value")).clone())));
225037 +                 __jet_v_4402595387614535919 = Some(((__jet_v_15737729401943245511.as_ref().expect("MIR value")).clone()) != ((__jet_v_11522745061395980071.as_ref().expect("MIR value")).clone()));
       |

warning: unnecessary parentheses around function argument
      --> /jet/build/run.rs:225553:51
       |
225553 | ...me((((__jet_v_6416955365060415693.as_ref().expect("MIR value")).clone()) != ((__jet_v_4612442181029828809.as_ref().expect("MIR value")).clone())));
       |       ^                                                                                                                                            ^
       |
help: remove these parentheses
       |
225553 -                 __jet_v_833059162843923008 = Some((((__jet_v_6416955365060415693.as_ref().expect("MIR value")).clone()) != ((__jet_v_4612442181029828809.as_ref().expect("MIR value")).clone())));
225553 +                 __jet_v_833059162843923008 = Some(((__jet_v_6416955365060415693.as_ref().expect("MIR value")).clone()) != ((__jet_v_4612442181029828809.as_ref().expect("MIR value")).clone()));
       |

warning: unnecessary parentheses around function argument
      --> /jet/build/run.rs:225746:52
       |
225746 | ...me((((__jet_v_3812904214197882242.as_ref().expect("MIR value")).clone()) < ((__jet_v_15538341281628500595.as_ref().expect("MIR value")).clone())));
       |       ^                                                                                                                                            ^
       |
help: remove these parentheses
       |
225746 -                 __jet_v_5592927642899185996 = Some((((__jet_v_3812904214197882242.as_ref().expect("MIR value")).clone()) < ((__jet_v_15538341281628500595.as_ref().expect("MIR value")).clone())));
225746 +                 __jet_v_5592927642899185996 = Some(((__jet_v_3812904214197882242.as_ref().expect("MIR value")).clone()) < ((__jet_v_15538341281628500595.as_ref().expect("MIR value")).clone()));
       |

warning: unnecessary parentheses around function argument
      --> /jet/build/run.rs:226437:52
       |
226437 | ...me((((__jet_v_15301862052281547339.as_ref().expect("MIR value")).clone()) == ((__jet_v_17094009681953890601.as_ref().expect("MIR value")).clone())));
       |       ^                                                                                                                                              ^
       |
help: remove these parentheses
       |
226437 -                 __jet_v_8620055977780199148 = Some((((__jet_v_15301862052281547339.as_ref().expect("MIR value")).clone()) == ((__jet_v_17094009681953890601.as_ref().expect("MIR value")).clone())));
226437 +                 __jet_v_8620055977780199148 = Some(((__jet_v_15301862052281547339.as_ref().expect("MIR value")).clone()) == ((__jet_v_17094009681953890601.as_ref().expect("MIR value")).clone()));
       |

warning: unnecessary parentheses around function argument
      --> /jet/build/run.rs:226547:52
       |
226547 | ...me((((__jet_v_9689463657002088683.as_ref().expect("MIR value")).clone()) > ((__jet_v_2805337690543058462.as_ref().expect("MIR value")).clone())));
       |       ^                                                                                                                                           ^
       |
help: remove these parentheses
       |
226547 -                 __jet_v_4565291121275866670 = Some((((__jet_v_9689463657002088683.as_ref().expect("MIR value")).clone()) > ((__jet_v_2805337690543058462.as_ref().expect("MIR value")).clone())));
226547 +                 __jet_v_4565291121275866670 = Some(((__jet_v_9689463657002088683.as_ref().expect("MIR value")).clone()) > ((__jet_v_2805337690543058462.as_ref().expect("MIR value")).clone()));
       |

warning: unnecessary parentheses around function argument
      --> /jet/build/run.rs:226622:52
       |
226622 | ...me((((__jet_v_13849406592052690006.as_ref().expect("MIR value")).clone()) == ((__jet_v_4605384019894812691.as_ref().expect("MIR value")).clone())));
       |       ^                                                                                                                                             ^
       |
help: remove these parentheses
       |
226622 -                 __jet_v_7501464082468109150 = Some((((__jet_v_13849406592052690006.as_ref().expect("MIR value")).clone()) == ((__jet_v_4605384019894812691.as_ref().expect("MIR value")).clone())));
226622 +                 __jet_v_7501464082468109150 = Some(((__jet_v_13849406592052690006.as_ref().expect("MIR value")).clone()) == ((__jet_v_4605384019894812691.as_ref().expect("MIR value")).clone()));
       |

warning: unnecessary parentheses around function argument
      --> /jet/build/run.rs:226635:52
       |
226635 | ...me((((__jet_v_13849406592052690006.as_ref().expect("MIR value")).clone()) == ((__jet_v_9736883713016057458.as_ref().expect("MIR value")).clone())));
       |       ^                                                                                                                                             ^
       |
help: remove these parentheses
       |
226635 -                 __jet_v_5691637885248044104 = Some((((__jet_v_13849406592052690006.as_ref().expect("MIR value")).clone()) == ((__jet_v_9736883713016057458.as_ref().expect("MIR value")).clone())));
226635 +                 __jet_v_5691637885248044104 = Some(((__jet_v_13849406592052690006.as_ref().expect("MIR value")).clone()) == ((__jet_v_9736883713016057458.as_ref().expect("MIR value")).clone()));
       |

warning: unnecessary parentheses around function argument
      --> /jet/build/run.rs:226648:53
       |
226648 | ...me((((__jet_v_13849406592052690006.as_ref().expect("MIR value")).clone()) == ((__jet_v_11861192841527495284.as_ref().expect("MIR value")).clone())));
       |       ^                                                                                                                                              ^
       |
help: remove these parentheses
       |
226648 -                 __jet_v_13354859080234206418 = Some((((__jet_v_13849406592052690006.as_ref().expect("MIR value")).clone()) == ((__jet_v_11861192841527495284.as_ref().expect("MIR value")).clone())));
226648 +                 __jet_v_13354859080234206418 = Some(((__jet_v_13849406592052690006.as_ref().expect("MIR value")).clone()) == ((__jet_v_11861192841527495284.as_ref().expect("MIR value")).clone()));
       |

warning: unnecessary parentheses around function argument
      --> /jet/build/run.rs:226661:52
       |
226661 | ...me((((__jet_v_13849406592052690006.as_ref().expect("MIR value")).clone()) == ((__jet_v_12462502813104990585.as_ref().expect("MIR value")).clone())));
       |       ^                                                                                                                                              ^
       |
help: remove these parentheses
       |
226661 -                 __jet_v_1896853709019306899 = Some((((__jet_v_13849406592052690006.as_ref().expect("MIR value")).clone()) == ((__jet_v_12462502813104990585.as_ref().expect("MIR value")).clone())));
226661 +                 __jet_v_1896853709019306899 = Some(((__jet_v_13849406592052690006.as_ref().expect("MIR value")).clone()) == ((__jet_v_12462502813104990585.as_ref().expect("MIR value")).clone()));
       |

warning: unnecessary parentheses around function argument
      --> /jet/build/run.rs:226675:52
       |
226675 | ...me((((__jet_v_6931286455197592361.as_ref().expect("MIR value")).clone()) == ((__jet_v_9487023264163050136.as_ref().expect("MIR value")).clone())));
       |       ^                                                                                                                                            ^
       |
help: remove these parentheses
       |
226675 -                 __jet_v_1250964153082510022 = Some((((__jet_v_6931286455197592361.as_ref().expect("MIR value")).clone()) == ((__jet_v_9487023264163050136.as_ref().expect("MIR value")).clone())));
226675 +                 __jet_v_1250964153082510022 = Some(((__jet_v_6931286455197592361.as_ref().expect("MIR value")).clone()) == ((__jet_v_9487023264163050136.as_ref().expect("MIR value")).clone()));
       |

warning: unnecessary parentheses around function argument
      --> /jet/build/run.rs:226678:52
       |
226678 | ...me((((__jet_v_13050009519641178813.as_ref().expect("MIR value")).clone()) == ((__jet_v_18360813065926676703.as_ref().expect("MIR value")).clone())));
       |       ^                                                                                                                                              ^
       |
help: remove these parentheses
       |
226678 -                 __jet_v_5973387636910834501 = Some((((__jet_v_13050009519641178813.as_ref().expect("MIR value")).clone()) == ((__jet_v_18360813065926676703.as_ref().expect("MIR value")).clone())));
226678 +                 __jet_v_5973387636910834501 = Some(((__jet_v_13050009519641178813.as_ref().expect("MIR value")).clone()) == ((__jet_v_18360813065926676703.as_ref().expect("MIR value")).clone()));
       |

warning: unnecessary parentheses around function argument
      --> /jet/build/run.rs:226679:53
       |
226679 | ...me((((__jet_v_1250964153082510022.as_ref().expect("MIR value")).clone()) || ((__jet_v_5973387636910834501.as_ref().expect("MIR value")).clone())));
       |       ^                                                                                                                                            ^
       |
help: remove these parentheses
       |
226679 -                 __jet_v_10784729400409348553 = Some((((__jet_v_1250964153082510022.as_ref().expect("MIR value")).clone()) || ((__jet_v_5973387636910834501.as_ref().expect("MIR value")).clone())));
226679 +                 __jet_v_10784729400409348553 = Some(((__jet_v_1250964153082510022.as_ref().expect("MIR value")).clone()) || ((__jet_v_5973387636910834501.as_ref().expect("MIR value")).clone()));
       |

warning: unnecessary parentheses around function argument
      --> /jet/build/run.rs:227142:53
       |
227142 | ...me((((__jet_v_16354812078618254882.as_ref().expect("MIR value")).clone()) == ((__jet_v_7561636642911425118.as_ref().expect("MIR value")).clone())));
       |       ^                                                                                                                                             ^
       |
help: remove these parentheses
       |
227142 -                 __jet_v_14682892316988232876 = Some((((__jet_v_16354812078618254882.as_ref().expect("MIR value")).clone()) == ((__jet_v_7561636642911425118.as_ref().expect("MIR value")).clone())));
227142 +                 __jet_v_14682892316988232876 = Some(((__jet_v_16354812078618254882.as_ref().expect("MIR value")).clone()) == ((__jet_v_7561636642911425118.as_ref().expect("MIR value")).clone()));
       |

warning: unnecessary parentheses around function argument
      --> /jet/build/run.rs:227170:53
       |
227170 | ...me((((__jet_v_8680349767911323038.as_ref().expect("MIR value")).clone()) != ((__jet_v_17891180910209515508.as_ref().expect("MIR value")).clone())));
       |       ^                                                                                                                                             ^
       |
help: remove these parentheses
       |
227170 -                 __jet_v_18046556447413293313 = Some((((__jet_v_8680349767911323038.as_ref().expect("MIR value")).clone()) != ((__jet_v_17891180910209515508.as_ref().expect("MIR value")).clone())));
227170 +                 __jet_v_18046556447413293313 = Some(((__jet_v_8680349767911323038.as_ref().expect("MIR value")).clone()) != ((__jet_v_17891180910209515508.as_ref().expect("MIR value")).clone()));
       |

warning: unnecessary parentheses around function argument
      --> /jet/build/run.rs:227205:53
       |
227205 | ...me((((__jet_v_9906511199271275259.as_ref().expect("MIR value")).clone()) == ((__jet_v_930335381545723221.as_ref().expect("MIR value")).clone())));
       |       ^                                                                                                                                           ^
       |
help: remove these parentheses
       |
227205 -                 __jet_v_15423197904903467436 = Some((((__jet_v_9906511199271275259.as_ref().expect("MIR value")).clone()) == ((__jet_v_930335381545723221.as_ref().expect("MIR value")).clone())));
227205 +                 __jet_v_15423197904903467436 = Some(((__jet_v_9906511199271275259.as_ref().expect("MIR value")).clone()) == ((__jet_v_930335381545723221.as_ref().expect("MIR value")).clone()));
       |

warning: unnecessary parentheses around function argument
      --> /jet/build/run.rs:227297:52
       |
227297 | ...me((((__jet_v_16577623413600887331.as_ref().expect("MIR value")).clone()) > ((__jet_v_3571888716035108546.as_ref().expect("MIR value")).clone())));
       |       ^                                                                                                                                            ^
       |
help: remove these parentheses
       |
227297 -                 __jet_v_5065806569770510633 = Some((((__jet_v_16577623413600887331.as_ref().expect("MIR value")).clone()) > ((__jet_v_3571888716035108546.as_ref().expect("MIR value")).clone())));
227297 +                 __jet_v_5065806569770510633 = Some(((__jet_v_16577623413600887331.as_ref().expect("MIR value")).clone()) > ((__jet_v_3571888716035108546.as_ref().expect("MIR value")).clone()));
       |

warning: unnecessary parentheses around function argument
      --> /jet/build/run.rs:227472:52
       |
227472 |                 __jet_v_3785059702340001468 = Some((!(*(__jet_v_8869250265951712540.as_ref().expect("MIR value")))));
       |                                                    ^                                                              ^
       |
help: remove these parentheses
       |
227472 -                 __jet_v_3785059702340001468 = Some((!(*(__jet_v_8869250265951712540.as_ref().expect("MIR value")))));
227472 +                 __jet_v_3785059702340001468 = Some(!(*(__jet_v_8869250265951712540.as_ref().expect("MIR value"))));
       |

warning: unnecessary parentheses around function argument
      --> /jet/build/run.rs:227557:52
       |
227557 | ...me((((__jet_v_1191897330967745943.as_ref().expect("MIR value")).clone()) > ((__jet_v_1720685694195141371.as_ref().expect("MIR value")).clone())));
       |       ^                                                                                                                                           ^
       |
help: remove these parentheses
       |
227557 -                 __jet_v_1030284080183200625 = Some((((__jet_v_1191897330967745943.as_ref().expect("MIR value")).clone()) > ((__jet_v_1720685694195141371.as_ref().expect("MIR value")).clone())));
227557 +                 __jet_v_1030284080183200625 = Some(((__jet_v_1191897330967745943.as_ref().expect("MIR value")).clone()) > ((__jet_v_1720685694195141371.as_ref().expect("MIR value")).clone()));
       |

warning: unnecessary parentheses around function argument
      --> /jet/build/run.rs:227665:53
       |
227665 | ...me((((__jet_v_5672037631757058594.as_ref().expect("MIR value")).clone()) == ((__jet_v_14099011855266203071.as_ref().expect("MIR value")).clone())));
       |       ^                                                                                                                                             ^
       |
help: remove these parentheses
       |
227665 -                 __jet_v_13632991518893072118 = Some((((__jet_v_5672037631757058594.as_ref().expect("MIR value")).clone()) == ((__jet_v_14099011855266203071.as_ref().expect("MIR value")).clone())));
227665 +                 __jet_v_13632991518893072118 = Some(((__jet_v_5672037631757058594.as_ref().expect("MIR value")).clone()) == ((__jet_v_14099011855266203071.as_ref().expect("MIR value")).clone()));
       |

warning: unnecessary parentheses around function argument
      --> /jet/build/run.rs:227703:53
       |
227703 | ...me((((__jet_v_8191101553699977902.as_ref().expect("MIR value")).clone()) > ((__jet_v_4330297953897637627.as_ref().expect("MIR value")).clone())));
       |       ^                                                                                                                                           ^
       |
help: remove these parentheses
       |
227703 -                 __jet_v_14045544140760985981 = Some((((__jet_v_8191101553699977902.as_ref().expect("MIR value")).clone()) > ((__jet_v_4330297953897637627.as_ref().expect("MIR value")).clone())));
227703 +                 __jet_v_14045544140760985981 = Some(((__jet_v_8191101553699977902.as_ref().expect("MIR value")).clone()) > ((__jet_v_4330297953897637627.as_ref().expect("MIR value")).clone()));
       |

warning: unused label
      --> /jet/build/run.rs:227974:5
       |
227974 |     'mir_dispatch: loop {
       |     ^^^^^^^^^^^^^

warning: unused label
      --> /jet/build/run.rs:228008:5
       |
228008 |     'mir_dispatch: loop {
       |     ^^^^^^^^^^^^^

warning: unnecessary parentheses around function argument
      --> /jet/build/run.rs:228410:53
       |
228410 | ...me((((__jet_v_16004748959874368195.as_ref().expect("MIR value")).clone()) != ((__jet_v_1107631376638357523.as_ref().expect("MIR value")).clone())));
       |       ^                                                                                                                                             ^
       |
help: remove these parentheses
       |
228410 -                 __jet_v_17962073221345507112 = Some((((__jet_v_16004748959874368195.as_ref().expect("MIR value")).clone()) != ((__jet_v_1107631376638357523.as_ref().expect("MIR value")).clone())));
228410 +                 __jet_v_17962073221345507112 = Some(((__jet_v_16004748959874368195.as_ref().expect("MIR value")).clone()) != ((__jet_v_1107631376638357523.as_ref().expect("MIR value")).clone()));
       |

warning: unnecessary parentheses around function argument
      --> /jet/build/run.rs:228438:53
       |
228438 | ...me((((__jet_v_3839443645797674427.as_ref().expect("MIR value")).clone()) != ((__jet_v_18052391022733128275.as_ref().expect("MIR value")).clone())));
       |       ^                                                                                                                                             ^
       |
help: remove these parentheses
       |
228438 -                 __jet_v_10159862236370406122 = Some((((__jet_v_3839443645797674427.as_ref().expect("MIR value")).clone()) != ((__jet_v_18052391022733128275.as_ref().expect("MIR value")).clone())));
228438 +                 __jet_v_10159862236370406122 = Some(((__jet_v_3839443645797674427.as_ref().expect("MIR value")).clone()) != ((__jet_v_18052391022733128275.as_ref().expect("MIR value")).clone()));
       |

warning: unnecessary parentheses around function argument
      --> /jet/build/run.rs:228590:52
       |
228590 | ...me((((__jet_v_18429209259435877623.as_ref().expect("MIR value")).clone()) == ((__jet_v_13321743209920437054.as_ref().expect("MIR value")).clone())));
       |       ^                                                                                                                                              ^
       |
help: remove these parentheses
       |
228590 -                 __jet_v_1396397554884264592 = Some((((__jet_v_18429209259435877623.as_ref().expect("MIR value")).clone()) == ((__jet_v_13321743209920437054.as_ref().expect("MIR value")).clone())));
228590 +                 __jet_v_1396397554884264592 = Some(((__jet_v_18429209259435877623.as_ref().expect("MIR value")).clone()) == ((__jet_v_13321743209920437054.as_ref().expect("MIR value")).clone()));
       |

warning: unnecessary parentheses around function argument
      --> /jet/build/run.rs:228706:51
       |
228706 | ...me((((__jet_v_6384514714433161022.as_ref().expect("MIR value")).clone()) && ((__jet_v_9310397876716734022.as_ref().expect("MIR value")).clone())));
       |       ^                                                                                                                                            ^
       |
help: remove these parentheses
       |
228706 -                 __jet_v_149967560933640161 = Some((((__jet_v_6384514714433161022.as_ref().expect("MIR value")).clone()) && ((__jet_v_9310397876716734022.as_ref().expect("MIR value")).clone())));
228706 +                 __jet_v_149967560933640161 = Some(((__jet_v_6384514714433161022.as_ref().expect("MIR value")).clone()) && ((__jet_v_9310397876716734022.as_ref().expect("MIR value")).clone()));
       |

warning: unnecessary parentheses around function argument
      --> /jet/build/run.rs:228783:52
       |
228783 | ...me((((__jet_v_14980346701622937762.as_ref().expect("MIR value")).clone()) == ((__jet_v_17633617483113694921.as_ref().expect("MIR value")).clone())));
       |       ^                                                                                                                                              ^
       |
help: remove these parentheses
       |
228783 -                 __jet_v_7587673210094257550 = Some((((__jet_v_14980346701622937762.as_ref().expect("MIR value")).clone()) == ((__jet_v_17633617483113694921.as_ref().expect("MIR value")).clone())));
228783 +                 __jet_v_7587673210094257550 = Some(((__jet_v_14980346701622937762.as_ref().expect("MIR value")).clone()) == ((__jet_v_17633617483113694921.as_ref().expect("MIR value")).clone()));
       |

warning: unnecessary parentheses around function argument
      --> /jet/build/run.rs:228784:52
       |
228784 | ...me((((__jet_v_3764383778738086846.as_ref().expect("MIR value")).clone()) && ((__jet_v_7587673210094257550.as_ref().expect("MIR value")).clone())));
       |       ^                                                                                                                                            ^
       |
help: remove these parentheses
       |
228784 -                 __jet_v_6384514714433161022 = Some((((__jet_v_3764383778738086846.as_ref().expect("MIR value")).clone()) && ((__jet_v_7587673210094257550.as_ref().expect("MIR value")).clone())));
228784 +                 __jet_v_6384514714433161022 = Some(((__jet_v_3764383778738086846.as_ref().expect("MIR value")).clone()) && ((__jet_v_7587673210094257550.as_ref().expect("MIR value")).clone()));
       |

warning: unnecessary parentheses around function argument
      --> /jet/build/run.rs:228812:51
       |
228812 | ...me((((__jet_v_8838011099452739883.as_ref().expect("MIR value")).clone()) > ((__jet_v_6514897572320291649.as_ref().expect("MIR value")).clone())));
       |       ^                                                                                                                                           ^
       |
help: remove these parentheses
       |
228812 -                 __jet_v_376039379580139943 = Some((((__jet_v_8838011099452739883.as_ref().expect("MIR value")).clone()) > ((__jet_v_6514897572320291649.as_ref().expect("MIR value")).clone())));
228812 +                 __jet_v_376039379580139943 = Some(((__jet_v_8838011099452739883.as_ref().expect("MIR value")).clone()) > ((__jet_v_6514897572320291649.as_ref().expect("MIR value")).clone()));
       |

warning: unnecessary parentheses around function argument
      --> /jet/build/run.rs:228815:53
       |
228815 | ...me((((__jet_v_12075940790812061767.as_ref().expect("MIR value")).clone()) == ((__jet_v_7253048621373583147.as_ref().expect("MIR value")).clone())));
       |       ^                                                                                                                                             ^
       |
help: remove these parentheses
       |
228815 -                 __jet_v_10775496815082399093 = Some((((__jet_v_12075940790812061767.as_ref().expect("MIR value")).clone()) == ((__jet_v_7253048621373583147.as_ref().expect("MIR value")).clone())));
228815 +                 __jet_v_10775496815082399093 = Some(((__jet_v_12075940790812061767.as_ref().expect("MIR value")).clone()) == ((__jet_v_7253048621373583147.as_ref().expect("MIR value")).clone()));
       |

warning: unnecessary parentheses around function argument
      --> /jet/build/run.rs:228816:52
       |
228816 | ...me((((__jet_v_376039379580139943.as_ref().expect("MIR value")).clone()) && ((__jet_v_10775496815082399093.as_ref().expect("MIR value")).clone())));
       |       ^                                                                                                                                            ^
       |
help: remove these parentheses
       |
228816 -                 __jet_v_5896928565436796758 = Some((((__jet_v_376039379580139943.as_ref().expect("MIR value")).clone()) && ((__jet_v_10775496815082399093.as_ref().expect("MIR value")).clone())));
228816 +                 __jet_v_5896928565436796758 = Some(((__jet_v_376039379580139943.as_ref().expect("MIR value")).clone()) && ((__jet_v_10775496815082399093.as_ref().expect("MIR value")).clone()));
       |

warning: unused label
      --> /jet/build/run.rs:228933:5
       |
228933 |     'mir_dispatch: loop {
       |     ^^^^^^^^^^^^^

warning: unused label
      --> /jet/build/run.rs:229030:5
       |
229030 |     'mir_dispatch: loop {
       |     ^^^^^^^^^^^^^

warning: unnecessary parentheses around function argument
      --> /jet/build/run.rs:229586:52
       |
229586 |                 __jet_v_9278771695266910033 = Some((!(*(__jet_v_7175433060305877670.as_ref().expect("MIR value")))));
       |                                                    ^                                                              ^
       |
help: remove these parentheses
       |
229586 -                 __jet_v_9278771695266910033 = Some((!(*(__jet_v_7175433060305877670.as_ref().expect("MIR value")))));
229586 +                 __jet_v_9278771695266910033 = Some(!(*(__jet_v_7175433060305877670.as_ref().expect("MIR value"))));
       |

warning: unnecessary parentheses around function argument
      --> /jet/build/run.rs:230985:53
       |
230985 |                 __jet_v_17438470922781481711 = Some((!(*(__jet_v_11249290813907856319.as_ref().expect("MIR value")))));
       |                                                     ^                                                               ^
       |
help: remove these parentheses
       |
230985 -                 __jet_v_17438470922781481711 = Some((!(*(__jet_v_11249290813907856319.as_ref().expect("MIR value")))));
230985 +                 __jet_v_17438470922781481711 = Some(!(*(__jet_v_11249290813907856319.as_ref().expect("MIR value"))));
       |

warning: unnecessary parentheses around function argument
      --> /jet/build/run.rs:231028:53
       |
231028 |                 __jet_v_13878158656036525138 = Some((!(*(__jet_v_8817211519436093353.as_ref().expect("MIR value")))));
       |                                                     ^                                                              ^
       |
help: remove these parentheses
       |
231028 -                 __jet_v_13878158656036525138 = Some((!(*(__jet_v_8817211519436093353.as_ref().expect("MIR value")))));
231028 +                 __jet_v_13878158656036525138 = Some(!(*(__jet_v_8817211519436093353.as_ref().expect("MIR value"))));
       |

warning: unnecessary parentheses around function argument
      --> /jet/build/run.rs:231229:52
       |
231229 | ...me((((__jet_v_7976486992422242287.as_ref().expect("MIR value")).clone()) == ((__jet_v_13394924785370511151.as_ref().expect("MIR value")).clone())));
       |       ^                                                                                                                                             ^
       |
help: remove these parentheses
       |
231229 -                 __jet_v_9970697061948039023 = Some((((__jet_v_7976486992422242287.as_ref().expect("MIR value")).clone()) == ((__jet_v_13394924785370511151.as_ref().expect("MIR value")).clone())));
231229 +                 __jet_v_9970697061948039023 = Some(((__jet_v_7976486992422242287.as_ref().expect("MIR value")).clone()) == ((__jet_v_13394924785370511151.as_ref().expect("MIR value")).clone()));
       |

warning: unnecessary parentheses around function argument
      --> /jet/build/run.rs:231583:53
       |
231583 | ...me((((__jet_v_4837399744584068594.as_ref().expect("MIR value")).clone()) >= ((__jet_v_6241573873319898293.as_ref().expect("MIR value")).clone())));
       |       ^                                                                                                                                            ^
       |
help: remove these parentheses
       |
231583 -                 __jet_v_11964807318971183656 = Some((((__jet_v_4837399744584068594.as_ref().expect("MIR value")).clone()) >= ((__jet_v_6241573873319898293.as_ref().expect("MIR value")).clone())));
231583 +                 __jet_v_11964807318971183656 = Some(((__jet_v_4837399744584068594.as_ref().expect("MIR value")).clone()) >= ((__jet_v_6241573873319898293.as_ref().expect("MIR value")).clone()));
       |

warning: unused label
      --> /jet/build/run.rs:231637:5
       |
231637 |     'mir_dispatch: loop {
       |     ^^^^^^^^^^^^^

warning: unnecessary parentheses around function argument
      --> /jet/build/run.rs:231962:52
       |
231962 | ...me((((__jet_v_11777785298756598342.as_ref().expect("MIR value")).clone()) != ((__jet_v_2968862728598304177.as_ref().expect("MIR value")).clone())));
       |       ^                                                                                                                                             ^
       |
help: remove these parentheses
       |
231962 -                 __jet_v_2064411892941651026 = Some((((__jet_v_11777785298756598342.as_ref().expect("MIR value")).clone()) != ((__jet_v_2968862728598304177.as_ref().expect("MIR value")).clone())));
231962 +                 __jet_v_2064411892941651026 = Some(((__jet_v_11777785298756598342.as_ref().expect("MIR value")).clone()) != ((__jet_v_2968862728598304177.as_ref().expect("MIR value")).clone()));
       |

warning: unnecessary parentheses around function argument
      --> /jet/build/run.rs:232144:52
       |
232144 | ...me((((__jet_v_4679156633587018897.as_ref().expect("MIR value")).clone()) == ((__jet_v_17029059113140774960.as_ref().expect("MIR value")).clone())));
       |       ^                                                                                                                                             ^
       |
help: remove these parentheses
       |
232144 -                 __jet_v_5696325621277205400 = Some((((__jet_v_4679156633587018897.as_ref().expect("MIR value")).clone()) == ((__jet_v_17029059113140774960.as_ref().expect("MIR value")).clone())));
232144 +                 __jet_v_5696325621277205400 = Some(((__jet_v_4679156633587018897.as_ref().expect("MIR value")).clone()) == ((__jet_v_17029059113140774960.as_ref().expect("MIR value")).clone()));
       |

warning: unnecessary parentheses around function argument
      --> /jet/build/run.rs:232157:53
       |
232157 | ...me((((__jet_v_4679156633587018897.as_ref().expect("MIR value")).clone()) == ((__jet_v_1766747244406417385.as_ref().expect("MIR value")).clone())));
       |       ^                                                                                                                                            ^
       |
help: remove these parentheses
       |
232157 -                 __jet_v_15219884277188687138 = Some((((__jet_v_4679156633587018897.as_ref().expect("MIR value")).clone()) == ((__jet_v_1766747244406417385.as_ref().expect("MIR value")).clone())));
232157 +                 __jet_v_15219884277188687138 = Some(((__jet_v_4679156633587018897.as_ref().expect("MIR value")).clone()) == ((__jet_v_1766747244406417385.as_ref().expect("MIR value")).clone()));
       |

warning: unnecessary parentheses around function argument
      --> /jet/build/run.rs:232170:52
       |
232170 | ...me((((__jet_v_4679156633587018897.as_ref().expect("MIR value")).clone()) == ((__jet_v_17059155865549604954.as_ref().expect("MIR value")).clone())));
       |       ^                                                                                                                                             ^
       |
help: remove these parentheses
       |
232170 -                 __jet_v_1064919382374682788 = Some((((__jet_v_4679156633587018897.as_ref().expect("MIR value")).clone()) == ((__jet_v_17059155865549604954.as_ref().expect("MIR value")).clone())));
232170 +                 __jet_v_1064919382374682788 = Some(((__jet_v_4679156633587018897.as_ref().expect("MIR value")).clone()) == ((__jet_v_17059155865549604954.as_ref().expect("MIR value")).clone()));
       |

warning: unnecessary parentheses around function argument
      --> /jet/build/run.rs:233247:52
       |
233247 |                 __jet_v_3389364267628685222 = Some((!(*(__jet_v_12011737654449839842.as_ref().expect("MIR value")))));
       |                                                    ^                                                               ^
       |
help: remove these parentheses
       |
233247 -                 __jet_v_3389364267628685222 = Some((!(*(__jet_v_12011737654449839842.as_ref().expect("MIR value")))));
233247 +                 __jet_v_3389364267628685222 = Some(!(*(__jet_v_12011737654449839842.as_ref().expect("MIR value"))));
       |

warning: unnecessary parentheses around function argument
      --> /jet/build/run.rs:233250:52
       |
233250 | ...me((((__jet_v_9255191905798116785.as_ref().expect("MIR value")).clone()) == ((__jet_v_16826087262350148570.as_ref().expect("MIR value")).clone())));
       |       ^                                                                                                                                             ^
       |
help: remove these parentheses
       |
233250 -                 __jet_v_2680282203596972196 = Some((((__jet_v_9255191905798116785.as_ref().expect("MIR value")).clone()) == ((__jet_v_16826087262350148570.as_ref().expect("MIR value")).clone())));
233250 +                 __jet_v_2680282203596972196 = Some(((__jet_v_9255191905798116785.as_ref().expect("MIR value")).clone()) == ((__jet_v_16826087262350148570.as_ref().expect("MIR value")).clone()));
       |

warning: unnecessary parentheses around function argument
      --> /jet/build/run.rs:233251:52
       |
233251 | ...me((((__jet_v_3389364267628685222.as_ref().expect("MIR value")).clone()) || ((__jet_v_2680282203596972196.as_ref().expect("MIR value")).clone())));
       |       ^                                                                                                                                            ^
       |
help: remove these parentheses
       |
233251 -                 __jet_v_3402199578579112137 = Some((((__jet_v_3389364267628685222.as_ref().expect("MIR value")).clone()) || ((__jet_v_2680282203596972196.as_ref().expect("MIR value")).clone())));
233251 +                 __jet_v_3402199578579112137 = Some(((__jet_v_3389364267628685222.as_ref().expect("MIR value")).clone()) || ((__jet_v_2680282203596972196.as_ref().expect("MIR value")).clone()));
       |

warning: unnecessary parentheses around function argument
      --> /jet/build/run.rs:233274:53
       |
233274 | ...me((((__jet_v_6775157621194651117.as_ref().expect("MIR value")).clone()) == ((__jet_v_14908316789062644660.as_ref().expect("MIR value")).clone())));
       |       ^                                                                                                                                             ^
       |
help: remove these parentheses
       |
233274 -                 __jet_v_17557449122302781025 = Some((((__jet_v_6775157621194651117.as_ref().expect("MIR value")).clone()) == ((__jet_v_14908316789062644660.as_ref().expect("MIR value")).clone())));
233274 +                 __jet_v_17557449122302781025 = Some(((__jet_v_6775157621194651117.as_ref().expect("MIR value")).clone()) == ((__jet_v_14908316789062644660.as_ref().expect("MIR value")).clone()));
       |

warning: unnecessary parentheses around function argument
      --> /jet/build/run.rs:233353:53
       |
233353 | ...me((((__jet_v_5744086481870614385.as_ref().expect("MIR value")).clone()) > ((__jet_v_10416832262634826140.as_ref().expect("MIR value")).clone())));
       |       ^                                                                                                                                            ^
       |
help: remove these parentheses
       |
233353 -                 __jet_v_13043834990556316404 = Some((((__jet_v_5744086481870614385.as_ref().expect("MIR value")).clone()) > ((__jet_v_10416832262634826140.as_ref().expect("MIR value")).clone())));
233353 +                 __jet_v_13043834990556316404 = Some(((__jet_v_5744086481870614385.as_ref().expect("MIR value")).clone()) > ((__jet_v_10416832262634826140.as_ref().expect("MIR value")).clone()));
       |

warning: unnecessary parentheses around function argument
      --> /jet/build/run.rs:233388:53
       |
233388 |                 __jet_v_17186860459370422445 = Some((!(*(__jet_v_7879098312343716777.as_ref().expect("MIR value")))));
       |                                                     ^                                                              ^
       |
help: remove these parentheses
       |
233388 -                 __jet_v_17186860459370422445 = Some((!(*(__jet_v_7879098312343716777.as_ref().expect("MIR value")))));
233388 +                 __jet_v_17186860459370422445 = Some(!(*(__jet_v_7879098312343716777.as_ref().expect("MIR value"))));
       |

warning: unnecessary parentheses around function argument
      --> /jet/build/run.rs:233401:52
       |
233401 |                 __jet_v_7204023980426405049 = Some((!(*(__jet_v_1758902314326302270.as_ref().expect("MIR value")))));
       |                                                    ^                                                              ^
       |
help: remove these parentheses
       |
233401 -                 __jet_v_7204023980426405049 = Some((!(*(__jet_v_1758902314326302270.as_ref().expect("MIR value")))));
233401 +                 __jet_v_7204023980426405049 = Some(!(*(__jet_v_1758902314326302270.as_ref().expect("MIR value"))));
       |

warning: unnecessary parentheses around function argument
      --> /jet/build/run.rs:233450:52
       |
233450 |                 __jet_v_3596484284880825321 = Some((!(*(__jet_v_14156073559987577525.as_ref().expect("MIR value")))));
       |                                                    ^                                                               ^
       |
help: remove these parentheses
       |
233450 -                 __jet_v_3596484284880825321 = Some((!(*(__jet_v_14156073559987577525.as_ref().expect("MIR value")))));
233450 +                 __jet_v_3596484284880825321 = Some(!(*(__jet_v_14156073559987577525.as_ref().expect("MIR value"))));
       |

warning: unnecessary parentheses around function argument
      --> /jet/build/run.rs:233451:53
       |
233451 | ...me((((__jet_v_11210606739318014357.as_ref().expect("MIR value")).clone()) || ((__jet_v_3596484284880825321.as_ref().expect("MIR value")).clone())));
       |       ^                                                                                                                                             ^
       |
help: remove these parentheses
       |
233451 -                 __jet_v_11689499962314109830 = Some((((__jet_v_11210606739318014357.as_ref().expect("MIR value")).clone()) || ((__jet_v_3596484284880825321.as_ref().expect("MIR value")).clone())));
233451 +                 __jet_v_11689499962314109830 = Some(((__jet_v_11210606739318014357.as_ref().expect("MIR value")).clone()) || ((__jet_v_3596484284880825321.as_ref().expect("MIR value")).clone()));
       |

warning: unnecessary parentheses around function argument
      --> /jet/build/run.rs:233621:52
       |
233621 |                 __jet_v_1604008901735173132 = Some((!(*(__jet_v_8111340262126672680.as_ref().expect("MIR value")))));
       |                                                    ^                                                              ^
       |
help: remove these parentheses
       |
233621 -                 __jet_v_1604008901735173132 = Some((!(*(__jet_v_8111340262126672680.as_ref().expect("MIR value")))));
233621 +                 __jet_v_1604008901735173132 = Some(!(*(__jet_v_8111340262126672680.as_ref().expect("MIR value"))));
       |

warning: unnecessary parentheses around function argument
      --> /jet/build/run.rs:233637:53
       |
233637 | ...me((((__jet_v_5834152733323297688.as_ref().expect("MIR value")).clone()) == ((__jet_v_8052960072552143985.as_ref().expect("MIR value")).clone())));
       |       ^                                                                                                                                            ^
       |
help: remove these parentheses
       |
233637 -                 __jet_v_15087503828237443562 = Some((((__jet_v_5834152733323297688.as_ref().expect("MIR value")).clone()) == ((__jet_v_8052960072552143985.as_ref().expect("MIR value")).clone())));
233637 +                 __jet_v_15087503828237443562 = Some(((__jet_v_5834152733323297688.as_ref().expect("MIR value")).clone()) == ((__jet_v_8052960072552143985.as_ref().expect("MIR value")).clone()));
       |

warning: unnecessary parentheses around function argument
      --> /jet/build/run.rs:233653:52
       |
233653 | ...me((((__jet_v_17079457244068494452.as_ref().expect("MIR value")).clone()) > ((__jet_v_17371272023264992908.as_ref().expect("MIR value")).clone())));
       |       ^                                                                                                                                             ^
       |
help: remove these parentheses
       |
233653 -                 __jet_v_9310242728875406512 = Some((((__jet_v_17079457244068494452.as_ref().expect("MIR value")).clone()) > ((__jet_v_17371272023264992908.as_ref().expect("MIR value")).clone())));
233653 +                 __jet_v_9310242728875406512 = Some(((__jet_v_17079457244068494452.as_ref().expect("MIR value")).clone()) > ((__jet_v_17371272023264992908.as_ref().expect("MIR value")).clone()));
       |

warning: unnecessary parentheses around function argument
      --> /jet/build/run.rs:233832:52
       |
233832 |                 __jet_v_5222844432161660998 = Some((!(*(__jet_v_12463485427122928513.as_ref().expect("MIR value")))));
       |                                                    ^                                                               ^
       |
help: remove these parentheses
       |
233832 -                 __jet_v_5222844432161660998 = Some((!(*(__jet_v_12463485427122928513.as_ref().expect("MIR value")))));
233832 +                 __jet_v_5222844432161660998 = Some(!(*(__jet_v_12463485427122928513.as_ref().expect("MIR value"))));
       |

warning: unnecessary parentheses around function argument
      --> /jet/build/run.rs:233950:52
       |
233950 |                 __jet_v_5095970113076540669 = Some((!(*(__jet_v_13670376885884143665.as_ref().expect("MIR value")))));
       |                                                    ^                                                               ^
       |
help: remove these parentheses
       |
233950 -                 __jet_v_5095970113076540669 = Some((!(*(__jet_v_13670376885884143665.as_ref().expect("MIR value")))));
233950 +                 __jet_v_5095970113076540669 = Some(!(*(__jet_v_13670376885884143665.as_ref().expect("MIR value"))));
       |

warning: unnecessary parentheses around function argument
      --> /jet/build/run.rs:233970:52
       |
233970 |                 __jet_v_9471742463204169786 = Some((!(*(__jet_v_15319087866545749697.as_ref().expect("MIR value")))));
       |                                                    ^                                                               ^
       |
help: remove these parentheses
       |
233970 -                 __jet_v_9471742463204169786 = Some((!(*(__jet_v_15319087866545749697.as_ref().expect("MIR value")))));
233970 +                 __jet_v_9471742463204169786 = Some(!(*(__jet_v_15319087866545749697.as_ref().expect("MIR value"))));
       |

warning: unnecessary parentheses around function argument
      --> /jet/build/run.rs:233984:53
       |
233984 | ...me((((__jet_v_1613241375546182926.as_ref().expect("MIR value")).clone()) != ((__jet_v_4269540325269662937.as_ref().expect("MIR value")).clone())));
       |       ^                                                                                                                                            ^
       |
help: remove these parentheses
       |
233984 -                 __jet_v_12974615936166659581 = Some((((__jet_v_1613241375546182926.as_ref().expect("MIR value")).clone()) != ((__jet_v_4269540325269662937.as_ref().expect("MIR value")).clone())));
233984 +                 __jet_v_12974615936166659581 = Some(((__jet_v_1613241375546182926.as_ref().expect("MIR value")).clone()) != ((__jet_v_4269540325269662937.as_ref().expect("MIR value")).clone()));
       |

warning: unnecessary parentheses around function argument
      --> /jet/build/run.rs:233997:52
       |
233997 |                 __jet_v_4042472357289590470 = Some((!(*(__jet_v_2026454873955848477.as_ref().expect("MIR value")))));
       |                                                    ^                                                              ^
       |
help: remove these parentheses
       |
233997 -                 __jet_v_4042472357289590470 = Some((!(*(__jet_v_2026454873955848477.as_ref().expect("MIR value")))));
233997 +                 __jet_v_4042472357289590470 = Some(!(*(__jet_v_2026454873955848477.as_ref().expect("MIR value"))));
       |

warning: unnecessary parentheses around function argument
      --> /jet/build/run.rs:233998:53
       |
233998 | ...me((((__jet_v_2514196304958045189.as_ref().expect("MIR value")).clone()) || ((__jet_v_4042472357289590470.as_ref().expect("MIR value")).clone())));
       |       ^                                                                                                                                            ^
       |
help: remove these parentheses
       |
233998 -                 __jet_v_10605563205819354558 = Some((((__jet_v_2514196304958045189.as_ref().expect("MIR value")).clone()) || ((__jet_v_4042472357289590470.as_ref().expect("MIR value")).clone())));
233998 +                 __jet_v_10605563205819354558 = Some(((__jet_v_2514196304958045189.as_ref().expect("MIR value")).clone()) || ((__jet_v_4042472357289590470.as_ref().expect("MIR value")).clone()));
       |

warning: unnecessary parentheses around function argument
      --> /jet/build/run.rs:234042:51
       |
234042 |                 __jet_v_886625874190943989 = Some((!(*(__jet_v_17286179534288497142.as_ref().expect("MIR value")))));
       |                                                   ^                                                               ^
       |
help: remove these parentheses
       |
234042 -                 __jet_v_886625874190943989 = Some((!(*(__jet_v_17286179534288497142.as_ref().expect("MIR value")))));
234042 +                 __jet_v_886625874190943989 = Some(!(*(__jet_v_17286179534288497142.as_ref().expect("MIR value"))));
       |

warning: unnecessary parentheses around function argument
      --> /jet/build/run.rs:234251:53
       |
234251 | ...me((((__jet_v_9909373400147171468.as_ref().expect("MIR value")).clone()) > ((__jet_v_16313804120437775640.as_ref().expect("MIR value")).clone())));
       |       ^                                                                                                                                            ^
       |
help: remove these parentheses
       |
234251 -                 __jet_v_16761289293656424405 = Some((((__jet_v_9909373400147171468.as_ref().expect("MIR value")).clone()) > ((__jet_v_16313804120437775640.as_ref().expect("MIR value")).clone())));
234251 +                 __jet_v_16761289293656424405 = Some(((__jet_v_9909373400147171468.as_ref().expect("MIR value")).clone()) > ((__jet_v_16313804120437775640.as_ref().expect("MIR value")).clone()));
       |

warning: unnecessary parentheses around function argument
      --> /jet/build/run.rs:234286:53
       |
234286 | ...me((((__jet_v_2618309707416180274.as_ref().expect("MIR value")).clone()) != ((__jet_v_12976715402290943133.as_ref().expect("MIR value")).clone())));
       |       ^                                                                                                                                             ^
       |
help: remove these parentheses
       |
234286 -                 __jet_v_16234836594496710123 = Some((((__jet_v_2618309707416180274.as_ref().expect("MIR value")).clone()) != ((__jet_v_12976715402290943133.as_ref().expect("MIR value")).clone())));
234286 +                 __jet_v_16234836594496710123 = Some(((__jet_v_2618309707416180274.as_ref().expect("MIR value")).clone()) != ((__jet_v_12976715402290943133.as_ref().expect("MIR value")).clone()));
       |

warning: unnecessary parentheses around function argument
      --> /jet/build/run.rs:234302:53
       |
234302 | ...me((((__jet_v_3243772487217830100.as_ref().expect("MIR value")).clone()) < ((__jet_v_15549795636798391018.as_ref().expect("MIR value")).clone())));
       |       ^                                                                                                                                            ^
       |
help: remove these parentheses
       |
234302 -                 __jet_v_17852231933851691206 = Some((((__jet_v_3243772487217830100.as_ref().expect("MIR value")).clone()) < ((__jet_v_15549795636798391018.as_ref().expect("MIR value")).clone())));
234302 +                 __jet_v_17852231933851691206 = Some(((__jet_v_3243772487217830100.as_ref().expect("MIR value")).clone()) < ((__jet_v_15549795636798391018.as_ref().expect("MIR value")).clone()));
       |

warning: unnecessary parentheses around function argument
      --> /jet/build/run.rs:234343:53
       |
234343 |                 __jet_v_18087316675688695508 = Some((!(*(__jet_v_10897809570135999622.as_ref().expect("MIR value")))));
       |                                                     ^                                                               ^
       |
help: remove these parentheses
       |
234343 -                 __jet_v_18087316675688695508 = Some((!(*(__jet_v_10897809570135999622.as_ref().expect("MIR value")))));
234343 +                 __jet_v_18087316675688695508 = Some(!(*(__jet_v_10897809570135999622.as_ref().expect("MIR value"))));
       |

warning: unnecessary parentheses around function argument
      --> /jet/build/run.rs:234410:52
       |
234410 | ...me((((__jet_v_14938948997653402346.as_ref().expect("MIR value")).clone()) != ((__jet_v_17825682579323368172.as_ref().expect("MIR value")).clone())));
       |       ^                                                                                                                                              ^
       |
help: remove these parentheses
       |
234410 -                 __jet_v_2915704383305639454 = Some((((__jet_v_14938948997653402346.as_ref().expect("MIR value")).clone()) != ((__jet_v_17825682579323368172.as_ref().expect("MIR value")).clone())));
234410 +                 __jet_v_2915704383305639454 = Some(((__jet_v_14938948997653402346.as_ref().expect("MIR value")).clone()) != ((__jet_v_17825682579323368172.as_ref().expect("MIR value")).clone()));
       |

warning: unnecessary parentheses around function argument
      --> /jet/build/run.rs:234494:52
       |
234494 | ...me((((__jet_v_2642244975434361187.as_ref().expect("MIR value")).clone()) > ((__jet_v_4208487768510513584.as_ref().expect("MIR value")).clone())));
       |       ^                                                                                                                                           ^
       |
help: remove these parentheses
       |
234494 -                 __jet_v_2474291675308426942 = Some((((__jet_v_2642244975434361187.as_ref().expect("MIR value")).clone()) > ((__jet_v_4208487768510513584.as_ref().expect("MIR value")).clone())));
234494 +                 __jet_v_2474291675308426942 = Some(((__jet_v_2642244975434361187.as_ref().expect("MIR value")).clone()) > ((__jet_v_4208487768510513584.as_ref().expect("MIR value")).clone()));
       |

warning: unnecessary parentheses around function argument
      --> /jet/build/run.rs:234713:52
       |
234713 | ...me((((__jet_v_12868081771046689584.as_ref().expect("MIR value")).clone()) > ((__jet_v_2346539499263042024.as_ref().expect("MIR value")).clone())));
       |       ^                                                                                                                                            ^
       |
help: remove these parentheses
       |
234713 -                 __jet_v_9408003551333705034 = Some((((__jet_v_12868081771046689584.as_ref().expect("MIR value")).clone()) > ((__jet_v_2346539499263042024.as_ref().expect("MIR value")).clone())));
234713 +                 __jet_v_9408003551333705034 = Some(((__jet_v_12868081771046689584.as_ref().expect("MIR value")).clone()) > ((__jet_v_2346539499263042024.as_ref().expect("MIR value")).clone()));
       |

warning: unnecessary parentheses around function argument
      --> /jet/build/run.rs:234756:52
       |
234756 | ...me((((__jet_v_14283751423089625349.as_ref().expect("MIR value")).clone()) > ((__jet_v_13131008678283873298.as_ref().expect("MIR value")).clone())));
       |       ^                                                                                                                                             ^
       |
help: remove these parentheses
       |
234756 -                 __jet_v_4496930133975984466 = Some((((__jet_v_14283751423089625349.as_ref().expect("MIR value")).clone()) > ((__jet_v_13131008678283873298.as_ref().expect("MIR value")).clone())));
234756 +                 __jet_v_4496930133975984466 = Some(((__jet_v_14283751423089625349.as_ref().expect("MIR value")).clone()) > ((__jet_v_13131008678283873298.as_ref().expect("MIR value")).clone()));
       |

warning: unnecessary parentheses around function argument
      --> /jet/build/run.rs:234917:53
       |
234917 |                 __jet_v_16989066683802107561 = Some((!(*(__jet_v_13619254257009940905.as_ref().expect("MIR value")))));
       |                                                     ^                                                               ^
       |
help: remove these parentheses
       |
234917 -                 __jet_v_16989066683802107561 = Some((!(*(__jet_v_13619254257009940905.as_ref().expect("MIR value")))));
234917 +                 __jet_v_16989066683802107561 = Some(!(*(__jet_v_13619254257009940905.as_ref().expect("MIR value"))));
       |

warning: unnecessary parentheses around function argument
      --> /jet/build/run.rs:234938:53
       |
234938 | ...me((((__jet_v_8351245499759820608.as_ref().expect("MIR value")).clone()) > ((__jet_v_7340010740952229314.as_ref().expect("MIR value")).clone())));
       |       ^                                                                                                                                           ^
       |
help: remove these parentheses
       |
234938 -                 __jet_v_16562943868095252891 = Some((((__jet_v_8351245499759820608.as_ref().expect("MIR value")).clone()) > ((__jet_v_7340010740952229314.as_ref().expect("MIR value")).clone())));
234938 +                 __jet_v_16562943868095252891 = Some(((__jet_v_8351245499759820608.as_ref().expect("MIR value")).clone()) > ((__jet_v_7340010740952229314.as_ref().expect("MIR value")).clone()));
       |

warning: unnecessary parentheses around function argument
      --> /jet/build/run.rs:234952:53
       |
234952 | ...me((((__jet_v_8091350157600591819.as_ref().expect("MIR value")).clone()) == ((__jet_v_8321452632627971677.as_ref().expect("MIR value")).clone())));
       |       ^                                                                                                                                            ^
       |
help: remove these parentheses
       |
234952 -                 __jet_v_18096265483362929923 = Some((((__jet_v_8091350157600591819.as_ref().expect("MIR value")).clone()) == ((__jet_v_8321452632627971677.as_ref().expect("MIR value")).clone())));
234952 +                 __jet_v_18096265483362929923 = Some(((__jet_v_8091350157600591819.as_ref().expect("MIR value")).clone()) == ((__jet_v_8321452632627971677.as_ref().expect("MIR value")).clone()));
       |

warning: unnecessary parentheses around function argument
      --> /jet/build/run.rs:234968:51
       |
234968 | ...me((((__jet_v_6539258849820405600.as_ref().expect("MIR value")).clone()) == ((__jet_v_10869611616155159781.as_ref().expect("MIR value")).clone())));
       |       ^                                                                                                                                             ^
       |
help: remove these parentheses
       |
234968 -                 __jet_v_439255643518014087 = Some((((__jet_v_6539258849820405600.as_ref().expect("MIR value")).clone()) == ((__jet_v_10869611616155159781.as_ref().expect("MIR value")).clone())));
234968 +                 __jet_v_439255643518014087 = Some(((__jet_v_6539258849820405600.as_ref().expect("MIR value")).clone()) == ((__jet_v_10869611616155159781.as_ref().expect("MIR value")).clone()));
       |

warning: unnecessary parentheses around function argument
      --> /jet/build/run.rs:235047:53
       |
235047 |                 __jet_v_16088061677085941907 = Some((!(*(__jet_v_17786236007970291004.as_ref().expect("MIR value")))));
       |                                                     ^                                                               ^
       |
help: remove these parentheses
       |
235047 -                 __jet_v_16088061677085941907 = Some((!(*(__jet_v_17786236007970291004.as_ref().expect("MIR value")))));
235047 +                 __jet_v_16088061677085941907 = Some(!(*(__jet_v_17786236007970291004.as_ref().expect("MIR value"))));
       |

warning: unused label
      --> /jet/build/run.rs:235177:5
       |
235177 |     'mir_dispatch: loop {
       |     ^^^^^^^^^^^^^

warning: unnecessary parentheses around function argument
      --> /jet/build/run.rs:235681:52
       |
235681 | ...me((((__jet_v_4595731549330864452.as_ref().expect("MIR value")).clone()) != ((__jet_v_2461300241213790061.as_ref().expect("MIR value")).clone())));
       |       ^                                                                                                                                            ^
       |
help: remove these parentheses
       |
235681 -                 __jet_v_8146674670365032428 = Some((((__jet_v_4595731549330864452.as_ref().expect("MIR value")).clone()) != ((__jet_v_2461300241213790061.as_ref().expect("MIR value")).clone())));
235681 +                 __jet_v_8146674670365032428 = Some(((__jet_v_4595731549330864452.as_ref().expect("MIR value")).clone()) != ((__jet_v_2461300241213790061.as_ref().expect("MIR value")).clone()));
       |

warning: unnecessary parentheses around function argument
      --> /jet/build/run.rs:236445:52
       |
236445 | ...me((((__jet_v_15766079917209346552.as_ref().expect("MIR value")).clone()) != ((__jet_v_15399494174816149616.as_ref().expect("MIR value")).clone())));
       |       ^                                                                                                                                              ^
       |
help: remove these parentheses
       |
236445 -                 __jet_v_1827641831332764507 = Some((((__jet_v_15766079917209346552.as_ref().expect("MIR value")).clone()) != ((__jet_v_15399494174816149616.as_ref().expect("MIR value")).clone())));
236445 +                 __jet_v_1827641831332764507 = Some(((__jet_v_15766079917209346552.as_ref().expect("MIR value")).clone()) != ((__jet_v_15399494174816149616.as_ref().expect("MIR value")).clone()));
       |

warning: unnecessary parentheses around function argument
      --> /jet/build/run.rs:236592:51
       |
236592 | ...me((((__jet_v_12699230531345735197.as_ref().expect("MIR value")).clone()) != ((__jet_v_1898720889795437041.as_ref().expect("MIR value")).clone())));
       |       ^                                                                                                                                             ^
       |
help: remove these parentheses
       |
236592 -                 __jet_v_196916128228005546 = Some((((__jet_v_12699230531345735197.as_ref().expect("MIR value")).clone()) != ((__jet_v_1898720889795437041.as_ref().expect("MIR value")).clone())));
236592 +                 __jet_v_196916128228005546 = Some(((__jet_v_12699230531345735197.as_ref().expect("MIR value")).clone()) != ((__jet_v_1898720889795437041.as_ref().expect("MIR value")).clone()));
       |

warning: unnecessary parentheses around function argument
      --> /jet/build/run.rs:236789:53
       |
236789 |                 __jet_v_10443654269059996149 = Some((!(*(__jet_v_9958689881239610535.as_ref().expect("MIR value")))));
       |                                                     ^                                                              ^
       |
help: remove these parentheses
       |
236789 -                 __jet_v_10443654269059996149 = Some((!(*(__jet_v_9958689881239610535.as_ref().expect("MIR value")))));
236789 +                 __jet_v_10443654269059996149 = Some(!(*(__jet_v_9958689881239610535.as_ref().expect("MIR value"))));
       |

warning: unnecessary parentheses around function argument
      --> /jet/build/run.rs:236845:53
       |
236845 | ...me((((__jet_v_14750580546965108580.as_ref().expect("MIR value")).clone()) != ((__jet_v_11459927701089388146.as_ref().expect("MIR value")).clone())));
       |       ^                                                                                                                                              ^
       |
help: remove these parentheses
       |
236845 -                 __jet_v_14012843803927879310 = Some((((__jet_v_14750580546965108580.as_ref().expect("MIR value")).clone()) != ((__jet_v_11459927701089388146.as_ref().expect("MIR value")).clone())));
236845 +                 __jet_v_14012843803927879310 = Some(((__jet_v_14750580546965108580.as_ref().expect("MIR value")).clone()) != ((__jet_v_11459927701089388146.as_ref().expect("MIR value")).clone()));
       |

warning: unused label
      --> /jet/build/run.rs:237043:5
       |
237043 |     'mir_dispatch: loop {
       |     ^^^^^^^^^^^^^

warning: unnecessary parentheses around function argument
      --> /jet/build/run.rs:237481:53
       |
237481 | ...me((((__jet_v_4986964637981392373.as_ref().expect("MIR value")).clone()) == ((__jet_v_4423340644795842093.as_ref().expect("MIR value")).clone())));
       |       ^                                                                                                                                            ^
       |
help: remove these parentheses
       |
237481 -                 __jet_v_14972765676516700526 = Some((((__jet_v_4986964637981392373.as_ref().expect("MIR value")).clone()) == ((__jet_v_4423340644795842093.as_ref().expect("MIR value")).clone())));
237481 +                 __jet_v_14972765676516700526 = Some(((__jet_v_4986964637981392373.as_ref().expect("MIR value")).clone()) == ((__jet_v_4423340644795842093.as_ref().expect("MIR value")).clone()));
       |

warning: unnecessary parentheses around function argument
      --> /jet/build/run.rs:237857:52
       |
237857 |                 __jet_v_5480826735203819414 = Some((!(*(__jet_v_3227206766447164386.as_ref().expect("MIR value")))));
       |                                                    ^                                                              ^
       |
help: remove these parentheses
       |
237857 -                 __jet_v_5480826735203819414 = Some((!(*(__jet_v_3227206766447164386.as_ref().expect("MIR value")))));
237857 +                 __jet_v_5480826735203819414 = Some(!(*(__jet_v_3227206766447164386.as_ref().expect("MIR value"))));
       |

warning: unnecessary parentheses around function argument
      --> /jet/build/run.rs:237878:53
       |
237878 | ...me((((__jet_v_347157918353536686.as_ref().expect("MIR value")).clone()) != ((__jet_v_12089119217381633179.as_ref().expect("MIR value")).clone())));
       |       ^                                                                                                                                            ^
       |
help: remove these parentheses
       |
237878 -                 __jet_v_15436965029292204719 = Some((((__jet_v_347157918353536686.as_ref().expect("MIR value")).clone()) != ((__jet_v_12089119217381633179.as_ref().expect("MIR value")).clone())));
237878 +                 __jet_v_15436965029292204719 = Some(((__jet_v_347157918353536686.as_ref().expect("MIR value")).clone()) != ((__jet_v_12089119217381633179.as_ref().expect("MIR value")).clone()));
       |

warning: unnecessary parentheses around function argument
      --> /jet/build/run.rs:237985:53
       |
237985 | ...me((((__jet_v_8908331239553265297.as_ref().expect("MIR value")).clone()) != ((__jet_v_487540165601637131.as_ref().expect("MIR value")).clone())));
       |       ^                                                                                                                                           ^
       |
help: remove these parentheses
       |
237985 -                 __jet_v_17973469862320387656 = Some((((__jet_v_8908331239553265297.as_ref().expect("MIR value")).clone()) != ((__jet_v_487540165601637131.as_ref().expect("MIR value")).clone())));
237985 +                 __jet_v_17973469862320387656 = Some(((__jet_v_8908331239553265297.as_ref().expect("MIR value")).clone()) != ((__jet_v_487540165601637131.as_ref().expect("MIR value")).clone()));
       |

warning: unnecessary parentheses around function argument
      --> /jet/build/run.rs:238083:52
       |
238083 | ...me((((__jet_v_6024401694490221762.as_ref().expect("MIR value")).clone()) != ((__jet_v_3512836487248474609.as_ref().expect("MIR value")).clone())));
       |       ^                                                                                                                                            ^
       |
help: remove these parentheses
       |
238083 -                 __jet_v_8219992742972603778 = Some((((__jet_v_6024401694490221762.as_ref().expect("MIR value")).clone()) != ((__jet_v_3512836487248474609.as_ref().expect("MIR value")).clone())));
238083 +                 __jet_v_8219992742972603778 = Some(((__jet_v_6024401694490221762.as_ref().expect("MIR value")).clone()) != ((__jet_v_3512836487248474609.as_ref().expect("MIR value")).clone()));
       |

warning: unnecessary parentheses around function argument
      --> /jet/build/run.rs:238279:52
       |
238279 | ...me((((__jet_v_9300343732011158275.as_ref().expect("MIR value")).clone()) != ((__jet_v_16839434845939314730.as_ref().expect("MIR value")).clone())));
       |       ^                                                                                                                                             ^
       |
help: remove these parentheses
       |
238279 -                 __jet_v_9301564262527221250 = Some((((__jet_v_9300343732011158275.as_ref().expect("MIR value")).clone()) != ((__jet_v_16839434845939314730.as_ref().expect("MIR value")).clone())));
238279 +                 __jet_v_9301564262527221250 = Some(((__jet_v_9300343732011158275.as_ref().expect("MIR value")).clone()) != ((__jet_v_16839434845939314730.as_ref().expect("MIR value")).clone()));
       |

warning: unnecessary parentheses around function argument
      --> /jet/build/run.rs:238323:53
       |
238323 | ...me((((__jet_v_14184698424233153134.as_ref().expect("MIR value")).clone()) != ((__jet_v_15580549460964796884.as_ref().expect("MIR value")).clone())));
       |       ^                                                                                                                                              ^
       |
help: remove these parentheses
       |
238323 -                 __jet_v_16838333229730902260 = Some((((__jet_v_14184698424233153134.as_ref().expect("MIR value")).clone()) != ((__jet_v_15580549460964796884.as_ref().expect("MIR value")).clone())));
238323 +                 __jet_v_16838333229730902260 = Some(((__jet_v_14184698424233153134.as_ref().expect("MIR value")).clone()) != ((__jet_v_15580549460964796884.as_ref().expect("MIR value")).clone()));
       |

warning: unnecessary parentheses around function argument
      --> /jet/build/run.rs:238406:52
       |
238406 |                 __jet_v_6909176414810979758 = Some((!(*(__jet_v_8281039160397383180.as_ref().expect("MIR value")))));
       |                                                    ^                                                              ^
       |
help: remove these parentheses
       |
238406 -                 __jet_v_6909176414810979758 = Some((!(*(__jet_v_8281039160397383180.as_ref().expect("MIR value")))));
238406 +                 __jet_v_6909176414810979758 = Some(!(*(__jet_v_8281039160397383180.as_ref().expect("MIR value"))));
       |

warning: unnecessary parentheses around function argument
      --> /jet/build/run.rs:238491:52
       |
238491 | ...me((((__jet_v_1756059793118464885.as_ref().expect("MIR value")).clone()) != ((__jet_v_8987029218279581935.as_ref().expect("MIR value")).clone())));
       |       ^                                                                                                                                            ^
       |
help: remove these parentheses
       |
238491 -                 __jet_v_4805039722756426372 = Some((((__jet_v_1756059793118464885.as_ref().expect("MIR value")).clone()) != ((__jet_v_8987029218279581935.as_ref().expect("MIR value")).clone())));
238491 +                 __jet_v_4805039722756426372 = Some(((__jet_v_1756059793118464885.as_ref().expect("MIR value")).clone()) != ((__jet_v_8987029218279581935.as_ref().expect("MIR value")).clone()));
       |

warning: unused label
      --> /jet/build/run.rs:238530:5
       |
238530 |     'mir_dispatch: loop {
       |     ^^^^^^^^^^^^^

warning: unnecessary parentheses around function argument
      --> /jet/build/run.rs:239562:52
       |
239562 | ...me((((__jet_v_9072993325335434301.as_ref().expect("MIR value")).clone()) == ((__jet_v_15870560735169038511.as_ref().expect("MIR value")).clone())));
       |       ^                                                                                                                                             ^
       |
help: remove these parentheses
       |
239562 -                 __jet_v_6609432255776782311 = Some((((__jet_v_9072993325335434301.as_ref().expect("MIR value")).clone()) == ((__jet_v_15870560735169038511.as_ref().expect("MIR value")).clone())));
239562 +                 __jet_v_6609432255776782311 = Some(((__jet_v_9072993325335434301.as_ref().expect("MIR value")).clone()) == ((__jet_v_15870560735169038511.as_ref().expect("MIR value")).clone()));
       |

warning: unnecessary parentheses around function argument
      --> /jet/build/run.rs:239640:53
       |
239640 | ...me((((__jet_v_15268643019287977350.as_ref().expect("MIR value")).clone()) == ((__jet_v_14292725106962906820.as_ref().expect("MIR value")).clone())));
       |       ^                                                                                                                                              ^
       |
help: remove these parentheses
       |
239640 -                 __jet_v_10284155547488755521 = Some((((__jet_v_15268643019287977350.as_ref().expect("MIR value")).clone()) == ((__jet_v_14292725106962906820.as_ref().expect("MIR value")).clone())));
239640 +                 __jet_v_10284155547488755521 = Some(((__jet_v_15268643019287977350.as_ref().expect("MIR value")).clone()) == ((__jet_v_14292725106962906820.as_ref().expect("MIR value")).clone()));
       |

warning: unnecessary parentheses around function argument
      --> /jet/build/run.rs:239668:53
       |
239668 | ...me((((__jet_v_6325776717351140451.as_ref().expect("MIR value")).clone()) == ((__jet_v_3455906355451165443.as_ref().expect("MIR value")).clone())));
       |       ^                                                                                                                                            ^
       |
help: remove these parentheses
       |
239668 -                 __jet_v_14644660028045609575 = Some((((__jet_v_6325776717351140451.as_ref().expect("MIR value")).clone()) == ((__jet_v_3455906355451165443.as_ref().expect("MIR value")).clone())));
239668 +                 __jet_v_14644660028045609575 = Some(((__jet_v_6325776717351140451.as_ref().expect("MIR value")).clone()) == ((__jet_v_3455906355451165443.as_ref().expect("MIR value")).clone()));
       |

warning: unnecessary parentheses around function argument
      --> /jet/build/run.rs:239672:53
       |
239672 | ...me((((__jet_v_10207935866776749184.as_ref().expect("MIR value")).clone()) == ((__jet_v_9631758498981266592.as_ref().expect("MIR value")).clone())));
       |       ^                                                                                                                                             ^
       |
help: remove these parentheses
       |
239672 -                 __jet_v_12080707886131812298 = Some((((__jet_v_10207935866776749184.as_ref().expect("MIR value")).clone()) == ((__jet_v_9631758498981266592.as_ref().expect("MIR value")).clone())));
239672 +                 __jet_v_12080707886131812298 = Some(((__jet_v_10207935866776749184.as_ref().expect("MIR value")).clone()) == ((__jet_v_9631758498981266592.as_ref().expect("MIR value")).clone()));
       |

warning: unnecessary parentheses around function argument
      --> /jet/build/run.rs:239694:53
       |
239694 | ...me((((__jet_v_5131836290190294524.as_ref().expect("MIR value")).clone()) == ((__jet_v_424159188531635446.as_ref().expect("MIR value")).clone())));
       |       ^                                                                                                                                           ^
       |
help: remove these parentheses
       |
239694 -                 __jet_v_11516399429581100625 = Some((((__jet_v_5131836290190294524.as_ref().expect("MIR value")).clone()) == ((__jet_v_424159188531635446.as_ref().expect("MIR value")).clone())));
239694 +                 __jet_v_11516399429581100625 = Some(((__jet_v_5131836290190294524.as_ref().expect("MIR value")).clone()) == ((__jet_v_424159188531635446.as_ref().expect("MIR value")).clone()));
       |

warning: unnecessary parentheses around function argument
      --> /jet/build/run.rs:239907:52
       |
239907 | ...me((((__jet_v_12126676142357780562.as_ref().expect("MIR value")).clone()) == ((__jet_v_12958122604920655907.as_ref().expect("MIR value")).clone())));
       |       ^                                                                                                                                              ^
       |
help: remove these parentheses
       |
239907 -                 __jet_v_4607507322401514717 = Some((((__jet_v_12126676142357780562.as_ref().expect("MIR value")).clone()) == ((__jet_v_12958122604920655907.as_ref().expect("MIR value")).clone())));
239907 +                 __jet_v_4607507322401514717 = Some(((__jet_v_12126676142357780562.as_ref().expect("MIR value")).clone()) == ((__jet_v_12958122604920655907.as_ref().expect("MIR value")).clone()));
       |

warning: unnecessary parentheses around function argument
      --> /jet/build/run.rs:239979:53
       |
239979 | ...me((((__jet_v_8109666913160267596.as_ref().expect("MIR value")).clone()) == ((__jet_v_11101061850801720711.as_ref().expect("MIR value")).clone())));
       |       ^                                                                                                                                             ^
       |
help: remove these parentheses
       |
239979 -                 __jet_v_10048910176016984452 = Some((((__jet_v_8109666913160267596.as_ref().expect("MIR value")).clone()) == ((__jet_v_11101061850801720711.as_ref().expect("MIR value")).clone())));
239979 +                 __jet_v_10048910176016984452 = Some(((__jet_v_8109666913160267596.as_ref().expect("MIR value")).clone()) == ((__jet_v_11101061850801720711.as_ref().expect("MIR value")).clone()));
       |

warning: unnecessary parentheses around function argument
      --> /jet/build/run.rs:240076:53
       |
240076 | ...me((((__jet_v_11534908377852454736.as_ref().expect("MIR value")).clone()) == ((__jet_v_15822583889950584616.as_ref().expect("MIR value")).clone())));
       |       ^                                                                                                                                              ^
       |
help: remove these parentheses
       |
240076 -                 __jet_v_10503290519446197936 = Some((((__jet_v_11534908377852454736.as_ref().expect("MIR value")).clone()) == ((__jet_v_15822583889950584616.as_ref().expect("MIR value")).clone())));
240076 +                 __jet_v_10503290519446197936 = Some(((__jet_v_11534908377852454736.as_ref().expect("MIR value")).clone()) == ((__jet_v_15822583889950584616.as_ref().expect("MIR value")).clone()));
       |

warning: unnecessary parentheses around function argument
      --> /jet/build/run.rs:240137:52
       |
240137 | ...me((((__jet_v_14367519935100709607.as_ref().expect("MIR value")).clone()) == ((__jet_v_16325122105520879978.as_ref().expect("MIR value")).clone())));
       |       ^                                                                                                                                              ^
       |
help: remove these parentheses
       |
240137 -                 __jet_v_4129936545146275474 = Some((((__jet_v_14367519935100709607.as_ref().expect("MIR value")).clone()) == ((__jet_v_16325122105520879978.as_ref().expect("MIR value")).clone())));
240137 +                 __jet_v_4129936545146275474 = Some(((__jet_v_14367519935100709607.as_ref().expect("MIR value")).clone()) == ((__jet_v_16325122105520879978.as_ref().expect("MIR value")).clone()));
       |

warning: unnecessary parentheses around function argument
      --> /jet/build/run.rs:240343:53
       |
240343 | ...me((((__jet_v_14673448901105174485.as_ref().expect("MIR value")).clone()) == ((__jet_v_10041001820060894422.as_ref().expect("MIR value")).clone())));
       |       ^                                                                                                                                              ^
       |
help: remove these parentheses
       |
240343 -                 __jet_v_14569313038485106037 = Some((((__jet_v_14673448901105174485.as_ref().expect("MIR value")).clone()) == ((__jet_v_10041001820060894422.as_ref().expect("MIR value")).clone())));
240343 +                 __jet_v_14569313038485106037 = Some(((__jet_v_14673448901105174485.as_ref().expect("MIR value")).clone()) == ((__jet_v_10041001820060894422.as_ref().expect("MIR value")).clone()));
       |

warning: unnecessary parentheses around function argument
      --> /jet/build/run.rs:240374:52
       |
240374 | ...me((((__jet_v_14011887417384555628.as_ref().expect("MIR value")).clone()) == ((__jet_v_17193364476128966378.as_ref().expect("MIR value")).clone())));
       |       ^                                                                                                                                              ^
       |
help: remove these parentheses
       |
240374 -                 __jet_v_3840080384487261193 = Some((((__jet_v_14011887417384555628.as_ref().expect("MIR value")).clone()) == ((__jet_v_17193364476128966378.as_ref().expect("MIR value")).clone())));
240374 +                 __jet_v_3840080384487261193 = Some(((__jet_v_14011887417384555628.as_ref().expect("MIR value")).clone()) == ((__jet_v_17193364476128966378.as_ref().expect("MIR value")).clone()));
       |

warning: unnecessary parentheses around function argument
      --> /jet/build/run.rs:240433:53
       |
240433 | ...me((((__jet_v_965523359397550789.as_ref().expect("MIR value")).clone()) == ((__jet_v_7209084368798739382.as_ref().expect("MIR value")).clone())));
       |       ^                                                                                                                                           ^
       |
help: remove these parentheses
       |
240433 -                 __jet_v_15600506835990423283 = Some((((__jet_v_965523359397550789.as_ref().expect("MIR value")).clone()) == ((__jet_v_7209084368798739382.as_ref().expect("MIR value")).clone())));
240433 +                 __jet_v_15600506835990423283 = Some(((__jet_v_965523359397550789.as_ref().expect("MIR value")).clone()) == ((__jet_v_7209084368798739382.as_ref().expect("MIR value")).clone()));
       |

warning: unnecessary parentheses around function argument
      --> /jet/build/run.rs:240505:52
       |
240505 | ...me((((__jet_v_4128388200656043863.as_ref().expect("MIR value")).clone()) == ((__jet_v_3217822210570192770.as_ref().expect("MIR value")).clone())));
       |       ^                                                                                                                                            ^
       |
help: remove these parentheses
       |
240505 -                 __jet_v_3788202157234587121 = Some((((__jet_v_4128388200656043863.as_ref().expect("MIR value")).clone()) == ((__jet_v_3217822210570192770.as_ref().expect("MIR value")).clone())));
240505 +                 __jet_v_3788202157234587121 = Some(((__jet_v_4128388200656043863.as_ref().expect("MIR value")).clone()) == ((__jet_v_3217822210570192770.as_ref().expect("MIR value")).clone()));
       |

warning: unnecessary parentheses around function argument
      --> /jet/build/run.rs:240590:52
       |
240590 | ...me((((__jet_v_8437681330413096396.as_ref().expect("MIR value")).clone()) == ((__jet_v_93928797732992699.as_ref().expect("MIR value")).clone())));
       |       ^                                                                                                                                          ^
       |
help: remove these parentheses
       |
240590 -                 __jet_v_2773250458726087433 = Some((((__jet_v_8437681330413096396.as_ref().expect("MIR value")).clone()) == ((__jet_v_93928797732992699.as_ref().expect("MIR value")).clone())));
240590 +                 __jet_v_2773250458726087433 = Some(((__jet_v_8437681330413096396.as_ref().expect("MIR value")).clone()) == ((__jet_v_93928797732992699.as_ref().expect("MIR value")).clone()));
       |

warning: unnecessary parentheses around function argument
      --> /jet/build/run.rs:240744:52
       |
240744 | ...me((((__jet_v_15032885336951660940.as_ref().expect("MIR value")).clone()) == ((__jet_v_12896233485360916335.as_ref().expect("MIR value")).clone())));
       |       ^                                                                                                                                              ^
       |
help: remove these parentheses
       |
240744 -                 __jet_v_7795382055249348466 = Some((((__jet_v_15032885336951660940.as_ref().expect("MIR value")).clone()) == ((__jet_v_12896233485360916335.as_ref().expect("MIR value")).clone())));
240744 +                 __jet_v_7795382055249348466 = Some(((__jet_v_15032885336951660940.as_ref().expect("MIR value")).clone()) == ((__jet_v_12896233485360916335.as_ref().expect("MIR value")).clone()));
       |

warning: unnecessary parentheses around function argument
      --> /jet/build/run.rs:240840:53
       |
240840 | ...me((((__jet_v_14205014816303609437.as_ref().expect("MIR value")).clone()) == ((__jet_v_393801508412350417.as_ref().expect("MIR value")).clone())));
       |       ^                                                                                                                                            ^
       |
help: remove these parentheses
       |
240840 -                 __jet_v_18247624210400865502 = Some((((__jet_v_14205014816303609437.as_ref().expect("MIR value")).clone()) == ((__jet_v_393801508412350417.as_ref().expect("MIR value")).clone())));
240840 +                 __jet_v_18247624210400865502 = Some(((__jet_v_14205014816303609437.as_ref().expect("MIR value")).clone()) == ((__jet_v_393801508412350417.as_ref().expect("MIR value")).clone()));
       |

warning: unnecessary parentheses around function argument
      --> /jet/build/run.rs:240866:53
       |
240866 | ...me((((__jet_v_18064759735589945555.as_ref().expect("MIR value")).clone()) == ((__jet_v_205064797594980766.as_ref().expect("MIR value")).clone())));
       |       ^                                                                                                                                            ^
       |
help: remove these parentheses
       |
240866 -                 __jet_v_16376385896791070385 = Some((((__jet_v_18064759735589945555.as_ref().expect("MIR value")).clone()) == ((__jet_v_205064797594980766.as_ref().expect("MIR value")).clone())));
240866 +                 __jet_v_16376385896791070385 = Some(((__jet_v_18064759735589945555.as_ref().expect("MIR value")).clone()) == ((__jet_v_205064797594980766.as_ref().expect("MIR value")).clone()));
       |

warning: unnecessary parentheses around function argument
      --> /jet/build/run.rs:240949:52
       |
240949 | ...me((((__jet_v_6743117385595694228.as_ref().expect("MIR value")).clone()) == ((__jet_v_7070464216703171556.as_ref().expect("MIR value")).clone())));
       |       ^                                                                                                                                            ^
       |
help: remove these parentheses
       |
240949 -                 __jet_v_9501650990786307824 = Some((((__jet_v_6743117385595694228.as_ref().expect("MIR value")).clone()) == ((__jet_v_7070464216703171556.as_ref().expect("MIR value")).clone())));
240949 +                 __jet_v_9501650990786307824 = Some(((__jet_v_6743117385595694228.as_ref().expect("MIR value")).clone()) == ((__jet_v_7070464216703171556.as_ref().expect("MIR value")).clone()));
       |

warning: unnecessary parentheses around function argument
      --> /jet/build/run.rs:241013:52
       |
241013 | ...me((((__jet_v_15095534599410678408.as_ref().expect("MIR value")).clone()) == ((__jet_v_10499737790492925464.as_ref().expect("MIR value")).clone())));
       |       ^                                                                                                                                              ^
       |
help: remove these parentheses
       |
241013 -                 __jet_v_6522896765467740765 = Some((((__jet_v_15095534599410678408.as_ref().expect("MIR value")).clone()) == ((__jet_v_10499737790492925464.as_ref().expect("MIR value")).clone())));
241013 +                 __jet_v_6522896765467740765 = Some(((__jet_v_15095534599410678408.as_ref().expect("MIR value")).clone()) == ((__jet_v_10499737790492925464.as_ref().expect("MIR value")).clone()));
       |

warning: unnecessary parentheses around function argument
      --> /jet/build/run.rs:241090:52
       |
241090 | ...me((((__jet_v_5106192655100513073.as_ref().expect("MIR value")).clone()) == ((__jet_v_3178275859637331815.as_ref().expect("MIR value")).clone())));
       |       ^                                                                                                                                            ^
       |
help: remove these parentheses
       |
241090 -                 __jet_v_1702889709992927293 = Some((((__jet_v_5106192655100513073.as_ref().expect("MIR value")).clone()) == ((__jet_v_3178275859637331815.as_ref().expect("MIR value")).clone())));
241090 +                 __jet_v_1702889709992927293 = Some(((__jet_v_5106192655100513073.as_ref().expect("MIR value")).clone()) == ((__jet_v_3178275859637331815.as_ref().expect("MIR value")).clone()));
       |

warning: unnecessary parentheses around function argument
      --> /jet/build/run.rs:241111:51
       |
241111 | ...me((((__jet_v_851293417301884241.as_ref().expect("MIR value")).clone()) == ((__jet_v_1603747898891613245.as_ref().expect("MIR value")).clone())));
       |       ^                                                                                                                                           ^
       |
help: remove these parentheses
       |
241111 -                 __jet_v_139015748989228395 = Some((((__jet_v_851293417301884241.as_ref().expect("MIR value")).clone()) == ((__jet_v_1603747898891613245.as_ref().expect("MIR value")).clone())));
241111 +                 __jet_v_139015748989228395 = Some(((__jet_v_851293417301884241.as_ref().expect("MIR value")).clone()) == ((__jet_v_1603747898891613245.as_ref().expect("MIR value")).clone()));
       |

warning: unnecessary parentheses around function argument
      --> /jet/build/run.rs:242015:53
       |
242015 | ...me((((__jet_v_5575913267601495361.as_ref().expect("MIR value")).clone()) == ((__jet_v_11903116738650821368.as_ref().expect("MIR value")).clone())));
       |       ^                                                                                                                                             ^
       |
help: remove these parentheses
       |
242015 -                 __jet_v_12589528878072128141 = Some((((__jet_v_5575913267601495361.as_ref().expect("MIR value")).clone()) == ((__jet_v_11903116738650821368.as_ref().expect("MIR value")).clone())));
242015 +                 __jet_v_12589528878072128141 = Some(((__jet_v_5575913267601495361.as_ref().expect("MIR value")).clone()) == ((__jet_v_11903116738650821368.as_ref().expect("MIR value")).clone()));
       |

warning: unnecessary parentheses around function argument
      --> /jet/build/run.rs:242151:52
       |
242151 | ...me((((__jet_v_8453180458361601185.as_ref().expect("MIR value")).clone()) != ((__jet_v_13702004062874935747.as_ref().expect("MIR value")).clone())));
       |       ^                                                                                                                                             ^
       |
help: remove these parentheses
       |
242151 -                 __jet_v_1437941765690705716 = Some((((__jet_v_8453180458361601185.as_ref().expect("MIR value")).clone()) != ((__jet_v_13702004062874935747.as_ref().expect("MIR value")).clone())));
242151 +                 __jet_v_1437941765690705716 = Some(((__jet_v_8453180458361601185.as_ref().expect("MIR value")).clone()) != ((__jet_v_13702004062874935747.as_ref().expect("MIR value")).clone()));
       |

warning: unnecessary parentheses around function argument
      --> /jet/build/run.rs:242262:52
       |
242262 |                 __jet_v_9207620628611751641 = Some((!(*(__jet_v_6878605135567215559.as_ref().expect("MIR value")))));
       |                                                    ^                                                              ^
       |
help: remove these parentheses
       |
242262 -                 __jet_v_9207620628611751641 = Some((!(*(__jet_v_6878605135567215559.as_ref().expect("MIR value")))));
242262 +                 __jet_v_9207620628611751641 = Some(!(*(__jet_v_6878605135567215559.as_ref().expect("MIR value"))));
       |

warning: unnecessary parentheses around function argument
      --> /jet/build/run.rs:243012:52
       |
243012 |                 __jet_v_6309543208826205489 = Some((!(*(__jet_v_6801806859607370821.as_ref().expect("MIR value")))));
       |                                                    ^                                                              ^
       |
help: remove these parentheses
       |
243012 -                 __jet_v_6309543208826205489 = Some((!(*(__jet_v_6801806859607370821.as_ref().expect("MIR value")))));
243012 +                 __jet_v_6309543208826205489 = Some(!(*(__jet_v_6801806859607370821.as_ref().expect("MIR value"))));
       |

warning: unused label
      --> /jet/build/run.rs:244427:5
       |
244427 |     'mir_dispatch: loop {
       |     ^^^^^^^^^^^^^

warning: unnecessary parentheses around function argument
      --> /jet/build/run.rs:244537:52
       |
244537 | ...me((((__jet_v_15971105256249394219.as_ref().expect("MIR value")).clone()) != ((__jet_v_8741186963253385360.as_ref().expect("MIR value")).clone())));
       |       ^                                                                                                                                             ^
       |
help: remove these parentheses
       |
244537 -                 __jet_v_3952288206775504265 = Some((((__jet_v_15971105256249394219.as_ref().expect("MIR value")).clone()) != ((__jet_v_8741186963253385360.as_ref().expect("MIR value")).clone())));
244537 +                 __jet_v_3952288206775504265 = Some(((__jet_v_15971105256249394219.as_ref().expect("MIR value")).clone()) != ((__jet_v_8741186963253385360.as_ref().expect("MIR value")).clone()));
       |

warning: unnecessary parentheses around function argument
      --> /jet/build/run.rs:244540:52
       |
244540 | ...me((((__jet_v_15331340371687266859.as_ref().expect("MIR value")).clone()) != ((__jet_v_4995604298554599898.as_ref().expect("MIR value")).clone())));
       |       ^                                                                                                                                             ^
       |
help: remove these parentheses
       |
244540 -                 __jet_v_8389918911614368302 = Some((((__jet_v_15331340371687266859.as_ref().expect("MIR value")).clone()) != ((__jet_v_4995604298554599898.as_ref().expect("MIR value")).clone())));
244540 +                 __jet_v_8389918911614368302 = Some(((__jet_v_15331340371687266859.as_ref().expect("MIR value")).clone()) != ((__jet_v_4995604298554599898.as_ref().expect("MIR value")).clone()));
       |

warning: unnecessary parentheses around function argument
      --> /jet/build/run.rs:244541:52
       |
244541 | ...me((((__jet_v_3952288206775504265.as_ref().expect("MIR value")).clone()) && ((__jet_v_8389918911614368302.as_ref().expect("MIR value")).clone())));
       |       ^                                                                                                                                            ^
       |
help: remove these parentheses
       |
244541 -                 __jet_v_5080571117175776206 = Some((((__jet_v_3952288206775504265.as_ref().expect("MIR value")).clone()) && ((__jet_v_8389918911614368302.as_ref().expect("MIR value")).clone())));
244541 +                 __jet_v_5080571117175776206 = Some(((__jet_v_3952288206775504265.as_ref().expect("MIR value")).clone()) && ((__jet_v_8389918911614368302.as_ref().expect("MIR value")).clone()));
       |

warning: unnecessary parentheses around function argument
      --> /jet/build/run.rs:244803:53
       |
244803 |                 __jet_v_12426093912003291567 = Some((!(*(__jet_v_13619309742320333215.as_ref().expect("MIR value")))));
       |                                                     ^                                                               ^
       |
help: remove these parentheses
       |
244803 -                 __jet_v_12426093912003291567 = Some((!(*(__jet_v_13619309742320333215.as_ref().expect("MIR value")))));
244803 +                 __jet_v_12426093912003291567 = Some(!(*(__jet_v_13619309742320333215.as_ref().expect("MIR value"))));
       |

warning: unnecessary parentheses around function argument
      --> /jet/build/run.rs:244866:52
       |
244866 | ...me((((__jet_v_5758057552735410150.as_ref().expect("MIR value")).clone()) > ((__jet_v_14996130362700936654.as_ref().expect("MIR value")).clone())));
       |       ^                                                                                                                                            ^
       |
help: remove these parentheses
       |
244866 -                 __jet_v_1525995978503927068 = Some((((__jet_v_5758057552735410150.as_ref().expect("MIR value")).clone()) > ((__jet_v_14996130362700936654.as_ref().expect("MIR value")).clone())));
244866 +                 __jet_v_1525995978503927068 = Some(((__jet_v_5758057552735410150.as_ref().expect("MIR value")).clone()) > ((__jet_v_14996130362700936654.as_ref().expect("MIR value")).clone()));
       |

warning: unused label
      --> /jet/build/run.rs:245081:5
       |
245081 |     'mir_dispatch: loop {
       |     ^^^^^^^^^^^^^

warning: unused label
      --> /jet/build/run.rs:245119:5
       |
245119 |     'mir_dispatch: loop {
       |     ^^^^^^^^^^^^^

warning: unused label
      --> /jet/build/run.rs:245926:5
       |
245926 |     'mir_dispatch: loop {
       |     ^^^^^^^^^^^^^

warning: unnecessary parentheses around function argument
      --> /jet/build/run.rs:246027:53
       |
246027 |                 __jet_v_15550775981858213590 = Some((!(*(__jet_v_15101129438122007131.as_ref().expect("MIR value")))));
       |                                                     ^                                                               ^
       |
help: remove these parentheses
       |
246027 -                 __jet_v_15550775981858213590 = Some((!(*(__jet_v_15101129438122007131.as_ref().expect("MIR value")))));
246027 +                 __jet_v_15550775981858213590 = Some(!(*(__jet_v_15101129438122007131.as_ref().expect("MIR value"))));
       |

warning: unnecessary parentheses around function argument
      --> /jet/build/run.rs:246207:53
       |
246207 |                 __jet_v_17235158484454426592 = Some((!(*(__jet_v_14996850674950949296.as_ref().expect("MIR value")))));
       |                                                     ^                                                               ^
       |
help: remove these parentheses
       |
246207 -                 __jet_v_17235158484454426592 = Some((!(*(__jet_v_14996850674950949296.as_ref().expect("MIR value")))));
246207 +                 __jet_v_17235158484454426592 = Some(!(*(__jet_v_14996850674950949296.as_ref().expect("MIR value"))));
       |

warning: unnecessary parentheses around function argument
      --> /jet/build/run.rs:246227:53
       |
246227 | ...me((((__jet_v_14150472992131431286.as_ref().expect("MIR value")).clone()) > ((__jet_v_14241972320161588728.as_ref().expect("MIR value")).clone())));
       |       ^                                                                                                                                             ^
       |
help: remove these parentheses
       |
246227 -                 __jet_v_17504453274808763926 = Some((((__jet_v_14150472992131431286.as_ref().expect("MIR value")).clone()) > ((__jet_v_14241972320161588728.as_ref().expect("MIR value")).clone())));
246227 +                 __jet_v_17504453274808763926 = Some(((__jet_v_14150472992131431286.as_ref().expect("MIR value")).clone()) > ((__jet_v_14241972320161588728.as_ref().expect("MIR value")).clone()));
       |

warning: unnecessary parentheses around function argument
      --> /jet/build/run.rs:246313:53
       |
246313 | ...me((((__jet_v_10407983091637712327.as_ref().expect("MIR value")).clone()) != ((__jet_v_4034311411553983048.as_ref().expect("MIR value")).clone())));
       |       ^                                                                                                                                             ^
       |
help: remove these parentheses
       |
246313 -                 __jet_v_17227670324227589373 = Some((((__jet_v_10407983091637712327.as_ref().expect("MIR value")).clone()) != ((__jet_v_4034311411553983048.as_ref().expect("MIR value")).clone())));
246313 +                 __jet_v_17227670324227589373 = Some(((__jet_v_10407983091637712327.as_ref().expect("MIR value")).clone()) != ((__jet_v_4034311411553983048.as_ref().expect("MIR value")).clone()));
       |

warning: unnecessary parentheses around function argument
      --> /jet/build/run.rs:246337:53
       |
246337 | ...me((((__jet_v_17738822453610279943.as_ref().expect("MIR value")).clone()) != ((__jet_v_6977554426992048402.as_ref().expect("MIR value")).clone())));
       |       ^                                                                                                                                             ^
       |
help: remove these parentheses
       |
246337 -                 __jet_v_15497918051504799420 = Some((((__jet_v_17738822453610279943.as_ref().expect("MIR value")).clone()) != ((__jet_v_6977554426992048402.as_ref().expect("MIR value")).clone())));
246337 +                 __jet_v_15497918051504799420 = Some(((__jet_v_17738822453610279943.as_ref().expect("MIR value")).clone()) != ((__jet_v_6977554426992048402.as_ref().expect("MIR value")).clone()));
       |

warning: unnecessary parentheses around function argument
      --> /jet/build/run.rs:246807:52
       |
246807 | ...me((((__jet_v_5045487257317371179.as_ref().expect("MIR value")).clone()) == ((__jet_v_3094345979978145396.as_ref().expect("MIR value")).clone())));
       |       ^                                                                                                                                            ^
       |
help: remove these parentheses
       |
246807 -                 __jet_v_8267413393462607150 = Some((((__jet_v_5045487257317371179.as_ref().expect("MIR value")).clone()) == ((__jet_v_3094345979978145396.as_ref().expect("MIR value")).clone())));
246807 +                 __jet_v_8267413393462607150 = Some(((__jet_v_5045487257317371179.as_ref().expect("MIR value")).clone()) == ((__jet_v_3094345979978145396.as_ref().expect("MIR value")).clone()));
       |

warning: unnecessary parentheses around function argument
      --> /jet/build/run.rs:246896:52
       |
246896 | ...me((((__jet_v_3793633752174955227.as_ref().expect("MIR value")).clone()) != ((__jet_v_17457882236402667927.as_ref().expect("MIR value")).clone())));
       |       ^                                                                                                                                             ^
       |
help: remove these parentheses
       |
246896 -                 __jet_v_2215778874930120084 = Some((((__jet_v_3793633752174955227.as_ref().expect("MIR value")).clone()) != ((__jet_v_17457882236402667927.as_ref().expect("MIR value")).clone())));
246896 +                 __jet_v_2215778874930120084 = Some(((__jet_v_3793633752174955227.as_ref().expect("MIR value")).clone()) != ((__jet_v_17457882236402667927.as_ref().expect("MIR value")).clone()));
       |

warning: unnecessary parentheses around function argument
      --> /jet/build/run.rs:246963:52
       |
246963 | ...me((((__jet_v_16562229099843947152.as_ref().expect("MIR value")).clone()) <= ((__jet_v_13737742250970143790.as_ref().expect("MIR value")).clone())));
       |       ^                                                                                                                                              ^
       |
help: remove these parentheses
       |
246963 -                 __jet_v_4438228071513737846 = Some((((__jet_v_16562229099843947152.as_ref().expect("MIR value")).clone()) <= ((__jet_v_13737742250970143790.as_ref().expect("MIR value")).clone())));
246963 +                 __jet_v_4438228071513737846 = Some(((__jet_v_16562229099843947152.as_ref().expect("MIR value")).clone()) <= ((__jet_v_13737742250970143790.as_ref().expect("MIR value")).clone()));
       |

warning: unnecessary parentheses around function argument
      --> /jet/build/run.rs:247021:52
       |
247021 | ...me((((__jet_v_16308168814659514212.as_ref().expect("MIR value")).clone()) == ((__jet_v_9508825925458737131.as_ref().expect("MIR value")).clone())));
       |       ^                                                                                                                                             ^
       |
help: remove these parentheses
       |
247021 -                 __jet_v_3605898155811708313 = Some((((__jet_v_16308168814659514212.as_ref().expect("MIR value")).clone()) == ((__jet_v_9508825925458737131.as_ref().expect("MIR value")).clone())));
247021 +                 __jet_v_3605898155811708313 = Some(((__jet_v_16308168814659514212.as_ref().expect("MIR value")).clone()) == ((__jet_v_9508825925458737131.as_ref().expect("MIR value")).clone()));
       |

warning: unnecessary parentheses around function argument
      --> /jet/build/run.rs:247395:53
       |
247395 |                 __jet_v_17985567503123435391 = Some((!(*(__jet_v_15792051703315571687.as_ref().expect("MIR value")))));
       |                                                     ^                                                               ^
       |
help: remove these parentheses
       |
247395 -                 __jet_v_17985567503123435391 = Some((!(*(__jet_v_15792051703315571687.as_ref().expect("MIR value")))));
247395 +                 __jet_v_17985567503123435391 = Some(!(*(__jet_v_15792051703315571687.as_ref().expect("MIR value"))));
       |

warning: unnecessary parentheses around function argument
      --> /jet/build/run.rs:247443:53
       |
247443 |                 __jet_v_17344222170462910004 = Some((!(*(__jet_v_18098113679621665293.as_ref().expect("MIR value")))));
       |                                                     ^                                                               ^
       |
help: remove these parentheses
       |
247443 -                 __jet_v_17344222170462910004 = Some((!(*(__jet_v_18098113679621665293.as_ref().expect("MIR value")))));
247443 +                 __jet_v_17344222170462910004 = Some(!(*(__jet_v_18098113679621665293.as_ref().expect("MIR value"))));
       |

warning: unnecessary parentheses around function argument
      --> /jet/build/run.rs:247535:51
       |
247535 |                 __jet_v_735896351513563802 = Some((!(*(__jet_v_7037005511319127167.as_ref().expect("MIR value")))));
       |                                                   ^                                                              ^
       |
help: remove these parentheses
       |
247535 -                 __jet_v_735896351513563802 = Some((!(*(__jet_v_7037005511319127167.as_ref().expect("MIR value")))));
247535 +                 __jet_v_735896351513563802 = Some(!(*(__jet_v_7037005511319127167.as_ref().expect("MIR value"))));
       |

warning: unused label
      --> /jet/build/run.rs:247758:5
       |
247758 |     'mir_dispatch: loop {
       |     ^^^^^^^^^^^^^

warning: unnecessary parentheses around function argument
      --> /jet/build/run.rs:248131:52
       |
248131 | ...me((((__jet_v_6963660748918495353.as_ref().expect("MIR value")).clone()) > ((__jet_v_16508882706686660511.as_ref().expect("MIR value")).clone())));
       |       ^                                                                                                                                            ^
       |
help: remove these parentheses
       |
248131 -                 __jet_v_5252667649826504058 = Some((((__jet_v_6963660748918495353.as_ref().expect("MIR value")).clone()) > ((__jet_v_16508882706686660511.as_ref().expect("MIR value")).clone())));
248131 +                 __jet_v_5252667649826504058 = Some(((__jet_v_6963660748918495353.as_ref().expect("MIR value")).clone()) > ((__jet_v_16508882706686660511.as_ref().expect("MIR value")).clone()));
       |

warning: unnecessary parentheses around function argument
      --> /jet/build/run.rs:248159:52
       |
248159 |                 __jet_v_2283371869498746625 = Some((!(*(__jet_v_4571854534378068379.as_ref().expect("MIR value")))));
       |                                                    ^                                                              ^
       |
help: remove these parentheses
       |
248159 -                 __jet_v_2283371869498746625 = Some((!(*(__jet_v_4571854534378068379.as_ref().expect("MIR value")))));
248159 +                 __jet_v_2283371869498746625 = Some(!(*(__jet_v_4571854534378068379.as_ref().expect("MIR value"))));
       |

warning: unreachable call
      --> /jet/build/run.rs:181582:47
       |
181582 | ... = Some(jet_panic_rich("run.jet", 1485u32, "criteri...) { String::new() } else { String::new() }));
       |       ^^^^ -------------------------------------------...------------------------------------------- any code following this expression is unreachable
       |       |
       |       unreachable call
       |
       = note: `#[warn(unreachable_code)]` (part of `#[warn(unused)]`) on by default

error[E0308]: mismatched types
      --> /jet/build/run.rs:184293:52
       |
184293 | ...56746504341605 = Some(jet_datatree_to_text(__jet_v_11093439000369641671.as_ref().expect("MIR value")));
       |                     ---- ^^^^^^^^^^^^^^^^^^^^^^^^^^^^^^^^^^^^^^^^^^^^^^^^^^^^^^^^^^^^^^^^^^^^^^^^^^^^^^^ expected `Result<String, JetAbsent>`, found `Option<String>`
       |                     |
       |                     arguments to this enum variant are incorrect
       |
       = note: expected enum `Result<String, JetAbsent>`
                  found enum `Option<String>`
help: the type constructed contains `Option<String>` due to the type of the argument passed
      --> /jet/build/run.rs:184293:47
       |
184293 | ...746504341605 = Some(jet_datatree_to_text(__jet_v_11093439000369641671.as_ref().expect("MIR value")));
       |                   ^^^^^-------------------------------------------------------------------------------^
       |                        |
       |                        this argument influences the type of `Some`
note: tuple variant defined here
      --> /rustc/8bab26f4f68e0e26f0bb7960be334d5b520ea452/library/core/src/option.rs:605:4

warning: unreachable call
      --> /jet/build/run.rs:185709:47
       |
185709 | ... = Some(jet_panic_rich("run.jet", 2280u32, "parse_v...) { String::new() } else { String::new() }));
       |       ^^^^ -------------------------------------------...------------------------------------------- any code following this expression is unreachable
       |       |
       |       unreachable call

error[E0308]: mismatched types
      --> /jet/build/run.rs:186637:53
       |
186637 | ...0 = Some(jet_unicode_trim_view(__jet_l_16162227769980092020.as_ref().expect("MIR local")));
       |        ---- ^^^^^^^^^^^^^^^^^^^^^^^^^^^^^^^^^^^^^^^^^^^^^^^^^^^^^^^^^^^^^^^^^^^^^^^^^^^^^^^^ expected `String`, found `&str`
       |        |
       |        arguments to this enum variant are incorrect
       |
help: the type constructed contains `&str` due to the type of the argument passed
      --> /jet/build/run.rs:186637:48
       |
186637 | ...183469288770 = Some(jet_unicode_trim_view(__jet_l_16162227769980092020.as_ref().expect("MIR local")));
       |                   ^^^^^--------------------------------------------------------------------------------^
       |                        |
       |                        this argument influences the type of `Some`
note: tuple variant defined here
      --> /rustc/8bab26f4f68e0e26f0bb7960be334d5b520ea452/library/core/src/option.rs:605:4
help: try using a conversion method
       |
186637 |                 __jet_v_17575398183469288770 = Some(jet_unicode_trim_view(__jet_l_16162227769980092020.as_ref().expect("MIR local")).to_string());
       |                                                                                                                                     ++++++++++++

warning: unreachable call
      --> /jet/build/run.rs:187366:48
       |
187366 | ... = Some(jet_panic_rich("run.jet", 1238u32, "milesto...e()).jet_debug()) } else { String::new() }));
       |       ^^^^ -------------------------------------------...------------------------------------------- any code following this expression is unreachable
       |       |
       |       unreachable call

warning: unreachable call
      --> /jet/build/run.rs:187378:48
       |
187378 | ... = Some(jet_panic_rich("run.jet", 1250u32, "milesto...e()).jet_debug()) } else { String::new() }));
       |       ^^^^ -------------------------------------------...------------------------------------------- any code following this expression is unreachable
       |       |
       |       unreachable call

error[E0605]: non-primitive cast: `i128` as `jet_foundation_numeric::JetInt`
      --> /jet/build/run.rs:187515:265
       |
187515 | ...et_conversion_value) => Ok((__jet_conversion_value) as jet_foundation::Numeric::JetInt), Err(__jet_conversion_error) => Err(_...
       |                               ^^^^^^^^^^^^^^^^^^^^^^^^^^^^^^^^^^^^^^^^^^^^^^^^^^^^^^^^^^^ an `as` expression can only be used to convert between primitive types or to coerce to a specific trait object

warning: unreachable call
      --> /jet/build/run.rs:188151:48
       |
188151 | ... = Some(jet_panic_rich("run.jet", 2561u32, "serve",...) { String::new() } else { String::new() }));
       |       ^^^^ -------------------------------------------...------------------------------------------- any code following this expression is unreachable
       |       |
       |       unreachable call

error[E0631]: type mismatch in closure arguments
      --> /jet/build/run.rs:188186:1518
       |
188186 | ...ew(move |mut __jet_req: JetHTTPRequest| { let _ = (&__jet_history_keep, &__jet_history_ticket); let mut __jet_history_guard = __jet_history_owner.lock().unwrap_or_else(|error| error.into_inner()); let __jet_history_env = & *__jet_history_guard; jet_history_with_types(__jet_history_env.0.clone(), || __jet__shome_snate_sProjects_sGithub_sjet_sdogfood_stower_c_crun_djet_c_cserve_c_clambda_x4095878_d_d95914(__jet_req)) }); jet_history_register_send_callback(__jet_history_callback, &...
       |       ------------------------------------ found signature defined here                                                                                                                                                                                                                                                                                                                                                                                                      ^^^^^^^^^^^^^^^^^^^^^^ expected due to this
       |
       = note: expected closure signature `for<'a> fn(&'a JetHTTPRequest) -> _`
                  found closure signature `fn(JetHTTPRequest) -> _`
       = note: required for the cast from `Arc<{closure@/jet/build/run.rs:188186:1063: 188186:1099}>` to `Arc<dyn Fn(&JetHTTPRequest) -> Result<..., ...> + Send + Sync>`
       = note: the full name for the type has been written to 'build/.work..test_run.870303.870303/.test_run.long-type-13389276874856787037.txt'
       = note: consider using `--verbose` to print the full type name to the console
help: consider adjusting the signature so it borrows its argument
       |
188186 |                 __jet_v_9934266498266040235 = Some({  let __jet_history_owner = std::sync::Arc::new(std::sync::Mutex::new((__jet_history_types.clone(),))); let __jet_history_reader: std::sync::Arc<JetHistorySendCaptureReader<'_>> = { let __jet_history_owner = __jet_history_owner.clone(); std::sync::Arc::new(move || { let __jet_history_guard = __jet_history_owner.try_lock().map_err(|_| "history captures are busy".to_string())?; let __jet_history_env = &*__jet_history_guard; let __jet_history_types = &__jet_history_env.0; let __jet_history_depth = 0usize;  Ok(jet_std::DataTree::Object(vec![("function_identity".to_string(), jet_std::DataTree::Text("function:/home/nate/Projects/Github/jet/dogfood/tower::run.jet::serve::lambda@95878..95914:95878-95914".to_string())), ("captures".to_string(), jet_std::DataTree::Array(vec![]))])) }) }; let __jet_history_keep = __jet_history_reader.clone(); let __jet_history_ticket = JetHistorySendTicket::default(); let __jet_history_life = __jet_history_ticket.0.clone(); let __jet_history_callback = std::sync::Arc::new(move |mut __jet_req: &JetHTTPRequest| { let _ = (&__jet_history_keep, &__jet_history_ticket); let mut __jet_history_guard = __jet_history_owner.lock().unwrap_or_else(|error| error.into_inner()); let __jet_history_env = & *__jet_history_guard; jet_history_with_types(__jet_history_env.0.clone(), || __jet__shome_snate_sProjects_sGithub_sjet_sdogfood_stower_c_crun_djet_c_cserve_c_clambda_x4095878_d_d95914(__jet_req)) }); jet_history_register_send_callback(__jet_history_callback, &__jet_history_reader, &__jet_history_life) });
       |                                                                                                                                                                                                                                                                                                                                                                                                                                                                                                                                                                                                                                                                                                                                                                                                                                                                                                                                                                                                                                                                                                                            +

error[E0631]: type mismatch in closure arguments
      --> /jet/build/run.rs:188190:1519
       |
188190 | ...ew(move |mut __jet_req: JetHTTPRequest| { let _ = (&__jet_history_keep, &__jet_history_ticket); let mut __jet_history_guard = __jet_history_owner.lock().unwrap_or_else(|error| error.into_inner()); let __jet_history_env = & *__jet_history_guard; jet_history_with_types(__jet_history_env.0.clone(), || __jet__shome_snate_sProjects_sGithub_sjet_sdogfood_stower_c_crun_djet_c_cserve_c_clambda_x4095948_d_d95984(__jet_req)) }); jet_history_register_send_callback(__jet_history_callback, &...
       |       ------------------------------------ found signature defined here                                                                                                                                                                                                                                                                                                                                                                                                      ^^^^^^^^^^^^^^^^^^^^^^ expected due to this
       |
       = note: expected closure signature `for<'a> fn(&'a JetHTTPRequest) -> _`
                  found closure signature `fn(JetHTTPRequest) -> _`
       = note: required for the cast from `Arc<{closure@/jet/build/run.rs:188190:1064: 188190:1100}>` to `Arc<dyn Fn(&JetHTTPRequest) -> Result<..., ...> + Send + Sync>`
       = note: the full name for the type has been written to 'build/.work..test_run.870303.870303/.test_run.long-type-6128807065814184287.txt'
       = note: consider using `--verbose` to print the full type name to the console
help: consider adjusting the signature so it borrows its argument
       |
188190 |                 __jet_v_16983645687860173703 = Some({  let __jet_history_owner = std::sync::Arc::new(std::sync::Mutex::new((__jet_history_types.clone(),))); let __jet_history_reader: std::sync::Arc<JetHistorySendCaptureReader<'_>> = { let __jet_history_owner = __jet_history_owner.clone(); std::sync::Arc::new(move || { let __jet_history_guard = __jet_history_owner.try_lock().map_err(|_| "history captures are busy".to_string())?; let __jet_history_env = &*__jet_history_guard; let __jet_history_types = &__jet_history_env.0; let __jet_history_depth = 0usize;  Ok(jet_std::DataTree::Object(vec![("function_identity".to_string(), jet_std::DataTree::Text("function:/home/nate/Projects/Github/jet/dogfood/tower::run.jet::serve::lambda@95948..95984:95948-95984".to_string())), ("captures".to_string(), jet_std::DataTree::Array(vec![]))])) }) }; let __jet_history_keep = __jet_history_reader.clone(); let __jet_history_ticket = JetHistorySendTicket::default(); let __jet_history_life = __jet_history_ticket.0.clone(); let __jet_history_callback = std::sync::Arc::new(move |mut __jet_req: &JetHTTPRequest| { let _ = (&__jet_history_keep, &__jet_history_ticket); let mut __jet_history_guard = __jet_history_owner.lock().unwrap_or_else(|error| error.into_inner()); let __jet_history_env = & *__jet_history_guard; jet_history_with_types(__jet_history_env.0.clone(), || __jet__shome_snate_sProjects_sGithub_sjet_sdogfood_stower_c_crun_djet_c_cserve_c_clambda_x4095948_d_d95984(__jet_req)) }); jet_history_register_send_callback(__jet_history_callback, &__jet_history_reader, &__jet_history_life) });
       |                                                                                                                                                                                                                                                                                                                                                                                                                                                                                                                                                                                                                                                                                                                                                                                                                                                                                                                                                                                                                                                                                                                             +

error[E0631]: type mismatch in closure arguments
      --> /jet/build/run.rs:188194:1519
       |
188194 | ...ew(move |mut __jet_req: JetHTTPRequest| { let _ = (&__jet_history_keep, &__jet_history_ticket); let mut __jet_history_guard = __jet_history_owner.lock().unwrap_or_else(|error| error.into_inner()); let __jet_history_env = & *__jet_history_guard; jet_history_with_types(__jet_history_env.0.clone(), || __jet__shome_snate_sProjects_sGithub_sjet_sdogfood_stower_c_crun_djet_c_cserve_c_clambda_x4096017_d_d96051(__jet_req)) }); jet_history_register_send_callback(__jet_history_callback, &...
       |       ------------------------------------ found signature defined here                                                                                                                                                                                                                                                                                                                                                                                                      ^^^^^^^^^^^^^^^^^^^^^^ expected due to this
       |
       = note: expected closure signature `for<'a> fn(&'a JetHTTPRequest) -> _`
                  found closure signature `fn(JetHTTPRequest) -> _`
       = note: required for the cast from `Arc<{closure@/jet/build/run.rs:188194:1064: 188194:1100}>` to `Arc<dyn Fn(&JetHTTPRequest) -> Result<..., ...> + Send + Sync>`
       = note: the full name for the type has been written to 'build/.work..test_run.870303.870303/.test_run.long-type-3373482981203986275.txt'
       = note: consider using `--verbose` to print the full type name to the console
help: consider adjusting the signature so it borrows its argument
       |
188194 |                 __jet_v_14067094540354068593 = Some({  let __jet_history_owner = std::sync::Arc::new(std::sync::Mutex::new((__jet_history_types.clone(),))); let __jet_history_reader: std::sync::Arc<JetHistorySendCaptureReader<'_>> = { let __jet_history_owner = __jet_history_owner.clone(); std::sync::Arc::new(move || { let __jet_history_guard = __jet_history_owner.try_lock().map_err(|_| "history captures are busy".to_string())?; let __jet_history_env = &*__jet_history_guard; let __jet_history_types = &__jet_history_env.0; let __jet_history_depth = 0usize;  Ok(jet_std::DataTree::Object(vec![("function_identity".to_string(), jet_std::DataTree::Text("function:/home/nate/Projects/Github/jet/dogfood/tower::run.jet::serve::lambda@96017..96051:96017-96051".to_string())), ("captures".to_string(), jet_std::DataTree::Array(vec![]))])) }) }; let __jet_history_keep = __jet_history_reader.clone(); let __jet_history_ticket = JetHistorySendTicket::default(); let __jet_history_life = __jet_history_ticket.0.clone(); let __jet_history_callback = std::sync::Arc::new(move |mut __jet_req: &JetHTTPRequest| { let _ = (&__jet_history_keep, &__jet_history_ticket); let mut __jet_history_guard = __jet_history_owner.lock().unwrap_or_else(|error| error.into_inner()); let __jet_history_env = & *__jet_history_guard; jet_history_with_types(__jet_history_env.0.clone(), || __jet__shome_snate_sProjects_sGithub_sjet_sdogfood_stower_c_crun_djet_c_cserve_c_clambda_x4096017_d_d96051(__jet_req)) }); jet_history_register_send_callback(__jet_history_callback, &__jet_history_reader, &__jet_history_life) });
       |                                                                                                                                                                                                                                                                                                                                                                                                                                                                                                                                                                                                                                                                                                                                                                                                                                                                                                                                                                                                                                                                                                                             +

error[E0631]: type mismatch in closure arguments
      --> /jet/build/run.rs:188198:1518
       |
188198 | ...ew(move |mut __jet_req: JetHTTPRequest| { let _ = (&__jet_history_keep, &__jet_history_ticket); let mut __jet_history_guard = __jet_history_owner.lock().unwrap_or_else(|error| error.into_inner()); let __jet_history_env = & *__jet_history_guard; jet_history_with_types(__jet_history_env.0.clone(), || __jet__shome_snate_sProjects_sGithub_sjet_sdogfood_stower_c_crun_djet_c_cserve_c_clambda_x4096083_d_d96116(__jet_req)) }); jet_history_register_send_callback(__jet_history_callback, &...
       |       ------------------------------------ found signature defined here                                                                                                                                                                                                                                                                                                                                                                                                      ^^^^^^^^^^^^^^^^^^^^^^ expected due to this
       |
       = note: expected closure signature `for<'a> fn(&'a JetHTTPRequest) -> _`
                  found closure signature `fn(JetHTTPRequest) -> _`
       = note: required for the cast from `Arc<{closure@/jet/build/run.rs:188198:1063: 188198:1099}>` to `Arc<dyn Fn(&JetHTTPRequest) -> Result<..., ...> + Send + Sync>`
       = note: the full name for the type has been written to 'build/.work..test_run.870303.870303/.test_run.long-type-2989889962421574951.txt'
       = note: consider using `--verbose` to print the full type name to the console
help: consider adjusting the signature so it borrows its argument
       |
188198 |                 __jet_v_1907825281540530544 = Some({  let __jet_history_owner = std::sync::Arc::new(std::sync::Mutex::new((__jet_history_types.clone(),))); let __jet_history_reader: std::sync::Arc<JetHistorySendCaptureReader<'_>> = { let __jet_history_owner = __jet_history_owner.clone(); std::sync::Arc::new(move || { let __jet_history_guard = __jet_history_owner.try_lock().map_err(|_| "history captures are busy".to_string())?; let __jet_history_env = &*__jet_history_guard; let __jet_history_types = &__jet_history_env.0; let __jet_history_depth = 0usize;  Ok(jet_std::DataTree::Object(vec![("function_identity".to_string(), jet_std::DataTree::Text("function:/home/nate/Projects/Github/jet/dogfood/tower::run.jet::serve::lambda@96083..96116:96083-96116".to_string())), ("captures".to_string(), jet_std::DataTree::Array(vec![]))])) }) }; let __jet_history_keep = __jet_history_reader.clone(); let __jet_history_ticket = JetHistorySendTicket::default(); let __jet_history_life = __jet_history_ticket.0.clone(); let __jet_history_callback = std::sync::Arc::new(move |mut __jet_req: &JetHTTPRequest| { let _ = (&__jet_history_keep, &__jet_history_ticket); let mut __jet_history_guard = __jet_history_owner.lock().unwrap_or_else(|error| error.into_inner()); let __jet_history_env = & *__jet_history_guard; jet_history_with_types(__jet_history_env.0.clone(), || __jet__shome_snate_sProjects_sGithub_sjet_sdogfood_stower_c_crun_djet_c_cserve_c_clambda_x4096083_d_d96116(__jet_req)) }); jet_history_register_send_callback(__jet_history_callback, &__jet_history_reader, &__jet_history_life) });
       |                                                                                                                                                                                                                                                                                                                                                                                                                                                                                                                                                                                                                                                                                                                                                                                                                                                                                                                                                                                                                                                                                                                            +

error[E0631]: type mismatch in closure arguments
      --> /jet/build/run.rs:188207:1013
       |
188207 | ...ew(move |mut __jet__req: JetHTTPRequest| { let _ = (&__jet_history_keep, &__jet_history_ticket); let mut __jet_history_guard = __jet_history_owner.lock().unwrap_or_else(|error| error.into_inner()); let __jet_history_env = & *__jet_history_guard; jet_history_with_types(__jet_history_env.1.clone(), || __jet__shome_snate_sProjects_sGithub_sjet_sdogfood_stower_c_crun_djet_c_cserve_c_clambda_x4096149_d_d96186(&(__jet_history_env.0), __jet__req)) }); jet_history_register_send_callback(__jet_history_callback, &...
       |       ------------------------------------- found signature defined here                                                                                                                                                                                                                                                                                                                                                                                                                               ^^^^^^^^^^^^^^^^^^^^^^ expected due to this
       |
       = note: expected closure signature `for<'a> fn(&'a JetHTTPRequest) -> _`
                  found closure signature `fn(JetHTTPRequest) -> _`
       = note: required for the cast from `Arc<{closure@/jet/build/run.rs:188207:532: 188207:569}>` to `Arc<dyn Fn(&JetHTTPRequest) -> Result<..., ...> + Send + Sync>`
       = note: the full name for the type has been written to 'build/.work..test_run.870303.870303/.test_run.long-type-2299372324237655972.txt'
       = note: consider using `--verbose` to print the full type name to the console
help: consider adjusting the signature so it borrows its argument
       |
188207 |  Ok(jet_std::DataTree::Object(vec![("function_identity".to_string(), jet_std::DataTree::Text("function:/home/nate/Projects/Github/jet/dogfood/tower::run.jet::serve::lambda@96149..96186:96149-96186".to_string())), ("captures".to_string(), jet_std::DataTree::Array(vec![__jet_history_capture_value_0]))])) }) }; let __jet_history_keep = __jet_history_reader.clone(); let __jet_history_ticket = JetHistorySendTicket::default(); let __jet_history_life = __jet_history_ticket.0.clone(); let __jet_history_callback = std::sync::Arc::new(move |mut __jet__req: &JetHTTPRequest| { let _ = (&__jet_history_keep, &__jet_history_ticket); let mut __jet_history_guard = __jet_history_owner.lock().unwrap_or_else(|error| error.into_inner()); let __jet_history_env = & *__jet_history_guard; jet_history_with_types(__jet_history_env.1.clone(), || __jet__shome_snate_sProjects_sGithub_sjet_sdogfood_stower_c_crun_djet_c_cserve_c_clambda_x4096149_d_d96186(&(__jet_history_env.0), __jet__req)) }); jet_history_register_send_callback(__jet_history_callback, &__jet_history_reader, &__jet_history_life) });
       |                                                                                                                                                                                                                                                                                                                                                                                                                                                                                                                                                                          +

error[E0631]: type mismatch in closure arguments
      --> /jet/build/run.rs:188221:1066
       |
188221 | ...ew(move |mut __jet_req: JetHTTPRequest| { let _ = (&__jet_history_keep, &__jet_history_ticket); let mut __jet_history_guard = __jet_history_owner.lock().unwrap_or_else(|error| error.into_inner()); let __jet_history_env = & *__jet_history_guard; jet_history_with_types(__jet_history_env.2.clone(), || __jet__shome_snate_sProjects_sGithub_sjet_sdogfood_stower_c_crun_djet_c_cserve_c_clambda_x4096221_d_d96256(&(__jet_history_env.0), &(__jet_history_env.1), __jet_req)) }); jet_history_register_send_callback(__jet_history_callback, &...
       |       ------------------------------------ found signature defined here                                                                                                                                                                                                                                                                                                                                                                                                                                                      ^^^^^^^^^^^^^^^^^^^^^^ expected due to this
       |
       = note: expected closure signature `for<'a> fn(&'a JetHTTPRequest) -> _`
                  found closure signature `fn(JetHTTPRequest) -> _`
       = note: required for the cast from `Arc<{closure@/jet/build/run.rs:188221:563: 188221:599}>` to `Arc<dyn Fn(&JetHTTPRequest) -> Result<..., ...> + Send + Sync>`
       = note: the full name for the type has been written to 'build/.work..test_run.870303.870303/.test_run.long-type-9036603807149141949.txt'
       = note: consider using `--verbose` to print the full type name to the console
help: consider adjusting the signature so it borrows its argument
       |
188221 |  Ok(jet_std::DataTree::Object(vec![("function_identity".to_string(), jet_std::DataTree::Text("function:/home/nate/Projects/Github/jet/dogfood/tower::run.jet::serve::lambda@96221..96256:96221-96256".to_string())), ("captures".to_string(), jet_std::DataTree::Array(vec![__jet_history_capture_value_0, __jet_history_capture_value_1]))])) }) }; let __jet_history_keep = __jet_history_reader.clone(); let __jet_history_ticket = JetHistorySendTicket::default(); let __jet_history_life = __jet_history_ticket.0.clone(); let __jet_history_callback = std::sync::Arc::new(move |mut __jet_req: &JetHTTPRequest| { let _ = (&__jet_history_keep, &__jet_history_ticket); let mut __jet_history_guard = __jet_history_owner.lock().unwrap_or_else(|error| error.into_inner()); let __jet_history_env = & *__jet_history_guard; jet_history_with_types(__jet_history_env.2.clone(), || __jet__shome_snate_sProjects_sGithub_sjet_sdogfood_stower_c_crun_djet_c_cserve_c_clambda_x4096221_d_d96256(&(__jet_history_env.0), &(__jet_history_env.1), __jet_req)) }); jet_history_register_send_callback(__jet_history_callback, &__jet_history_reader, &__jet_history_life) });
       |                                                                                                                                                                                                                                                                                                                                                                                                                                                                                                                                                                                                        +

error[E0631]: type mismatch in closure arguments
      --> /jet/build/run.rs:188235:1068
       |
188235 | ...ew(move |mut __jet__req: JetHTTPRequest| { let _ = (&__jet_history_keep, &__jet_history_ticket); let mut __jet_history_guard = __jet_history_owner.lock().unwrap_or_else(|error| error.into_inner()); let __jet_history_env = & *__jet_history_guard; jet_history_with_types(__jet_history_env.2.clone(), || __jet__shome_snate_sProjects_sGithub_sjet_sdogfood_stower_c_crun_djet_c_cserve_c_clambda_x4096308_d_d96346(&(__jet_history_env.0), &(__jet_history_env.1), __jet__req)) }); jet_history_register_send_callback(__jet_history_callback, &...
       |       ------------------------------------- found signature defined here                                                                                                                                                                                                                                                                                                                                                                                                                                                       ^^^^^^^^^^^^^^^^^^^^^^ expected due to this
       |
       = note: expected closure signature `for<'a> fn(&'a JetHTTPRequest) -> _`
                  found closure signature `fn(JetHTTPRequest) -> _`
       = note: required for the cast from `Arc<{closure@/jet/build/run.rs:188235:563: 188235:600}>` to `Arc<dyn Fn(&JetHTTPRequest) -> Result<..., ...> + Send + Sync>`
       = note: the full name for the type has been written to 'build/.work..test_run.870303.870303/.test_run.long-type-12996404342467823853.txt'
       = note: consider using `--verbose` to print the full type name to the console
help: consider adjusting the signature so it borrows its argument
       |
188235 |  Ok(jet_std::DataTree::Object(vec![("function_identity".to_string(), jet_std::DataTree::Text("function:/home/nate/Projects/Github/jet/dogfood/tower::run.jet::serve::lambda@96308..96346:96308-96346".to_string())), ("captures".to_string(), jet_std::DataTree::Array(vec![__jet_history_capture_value_0, __jet_history_capture_value_1]))])) }) }; let __jet_history_keep = __jet_history_reader.clone(); let __jet_history_ticket = JetHistorySendTicket::default(); let __jet_history_life = __jet_history_ticket.0.clone(); let __jet_history_callback = std::sync::Arc::new(move |mut __jet__req: &JetHTTPRequest| { let _ = (&__jet_history_keep, &__jet_history_ticket); let mut __jet_history_guard = __jet_history_owner.lock().unwrap_or_else(|error| error.into_inner()); let __jet_history_env = & *__jet_history_guard; jet_history_with_types(__jet_history_env.2.clone(), || __jet__shome_snate_sProjects_sGithub_sjet_sdogfood_stower_c_crun_djet_c_cserve_c_clambda_x4096308_d_d96346(&(__jet_history_env.0), &(__jet_history_env.1), __jet__req)) }); jet_history_register_send_callback(__jet_history_callback, &__jet_history_reader, &__jet_history_life) });
       |                                                                                                                                                                                                                                                                                                                                                                                                                                                                                                                                                                                                         +

error[E0631]: type mismatch in closure arguments
      --> /jet/build/run.rs:188249:1066
       |
188249 | ...ew(move |mut __jet_req: JetHTTPRequest| { let _ = (&__jet_history_keep, &__jet_history_ticket); let mut __jet_history_guard = __jet_history_owner.lock().unwrap_or_else(|error| error.into_inner()); let __jet_history_env = & *__jet_history_guard; jet_history_with_types(__jet_history_env.2.clone(), || __jet__shome_snate_sProjects_sGithub_sjet_sdogfood_stower_c_crun_djet_c_cserve_c_clambda_x4096394_d_d96432(&(__jet_history_env.0), &(__jet_history_env.1), __jet_req)) }); jet_history_register_send_callback(__jet_history_callback, &...
       |       ------------------------------------ found signature defined here                                                                                                                                                                                                                                                                                                                                                                                                                                                      ^^^^^^^^^^^^^^^^^^^^^^ expected due to this
       |
       = note: expected closure signature `for<'a> fn(&'a JetHTTPRequest) -> _`
                  found closure signature `fn(JetHTTPRequest) -> _`
       = note: required for the cast from `Arc<{closure@/jet/build/run.rs:188249:563: 188249:599}>` to `Arc<dyn Fn(&JetHTTPRequest) -> Result<..., ...> + Send + Sync>`
       = note: the full name for the type has been written to 'build/.work..test_run.870303.870303/.test_run.long-type-15167358117025839647.txt'
       = note: consider using `--verbose` to print the full type name to the console
help: consider adjusting the signature so it borrows its argument
       |
188249 |  Ok(jet_std::DataTree::Object(vec![("function_identity".to_string(), jet_std::DataTree::Text("function:/home/nate/Projects/Github/jet/dogfood/tower::run.jet::serve::lambda@96394..96432:96394-96432".to_string())), ("captures".to_string(), jet_std::DataTree::Array(vec![__jet_history_capture_value_0, __jet_history_capture_value_1]))])) }) }; let __jet_history_keep = __jet_history_reader.clone(); let __jet_history_ticket = JetHistorySendTicket::default(); let __jet_history_life = __jet_history_ticket.0.clone(); let __jet_history_callback = std::sync::Arc::new(move |mut __jet_req: &JetHTTPRequest| { let _ = (&__jet_history_keep, &__jet_history_ticket); let mut __jet_history_guard = __jet_history_owner.lock().unwrap_or_else(|error| error.into_inner()); let __jet_history_env = & *__jet_history_guard; jet_history_with_types(__jet_history_env.2.clone(), || __jet__shome_snate_sProjects_sGithub_sjet_sdogfood_stower_c_crun_djet_c_cserve_c_clambda_x4096394_d_d96432(&(__jet_history_env.0), &(__jet_history_env.1), __jet_req)) }); jet_history_register_send_callback(__jet_history_callback, &__jet_history_reader, &__jet_history_life) });
       |                                                                                                                                                                                                                                                                                                                                                                                                                                                                                                                                                                                                        +

error[E0631]: type mismatch in closure arguments
      --> /jet/build/run.rs:188258:1013
       |
188258 | ...ew(move |mut __jet__req: JetHTTPRequest| { let _ = (&__jet_history_keep, &__jet_history_ticket); let mut __jet_history_guard = __jet_history_owner.lock().unwrap_or_else(|error| error.into_inner()); let __jet_history_env = & *__jet_history_guard; jet_history_with_types(__jet_history_env.1.clone(), || __jet__shome_snate_sProjects_sGithub_sjet_sdogfood_stower_c_crun_djet_c_cserve_c_clambda_x4096482_d_d96518(&(__jet_history_env.0), __jet__req)) }); jet_history_register_send_callback(__jet_history_callback, &...
       |       ------------------------------------- found signature defined here                                                                                                                                                                                                                                                                                                                                                                                                                               ^^^^^^^^^^^^^^^^^^^^^^ expected due to this
       |
       = note: expected closure signature `for<'a> fn(&'a JetHTTPRequest) -> _`
                  found closure signature `fn(JetHTTPRequest) -> _`
       = note: required for the cast from `Arc<{closure@/jet/build/run.rs:188258:532: 188258:569}>` to `Arc<dyn Fn(&JetHTTPRequest) -> Result<..., ...> + Send + Sync>`
       = note: the full name for the type has been written to 'build/.work..test_run.870303.870303/.test_run.long-type-11843594586267870429.txt'
       = note: consider using `--verbose` to print the full type name to the console
help: consider adjusting the signature so it borrows its argument
       |
188258 |  Ok(jet_std::DataTree::Object(vec![("function_identity".to_string(), jet_std::DataTree::Text("function:/home/nate/Projects/Github/jet/dogfood/tower::run.jet::serve::lambda@96482..96518:96482-96518".to_string())), ("captures".to_string(), jet_std::DataTree::Array(vec![__jet_history_capture_value_0]))])) }) }; let __jet_history_keep = __jet_history_reader.clone(); let __jet_history_ticket = JetHistorySendTicket::default(); let __jet_history_life = __jet_history_ticket.0.clone(); let __jet_history_callback = std::sync::Arc::new(move |mut __jet__req: &JetHTTPRequest| { let _ = (&__jet_history_keep, &__jet_history_ticket); let mut __jet_history_guard = __jet_history_owner.lock().unwrap_or_else(|error| error.into_inner()); let __jet_history_env = & *__jet_history_guard; jet_history_with_types(__jet_history_env.1.clone(), || __jet__shome_snate_sProjects_sGithub_sjet_sdogfood_stower_c_crun_djet_c_cserve_c_clambda_x4096482_d_d96518(&(__jet_history_env.0), __jet__req)) }); jet_history_register_send_callback(__jet_history_callback, &__jet_history_reader, &__jet_history_life) });
       |                                                                                                                                                                                                                                                                                                                                                                                                                                                                                                                                                                          +

error[E0631]: type mismatch in closure arguments
      --> /jet/build/run.rs:188272:1068
       |
188272 | ...ew(move |mut __jet__req: JetHTTPRequest| { let _ = (&__jet_history_keep, &__jet_history_ticket); let mut __jet_history_guard = __jet_history_owner.lock().unwrap_or_else(|error| error.into_inner()); let __jet_history_env = & *__jet_history_guard; jet_history_with_types(__jet_history_env.2.clone(), || __jet__shome_snate_sProjects_sGithub_sjet_sdogfood_stower_c_crun_djet_c_cserve_c_clambda_x4096555_d_d96594(&(__jet_history_env.0), &(__jet_history_env.1), __jet__req)) }); jet_history_register_send_callback(__jet_history_callback, &...
       |       ------------------------------------- found signature defined here                                                                                                                                                                                                                                                                                                                                                                                                                                                       ^^^^^^^^^^^^^^^^^^^^^^ expected due to this
       |
       = note: expected closure signature `for<'a> fn(&'a JetHTTPRequest) -> _`
                  found closure signature `fn(JetHTTPRequest) -> _`
       = note: required for the cast from `Arc<{closure@/jet/build/run.rs:188272:563: 188272:600}>` to `Arc<dyn Fn(&JetHTTPRequest) -> Result<..., ...> + Send + Sync>`
       = note: the full name for the type has been written to 'build/.work..test_run.870303.870303/.test_run.long-type-6785778913910657736.txt'
       = note: consider using `--verbose` to print the full type name to the console
help: consider adjusting the signature so it borrows its argument
       |
188272 |  Ok(jet_std::DataTree::Object(vec![("function_identity".to_string(), jet_std::DataTree::Text("function:/home/nate/Projects/Github/jet/dogfood/tower::run.jet::serve::lambda@96555..96594:96555-96594".to_string())), ("captures".to_string(), jet_std::DataTree::Array(vec![__jet_history_capture_value_0, __jet_history_capture_value_1]))])) }) }; let __jet_history_keep = __jet_history_reader.clone(); let __jet_history_ticket = JetHistorySendTicket::default(); let __jet_history_life = __jet_history_ticket.0.clone(); let __jet_history_callback = std::sync::Arc::new(move |mut __jet__req: &JetHTTPRequest| { let _ = (&__jet_history_keep, &__jet_history_ticket); let mut __jet_history_guard = __jet_history_owner.lock().unwrap_or_else(|error| error.into_inner()); let __jet_history_env = & *__jet_history_guard; jet_history_with_types(__jet_history_env.2.clone(), || __jet__shome_snate_sProjects_sGithub_sjet_sdogfood_stower_c_crun_djet_c_cserve_c_clambda_x4096555_d_d96594(&(__jet_history_env.0), &(__jet_history_env.1), __jet__req)) }); jet_history_register_send_callback(__jet_history_callback, &__jet_history_reader, &__jet_history_life) });
       |                                                                                                                                                                                                                                                                                                                                                                                                                                                                                                                                                                                                         +

error[E0631]: type mismatch in closure arguments
      --> /jet/build/run.rs:188281:1013
       |
188281 | ...ew(move |mut __jet__req: JetHTTPRequest| { let _ = (&__jet_history_keep, &__jet_history_ticket); let mut __jet_history_guard = __jet_history_owner.lock().unwrap_or_else(|error| error.into_inner()); let __jet_history_env = & *__jet_history_guard; jet_history_with_types(__jet_history_env.1.clone(), || __jet__shome_snate_sProjects_sGithub_sjet_sdogfood_stower_c_crun_djet_c_cserve_c_clambda_x4096645_d_d96683(&(__jet_history_env.0), __jet__req)) }); jet_history_register_send_callback(__jet_history_callback, &...
       |       ------------------------------------- found signature defined here                                                                                                                                                                                                                                                                                                                                                                                                                               ^^^^^^^^^^^^^^^^^^^^^^ expected due to this
       |
       = note: expected closure signature `for<'a> fn(&'a JetHTTPRequest) -> _`
                  found closure signature `fn(JetHTTPRequest) -> _`
       = note: required for the cast from `Arc<{closure@/jet/build/run.rs:188281:532: 188281:569}>` to `Arc<dyn Fn(&JetHTTPRequest) -> Result<..., ...> + Send + Sync>`
       = note: the full name for the type has been written to 'build/.work..test_run.870303.870303/.test_run.long-type-10836637470185829265.txt'
       = note: consider using `--verbose` to print the full type name to the console
help: consider adjusting the signature so it borrows its argument
       |
188281 |  Ok(jet_std::DataTree::Object(vec![("function_identity".to_string(), jet_std::DataTree::Text("function:/home/nate/Projects/Github/jet/dogfood/tower::run.jet::serve::lambda@96645..96683:96645-96683".to_string())), ("captures".to_string(), jet_std::DataTree::Array(vec![__jet_history_capture_value_0]))])) }) }; let __jet_history_keep = __jet_history_reader.clone(); let __jet_history_ticket = JetHistorySendTicket::default(); let __jet_history_life = __jet_history_ticket.0.clone(); let __jet_history_callback = std::sync::Arc::new(move |mut __jet__req: &JetHTTPRequest| { let _ = (&__jet_history_keep, &__jet_history_ticket); let mut __jet_history_guard = __jet_history_owner.lock().unwrap_or_else(|error| error.into_inner()); let __jet_history_env = & *__jet_history_guard; jet_history_with_types(__jet_history_env.1.clone(), || __jet__shome_snate_sProjects_sGithub_sjet_sdogfood_stower_c_crun_djet_c_cserve_c_clambda_x4096645_d_d96683(&(__jet_history_env.0), __jet__req)) }); jet_history_register_send_callback(__jet_history_callback, &__jet_history_reader, &__jet_history_life) });
       |                                                                                                                                                                                                                                                                                                                                                                                                                                                                                                                                                                          +

error[E0631]: type mismatch in closure arguments
      --> /jet/build/run.rs:188285:1529
       |
188285 | ...ew(move |mut __jet__request: JetHTTPRequest| { let _ = (&__jet_history_keep, &__jet_history_ticket); let mut __jet_history_guard = __jet_history_owner.lock().unwrap_or_else(|error| error.into_inner()); let __jet_history_env = & *__jet_history_guard; jet_history_with_types(__jet_history_env.0.clone(), || __jet__shome_snate_sProjects_sGithub_sjet_sdogfood_stower_c_crun_djet_c_cserve_c_clambda_x4096859_d_d96904(__jet__request)) }); jet_history_register_send_callback(__jet_history_callback, &...
       |       ----------------------------------------- found signature defined here                                                                                                                                                                                                                                                                                                                                                                                                           ^^^^^^^^^^^^^^^^^^^^^^ expected due to this
       |
       = note: expected closure signature `for<'a> fn(&'a JetHTTPRequest) -> _`
                  found closure signature `fn(JetHTTPRequest) -> _`
       = note: required for the cast from `Arc<{closure@/jet/build/run.rs:188285:1064: 188285:1105}>` to `Arc<dyn Fn(&JetHTTPRequest) -> Result<..., ...> + Send + Sync>`
       = note: the full name for the type has been written to 'build/.work..test_run.870303.870303/.test_run.long-type-9422295132717346120.txt'
       = note: consider using `--verbose` to print the full type name to the console
help: consider adjusting the signature so it borrows its argument
       |
188285 |                 __jet_v_11086524018612680085 = Some({  let __jet_history_owner = std::sync::Arc::new(std::sync::Mutex::new((__jet_history_types.clone(),))); let __jet_history_reader: std::sync::Arc<JetHistorySendCaptureReader<'_>> = { let __jet_history_owner = __jet_history_owner.clone(); std::sync::Arc::new(move || { let __jet_history_guard = __jet_history_owner.try_lock().map_err(|_| "history captures are busy".to_string())?; let __jet_history_env = &*__jet_history_guard; let __jet_history_types = &__jet_history_env.0; let __jet_history_depth = 0usize;  Ok(jet_std::DataTree::Object(vec![("function_identity".to_string(), jet_std::DataTree::Text("function:/home/nate/Projects/Github/jet/dogfood/tower::run.jet::serve::lambda@96859..96904:96859-96904".to_string())), ("captures".to_string(), jet_std::DataTree::Array(vec![]))])) }) }; let __jet_history_keep = __jet_history_reader.clone(); let __jet_history_ticket = JetHistorySendTicket::default(); let __jet_history_life = __jet_history_ticket.0.clone(); let __jet_history_callback = std::sync::Arc::new(move |mut __jet__request: &JetHTTPRequest| { let _ = (&__jet_history_keep, &__jet_history_ticket); let mut __jet_history_guard = __jet_history_owner.lock().unwrap_or_else(|error| error.into_inner()); let __jet_history_env = & *__jet_history_guard; jet_history_with_types(__jet_history_env.0.clone(), || __jet__shome_snate_sProjects_sGithub_sjet_sdogfood_stower_c_crun_djet_c_cserve_c_clambda_x4096859_d_d96904(__jet__request)) }); jet_history_register_send_callback(__jet_history_callback, &__jet_history_reader, &__jet_history_life) });
       |                                                                                                                                                                                                                                                                                                                                                                                                                                                                                                                                                                                                                                                                                                                                                                                                                                                                                                                                                                                                                                                                                                                                  +

error[E0631]: type mismatch in closure arguments
      --> /jet/build/run.rs:188289:1529
       |
188289 | ...ew(move |mut __jet__request: JetHTTPRequest| { let _ = (&__jet_history_keep, &__jet_history_ticket); let mut __jet_history_guard = __jet_history_owner.lock().unwrap_or_else(|error| error.into_inner()); let __jet_history_env = & *__jet_history_guard; jet_history_with_types(__jet_history_env.0.clone(), || __jet__shome_snate_sProjects_sGithub_sjet_sdogfood_stower_c_crun_djet_c_cserve_c_clambda_x4096930_d_d96975(__jet__request)) }); jet_history_register_send_callback(__jet_history_callback, &...
       |       ----------------------------------------- found signature defined here                                                                                                                                                                                                                                                                                                                                                                                                           ^^^^^^^^^^^^^^^^^^^^^^ expected due to this
       |
       = note: expected closure signature `for<'a> fn(&'a JetHTTPRequest) -> _`
                  found closure signature `fn(JetHTTPRequest) -> _`
       = note: required for the cast from `Arc<{closure@/jet/build/run.rs:188289:1064: 188289:1105}>` to `Arc<dyn Fn(&JetHTTPRequest) -> Result<..., ...> + Send + Sync>`
       = note: the full name for the type has been written to 'build/.work..test_run.870303.870303/.test_run.long-type-13034459790747925351.txt'
       = note: consider using `--verbose` to print the full type name to the console
help: consider adjusting the signature so it borrows its argument
       |
188289 |                 __jet_v_15391673270454156726 = Some({  let __jet_history_owner = std::sync::Arc::new(std::sync::Mutex::new((__jet_history_types.clone(),))); let __jet_history_reader: std::sync::Arc<JetHistorySendCaptureReader<'_>> = { let __jet_history_owner = __jet_history_owner.clone(); std::sync::Arc::new(move || { let __jet_history_guard = __jet_history_owner.try_lock().map_err(|_| "history captures are busy".to_string())?; let __jet_history_env = &*__jet_history_guard; let __jet_history_types = &__jet_history_env.0; let __jet_history_depth = 0usize;  Ok(jet_std::DataTree::Object(vec![("function_identity".to_string(), jet_std::DataTree::Text("function:/home/nate/Projects/Github/jet/dogfood/tower::run.jet::serve::lambda@96930..96975:96930-96975".to_string())), ("captures".to_string(), jet_std::DataTree::Array(vec![]))])) }) }; let __jet_history_keep = __jet_history_reader.clone(); let __jet_history_ticket = JetHistorySendTicket::default(); let __jet_history_life = __jet_history_ticket.0.clone(); let __jet_history_callback = std::sync::Arc::new(move |mut __jet__request: &JetHTTPRequest| { let _ = (&__jet_history_keep, &__jet_history_ticket); let mut __jet_history_guard = __jet_history_owner.lock().unwrap_or_else(|error| error.into_inner()); let __jet_history_env = & *__jet_history_guard; jet_history_with_types(__jet_history_env.0.clone(), || __jet__shome_snate_sProjects_sGithub_sjet_sdogfood_stower_c_crun_djet_c_cserve_c_clambda_x4096930_d_d96975(__jet__request)) }); jet_history_register_send_callback(__jet_history_callback, &__jet_history_reader, &__jet_history_life) });
       |                                                                                                                                                                                                                                                                                                                                                                                                                                                                                                                                                                                                                                                                                                                                                                                                                                                                                                                                                                                                                                                                                                                                  +

error[E0631]: type mismatch in closure arguments
      --> /jet/build/run.rs:188293:1527
       |
188293 | ...ew(move |mut __jet__request: JetHTTPRequest| { let _ = (&__jet_history_keep, &__jet_history_ticket); let mut __jet_history_guard = __jet_history_owner.lock().unwrap_or_else(|error| error.into_inner()); let __jet_history_env = & *__jet_history_guard; jet_history_with_types(__jet_history_env.0.clone(), || __jet__shome_snate_sProjects_sGithub_sjet_sdogfood_stower_c_crun_djet_c_cserve_c_clambda_x4097003_d_d97048(__jet__request)) }); jet_history_register_send_callback(__jet_history_callback, &...
       |       ----------------------------------------- found signature defined here                                                                                                                                                                                                                                                                                                                                                                                                           ^^^^^^^^^^^^^^^^^^^^^^ expected due to this
       |
       = note: expected closure signature `for<'a> fn(&'a JetHTTPRequest) -> _`
                  found closure signature `fn(JetHTTPRequest) -> _`
       = note: required for the cast from `Arc<{closure@/jet/build/run.rs:188293:1062: 188293:1103}>` to `Arc<dyn Fn(&JetHTTPRequest) -> Result<..., ...> + Send + Sync>`
       = note: the full name for the type has been written to 'build/.work..test_run.870303.870303/.test_run.long-type-5152189164497378631.txt'
       = note: consider using `--verbose` to print the full type name to the console
help: consider adjusting the signature so it borrows its argument
       |
188293 |                 __jet_v_389601364359670396 = Some({  let __jet_history_owner = std::sync::Arc::new(std::sync::Mutex::new((__jet_history_types.clone(),))); let __jet_history_reader: std::sync::Arc<JetHistorySendCaptureReader<'_>> = { let __jet_history_owner = __jet_history_owner.clone(); std::sync::Arc::new(move || { let __jet_history_guard = __jet_history_owner.try_lock().map_err(|_| "history captures are busy".to_string())?; let __jet_history_env = &*__jet_history_guard; let __jet_history_types = &__jet_history_env.0; let __jet_history_depth = 0usize;  Ok(jet_std::DataTree::Object(vec![("function_identity".to_string(), jet_std::DataTree::Text("function:/home/nate/Projects/Github/jet/dogfood/tower::run.jet::serve::lambda@97003..97048:97003-97048".to_string())), ("captures".to_string(), jet_std::DataTree::Array(vec![]))])) }) }; let __jet_history_keep = __jet_history_reader.clone(); let __jet_history_ticket = JetHistorySendTicket::default(); let __jet_history_life = __jet_history_ticket.0.clone(); let __jet_history_callback = std::sync::Arc::new(move |mut __jet__request: &JetHTTPRequest| { let _ = (&__jet_history_keep, &__jet_history_ticket); let mut __jet_history_guard = __jet_history_owner.lock().unwrap_or_else(|error| error.into_inner()); let __jet_history_env = & *__jet_history_guard; jet_history_with_types(__jet_history_env.0.clone(), || __jet__shome_snate_sProjects_sGithub_sjet_sdogfood_stower_c_crun_djet_c_cserve_c_clambda_x4097003_d_d97048(__jet__request)) }); jet_history_register_send_callback(__jet_history_callback, &__jet_history_reader, &__jet_history_life) });
       |                                                                                                                                                                                                                                                                                                                                                                                                                                                                                                                                                                                                                                                                                                                                                                                                                                                                                                                                                                                                                                                                                                                                +

error[E0631]: type mismatch in closure arguments
      --> /jet/build/run.rs:188297:1529
       |
188297 | ...ew(move |mut __jet__request: JetHTTPRequest| { let _ = (&__jet_history_keep, &__jet_history_ticket); let mut __jet_history_guard = __jet_history_owner.lock().unwrap_or_else(|error| error.into_inner()); let __jet_history_env = & *__jet_history_guard; jet_history_with_types(__jet_history_env.0.clone(), || __jet__shome_snate_sProjects_sGithub_sjet_sdogfood_stower_c_crun_djet_c_cserve_c_clambda_x4097077_d_d97122(__jet__request)) }); jet_history_register_send_callback(__jet_history_callback, &...
       |       ----------------------------------------- found signature defined here                                                                                                                                                                                                                                                                                                                                                                                                           ^^^^^^^^^^^^^^^^^^^^^^ expected due to this
       |
       = note: expected closure signature `for<'a> fn(&'a JetHTTPRequest) -> _`
                  found closure signature `fn(JetHTTPRequest) -> _`
       = note: required for the cast from `Arc<{closure@/jet/build/run.rs:188297:1064: 188297:1105}>` to `Arc<dyn Fn(&JetHTTPRequest) -> Result<..., ...> + Send + Sync>`
       = note: the full name for the type has been written to 'build/.work..test_run.870303.870303/.test_run.long-type-11347703099283603346.txt'
       = note: consider using `--verbose` to print the full type name to the console
help: consider adjusting the signature so it borrows its argument
       |
188297 |                 __jet_v_11987650684204315797 = Some({  let __jet_history_owner = std::sync::Arc::new(std::sync::Mutex::new((__jet_history_types.clone(),))); let __jet_history_reader: std::sync::Arc<JetHistorySendCaptureReader<'_>> = { let __jet_history_owner = __jet_history_owner.clone(); std::sync::Arc::new(move || { let __jet_history_guard = __jet_history_owner.try_lock().map_err(|_| "history captures are busy".to_string())?; let __jet_history_env = &*__jet_history_guard; let __jet_history_types = &__jet_history_env.0; let __jet_history_depth = 0usize;  Ok(jet_std::DataTree::Object(vec![("function_identity".to_string(), jet_std::DataTree::Text("function:/home/nate/Projects/Github/jet/dogfood/tower::run.jet::serve::lambda@97077..97122:97077-97122".to_string())), ("captures".to_string(), jet_std::DataTree::Array(vec![]))])) }) }; let __jet_history_keep = __jet_history_reader.clone(); let __jet_history_ticket = JetHistorySendTicket::default(); let __jet_history_life = __jet_history_ticket.0.clone(); let __jet_history_callback = std::sync::Arc::new(move |mut __jet__request: &JetHTTPRequest| { let _ = (&__jet_history_keep, &__jet_history_ticket); let mut __jet_history_guard = __jet_history_owner.lock().unwrap_or_else(|error| error.into_inner()); let __jet_history_env = & *__jet_history_guard; jet_history_with_types(__jet_history_env.0.clone(), || __jet__shome_snate_sProjects_sGithub_sjet_sdogfood_stower_c_crun_djet_c_cserve_c_clambda_x4097077_d_d97122(__jet__request)) }); jet_history_register_send_callback(__jet_history_callback, &__jet_history_reader, &__jet_history_life) });
       |                                                                                                                                                                                                                                                                                                                                                                                                                                                                                                                                                                                                                                                                                                                                                                                                                                                                                                                                                                                                                                                                                                                                  +

warning: unreachable call
      --> /jet/build/run.rs:189448:47
       |
189448 | ... = Some(jet_panic_rich("run.jet", 2930u32, "_check_...e()).jet_debug()) } else { String::new() }));
       |       ^^^^ -------------------------------------------...------------------------------------------- any code following this expression is unreachable
       |       |
       |       unreachable call

warning: unreachable call
      --> /jet/build/run.rs:189540:47
       |
189540 | ... = Some(jet_panic_rich("run.jet", 2927u32, "_check_...e()).jet_debug()) } else { String::new() }));
       |       ^^^^ -------------------------------------------...------------------------------------------- any code following this expression is unreachable
       |       |
       |       unreachable call

warning: unreachable call
      --> /jet/build/run.rs:189651:47
       |
189651 | ... = Some(jet_panic_rich("run.jet", 2935u32, "_check_...e()).jet_debug()) } else { String::new() }));
       |       ^^^^ -------------------------------------------...------------------------------------------- any code following this expression is unreachable
       |       |
       |       unreachable call

warning: unreachable call
      --> /jet/build/run.rs:189744:48
       |
189744 | ... = Some(jet_panic_rich("run.jet", 2931u32, "_check_...e()).jet_debug()) } else { String::new() }));
       |       ^^^^ -------------------------------------------...------------------------------------------- any code following this expression is unreachable
       |       |
       |       unreachable call

warning: unreachable call
      --> /jet/build/run.rs:189866:48
       |
189866 | ... = Some(jet_panic_rich("run.jet", 2939u32, "_check_...e()).jet_debug()) } else { String::new() }));
       |       ^^^^ -------------------------------------------...------------------------------------------- any code following this expression is unreachable
       |       |
       |       unreachable call

warning: unreachable call
      --> /jet/build/run.rs:190047:47
       |
190047 | ... = Some(jet_panic_rich("run.jet", 2934u32, "_check_...e()).jet_debug()) } else { String::new() }));
       |       ^^^^ -------------------------------------------...------------------------------------------- any code following this expression is unreachable
       |       |
       |       unreachable call

warning: unreachable call
      --> /jet/build/run.rs:190169:47
       |
190169 | ... = Some(jet_panic_rich("run.jet", 2938u32, "_check_...e()).jet_debug()) } else { String::new() }));
       |       ^^^^ -------------------------------------------...------------------------------------------- any code following this expression is unreachable
       |       |
       |       unreachable call

warning: unreachable call
      --> /jet/build/run.rs:190193:47
       |
190193 | ... = Some(jet_panic_rich("run.jet", 2926u32, "_check_...e()).jet_debug()) } else { String::new() }));
       |       ^^^^ -------------------------------------------...------------------------------------------- any code following this expression is unreachable
       |       |
       |       unreachable call

error[E0308]: mismatched types
      --> /jet/build/run.rs:191192:53
       |
191192 | ...1 = Some(jet_unicode_trim_view(__jet_l_14520262528619856355.as_ref().expect("MIR local")));
       |        ---- ^^^^^^^^^^^^^^^^^^^^^^^^^^^^^^^^^^^^^^^^^^^^^^^^^^^^^^^^^^^^^^^^^^^^^^^^^^^^^^^^ expected `String`, found `&str`
       |        |
       |        arguments to this enum variant are incorrect
       |
help: the type constructed contains `&str` due to the type of the argument passed
      --> /jet/build/run.rs:191192:48
       |
191192 | ...723824086501 = Some(jet_unicode_trim_view(__jet_l_14520262528619856355.as_ref().expect("MIR local")));
       |                   ^^^^^--------------------------------------------------------------------------------^
       |                        |
       |                        this argument influences the type of `Some`
note: tuple variant defined here
      --> /rustc/8bab26f4f68e0e26f0bb7960be334d5b520ea452/library/core/src/option.rs:605:4
help: try using a conversion method
       |
191192 |                 __jet_v_13145890723824086501 = Some(jet_unicode_trim_view(__jet_l_14520262528619856355.as_ref().expect("MIR local")).to_string());
       |                                                                                                                                     ++++++++++++

warning: unreachable call
      --> /jet/build/run.rs:191453:48
       |
191453 | ... = Some(jet_panic_rich("run.jet", 2275u32, "read_js...) { String::new() } else { String::new() }));
       |       ^^^^ -------------------------------------------...------------------------------------------- any code following this expression is unreachable
       |       |
       |       unreachable call

warning: unreachable call
      --> /jet/build/run.rs:191482:47
       |
191482 | ... = Some(jet_panic_rich("run.jet", 2276u32, "read_js...) { String::new() } else { String::new() }));
       |       ^^^^ -------------------------------------------...------------------------------------------- any code following this expression is unreachable
       |       |
       |       unreachable call

error[E0308]: mismatched types
      --> /jet/build/run.rs:191906:52
       |
191906 | ...2 = Some(jet_unicode_trim_view(__jet_l_13901781533403799388.as_ref().expect("MIR local")));
       |        ---- ^^^^^^^^^^^^^^^^^^^^^^^^^^^^^^^^^^^^^^^^^^^^^^^^^^^^^^^^^^^^^^^^^^^^^^^^^^^^^^^^ expected `String`, found `&str`
       |        |
       |        arguments to this enum variant are incorrect
       |
help: the type constructed contains `&str` due to the type of the argument passed
      --> /jet/build/run.rs:191906:47
       |
191906 | ...209539598952 = Some(jet_unicode_trim_view(__jet_l_13901781533403799388.as_ref().expect("MIR local")));
       |                   ^^^^^--------------------------------------------------------------------------------^
       |                        |
       |                        this argument influences the type of `Some`
note: tuple variant defined here
      --> /rustc/8bab26f4f68e0e26f0bb7960be334d5b520ea452/library/core/src/option.rs:605:4
help: try using a conversion method
       |
191906 |                 __jet_v_5585810209539598952 = Some(jet_unicode_trim_view(__jet_l_13901781533403799388.as_ref().expect("MIR local")).to_string());
       |                                                                                                                                    ++++++++++++

error[E0308]: mismatched types
      --> /jet/build/run.rs:194833:51
       |
194833 |                 __jet_v_399095556542137797 = Some(jet_unicode_trim_view(&(*__jet_text)));
       |                                              ---- ^^^^^^^^^^^^^^^^^^^^^^^^^^^^^^^^^^^^^ expected `String`, found `&str`
       |                                              |
       |                                              arguments to this enum variant are incorrect
       |
help: the type constructed contains `&str` due to the type of the argument passed
      --> /jet/build/run.rs:194833:46
       |
194833 |                 __jet_v_399095556542137797 = Some(jet_unicode_trim_view(&(*__jet_text)));
       |                                              ^^^^^-------------------------------------^
       |                                                   |
       |                                                   this argument influences the type of `Some`
note: tuple variant defined here
      --> /rustc/8bab26f4f68e0e26f0bb7960be334d5b520ea452/library/core/src/option.rs:605:4
help: try using a conversion method
       |
194833 |                 __jet_v_399095556542137797 = Some(jet_unicode_trim_view(&(*__jet_text)).to_string());
       |                                                                                        ++++++++++++

error[E0308]: mismatched types
      --> /jet/build/run.rs:195408:53
       |
195408 |                 __jet_v_10910843805342317683 = Some(jet_http_srv_static_file(&(*__jet_path), &(*__jet_mime)));
       |                                                ---- ^^^^^^^^^^^^^^^^^^^^^^^^^^^^^^^^^^^^^^^^^^^^^^^^^^^^^^^^ expected `Result<JetHTTPResponse, JetHTTPError>`, found `Result<JetHTTPResponse, String>`
       |                                                |
       |                                                arguments to this enum variant are incorrect
       |
       = note: expected enum `Result<_, JetHTTPError>`
                  found enum `Result<_, String>`
help: the type constructed contains `Result<JetHTTPResponse, String>` due to the type of the argument passed
      --> /jet/build/run.rs:195408:48
       |
195408 |                 __jet_v_10910843805342317683 = Some(jet_http_srv_static_file(&(*__jet_path), &(*__jet_mime)));
       |                                                ^^^^^--------------------------------------------------------^
       |                                                     |
       |                                                     this argument influences the type of `Some`
note: tuple variant defined here
      --> /rustc/8bab26f4f68e0e26f0bb7960be334d5b520ea452/library/core/src/option.rs:605:4

error[E0308]: mismatched types
      --> /jet/build/run.rs:195674:53
       |
195674 | ...09975408909689 = Some(jet_datatree_to_text(__jet_l_1909102621653486117.as_ref().expect("MIR local")));
       |                     ---- ^^^^^^^^^^^^^^^^^^^^^^^^^^^^^^^^^^^^^^^^^^^^^^^^^^^^^^^^^^^^^^^^^^^^^^^^^^^^^^ expected `Result<String, JetAbsent>`, found `Option<String>`
       |                     |
       |                     arguments to this enum variant are incorrect
       |
       = note: expected enum `Result<String, JetAbsent>`
                  found enum `Option<String>`
help: the type constructed contains `Option<String>` due to the type of the argument passed
      --> /jet/build/run.rs:195674:48
       |
195674 | ...09975408909689 = Some(jet_datatree_to_text(__jet_l_1909102621653486117.as_ref().expect("MIR local")));
       |                     ^^^^^------------------------------------------------------------------------------^
       |                          |
       |                          this argument influences the type of `Some`
note: tuple variant defined here
      --> /rustc/8bab26f4f68e0e26f0bb7960be334d5b520ea452/library/core/src/option.rs:605:4

warning: unreachable call
      --> /jet/build/run.rs:198266:47
       |
198266 | ... = Some(jet_panic_rich("run.jet", 993u32, "required...) { String::new() } else { String::new() }));
       |       ^^^^ -------------------------------------------...------------------------------------------- any code following this expression is unreachable
       |       |
       |       unreachable call

error[E0308]: mismatched types
      --> /jet/build/run.rs:199696:53
       |
199696 | ...07141506402567 = Some(jet_datatree_to_text(__jet_v_16536218061252395415.as_ref().expect("MIR value")));
       |                     ---- ^^^^^^^^^^^^^^^^^^^^^^^^^^^^^^^^^^^^^^^^^^^^^^^^^^^^^^^^^^^^^^^^^^^^^^^^^^^^^^^ expected `Result<String, JetAbsent>`, found `Option<String>`
       |                     |
       |                     arguments to this enum variant are incorrect
       |
       = note: expected enum `Result<String, JetAbsent>`
                  found enum `Option<String>`
help: the type constructed contains `Option<String>` due to the type of the argument passed
      --> /jet/build/run.rs:199696:48
       |
199696 | ...141506402567 = Some(jet_datatree_to_text(__jet_v_16536218061252395415.as_ref().expect("MIR value")));
       |                   ^^^^^-------------------------------------------------------------------------------^
       |                        |
       |                        this argument influences the type of `Some`
note: tuple variant defined here
      --> /rustc/8bab26f4f68e0e26f0bb7960be334d5b520ea452/library/core/src/option.rs:605:4

warning: unreachable call
      --> /jet/build/run.rs:200127:47
       |
200127 | ... = Some(jet_panic_rich("run.jet", 2636u32, "validat...) { String::new() } else { String::new() }));
       |       ^^^^ -------------------------------------------...------------------------------------------- any code following this expression is unreachable
       |       |
       |       unreachable call

warning: unreachable call
      --> /jet/build/run.rs:200206:48
       |
200206 | ... = Some(jet_panic_rich("run.jet", 2642u32, "validat...) { String::new() } else { String::new() }));
       |       ^^^^ -------------------------------------------...------------------------------------------- any code following this expression is unreachable
       |       |
       |       unreachable call

warning: unreachable call
      --> /jet/build/run.rs:200288:48
       |
200288 | ... = Some(jet_panic_rich("run.jet", 2646u32, "validat...) { String::new() } else { String::new() }));
       |       ^^^^ -------------------------------------------...------------------------------------------- any code following this expression is unreachable
       |       |
       |       unreachable call

warning: unreachable call
      --> /jet/build/run.rs:200313:48
       |
200313 | ... = Some(jet_panic_rich("run.jet", 2640u32, "validat...) { String::new() } else { String::new() }));
       |       ^^^^ -------------------------------------------...------------------------------------------- any code following this expression is unreachable
       |       |
       |       unreachable call

warning: unreachable call
      --> /jet/build/run.rs:200374:48
       |
200374 | ... = Some(jet_panic_rich("run.jet", 2637u32, "validat...) { String::new() } else { String::new() }));
       |       ^^^^ -------------------------------------------...------------------------------------------- any code following this expression is unreachable
       |       |
       |       unreachable call

warning: unreachable call
      --> /jet/build/run.rs:200420:47
       |
200420 | ... = Some(jet_panic_rich("run.jet", 2650u32, "validat...) { String::new() } else { String::new() }));
       |       ^^^^ -------------------------------------------...------------------------------------------- any code following this expression is unreachable
       |       |
       |       unreachable call

warning: unreachable call
      --> /jet/build/run.rs:200492:47
       |
200492 | ... = Some(jet_panic_rich("run.jet", 2643u32, "validat...) { String::new() } else { String::new() }));
       |       ^^^^ -------------------------------------------...------------------------------------------- any code following this expression is unreachable
       |       |
       |       unreachable call

error[E0308]: mismatched types
      --> /jet/build/run.rs:200535:128
       |
200535 | ...me(jet_datatree_at(__jet_l_10345304804618542643.as_ref().expect("MIR local"), __jet_v_6858331764974554317.take().expect("MIR value")));
       |       --------------- arguments to this function are incorrect                   ^^^^^^^^^^^^^^^^^^^^^^^^^^^^^^^^^^^^^^^^^^^^^^^^^^^^^^ expected `i64`, found `JetInt`
       |
note: function defined here
      --> /jet/build/run.rs:92630:4
       |
 92630 | fn jet_datatree_at(
       |    ^^^^^^^^^^^^^^^
 92631 |     tree: &jet_std::DataTree,
 92632 |     index: i64,
       |     ----------

warning: unreachable call
      --> /jet/build/run.rs:200558:48
       |
200558 | ... = Some(jet_panic_rich("run.jet", 2581u32, "manifes...e()).jet_debug()) } else { String::new() }));
       |       ^^^^ -------------------------------------------...------------------------------------------- any code following this expression is unreachable
       |       |
       |       unreachable call

warning: unreachable call
      --> /jet/build/run.rs:200774:47
       |
200774 | ... = Some(jet_panic_rich("run.jet", 2216u32, "canonic...) { String::new() } else { String::new() }));
       |       ^^^^ -------------------------------------------...------------------------------------------- any code following this expression is unreachable
       |       |
       |       unreachable call

warning: unreachable call
      --> /jet/build/run.rs:200937:48
       |
200937 | ... = Some(jet_panic_rich("run.jet", 2607u32, "validat...) { String::new() } else { String::new() }));
       |       ^^^^ -------------------------------------------...------------------------------------------- any code following this expression is unreachable
       |       |
       |       unreachable call

warning: unreachable call
      --> /jet/build/run.rs:200990:47
       |
200990 | ... = Some(jet_panic_rich("run.jet", 2609u32, "validat...) { String::new() } else { String::new() }));
       |       ^^^^ -------------------------------------------...------------------------------------------- any code following this expression is unreachable
       |       |
       |       unreachable call

warning: unreachable call
      --> /jet/build/run.rs:201164:47
       |
201164 | ... = Some(jet_panic_rich("run.jet", 2728u32, "verify_...) { String::new() } else { String::new() }));
       |       ^^^^ -------------------------------------------...------------------------------------------- any code following this expression is unreachable
       |       |
       |       unreachable call

error[E0308]: arguments to this function are incorrect
      --> /jet/build/run.rs:201577:52
       |
201577 | ...me(jet_string_slice_builtin(__jet_v_171501312244351301.as_ref().expect("MIR value"), (__jet_v_8894664461587271850.as_ref().expect("MIR value")).clone(), (__jet_v_18052739670381322372.as_ref().expect("MIR value")).clone()));
       |       ^^^^^^^^^^^^^^^^^^^^^^^^                                                          ------------------------------------------------------------------  ------------------------------------------------------------------- expected `i64`, found `JetInt`
       |                                                                                         |
       |                                                                                         expected `i64`, found `JetInt`
       |
note: function defined here
      --> /jet/build/run.rs:32126:4
       |
 32126 | fn jet_string_slice_builtin(s: &String, a: i64, b: i64) -> String {
       |    ^^^^^^^^^^^^^^^^^^^^^^^^             ------  ------

error[E0308]: mismatched types
      --> /jet/build/run.rs:201579:53
       |
201579 | ...9 = Some(jet_unicode_trim_view(__jet_l_7720904758021930720.as_ref().expect("MIR local")));
       |        ---- ^^^^^^^^^^^^^^^^^^^^^^^^^^^^^^^^^^^^^^^^^^^^^^^^^^^^^^^^^^^^^^^^^^^^^^^^^^^^^^^ expected `String`, found `&str`
       |        |
       |        arguments to this enum variant are incorrect
       |
help: the type constructed contains `&str` due to the type of the argument passed
      --> /jet/build/run.rs:201579:48
       |
201579 | ...728295441279 = Some(jet_unicode_trim_view(__jet_l_7720904758021930720.as_ref().expect("MIR local")));
       |                   ^^^^^-------------------------------------------------------------------------------^
       |                        |
       |                        this argument influences the type of `Some`
note: tuple variant defined here
      --> /rustc/8bab26f4f68e0e26f0bb7960be334d5b520ea452/library/core/src/option.rs:605:4
help: try using a conversion method
       |
201579 |                 __jet_v_16804891728295441279 = Some(jet_unicode_trim_view(__jet_l_7720904758021930720.as_ref().expect("MIR local")).to_string());
       |                                                                                                                                    ++++++++++++

error[E0308]: mismatched types
      --> /jet/build/run.rs:202407:125
       |
202407 | ....clone()) + ((__jet_v_1142431215007626322.as_ref().expect("MIR value")).clone())));
       |                ^^^^^^^^^^^^^^^^^^^^^^^^^^^^^^^^^^^^^^^^^^^^^^^^^^^^^^^^^^^^^^^^^^^^ expected `&str`, found `String`
       |
help: consider borrowing here
       |
202407 |                 __jet_v_7557895463681972007 = Some((((__jet_v_12776234770858694834.as_ref().expect("MIR value")).clone()) + &((__jet_v_1142431215007626322.as_ref().expect("MIR value")).clone())));
       |                                                                                                                             +

error[E0308]: mismatched types
      --> /jet/build/run.rs:202469:125
       |
202469 | ...).clone()) + ((__jet_v_867176662964152225.as_ref().expect("MIR value")).clone())));
       |                 ^^^^^^^^^^^^^^^^^^^^^^^^^^^^^^^^^^^^^^^^^^^^^^^^^^^^^^^^^^^^^^^^^^^ expected `&str`, found `String`
       |
help: consider borrowing here
       |
202469 |                 __jet_v_3944261189149664932 = Some((((__jet_v_13369156187030381840.as_ref().expect("MIR value")).clone()) + &((__jet_v_867176662964152225.as_ref().expect("MIR value")).clone())));
       |                                                                                                                             +

error[E0308]: mismatched types
      --> /jet/build/run.rs:202720:124
       |
202720 | ....clone()) + ((__jet_v_6662797714866966054.as_ref().expect("MIR value")).clone())));
       |                ^^^^^^^^^^^^^^^^^^^^^^^^^^^^^^^^^^^^^^^^^^^^^^^^^^^^^^^^^^^^^^^^^^^^ expected `&str`, found `String`
       |
help: consider borrowing here
       |
202720 |                 __jet_v_6268060067224428872 = Some((((__jet_v_6151602395527149347.as_ref().expect("MIR value")).clone()) + &((__jet_v_6662797714866966054.as_ref().expect("MIR value")).clone())));
       |                                                                                                                            +

error[E0308]: mismatched types
      --> /jet/build/run.rs:202802:125
       |
202802 | ....clone()) + ((__jet_v_15454966541662332788.as_ref().expect("MIR value")).clone())));
       |                ^^^^^^^^^^^^^^^^^^^^^^^^^^^^^^^^^^^^^^^^^^^^^^^^^^^^^^^^^^^^^^^^^^^^^ expected `&str`, found `String`
       |
help: consider borrowing here
       |
202802 |                 __jet_v_15918148140428256694 = Some((((__jet_v_5099047362340310505.as_ref().expect("MIR value")).clone()) + &((__jet_v_15454966541662332788.as_ref().expect("MIR value")).clone())));
       |                                                                                                                             +

error[E0308]: mismatched types
      --> /jet/build/run.rs:203529:53
       |
203529 | ...27418672653684 = Some(jet_datatree_to_text(__jet_v_1592996000263838778.as_ref().expect("MIR value")));
       |                     ---- ^^^^^^^^^^^^^^^^^^^^^^^^^^^^^^^^^^^^^^^^^^^^^^^^^^^^^^^^^^^^^^^^^^^^^^^^^^^^^^ expected `Result<String, JetAbsent>`, found `Option<String>`
       |                     |
       |                     arguments to this enum variant are incorrect
       |
       = note: expected enum `Result<String, JetAbsent>`
                  found enum `Option<String>`
help: the type constructed contains `Option<String>` due to the type of the argument passed
      --> /jet/build/run.rs:203529:48
       |
203529 | ...27418672653684 = Some(jet_datatree_to_text(__jet_v_1592996000263838778.as_ref().expect("MIR value")));
       |                     ^^^^^------------------------------------------------------------------------------^
       |                          |
       |                          this argument influences the type of `Some`
note: tuple variant defined here
      --> /rustc/8bab26f4f68e0e26f0bb7960be334d5b520ea452/library/core/src/option.rs:605:4

warning: unreachable call
      --> /jet/build/run.rs:207425:47
       |
207425 | ... = Some(jet_panic_rich("run.jet", 793u32, "project_...) { String::new() } else { String::new() }));
       |       ^^^^ -------------------------------------------...------------------------------------------- any code following this expression is unreachable
       |       |
       |       unreachable call

error[E0308]: mismatched types
      --> /jet/build/run.rs:208819:53
       |
208819 | ...16884531936328 = Some(jet_datatree_to_text(__jet_v_17963626405432848955.as_ref().expect("MIR value")));
       |                     ---- ^^^^^^^^^^^^^^^^^^^^^^^^^^^^^^^^^^^^^^^^^^^^^^^^^^^^^^^^^^^^^^^^^^^^^^^^^^^^^^^ expected `Result<String, JetAbsent>`, found `Option<String>`
       |                     |
       |                     arguments to this enum variant are incorrect
       |
       = note: expected enum `Result<String, JetAbsent>`
                  found enum `Option<String>`
help: the type constructed contains `Option<String>` due to the type of the argument passed
      --> /jet/build/run.rs:208819:48
       |
208819 | ...884531936328 = Some(jet_datatree_to_text(__jet_v_17963626405432848955.as_ref().expect("MIR value")));
       |                   ^^^^^-------------------------------------------------------------------------------^
       |                        |
       |                        this argument influences the type of `Some`
note: tuple variant defined here
      --> /rustc/8bab26f4f68e0e26f0bb7960be334d5b520ea452/library/core/src/option.rs:605:4

error[E0308]: arguments to this function are incorrect
      --> /jet/build/run.rs:209344:52
       |
209344 | ...me(jet_string_slice_builtin(&(*__jet_captured_at), (__jet_v_5394013480527072034.as_ref().expect("MIR value")).clone(), (__jet_v_668230141085621773.as_ref().expect("MIR value")).clone()));
       |       ^^^^^^^^^^^^^^^^^^^^^^^^                        ------------------------------------------------------------------  ----------------------------------------------------------------- expected `i64`, found `JetInt`
       |                                                       |
       |                                                       expected `i64`, found `JetInt`
       |
note: function defined here
      --> /jet/build/run.rs:32126:4
       |
 32126 | fn jet_string_slice_builtin(s: &String, a: i64, b: i64) -> String {
       |    ^^^^^^^^^^^^^^^^^^^^^^^^             ------  ------

error[E0308]: mismatched types
      --> /jet/build/run.rs:209880:53
       |
209880 | ...48527928074282 = Some(jet_datatree_to_text(__jet_v_3735111034043720980.as_ref().expect("MIR value")));
       |                     ---- ^^^^^^^^^^^^^^^^^^^^^^^^^^^^^^^^^^^^^^^^^^^^^^^^^^^^^^^^^^^^^^^^^^^^^^^^^^^^^^ expected `Result<String, JetAbsent>`, found `Option<String>`
       |                     |
       |                     arguments to this enum variant are incorrect
       |
       = note: expected enum `Result<String, JetAbsent>`
                  found enum `Option<String>`
help: the type constructed contains `Option<String>` due to the type of the argument passed
      --> /jet/build/run.rs:209880:48
       |
209880 | ...48527928074282 = Some(jet_datatree_to_text(__jet_v_3735111034043720980.as_ref().expect("MIR value")));
       |                     ^^^^^------------------------------------------------------------------------------^
       |                          |
       |                          this argument influences the type of `Some`
note: tuple variant defined here
      --> /rustc/8bab26f4f68e0e26f0bb7960be334d5b520ea452/library/core/src/option.rs:605:4

error[E0308]: mismatched types
      --> /jet/build/run.rs:210816:52
       |
210816 | ...03832795415475 = Some(jet_datatree_to_text(__jet_v_12306801019334524220.as_ref().expect("MIR value")));
       |                     ---- ^^^^^^^^^^^^^^^^^^^^^^^^^^^^^^^^^^^^^^^^^^^^^^^^^^^^^^^^^^^^^^^^^^^^^^^^^^^^^^^ expected `Result<String, JetAbsent>`, found `Option<String>`
       |                     |
       |                     arguments to this enum variant are incorrect
       |
       = note: expected enum `Result<String, JetAbsent>`
                  found enum `Option<String>`
help: the type constructed contains `Option<String>` due to the type of the argument passed
      --> /jet/build/run.rs:210816:47
       |
210816 | ...832795415475 = Some(jet_datatree_to_text(__jet_v_12306801019334524220.as_ref().expect("MIR value")));
       |                   ^^^^^-------------------------------------------------------------------------------^
       |                        |
       |                        this argument influences the type of `Some`
note: tuple variant defined here
      --> /rustc/8bab26f4f68e0e26f0bb7960be334d5b520ea452/library/core/src/option.rs:605:4

warning: unreachable call
      --> /jet/build/run.rs:212174:47
       |
212174 | ... = Some(jet_panic_rich("run.jet", 2688u32, "validat...) { String::new() } else { String::new() }));
       |       ^^^^ -------------------------------------------...------------------------------------------- any code following this expression is unreachable
       |       |
       |       unreachable call

warning: unreachable call
      --> /jet/build/run.rs:212211:48
       |
212211 | ... = Some(jet_panic_rich("run.jet", 2698u32, "validat...) { String::new() } else { String::new() }));
       |       ^^^^ -------------------------------------------...------------------------------------------- any code following this expression is unreachable
       |       |
       |       unreachable call

warning: unreachable call
      --> /jet/build/run.rs:212250:48
       |
212250 | ... = Some(jet_panic_rich("run.jet", 2696u32, "validat...) { String::new() } else { String::new() }));
       |       ^^^^ -------------------------------------------...------------------------------------------- any code following this expression is unreachable
       |       |
       |       unreachable call

warning: unreachable call
      --> /jet/build/run.rs:212293:47
       |
212293 | ... = Some(jet_panic_rich("run.jet", 2701u32, "validat...) { String::new() } else { String::new() }));
       |       ^^^^ -------------------------------------------...------------------------------------------- any code following this expression is unreachable
       |       |
       |       unreachable call

error[E0308]: arguments to this function are incorrect
      --> /jet/build/run.rs:212528:52
       |
212528 | ...me(jet_string_slice_builtin(__jet_l_7012166344309920424.as_ref().expect("MIR local"), (__jet_v_11811650625662733184.as_ref().expect("MIR value")).clone(), (__jet_v_5336336619579735691.as_ref().expect("MIR value")).clone()));
       |       ^^^^^^^^^^^^^^^^^^^^^^^^                                                           -------------------------------------------------------------------  ------------------------------------------------------------------ expected `i64`, found `JetInt`
       |                                                                                          |
       |                                                                                          expected `i64`, found `JetInt`
       |
note: function defined here
      --> /jet/build/run.rs:32126:4
       |
 32126 | fn jet_string_slice_builtin(s: &String, a: i64, b: i64) -> String {
       |    ^^^^^^^^^^^^^^^^^^^^^^^^             ------  ------

warning: unreachable call
      --> /jet/build/run.rs:212543:48
       |
212543 | ... = Some(jet_panic_rich("run.jet", 2699u32, "validat...) { String::new() } else { String::new() }));
       |       ^^^^ -------------------------------------------...------------------------------------------- any code following this expression is unreachable
       |       |
       |       unreachable call

warning: unreachable call
      --> /jet/build/run.rs:212599:47
       |
212599 | ... = Some(jet_panic_rich("run.jet", 2691u32, "validat...) { String::new() } else { String::new() }));
       |       ^^^^ -------------------------------------------...------------------------------------------- any code following this expression is unreachable
       |       |
       |       unreachable call

error[E0308]: mismatched types
      --> /jet/build/run.rs:213816:52
       |
213816 | ...43958259569730 = Some(jet_datatree_to_text(__jet_v_17841705085000496484.as_ref().expect("MIR value")));
       |                     ---- ^^^^^^^^^^^^^^^^^^^^^^^^^^^^^^^^^^^^^^^^^^^^^^^^^^^^^^^^^^^^^^^^^^^^^^^^^^^^^^^ expected `Result<String, JetAbsent>`, found `Option<String>`
       |                     |
       |                     arguments to this enum variant are incorrect
       |
       = note: expected enum `Result<String, JetAbsent>`
                  found enum `Option<String>`
help: the type constructed contains `Option<String>` due to the type of the argument passed
      --> /jet/build/run.rs:213816:47
       |
213816 | ...958259569730 = Some(jet_datatree_to_text(__jet_v_17841705085000496484.as_ref().expect("MIR value")));
       |                   ^^^^^-------------------------------------------------------------------------------^
       |                        |
       |                        this argument influences the type of `Some`
note: tuple variant defined here
      --> /rustc/8bab26f4f68e0e26f0bb7960be334d5b520ea452/library/core/src/option.rs:605:4

error[E0308]: mismatched types
      --> /jet/build/run.rs:214164:53
       |
214164 |                 __jet_v_10737416292390639851 = Some(jet_datatree_to_text(__jet_l_113142721281612145.as_ref().expect("MIR local")));
       |                                                ---- ^^^^^^^^^^^^^^^^^^^^^^^^^^^^^^^^^^^^^^^^^^^^^^^^^^^^^^^^^^^^^^^^^^^^^^^^^^^^^ expected `Result<String, JetAbsent>`, found `Option<String>`
       |                                                |
       |                                                arguments to this enum variant are incorrect
       |
       = note: expected enum `Result<String, JetAbsent>`
                  found enum `Option<String>`
help: the type constructed contains `Option<String>` due to the type of the argument passed
      --> /jet/build/run.rs:214164:48
       |
214164 |                 __jet_v_10737416292390639851 = Some(jet_datatree_to_text(__jet_l_113142721281612145.as_ref().expect("MIR local")));
       |                                                ^^^^^-----------------------------------------------------------------------------^
       |                                                     |
       |                                                     this argument influences the type of `Some`
note: tuple variant defined here
      --> /rustc/8bab26f4f68e0e26f0bb7960be334d5b520ea452/library/core/src/option.rs:605:4

error[E0308]: mismatched types
      --> /jet/build/run.rs:214188:52
       |
214188 |                 __jet_v_6198526053994441107 = Some(jet_datatree_to_text(__jet_l_113142721281612145.as_ref().expect("MIR local")));
       |                                               ---- ^^^^^^^^^^^^^^^^^^^^^^^^^^^^^^^^^^^^^^^^^^^^^^^^^^^^^^^^^^^^^^^^^^^^^^^^^^^^^ expected `Result<String, JetAbsent>`, found `Option<String>`
       |                                               |
       |                                               arguments to this enum variant are incorrect
       |
       = note: expected enum `Result<String, JetAbsent>`
                  found enum `Option<String>`
help: the type constructed contains `Option<String>` due to the type of the argument passed
      --> /jet/build/run.rs:214188:47
       |
214188 |                 __jet_v_6198526053994441107 = Some(jet_datatree_to_text(__jet_l_113142721281612145.as_ref().expect("MIR local")));
       |                                               ^^^^^-----------------------------------------------------------------------------^
       |                                                    |
       |                                                    this argument influences the type of `Some`
note: tuple variant defined here
      --> /rustc/8bab26f4f68e0e26f0bb7960be334d5b520ea452/library/core/src/option.rs:605:4

error[E0308]: mismatched types
      --> /jet/build/run.rs:216254:52
       |
216254 |                 __jet_v_6711895900244816671 = Some(jet_datatree_to_text(&(*__jet_value)));
       |                                               ---- ^^^^^^^^^^^^^^^^^^^^^^^^^^^^^^^^^^^^^ expected `Result<String, JetAbsent>`, found `Option<String>`
       |                                               |
       |                                               arguments to this enum variant are incorrect
       |
       = note: expected enum `Result<String, JetAbsent>`
                  found enum `Option<String>`
help: the type constructed contains `Option<String>` due to the type of the argument passed
      --> /jet/build/run.rs:216254:47
       |
216254 |                 __jet_v_6711895900244816671 = Some(jet_datatree_to_text(&(*__jet_value)));
       |                                               ^^^^^-------------------------------------^
       |                                                    |
       |                                                    this argument influences the type of `Some`
note: tuple variant defined here
      --> /rustc/8bab26f4f68e0e26f0bb7960be334d5b520ea452/library/core/src/option.rs:605:4

error[E0605]: non-primitive cast: `i128` as `jet_foundation_numeric::JetInt`
      --> /jet/build/run.rs:216855:266
       |
216855 | ...et_conversion_value) => Ok((__jet_conversion_value) as jet_foundation::Numeric::JetInt), Err(__jet_conversion_error) => Err(_...
       |                               ^^^^^^^^^^^^^^^^^^^^^^^^^^^^^^^^^^^^^^^^^^^^^^^^^^^^^^^^^^^ an `as` expression can only be used to convert between primitive types or to coerce to a specific trait object

warning: unreachable call
      --> /jet/build/run.rs:216996:47
       |
216996 | ... = Some(jet_panic_rich("run.jet", 2286u32, "read_fi...) { String::new() } else { String::new() }));
       |       ^^^^ -------------------------------------------...------------------------------------------- any code following this expression is unreachable
       |       |
       |       unreachable call

error[E0308]: mismatched types
      --> /jet/build/run.rs:217431:53
       |
217431 | ...0 = Some(jet_unicode_trim_view(__jet_l_17663472576591628742.as_ref().expect("MIR local")));
       |        ---- ^^^^^^^^^^^^^^^^^^^^^^^^^^^^^^^^^^^^^^^^^^^^^^^^^^^^^^^^^^^^^^^^^^^^^^^^^^^^^^^^ expected `String`, found `&str`
       |        |
       |        arguments to this enum variant are incorrect
       |
help: the type constructed contains `&str` due to the type of the argument passed
      --> /jet/build/run.rs:217431:48
       |
217431 | ...299214871370 = Some(jet_unicode_trim_view(__jet_l_17663472576591628742.as_ref().expect("MIR local")));
       |                   ^^^^^--------------------------------------------------------------------------------^
       |                        |
       |                        this argument influences the type of `Some`
note: tuple variant defined here
      --> /rustc/8bab26f4f68e0e26f0bb7960be334d5b520ea452/library/core/src/option.rs:605:4
help: try using a conversion method
       |
217431 |                 __jet_v_17020718299214871370 = Some(jet_unicode_trim_view(__jet_l_17663472576591628742.as_ref().expect("MIR local")).to_string());
       |                                                                                                                                     ++++++++++++

warning: unreachable call
      --> /jet/build/run.rs:222840:47
       |
222840 | ... = Some(jet_panic_rich("run.jet", 2720u32, "expecte...) { String::new() } else { String::new() }));
       |       ^^^^ -------------------------------------------...------------------------------------------- any code following this expression is unreachable
       |       |
       |       unreachable call

warning: unreachable call
      --> /jet/build/run.rs:222851:47
       |
222851 | ... = Some(jet_panic_rich("run.jet", 2719u32, "expecte...) { String::new() } else { String::new() }));
       |       ^^^^ -------------------------------------------...------------------------------------------- any code following this expression is unreachable
       |       |
       |       unreachable call

warning: unreachable call
      --> /jet/build/run.rs:222864:48
       |
222864 | ... = Some(jet_panic_rich("run.jet", 2717u32, "expecte...) { String::new() } else { String::new() }));
       |       ^^^^ -------------------------------------------...------------------------------------------- any code following this expression is unreachable
       |       |
       |       unreachable call

warning: unreachable call
      --> /jet/build/run.rs:222879:48
       |
222879 | ... = Some(jet_panic_rich("run.jet", 2721u32, "expecte...) { String::new() } else { String::new() }));
       |       ^^^^ -------------------------------------------...------------------------------------------- any code following this expression is unreachable
       |       |
       |       unreachable call

warning: unreachable call
      --> /jet/build/run.rs:222888:47
       |
222888 | ... = Some(jet_panic_rich("run.jet", 2718u32, "expecte...) { String::new() } else { String::new() }));
       |       ^^^^ -------------------------------------------...------------------------------------------- any code following this expression is unreachable
       |       |
       |       unreachable call

warning: unreachable call
      --> /jet/build/run.rs:223434:47
       |
223434 | ... = Some(jet_panic_rich("run.jet", 2326u32, "snapsho...) { String::new() } else { String::new() }));
       |       ^^^^ -------------------------------------------...------------------------------------------- any code following this expression is unreachable
       |       |
       |       unreachable call

warning: unreachable call
      --> /jet/build/run.rs:224000:47
       |
224000 | ... = Some(jet_panic_rich("run.jet", 2220u32, "canonic...) { String::new() } else { String::new() }));
       |       ^^^^ -------------------------------------------...------------------------------------------- any code following this expression is unreachable
       |       |
       |       unreachable call

warning: unreachable call
      --> /jet/build/run.rs:224958:48
       |
224958 | ... = Some(jet_panic_rich("run.jet", 1765u32, "review_...) { String::new() } else { String::new() }));
       |       ^^^^ -------------------------------------------...------------------------------------------- any code following this expression is unreachable
       |       |
       |       unreachable call

warning: unreachable call
      --> /jet/build/run.rs:225067:47
       |
225067 | ... = Some(jet_panic_rich("run.jet", 1763u32, "review_...) { String::new() } else { String::new() }));
       |       ^^^^ -------------------------------------------...------------------------------------------- any code following this expression is unreachable
       |       |
       |       unreachable call

error[E0308]: mismatched types
      --> /jet/build/run.rs:228656:52
       |
228656 | ...04047077905901 = Some(jet_datatree_to_text(__jet_v_16181260716306243421.as_ref().expect("MIR value")));
       |                     ---- ^^^^^^^^^^^^^^^^^^^^^^^^^^^^^^^^^^^^^^^^^^^^^^^^^^^^^^^^^^^^^^^^^^^^^^^^^^^^^^^ expected `Result<String, JetAbsent>`, found `Option<String>`
       |                     |
       |                     arguments to this enum variant are incorrect
       |
       = note: expected enum `Result<String, JetAbsent>`
                  found enum `Option<String>`
help: the type constructed contains `Option<String>` due to the type of the argument passed
      --> /jet/build/run.rs:228656:47
       |
228656 | ...047077905901 = Some(jet_datatree_to_text(__jet_v_16181260716306243421.as_ref().expect("MIR value")));
       |                   ^^^^^-------------------------------------------------------------------------------^
       |                        |
       |                        this argument influences the type of `Some`
note: tuple variant defined here
      --> /rustc/8bab26f4f68e0e26f0bb7960be334d5b520ea452/library/core/src/option.rs:605:4

error[E0308]: arguments to this function are incorrect
      --> /jet/build/run.rs:230160:53
       |
230160 | ...me(jet_string_slice_builtin(__jet_l_4966991791194412334.as_ref().expect("MIR local"), (__jet_v_3389435634970029864.as_ref().expect("MIR value")).clone(), (__jet_v_17360793436651885507.as_ref().expect("MIR value")).clone()));
       |       ^^^^^^^^^^^^^^^^^^^^^^^^                                                           ------------------------------------------------------------------  ------------------------------------------------------------------- expected `i64`, found `JetInt`
       |                                                                                          |
       |                                                                                          expected `i64`, found `JetInt`
       |
note: function defined here
      --> /jet/build/run.rs:32126:4
       |
 32126 | fn jet_string_slice_builtin(s: &String, a: i64, b: i64) -> String {
       |    ^^^^^^^^^^^^^^^^^^^^^^^^             ------  ------

error[E0308]: arguments to this function are incorrect
      --> /jet/build/run.rs:231574:52
       |
231574 | ...me(jet_string_slice_builtin(__jet_l_4542561222610132653.as_ref().expect("MIR local"), (__jet_v_16965281944943032059.as_ref().expect("MIR value")).clone(), (__jet_v_3493584005692849200.as_ref().expect("MIR value")).clone()));
       |       ^^^^^^^^^^^^^^^^^^^^^^^^                                                           -------------------------------------------------------------------  ------------------------------------------------------------------ expected `i64`, found `JetInt`
       |                                                                                          |
       |                                                                                          expected `i64`, found `JetInt`
       |
note: function defined here
      --> /jet/build/run.rs:32126:4
       |
 32126 | fn jet_string_slice_builtin(s: &String, a: i64, b: i64) -> String {
       |    ^^^^^^^^^^^^^^^^^^^^^^^^             ------  ------

warning: unreachable call
      --> /jet/build/run.rs:231641:48
       |
231641 | ... = Some(jet_panic_rich("run.jet", 2575u32, "panic_data_tree", "    panic(message)", 5u32, 5u32, &((__jet_v_17428988062287862439.as_ref().expect("MIR value")).clone()), &if cfg!(debug_assertions) { String::new() } else { String::new() }));
       |       ^^^^ ------------------------------------------------------------------------------------------------------------------------------------------------------------------------------------------------------------------------------------ any code following this expression is unreachable
       |       |
       |       unreachable call

warning: unreachable call
      --> /jet/build/run.rs:232137:47
       |
232137 | ... = Some(jet_panic_rich("run.jet", 2256u32, "snapsho...) { String::new() } else { String::new() }));
       |       ^^^^ -------------------------------------------...------------------------------------------- any code following this expression is unreachable
       |       |
       |       unreachable call

warning: unreachable call
      --> /jet/build/run.rs:236401:47
       |
236401 | ... = Some(jet_panic_rich("run.jet", 2226u32, "canonic...) { String::new() } else { String::new() }));
       |       ^^^^ -------------------------------------------...------------------------------------------- any code following this expression is unreachable
       |       |
       |       unreachable call

warning: unreachable call
      --> /jet/build/run.rs:236409:47
       |
236409 | ... = Some(jet_panic_rich("run.jet", 2227u32, "canonic...) { String::new() } else { String::new() }));
       |       ^^^^ -------------------------------------------...------------------------------------------- any code following this expression is unreachable
       |       |
       |       unreachable call

warning: unreachable call
      --> /jet/build/run.rs:236434:47
       |
236434 | ... = Some(jet_panic_rich("run.jet", 2224u32, "canonic...) { String::new() } else { String::new() }));
       |       ^^^^ -------------------------------------------...------------------------------------------- any code following this expression is unreachable
       |       |
       |       unreachable call

warning: unreachable call
      --> /jet/build/run.rs:236607:46
       |
236607 | ... = Some(jet_panic_rich("run.jet", 2629u32, "validat...) { String::new() } else { String::new() }));
       |       ^^^^ -------------------------------------------...------------------------------------------- any code following this expression is unreachable
       |       |
       |       unreachable call

warning: unreachable call
      --> /jet/build/run.rs:236615:48
       |
236615 | ... = Some(jet_panic_rich("run.jet", 2622u32, "validat...) { String::new() } else { String::new() }));
       |       ^^^^ -------------------------------------------...------------------------------------------- any code following this expression is unreachable
       |       |
       |       unreachable call

warning: unreachable call
      --> /jet/build/run.rs:236679:47
       |
236679 | ... = Some(jet_panic_rich("run.jet", 2625u32, "validat...) { String::new() } else { String::new() }));
       |       ^^^^ -------------------------------------------...------------------------------------------- any code following this expression is unreachable
       |       |
       |       unreachable call

warning: unreachable call
      --> /jet/build/run.rs:236822:48
       |
236822 | ... = Some(jet_panic_rich("run.jet", 2621u32, "validat...) { String::new() } else { String::new() }));
       |       ^^^^ -------------------------------------------...------------------------------------------- any code following this expression is unreachable
       |       |
       |       unreachable call

warning: unreachable call
      --> /jet/build/run.rs:237315:48
       |
237315 | ... = Some(jet_panic_rich("run.jet", 2601u32, "manifes...) { String::new() } else { String::new() }));
       |       ^^^^ -------------------------------------------...------------------------------------------- any code following this expression is unreachable
       |       |
       |       unreachable call

warning: unreachable call
      --> /jet/build/run.rs:237345:48
       |
237345 | ... = Some(jet_panic_rich("run.jet", 2602u32, "manifes...) { String::new() } else { String::new() }));
       |       ^^^^ -------------------------------------------...------------------------------------------- any code following this expression is unreachable
       |       |
       |       unreachable call

error[E0308]: mismatched types
      --> /jet/build/run.rs:237466:52
       |
237466 | ...65599279298224 = Some(jet_datatree_to_text(__jet_v_14992980506331129743.as_ref().expect("MIR value")));
       |                     ---- ^^^^^^^^^^^^^^^^^^^^^^^^^^^^^^^^^^^^^^^^^^^^^^^^^^^^^^^^^^^^^^^^^^^^^^^^^^^^^^^ expected `Result<String, JetAbsent>`, found `Option<String>`
       |                     |
       |                     arguments to this enum variant are incorrect
       |
       = note: expected enum `Result<String, JetAbsent>`
                  found enum `Option<String>`
help: the type constructed contains `Option<String>` due to the type of the argument passed
      --> /jet/build/run.rs:237466:47
       |
237466 | ...599279298224 = Some(jet_datatree_to_text(__jet_v_14992980506331129743.as_ref().expect("MIR value")));
       |                   ^^^^^-------------------------------------------------------------------------------^
       |                        |
       |                        this argument influences the type of `Some`
note: tuple variant defined here
      --> /rustc/8bab26f4f68e0e26f0bb7960be334d5b520ea452/library/core/src/option.rs:605:4

warning: unreachable call
      --> /jet/build/run.rs:237940:47
       |
237940 | ... = Some(jet_panic_rich("run.jet", 2671u32, "validat...e()).jet_debug()) } else { String::new() }));
       |       ^^^^ -------------------------------------------...------------------------------------------- any code following this expression is unreachable
       |       |
       |       unreachable call

error[E0308]: arguments to this function are incorrect
      --> /jet/build/run.rs:237983:52
       |
237983 | ...me(jet_string_slice_builtin(__jet_l_13943381281425762797.as_ref().expect("MIR local"), (__jet_v_15454158433391927256.as_ref().expect("MIR value")).clone(), (__jet_v_1501205128573931827.as_ref().expect("MIR value")).clone()));
       |       ^^^^^^^^^^^^^^^^^^^^^^^^                                                            -------------------------------------------------------------------  ------------------------------------------------------------------ expected `i64`, found `JetInt`
       |                                                                                           |
       |                                                                                           expected `i64`, found `JetInt`
       |
note: function defined here
      --> /jet/build/run.rs:32126:4
       |
 32126 | fn jet_string_slice_builtin(s: &String, a: i64, b: i64) -> String {
       |    ^^^^^^^^^^^^^^^^^^^^^^^^             ------  ------

warning: unreachable call
      --> /jet/build/run.rs:238038:47
       |
238038 | ... = Some(jet_panic_rich("run.jet", 2679u32, "validat...e()).jet_debug()) } else { String::new() }));
       |       ^^^^ -------------------------------------------...------------------------------------------- any code following this expression is unreachable
       |       |
       |       unreachable call

warning: unreachable call
      --> /jet/build/run.rs:238070:48
       |
238070 | ... = Some(jet_panic_rich("run.jet", 2665u32, "validat...e()).jet_debug()) } else { String::new() }));
       |       ^^^^ -------------------------------------------...------------------------------------------- any code following this expression is unreachable
       |       |
       |       unreachable call

warning: unreachable call
      --> /jet/build/run.rs:238120:48
       |
238120 | ... = Some(jet_panic_rich("run.jet", 2669u32, "validat...e()).jet_debug()) } else { String::new() }));
       |       ^^^^ -------------------------------------------...------------------------------------------- any code following this expression is unreachable
       |       |
       |       unreachable call

warning: unreachable call
      --> /jet/build/run.rs:238135:48
       |
238135 | ... = Some(jet_panic_rich("run.jet", 2657u32, "validat...e()).jet_debug()) } else { String::new() }));
       |       ^^^^ -------------------------------------------...------------------------------------------- any code following this expression is unreachable
       |       |
       |       unreachable call

warning: unreachable call
      --> /jet/build/run.rs:238185:48
       |
238185 | ... = Some(jet_panic_rich("run.jet", 2660u32, "validat...e()).jet_debug()) } else { String::new() }));
       |       ^^^^ -------------------------------------------...------------------------------------------- any code following this expression is unreachable
       |       |
       |       unreachable call

warning: unreachable call
      --> /jet/build/run.rs:238265:47
       |
238265 | ... = Some(jet_panic_rich("run.jet", 2682u32, "validat...e()).jet_debug()) } else { String::new() }));
       |       ^^^^ -------------------------------------------...------------------------------------------- any code following this expression is unreachable
       |       |
       |       unreachable call

warning: unreachable call
      --> /jet/build/run.rs:238482:47
       |
238482 | ... = Some(jet_panic_rich("run.jet", 2662u32, "validat...e()).jet_debug()) } else { String::new() }));
       |       ^^^^ -------------------------------------------...------------------------------------------- any code following this expression is unreachable
       |       |
       |       unreachable call

error[E0308]: mismatched types
      --> /jet/build/run.rs:239769:52
       |
239769 | ... = Some(jet_datatree_to_text(&(*jet_index_vec_ref(&...xceeds host range")), "run.jet", 2760u32))));
       |       ---- ^^^^^^^^^^^^^^^^^^^^^^^^^^^^^^^^^^^^^^^^^^^...^^^^^^^^^^^^^^^^^^^^^^^^^^^^^^^^^^^^^^^^^^^ expected `Result<String, JetAbsent>`, found `Option<String>`
       |       |
       |       arguments to this enum variant are incorrect
       |
       = note: expected enum `Result<String, JetAbsent>`
                  found enum `Option<String>`
help: the type constructed contains `Option<String>` due to the type of the argument passed
      --> /jet/build/run.rs:239769:47
       |
239769 | ... = Some(jet_datatree_to_text(&(*jet_index_vec_...ceeds host range")), "run.jet", 2760u32))));
       |       ^^^^^--------------------------------------...------------------------------------------^
       |            |
       |            this argument influences the type of `Some`
note: tuple variant defined here
      --> /rustc/8bab26f4f68e0e26f0bb7960be334d5b520ea452/library/core/src/option.rs:605:4

error[E0308]: mismatched types
      --> /jet/build/run.rs:240377:52
       |
240377 | ... = Some(jet_datatree_to_text(&(*jet_index_vec_ref(&...xceeds host range")), "run.jet", 2760u32))));
       |       ---- ^^^^^^^^^^^^^^^^^^^^^^^^^^^^^^^^^^^^^^^^^^^...^^^^^^^^^^^^^^^^^^^^^^^^^^^^^^^^^^^^^^^^^^^ expected `Result<String, JetAbsent>`, found `Option<String>`
       |       |
       |       arguments to this enum variant are incorrect
       |
       = note: expected enum `Result<String, JetAbsent>`
                  found enum `Option<String>`
help: the type constructed contains `Option<String>` due to the type of the argument passed
      --> /jet/build/run.rs:240377:47
       |
240377 | ... = Some(jet_datatree_to_text(&(*jet_index_vec_...ceeds host range")), "run.jet", 2760u32))));
       |       ^^^^^--------------------------------------...------------------------------------------^
       |            |
       |            this argument influences the type of `Some`
note: tuple variant defined here
      --> /rustc/8bab26f4f68e0e26f0bb7960be334d5b520ea452/library/core/src/option.rs:605:4

error[E0308]: mismatched types
      --> /jet/build/run.rs:240593:52
       |
240593 | ... = Some(jet_datatree_to_text(&(*jet_index_vec_ref(&...xceeds host range")), "run.jet", 2760u32))));
       |       ---- ^^^^^^^^^^^^^^^^^^^^^^^^^^^^^^^^^^^^^^^^^^^...^^^^^^^^^^^^^^^^^^^^^^^^^^^^^^^^^^^^^^^^^^^ expected `Result<String, JetAbsent>`, found `Option<String>`
       |       |
       |       arguments to this enum variant are incorrect
       |
       = note: expected enum `Result<String, JetAbsent>`
                  found enum `Option<String>`
help: the type constructed contains `Option<String>` due to the type of the argument passed
      --> /jet/build/run.rs:240593:47
       |
240593 | ... = Some(jet_datatree_to_text(&(*jet_index_vec_...ceeds host range")), "run.jet", 2760u32))));
       |       ^^^^^--------------------------------------...------------------------------------------^
       |            |
       |            this argument influences the type of `Some`
note: tuple variant defined here
      --> /rustc/8bab26f4f68e0e26f0bb7960be334d5b520ea452/library/core/src/option.rs:605:4

error[E0308]: mismatched types
      --> /jet/build/run.rs:241016:53
       |
241016 | ... = Some(jet_datatree_to_text(&(*jet_index_vec_ref(&...xceeds host range")), "run.jet", 2760u32))));
       |       ---- ^^^^^^^^^^^^^^^^^^^^^^^^^^^^^^^^^^^^^^^^^^^...^^^^^^^^^^^^^^^^^^^^^^^^^^^^^^^^^^^^^^^^^^^ expected `Result<String, JetAbsent>`, found `Option<String>`
       |       |
       |       arguments to this enum variant are incorrect
       |
       = note: expected enum `Result<String, JetAbsent>`
                  found enum `Option<String>`
help: the type constructed contains `Option<String>` due to the type of the argument passed
      --> /jet/build/run.rs:241016:48
       |
241016 | ... = Some(jet_datatree_to_text(&(*jet_index_vec_...ceeds host range")), "run.jet", 2760u32))));
       |       ^^^^^--------------------------------------...------------------------------------------^
       |            |
       |            this argument influences the type of `Some`
note: tuple variant defined here
      --> /rustc/8bab26f4f68e0e26f0bb7960be334d5b520ea452/library/core/src/option.rs:605:4

warning: unreachable call
      --> /jet/build/run.rs:244549:47
       |
244549 | ... = Some(jet_panic_rich("run.jet", 2089u32, "card_op...) { String::new() } else { String::new() }));
       |       ^^^^ -------------------------------------------...------------------------------------------- any code following this expression is unreachable
       |       |
       |       unreachable call

warning: unreachable call
      --> /jet/build/run.rs:244684:48
       |
244684 | ... = Some(jet_panic_rich("run.jet", 2571u32, "parse_j...) { String::new() } else { String::new() }));
       |       ^^^^ -------------------------------------------...------------------------------------------- any code following this expression is unreachable
       |       |
       |       unreachable call

warning: unreachable call
      --> /jet/build/run.rs:244692:48
       |
244692 | ... = Some(jet_panic_rich("run.jet", 2570u32, "parse_j...) { String::new() } else { String::new() }));
       |       ^^^^ -------------------------------------------...------------------------------------------- any code following this expression is unreachable
       |       |
       |       unreachable call

warning: unreachable call
      --> /jet/build/run.rs:244764:47
       |
244764 | ... = Some(jet_panic_rich("run.jet", 2757u32, "assert_...) { String::new() } else { String::new() }));
       |       ^^^^ -------------------------------------------...------------------------------------------- any code following this expression is unreachable
       |       |
       |       unreachable call

error[E0308]: arguments to this function are incorrect
      --> /jet/build/run.rs:244920:52
       |
244920 | ...me(jet_string_slice_builtin(__jet_v_15082651210636922237.as_ref().expect("MIR value"), (__jet_v_8665207161465703265.as_ref().expect("MIR value")).clone(), (__jet_v_13012923165972538268.as_ref().expect("MIR value")).clone()));
       |       ^^^^^^^^^^^^^^^^^^^^^^^^                                                            ------------------------------------------------------------------  ------------------------------------------------------------------- expected `i64`, found `JetInt`
       |                                                                                           |
       |                                                                                           expected `i64`, found `JetInt`
       |
note: function defined here
      --> /jet/build/run.rs:32126:4
       |
 32126 | fn jet_string_slice_builtin(s: &String, a: i64, b: i64) -> String {
       |    ^^^^^^^^^^^^^^^^^^^^^^^^             ------  ------

error[E0308]: mismatched types
      --> /jet/build/run.rs:246173:52
       |
246173 |                 __jet_v_3371827001241382091 = Some(jet_datatree_to_text(&(*__jet_value)));
       |                                               ---- ^^^^^^^^^^^^^^^^^^^^^^^^^^^^^^^^^^^^^ expected `Result<String, JetAbsent>`, found `Option<String>`
       |                                               |
       |                                               arguments to this enum variant are incorrect
       |
       = note: expected enum `Result<String, JetAbsent>`
                  found enum `Option<String>`
help: the type constructed contains `Option<String>` due to the type of the argument passed
      --> /jet/build/run.rs:246173:47
       |
246173 |                 __jet_v_3371827001241382091 = Some(jet_datatree_to_text(&(*__jet_value)));
       |                                               ^^^^^-------------------------------------^
       |                                                    |
       |                                                    this argument influences the type of `Some`
note: tuple variant defined here
      --> /rustc/8bab26f4f68e0e26f0bb7960be334d5b520ea452/library/core/src/option.rs:605:4

warning: unreachable call
      --> /jet/build/run.rs:247623:47
       |
247623 | ... = Some(jet_panic_rich("run.jet", 2737u32, "array_f...) { String::new() } else { String::new() }));
       |       ^^^^ -------------------------------------------...------------------------------------------- any code following this expression is unreachable
       |       |
       |       unreachable call

warning: unreachable call
      --> /jet/build/run.rs:247743:48
       |
247743 | ... = Some(jet_panic_rich("run.jet", 999u32, "required...) { String::new() } else { String::new() }));
       |       ^^^^ -------------------------------------------...------------------------------------------- any code following this expression is unreachable
       |       |
       |       unreachable call

warning: unused import: `Write`
      --> /jet/build/run.rs:115470:37
       |
115470 | use std::io::{Read, Seek, SeekFrom, Write};
       |                                     ^^^^^

warning: unused import: `Seek`
      --> /jet/build/run.rs:115470:21
       |
115470 | use std::io::{Read, Seek, SeekFrom, Write};
       |                     ^^^^

warning: unused import: `std::io::Write`
      --> /jet/build/run.rs:152057:9
       |
152057 |     use std::io::Write;
       |         ^^^^^^^^^^^^^^

warning: value assigned to `cursor` is never read
      --> /jet/build/run.rs:122584:17
       |
122584 |                 cursor += 2;
       |                 ^^^^^^^^^^^ this value is reassigned later and never used
...
122587 |                 cursor += 1;
       |                 ----------- `cursor` is overwritten here before the previous value is read
       |
       = note: `#[warn(unused_assignments)]` (part of `#[warn(unused)]`) on by default

warning: value assigned to `cursor` is never read
      --> /jet/build/run.rs:122587:17
       |
122587 |                 cursor += 1;
       |                 ^^^^^^^^^^^
       |
       = help: maybe it is overwritten before being read?

error: aborting due to 54 previous errors; 492 warnings emitted

Some errors have detailed explanations: E0308, E0605, E0631.
For more information about an error, try `rustc --explain E0308`.
