error[E0407]: method `debug` is not a member of trait `JetDebug`
      --> /jet/build/impl_shape_matrix.rs:128280:1
       |
128280 | / fn debug(&self) -> String {
128281 | |     let __jet_history_types = jet_history_current_types();
128282 | |     let mut __jet_l_8364718976371877434: Option<__jet__shome_snate_sProjects_sGithub_sjet_sexamples_sfeatures_straits_c_cimpl_...
128283 | |     let mut __jet_l_16992942891173248343: Option<String> = None;
...      |
128300 | | }
       | |_^ not a member of trait `JetDebug`

error[E0407]: method `debug` is not a member of trait `JetDebug`
      --> /jet/build/impl_shape_matrix.rs:128331:1
       |
128331 | / fn debug(&self) -> String {
128332 | |     let __jet_history_types = jet_history_current_types();
128333 | |     let mut __jet_l_10201270682274400703: Option<String> = None;
128334 | |     let mut __jet_l_12792979898551773745: Option<__jet__shome_snate_sProjects_sGithub_sjet_sexamples_sfeatures_straits_c_cimpl...
...      |
128351 | | }
       | |_^ not a member of trait `JetDebug`

error[E0407]: method `debug` is not a member of trait `JetDebug`
      --> /jet/build/impl_shape_matrix.rs:129374:1
       |
129374 | / fn debug(&self) -> String {
129375 | |     let __jet_history_types = jet_history_current_types();
129376 | |     let mut __jet_l_1445882622995241383: Option<__jet__shome_snate_sProjects_sGithub_sjet_sexamples_sfeatures_straits_c_cimpl_...
129377 | |     let mut __jet_l_10863166798869486713: Option<String> = None;
...      |
129394 | | }
       | |_^ not a member of trait `JetDebug`

error[E0407]: method `debug` is not a member of trait `JetDebug`
      --> /jet/build/impl_shape_matrix.rs:131762:1
       |
131762 | / fn debug(&self) -> String {
131763 | |     let __jet_history_types = jet_history_current_types();
131764 | |     let mut __jet_l_15183998552772533996: Option<String> = None;
131765 | |     let mut __jet_l_15451431287883081398: Option<__jet__shome_snate_sProjects_sGithub_sjet_sexamples_sfeatures_straits_c_cimpl...
...      |
131782 | | }
       | |_^ not a member of trait `JetDebug`

error[E0407]: method `debug` is not a member of trait `JetDebug`
      --> /jet/build/impl_shape_matrix.rs:131978:1
       |
131978 | / fn debug(&self) -> String {
131979 | |     let __jet_history_types = jet_history_current_types();
131980 | |     let mut __jet_l_3542128421792055697: Option<String> = None;
131981 | |     let mut __jet_l_10952110135459651658: Option<__jet__shome_snate_sProjects_sGithub_sjet_sexamples_sfeatures_straits_c_cimpl...
...      |
131998 | | }
       | |_^ not a member of trait `JetDebug`

warning: trait `__jet_Display` should have an upper camel case name
 --> /jet/build/impl_shape_matrix.rs:4:11
  |
4 | pub trait __jet_Display {
  |           ^^^^^^^^^^^^^ help: convert the identifier to upper camel case: `JetDisplay`
  |
  = note: `#[warn(non_camel_case_types)]` (part of `#[warn(nonstandard_style)]`) on by default

warning: trait `__jet_Equatable` should have an upper camel case name
 --> /jet/build/impl_shape_matrix.rs:8:11
  |
8 | pub trait __jet_Equatable: Sized { fn equal(&self, rhs: &Self) -> bool; }
  |           ^^^^^^^^^^^^^^^ help: convert the identifier to upper camel case: `JetEquatable`

warning: type `__jet_Ordering` should have an upper camel case name
  --> /jet/build/impl_shape_matrix.rs:24:10
   |
24 | pub enum __jet_Ordering { __jet_Less, __jet_Equal, __jet_Greater }
   |          ^^^^^^^^^^^^^^ help: convert the identifier to upper camel case: `JetOrdering`

warning: variant `__jet_Less` should have an upper camel case name
  --> /jet/build/impl_shape_matrix.rs:24:27
   |
24 | pub enum __jet_Ordering { __jet_Less, __jet_Equal, __jet_Greater }
   |                           ^^^^^^^^^^ help: convert the identifier to upper camel case: `JetLess`

warning: variant `__jet_Equal` should have an upper camel case name
  --> /jet/build/impl_shape_matrix.rs:24:39
   |
24 | pub enum __jet_Ordering { __jet_Less, __jet_Equal, __jet_Greater }
   |                                       ^^^^^^^^^^^ help: convert the identifier to upper camel case: `JetEqual`

warning: variant `__jet_Greater` should have an upper camel case name
  --> /jet/build/impl_shape_matrix.rs:24:52
   |
24 | pub enum __jet_Ordering { __jet_Less, __jet_Equal, __jet_Greater }
   |                                                    ^^^^^^^^^^^^^ help: convert the identifier to upper camel case: `JetGreater`

warning: trait `__jet_Comparable` should have an upper camel case name
  --> /jet/build/impl_shape_matrix.rs:26:11
   |
26 | pub trait __jet_Comparable: Sized { fn compare(&self, rhs: &Self) -> __jet_Ordering; }
   |           ^^^^^^^^^^^^^^^^ help: convert the identifier to upper camel case: `JetComparable`

warning: trait `__jet_Add` should have an upper camel case name
  --> /jet/build/impl_shape_matrix.rs:38:11
   |
38 | pub trait __jet_Add<Rhs = Self>: Sized { type Output; fn add(&self, rhs: &Rhs) -> Self::Output; }
   |           ^^^^^^^^^ help: convert the identifier to upper camel case: `JetAdd`

warning: trait `__jet_Sub` should have an upper camel case name
  --> /jet/build/impl_shape_matrix.rs:39:11
   |
39 | pub trait __jet_Sub<Rhs = Self>: Sized { type Output; fn sub(&self, rhs: &Rhs) -> Self::Output; }
   |           ^^^^^^^^^ help: convert the identifier to upper camel case: `JetSub`

warning: trait `__jet_Mul` should have an upper camel case name
  --> /jet/build/impl_shape_matrix.rs:40:11
   |
40 | pub trait __jet_Mul<Rhs = Self>: Sized { type Output; fn mul(&self, rhs: &Rhs) -> Self::Output; }
   |           ^^^^^^^^^ help: convert the identifier to upper camel case: `JetMul`

warning: trait `__jet_Div` should have an upper camel case name
  --> /jet/build/impl_shape_matrix.rs:41:11
   |
41 | pub trait __jet_Div<Rhs = Self>: Sized { type Output; fn div(&self, rhs: &Rhs) -> Self::Output; }
   |           ^^^^^^^^^ help: convert the identifier to upper camel case: `JetDiv`

warning: trait `__jet_Index` should have an upper camel case name
  --> /jet/build/impl_shape_matrix.rs:42:11
   |
42 | pub trait __jet_Index {
   |           ^^^^^^^^^^^ help: convert the identifier to upper camel case: `JetIndex`

warning: associated type `__jet_Key` should have an upper camel case name
  --> /jet/build/impl_shape_matrix.rs:43:10
   |
43 |     type __jet_Key;
   |          ^^^^^^^^^ help: convert the identifier to upper camel case: `JetKey`

warning: associated type `__jet_Value` should have an upper camel case name
  --> /jet/build/impl_shape_matrix.rs:44:10
   |
44 |     type __jet_Value;
   |          ^^^^^^^^^^^ help: convert the identifier to upper camel case: `JetValue`

warning: trait `__jet_IndexMut` should have an upper camel case name
  --> /jet/build/impl_shape_matrix.rs:47:11
   |
47 | pub trait __jet_IndexMut: __jet_Index {
   |           ^^^^^^^^^^^^^^ help: convert the identifier to upper camel case: `JetIndexMut`

warning: trait `__jet_Serialize` should have an upper camel case name
     --> /jet/build/impl_shape_matrix.rs:41731:7
      |
41731 | trait __jet_Serialize {
      |       ^^^^^^^^^^^^^^^ help: convert the identifier to upper camel case: `JetSerialize`

warning: unused import: `Cell`
     --> /jet/build/impl_shape_matrix.rs:46256:21
      |
46256 |     use std::cell::{Cell, RefCell};
      |                     ^^^^
      |
      = note: `#[warn(unused_imports)]` (part of `#[warn(unused)]`) on by default

warning: unused import: `JetUninit`
     --> /jet/build/impl_shape_matrix.rs:46260:43
      |
46260 |     pub use super::jet_uninit_semantics::{JetUninit, JetUninitFixed};
      |                                           ^^^^^^^^^

warning: unused imports: `JetSentryFrame`, `JetSentryGuard`, `jet_sentry_current_frame`, `jet_sentry_fenced_scope`, `jet_sentry_frame`, `jet_sentry_policy_scope`, `jet_sentry_reset`, `jet_sentry_scope`, and `jet_sentry_set_hardened`
     --> /jet/build/impl_shape_matrix.rs:46273:35
      |
46273 |         jet_memory_ledger_record, jet_sentry_current_frame, jet_sentry_fenced_scope,
      |                                   ^^^^^^^^^^^^^^^^^^^^^^^^  ^^^^^^^^^^^^^^^^^^^^^^^
46274 |         jet_sentry_frame, jet_sentry_policy_scope, jet_sentry_reset, jet_sentry_scope,
      |         ^^^^^^^^^^^^^^^^  ^^^^^^^^^^^^^^^^^^^^^^^  ^^^^^^^^^^^^^^^^  ^^^^^^^^^^^^^^^^
46275 |         jet_sentry_set_hardened, JetSentryFrame, JetSentryGuard, MemoryLedgerWitness,
      |         ^^^^^^^^^^^^^^^^^^^^^^^  ^^^^^^^^^^^^^^  ^^^^^^^^^^^^^^

warning: unused import: `crate::jet_encoding_json::render_json`
     --> /jet/build/impl_shape_matrix.rs:66270:13
      |
66270 |     pub use crate::jet_encoding_json::render_json;
      |             ^^^^^^^^^^^^^^^^^^^^^^^^^^^^^^^^^^^^^

warning: unnecessary parentheses around block return value
     --> /jet/build/impl_shape_matrix.rs:70332:13
      |
70332 |             (((exponent as u64 + 1023) << 52) | (top & ((1u64 << 52) - 1)))
      |             ^                                                             ^
      |
      = note: `#[warn(unused_parens)]` (part of `#[warn(unused)]`) on by default
help: remove these parentheses
      |
70332 -             (((exponent as u64 + 1023) << 52) | (top & ((1u64 << 52) - 1)))
70332 +             ((exponent as u64 + 1023) << 52) | (top & ((1u64 << 52) - 1))
      |

warning: unused import: `crate::jet_int_compare_hot`
     --> /jet/build/impl_shape_matrix.rs:70683:9
      |
70683 | pub use crate::jet_int_compare_hot;
      |         ^^^^^^^^^^^^^^^^^^^^^^^^^^

warning: unused import: `crate::jet_int_add_hot`
     --> /jet/build/impl_shape_matrix.rs:70707:9
      |
70707 | pub use crate::jet_int_add_hot;
      |         ^^^^^^^^^^^^^^^^^^^^^^

warning: unused import: `crate::jet_int_sub_hot`
     --> /jet/build/impl_shape_matrix.rs:70731:9
      |
70731 | pub use crate::jet_int_sub_hot;
      |         ^^^^^^^^^^^^^^^^^^^^^^

warning: unused import: `crate::jet_int_mul_hot`
     --> /jet/build/impl_shape_matrix.rs:70755:9
      |
70755 | pub use crate::jet_int_mul_hot;
      |         ^^^^^^^^^^^^^^^^^^^^^^

warning: unused import: `crate::jet_int_add_inline`
     --> /jet/build/impl_shape_matrix.rs:70769:9
      |
70769 | pub use crate::jet_int_add_inline;
      |         ^^^^^^^^^^^^^^^^^^^^^^^^^

warning: unused import: `crate::jet_int_sub_inline`
     --> /jet/build/impl_shape_matrix.rs:70779:9
      |
70779 | pub use crate::jet_int_sub_inline;
      |         ^^^^^^^^^^^^^^^^^^^^^^^^^

warning: unused import: `crate::jet_int_mul_inline`
     --> /jet/build/impl_shape_matrix.rs:70789:9
      |
70789 | pub use crate::jet_int_mul_inline;
      |         ^^^^^^^^^^^^^^^^^^^^^^^^^

warning: unused import: `crate::jet_int_compare_inline`
     --> /jet/build/impl_shape_matrix.rs:70803:9
      |
70803 | pub use crate::jet_int_compare_inline;
      |         ^^^^^^^^^^^^^^^^^^^^^^^^^^^^^

warning: unused import: `crate::jet_int_neg_inline`
     --> /jet/build/impl_shape_matrix.rs:70812:9
      |
70812 | pub use crate::jet_int_neg_inline;
      |         ^^^^^^^^^^^^^^^^^^^^^^^^^

warning: unused import: `crate::jet_int_bit_and_hot`
     --> /jet/build/impl_shape_matrix.rs:70831:9
      |
70831 | pub use crate::jet_int_bit_and_hot;
      |         ^^^^^^^^^^^^^^^^^^^^^^^^^^

warning: unused import: `crate::jet_int_bit_or_hot`
     --> /jet/build/impl_shape_matrix.rs:70847:9
      |
70847 | pub use crate::jet_int_bit_or_hot;
      |         ^^^^^^^^^^^^^^^^^^^^^^^^^

warning: unused import: `crate::jet_int_bit_xor_hot`
     --> /jet/build/impl_shape_matrix.rs:70863:9
      |
70863 | pub use crate::jet_int_bit_xor_hot;
      |         ^^^^^^^^^^^^^^^^^^^^^^^^^^

warning: unused imports: `JetCellEditGuard` and `JetCellReadGuard`
     --> /jet/build/impl_shape_matrix.rs:76695:35
      |
76695 | pub use self::jet_cell::{JetCell, JetCellEditGuard, JetCellReadGuard};
      |                                   ^^^^^^^^^^^^^^^^  ^^^^^^^^^^^^^^^^

warning: unused imports: `JetStreamSender` and `jet_stream_task`
     --> /jet/build/impl_shape_matrix.rs:77636:21
      |
77636 |     pub use super::{jet_stream_task, JetStream, JetStreamSender};
      |                     ^^^^^^^^^^^^^^^             ^^^^^^^^^^^^^^^

warning: unused macro definition: `jet_plugin_bridge`
     --> /jet/build/impl_shape_matrix.rs:87910:14
      |
87910 | macro_rules! jet_plugin_bridge {
      |              ^^^^^^^^^^^^^^^^^
      |
      = note: `#[warn(unused_macros)]` (part of `#[warn(unused)]`) on by default

warning: unused import: `std::io::Write`
     --> /jet/build/impl_shape_matrix.rs:93868:13
      |
93868 |         use std::io::Write;
      |             ^^^^^^^^^^^^^^

warning: unused import: `core::cell::Cell`
      --> /jet/build/impl_shape_matrix.rs:114728:5
       |
114728 | use core::cell::Cell;
       |     ^^^^^^^^^^^^^^^^

warning: unused import: `jet_foundation::Devtools::JetDevtoolsEvent as JetWebStoreDevtoolsEvent`
      --> /jet/build/impl_shape_matrix.rs:114731:5
       |
114731 | use jet_foundation::Devtools::JetDevtoolsEvent as JetWebStoreDevtoolsEvent;
       |     ^^^^^^^^^^^^^^^^^^^^^^^^^^^^^^^^^^^^^^^^^^^^^^^^^^^^^^^^^^^^^^^^^^^^^^

warning: unused import: `TypeId as JetWebStoreTypeId`
      --> /jet/build/impl_shape_matrix.rs:114733:39
       |
114733 | use std::any::{Any as JetWebStoreAny, TypeId as JetWebStoreTypeId};
       |                                       ^^^^^^^^^^^^^^^^^^^^^^^^^^^

warning: unused imports: `BTreeMap as JetWebFormMap`, `BTreeMap as JetWebTablePages`, `BTreeMap`, `BTreeSet as JetWebTableSet`, `BTreeSet`, `HashMap as JetWebStoreMap`, and `VecDeque as JetWebStoreDeque`
      --> /jet/build/impl_shape_matrix.rs:114734:24
       |
114734 | ...::{BTreeMap, BTreeSet, HashMap, HashSet, BTreeMap as JetWebFormMap, VecDeque as JetWebStoreDeque, HashMap as JetWebStoreMap, BTreeMap as JetWebTablePages, BTreeSet as JetWebTableSet, V...
       |       ^^^^^^^^  ^^^^^^^^                    ^^^^^^^^^^^^^^^^^^^^^^^^^  ^^^^^^^^^^^^^^^^^^^^^^^^^^^^  ^^^^^^^^^^^^^^^^^^^^^^^^^  ^^^^^^^^^^^^^^^^^^^^^^^^^^^^  ^^^^^^^^^^^^^^^^^^^^^^^^^^

warning: unused import: `std::fs::OpenOptions`
      --> /jet/build/impl_shape_matrix.rs:114735:5
       |
114735 | use std::fs::OpenOptions;
       |     ^^^^^^^^^^^^^^^^^^^^

warning: unused imports: `SeekFrom` and `Seek`
      --> /jet/build/impl_shape_matrix.rs:114736:21
       |
114736 | use std::io::{Read, Seek, SeekFrom, Write};
       |                     ^^^^  ^^^^^^^^

warning: unused imports: `Component`, `PathBuf`, and `Path`
      --> /jet/build/impl_shape_matrix.rs:114739:17
       |
114739 | use std::path::{Component, Path, PathBuf};
       |                 ^^^^^^^^^  ^^^^  ^^^^^^^

warning: unused imports: `Arc as JetDataPlotArc`, `Arc as JetWebFormArc`, `Arc as JetWebQueryArc`, `Arc as JetWebStoreArc`, `Arc as JetWebTableArc`, `Condvar as JetWebStoreCondvar`, `LazyLock as JetWebStoreLazyLock`, `LazyLock`, `Mutex as JetWebFormMutex`, `Mutex as JetWebQueryMutex`, `Mutex as JetWebStoreMutex`, and `Mutex as JetWebTableMutex`
      --> /jet/build/impl_shape_matrix.rs:114740:31
       |
114740 | ...r, Arc as JetDataPlotArc, Arc as JetWebFormArc, Mutex as JetWebFormMutex, Arc as JetWebQueryArc, Mutex as JetWebQueryMutex, Arc as JetWebStoreArc, Condvar as JetWebStoreCondvar, LazyLock as JetWebStoreLazyLock, Mutex as JetWebStoreMutex, Arc as JetWebTableArc, Mutex as JetWebTableMutex, LazyLock, M...
       |       ^^^^^^^^^^^^^^^^^^^^^  ^^^^^^^^^^^^^^^^^^^^  ^^^^^^^^^^^^^^^^^^^^^^^^  ^^^^^^^^^^^^^^^^^^^^^  ^^^^^^^^^^^^^^^^^^^^^^^^^  ^^^^^^^^^^^^^^^^^^^^^  ^^^^^^^^^^^^^^^^^^^^^^^^^^^^^  ^^^^^^^^^^^^^^^^^^^^^^^^^^^^^^^  ^^^^^^^^^^^^^^^^^^^^^^^^^  ^^^^^^^^^^^^^^^^^^^^^  ^^^^^^^^^^^^^^^^^^^^^^^^^  ^^^^^^^^

warning: unused import: `Ordering as JetWebFormOrdering`
      --> /jet/build/impl_shape_matrix.rs:114741:60
       |
114741 | use std::sync::atomic::{AtomicBool, AtomicU8, AtomicUsize, Ordering as JetWebFormOrdering};
       |                                                            ^^^^^^^^^^^^^^^^^^^^^^^^^^^^^^

warning: unused imports: `SystemTime as JetWebStoreSystemTime`, `SystemTime`, `UNIX_EPOCH as JetWebStoreUnixEpoch`, and `UNIX_EPOCH`
      --> /jet/build/impl_shape_matrix.rs:114742:36
       |
114742 | ...tion, Instant, SystemTime as JetWebStoreSystemTime, UNIX_EPOCH as JetWebStoreUnixEpoch, SystemTime, UNIX_EPOCH};
       |                   ^^^^^^^^^^^^^^^^^^^^^^^^^^^^^^^^^^^  ^^^^^^^^^^^^^^^^^^^^^^^^^^^^^^^^^^  ^^^^^^^^^^  ^^^^^^^^^^

warning: type `__jet__shome_snate_sProjects_sGithub_sjet_sexamples_sfeatures_straits_c_cimpl_ushape_umatrix_djet_c_cEnumOwner` should have an upper camel case name
      --> /jet/build/impl_shape_matrix.rs:127176:6
       |
127176 | enum __jet__shome_snate_sProjects_sGithub_sjet_sexamples_sfeatures_straits_c_cimpl_ushape_umatrix_djet_c_cEnumOwner {
       |      ^^^^^^^^^^^^^^^^^^^^^^^^^^^^^^^^^^^^^^^^^^^^^^^^^^^^^^^^^^^^^^^^^^^^^^^^^^^^^^^^^^^^^^^^^^^^^^^^^^^^^^^^^^^^^^ help: convert the identifier to upper camel case: `JetShomeSnateSProjectsSGithubSjetSexamplesSfeaturesStraitsCCimplUshapeUmatrixDjetCCEnumOwner`

warning: variant `__jet_Ready` should have an upper camel case name
      --> /jet/build/impl_shape_matrix.rs:127177:5
       |
127177 |     __jet_Ready,
       |     ^^^^^^^^^^^ help: convert the identifier to upper camel case: `JetReady`

warning: type `__jet__shome_snate_sProjects_sGithub_sjet_sexamples_sfeatures_straits_c_cimpl_ushape_umatrix_djet_c_cEquatableOwner` should have an upper camel case name
      --> /jet/build/impl_shape_matrix.rs:127189:8
       |
127189 | struct __jet__shome_snate_sProjects_sGithub_sjet_sexamples_sfeatures_straits_c_cimpl_ushape_umatrix_djet_c_cEquatableOwner {
       |        ^^^^^^^^^^^^^^^^^^^^^^^^^^^^^^^^^^^^^^^^^^^^^^^^^^^^^^^^^^^^^^^^^^^^^^^^^^^^^^^^^^^^^^^^^^^^^^^^^^^^^^^^^^^^^^^^^^^ help: convert the identifier to upper camel case: `JetShomeSnateSProjectsSGithubSjetSexamplesSfeaturesStraitsCCimplUshapeUmatrixDjetCCEquatableOwner`

warning: type `__jet__shome_snate_sProjects_sGithub_sjet_sexamples_sfeatures_straits_c_cimpl_ushape_umatrix_djet_c_cDisplayDebugOwner` should have an upper camel case name
      --> /jet/build/impl_shape_matrix.rs:127210:8
       |
127210 | struct __jet__shome_snate_sProjects_sGithub_sjet_sexamples_sfeatures_straits_c_cimpl_ushape_umatrix_djet_c_cDisplayDebugOwner {
       |        ^^^^^^^^^^^^^^^^^^^^^^^^^^^^^^^^^^^^^^^^^^^^^^^^^^^^^^^^^^^^^^^^^^^^^^^^^^^^^^^^^^^^^^^^^^^^^^^^^^^^^^^^^^^^^^^^^^^^^^ help: convert the identifier to upper camel case: `JetShomeSnateSProjectsSGithubSjetSexamplesSfeaturesStraitsCCimplUshapeUmatrixDjetCCDisplayDebugOwner`

warning: type `__jet__shome_snate_sProjects_sGithub_sjet_sexamples_sfeatures_straits_c_cimpl_ushape_umatrix_djet_c_cGenericOwner` should have an upper camel case name
      --> /jet/build/impl_shape_matrix.rs:127223:8
       |
127223 | struct __jet__shome_snate_sProjects_sGithub_sjet_sexamples_sfeatures_straits_c_cimpl_ushape_umatrix_djet_c_cGenericOwner<__jet_T...
       |        ^^^^^^^^^^^^^^^^^^^^^^^^^^^^^^^^^^^^^^^^^^^^^^^^^^^^^^^^^^^^^^^^^^^^^^^^^^^^^^^^^^^^^^^^^^^^^^^^^^^^^^^^^^^^^^^^^ help: convert the identifier to upper camel case: `JetShomeSnateSProjectsSGithubSjetSexamplesSfeaturesStraitsCCimplUshapeUmatrixDjetCCGenericOwner`

warning: type parameter `__jet_T` should have an upper camel case name
      --> /jet/build/impl_shape_matrix.rs:127223:122
       |
127223 | ..._umatrix_djet_c_cGenericOwner<__jet_T: __jet_Printable> {
       |                                  ^^^^^^^ help: convert the identifier to upper camel case: `JetT`

warning: type parameter `__jet_T` should have an upper camel case name
      --> /jet/build/impl_shape_matrix.rs:127227:6
       |
127227 | impl<__jet_T: JetShow> JetShow for __jet__shome_snate_sProjects_sGithub_sjet_sexamples_sfeatures_straits_c_cimpl_ushape_umatrix_...
       |      ^^^^^^^ help: convert the identifier to upper camel case: `JetT`

warning: type parameter `__jet_T` should have an upper camel case name
      --> /jet/build/impl_shape_matrix.rs:127235:6
       |
127235 | impl<__jet_T: JetShow + JetDebug> JetDebug for __jet__shome_snate_sProjects_sGithub_sjet_sexamples_sfeatures_straits_c_cimpl_ush...
       |      ^^^^^^^ help: convert the identifier to upper camel case: `JetT`

warning: type `__jet__shome_snate_sProjects_sGithub_sjet_sexamples_sfeatures_straits_c_cimpl_ushape_umatrix_djet_c_cDebugOnlyOwner` should have an upper camel case name
      --> /jet/build/impl_shape_matrix.rs:127244:8
       |
127244 | struct __jet__shome_snate_sProjects_sGithub_sjet_sexamples_sfeatures_straits_c_cimpl_ushape_umatrix_djet_c_cDebugOnlyOwner {
       |        ^^^^^^^^^^^^^^^^^^^^^^^^^^^^^^^^^^^^^^^^^^^^^^^^^^^^^^^^^^^^^^^^^^^^^^^^^^^^^^^^^^^^^^^^^^^^^^^^^^^^^^^^^^^^^^^^^^^ help: convert the identifier to upper camel case: `JetShomeSnateSProjectsSGithubSjetSexamplesSfeaturesStraitsCCimplUshapeUmatrixDjetCCDebugOnlyOwner`

warning: type `__jet__shome_snate_sProjects_sGithub_sjet_sexamples_sfeatures_straits_c_cimpl_ushape_umatrix_djet_c_cDistinctOwner` should have an upper camel case name
      --> /jet/build/impl_shape_matrix.rs:127258:8
       |
127258 | struct __jet__shome_snate_sProjects_sGithub_sjet_sexamples_sfeatures_straits_c_cimpl_ushape_umatrix_djet_c_cDistinctOwner(pub je...
       |        ^^^^^^^^^^^^^^^^^^^^^^^^^^^^^^^^^^^^^^^^^^^^^^^^^^^^^^^^^^^^^^^^^^^^^^^^^^^^^^^^^^^^^^^^^^^^^^^^^^^^^^^^^^^^^^^^^^ help: convert the identifier to upper camel case: `JetShomeSnateSProjectsSGithubSjetSexamplesSfeaturesStraitsCCimplUshapeUmatrixDjetCCDistinctOwner`

warning: type `__jet_ParseError` should have an upper camel case name
      --> /jet/build/impl_shape_matrix.rs:127260:10
       |
127260 | pub type __jet_ParseError = String;
       |          ^^^^^^^^^^^^^^^^ help: convert the identifier to upper camel case: `JetParseError`

warning: type `__jet__shome_snate_sProjects_sGithub_sjet_sexamples_sfeatures_straits_c_cimpl_ushape_umatrix_djet_c_cDisplayOnlyOwner` should have an upper camel case name
      --> /jet/build/impl_shape_matrix.rs:127263:8
       |
127263 | struct __jet__shome_snate_sProjects_sGithub_sjet_sexamples_sfeatures_straits_c_cimpl_ushape_umatrix_djet_c_cDisplayOnlyOwner {
       |        ^^^^^^^^^^^^^^^^^^^^^^^^^^^^^^^^^^^^^^^^^^^^^^^^^^^^^^^^^^^^^^^^^^^^^^^^^^^^^^^^^^^^^^^^^^^^^^^^^^^^^^^^^^^^^^^^^^^^^ help: convert the identifier to upper camel case: `JetShomeSnateSProjectsSGithubSjetSexamplesSfeaturesStraitsCCimplUshapeUmatrixDjetCCDisplayOnlyOwner`

warning: type `__jet__shome_snate_sProjects_sGithub_sjet_sexamples_sfeatures_straits_c_cimpl_ushape_umatrix_djet_c_cUnitOwner` should have an upper camel case name
      --> /jet/build/impl_shape_matrix.rs:127284:8
       |
127284 | struct __jet__shome_snate_sProjects_sGithub_sjet_sexamples_sfeatures_straits_c_cimpl_ushape_umatrix_djet_c_cUnitOwner {
       |        ^^^^^^^^^^^^^^^^^^^^^^^^^^^^^^^^^^^^^^^^^^^^^^^^^^^^^^^^^^^^^^^^^^^^^^^^^^^^^^^^^^^^^^^^^^^^^^^^^^^^^^^^^^^^^^ help: convert the identifier to upper camel case: `JetShomeSnateSProjectsSGithubSjetSexamplesSfeaturesStraitsCCimplUshapeUmatrixDjetCCUnitOwner`

warning: type `__jet__shome_snate_sProjects_sGithub_sjet_sexamples_sfeatures_straits_c_cimpl_ushape_umatrix_djet_c_cAutoOwner` should have an upper camel case name
      --> /jet/build/impl_shape_matrix.rs:127295:8
       |
127295 | struct __jet__shome_snate_sProjects_sGithub_sjet_sexamples_sfeatures_straits_c_cimpl_ushape_umatrix_djet_c_cAutoOwner {
       |        ^^^^^^^^^^^^^^^^^^^^^^^^^^^^^^^^^^^^^^^^^^^^^^^^^^^^^^^^^^^^^^^^^^^^^^^^^^^^^^^^^^^^^^^^^^^^^^^^^^^^^^^^^^^^^^ help: convert the identifier to upper camel case: `JetShomeSnateSProjectsSGithubSjetSexamplesSfeaturesStraitsCCimplUshapeUmatrixDjetCCAutoOwner`

warning: trait `__jet_Printable` should have an upper camel case name
      --> /jet/build/impl_shape_matrix.rs:127315:11
       |
127315 | pub trait __jet_Printable {
       |           ^^^^^^^^^^^^^^^ help: convert the identifier to upper camel case: `JetPrintable`

warning: unused label
      --> /jet/build/impl_shape_matrix.rs:127425:5
       |
127425 |     'mir_dispatch: loop {
       |     ^^^^^^^^^^^^^
       |
       = note: `#[warn(unused_labels)]` (part of `#[warn(unused)]`) on by default

warning: unnecessary parentheses around function argument
      --> /jet/build/impl_shape_matrix.rs:127567:52
       |
127567 | ...me((((__jet_v_16862340502199500965.as_ref().expect("MIR value")).clone()) != ((__jet_v_10870131543895095536.as_ref().expect("MIR value")).clone())));
       |       ^                                                                                                                                              ^
       |
help: remove these parentheses
       |
127567 -                 __jet_v_2767400376251246796 = Some((((__jet_v_16862340502199500965.as_ref().expect("MIR value")).clone()) != ((__jet_v_10870131543895095536.as_ref().expect("MIR value")).clone())));
127567 +                 __jet_v_2767400376251246796 = Some(((__jet_v_16862340502199500965.as_ref().expect("MIR value")).clone()) != ((__jet_v_10870131543895095536.as_ref().expect("MIR value")).clone()));
       |

warning: unused label
      --> /jet/build/impl_shape_matrix.rs:127611:5
       |
127611 |     'mir_dispatch: loop {
       |     ^^^^^^^^^^^^^

warning: unnecessary parentheses around function argument
      --> /jet/build/impl_shape_matrix.rs:127618:53
       |
127618 | ...me((((__jet_v_2961158723395592516.as_ref().expect("MIR value")).clone()) == ((__jet_v_4493752024809804295.as_ref().expect("MIR value")).clone())));
       |       ^                                                                                                                                            ^
       |
help: remove these parentheses
       |
127618 -                 __jet_v_15599340553137307338 = Some((((__jet_v_2961158723395592516.as_ref().expect("MIR value")).clone()) == ((__jet_v_4493752024809804295.as_ref().expect("MIR value")).clone())));
127618 +                 __jet_v_15599340553137307338 = Some(((__jet_v_2961158723395592516.as_ref().expect("MIR value")).clone()) == ((__jet_v_4493752024809804295.as_ref().expect("MIR value")).clone()));
       |

warning: unnecessary parentheses around function argument
      --> /jet/build/impl_shape_matrix.rs:127889:53
       |
127889 |                 __jet_v_10839513478497283432 = Some((!(*(__jet_v_3555323869837075376.as_ref().expect("MIR value")))));
       |                                                     ^                                                              ^
       |
help: remove these parentheses
       |
127889 -                 __jet_v_10839513478497283432 = Some((!(*(__jet_v_3555323869837075376.as_ref().expect("MIR value")))));
127889 +                 __jet_v_10839513478497283432 = Some(!(*(__jet_v_3555323869837075376.as_ref().expect("MIR value"))));
       |

warning: unnecessary parentheses around function argument
      --> /jet/build/impl_shape_matrix.rs:127927:52
       |
127927 |                 __jet_v_1291229097105839454 = Some((!(*(__jet_v_10384969085347901376.as_ref().expect("MIR value")))));
       |                                                    ^                                                               ^
       |
help: remove these parentheses
       |
127927 -                 __jet_v_1291229097105839454 = Some((!(*(__jet_v_10384969085347901376.as_ref().expect("MIR value")))));
127927 +                 __jet_v_1291229097105839454 = Some(!(*(__jet_v_10384969085347901376.as_ref().expect("MIR value"))));
       |

warning: unnecessary parentheses around function argument
      --> /jet/build/impl_shape_matrix.rs:128012:53
       |
128012 |                 __jet_v_15089551315531569775 = Some((!(*(__jet_v_14004980616169184685.as_ref().expect("MIR value")))));
       |                                                     ^                                                               ^
       |
help: remove these parentheses
       |
128012 -                 __jet_v_15089551315531569775 = Some((!(*(__jet_v_14004980616169184685.as_ref().expect("MIR value")))));
128012 +                 __jet_v_15089551315531569775 = Some(!(*(__jet_v_14004980616169184685.as_ref().expect("MIR value"))));
       |

warning: unnecessary parentheses around function argument
      --> /jet/build/impl_shape_matrix.rs:128118:53
       |
128118 | ...me((((__jet_v_12695851713748798169.as_ref().expect("MIR value")).clone()) == ((__jet_v_7249180015742549916.as_ref().expect("MIR value")).clone())));
       |       ^                                                                                                                                             ^
       |
help: remove these parentheses
       |
128118 -                 __jet_v_11177294008527700253 = Some((((__jet_v_12695851713748798169.as_ref().expect("MIR value")).clone()) == ((__jet_v_7249180015742549916.as_ref().expect("MIR value")).clone())));
128118 +                 __jet_v_11177294008527700253 = Some(((__jet_v_12695851713748798169.as_ref().expect("MIR value")).clone()) == ((__jet_v_7249180015742549916.as_ref().expect("MIR value")).clone()));
       |

warning: unnecessary parentheses around function argument
      --> /jet/build/impl_shape_matrix.rs:128261:52
       |
128261 | ...me((((__jet_v_7106099343411066766.as_ref().expect("MIR value")).clone()) != ((__jet_v_17053512201936761554.as_ref().expect("MIR value")).clone())));
       |       ^                                                                                                                                             ^
       |
help: remove these parentheses
       |
128261 -                 __jet_v_9124168129303986912 = Some((((__jet_v_7106099343411066766.as_ref().expect("MIR value")).clone()) != ((__jet_v_17053512201936761554.as_ref().expect("MIR value")).clone())));
128261 +                 __jet_v_9124168129303986912 = Some(((__jet_v_7106099343411066766.as_ref().expect("MIR value")).clone()) != ((__jet_v_17053512201936761554.as_ref().expect("MIR value")).clone()));
       |

warning: unused label
      --> /jet/build/impl_shape_matrix.rs:128289:5
       |
128289 |     'mir_dispatch: loop {
       |     ^^^^^^^^^^^^^

warning: unused label
      --> /jet/build/impl_shape_matrix.rs:128315:5
       |
128315 |     'mir_dispatch: loop {
       |     ^^^^^^^^^^^^^

warning: type parameter `__jet_T` should have an upper camel case name
      --> /jet/build/impl_shape_matrix.rs:128330:6
       |
128330 | impl<__jet_T: __jet_Printable> JetDebug for __jet__shome_snate_sProjects_sGithub_sjet_sexamples_sfeatures_straits_c_cimpl_ushape...
       |      ^^^^^^^ help: convert the identifier to upper camel case: `JetT`

warning: unused label
      --> /jet/build/impl_shape_matrix.rs:128340:5
       |
128340 |     'mir_dispatch: loop {
       |     ^^^^^^^^^^^^^

warning: unnecessary parentheses around function argument
      --> /jet/build/impl_shape_matrix.rs:128411:53
       |
128411 | ...me((((__jet_v_3272129601093915570.as_ref().expect("MIR value")).clone()) > ((__jet_v_16237505994024216193.as_ref().expect("MIR value")).clone())));
       |       ^                                                                                                                                            ^
       |
help: remove these parentheses
       |
128411 -                 __jet_v_13453053064958353340 = Some((((__jet_v_3272129601093915570.as_ref().expect("MIR value")).clone()) > ((__jet_v_16237505994024216193.as_ref().expect("MIR value")).clone())));
128411 +                 __jet_v_13453053064958353340 = Some(((__jet_v_3272129601093915570.as_ref().expect("MIR value")).clone()) > ((__jet_v_16237505994024216193.as_ref().expect("MIR value")).clone()));
       |

warning: unnecessary parentheses around function argument
      --> /jet/build/impl_shape_matrix.rs:128433:52
       |
128433 | ...me((((__jet_v_13924413219483833709.as_ref().expect("MIR value")).clone()) < ((__jet_v_4511063950439693821.as_ref().expect("MIR value")).clone())));
       |       ^                                                                                                                                            ^
       |
help: remove these parentheses
       |
128433 -                 __jet_v_9100722016302358247 = Some((((__jet_v_13924413219483833709.as_ref().expect("MIR value")).clone()) < ((__jet_v_4511063950439693821.as_ref().expect("MIR value")).clone())));
128433 +                 __jet_v_9100722016302358247 = Some(((__jet_v_13924413219483833709.as_ref().expect("MIR value")).clone()) < ((__jet_v_4511063950439693821.as_ref().expect("MIR value")).clone()));
       |

warning: unnecessary parentheses around function argument
      --> /jet/build/impl_shape_matrix.rs:128737:53
       |
128737 | ...me((((__jet_v_1408196638497289709.as_ref().expect("MIR value")).clone()) != ((__jet_v_7161340932024796316.as_ref().expect("MIR value")).clone())));
       |       ^                                                                                                                                            ^
       |
help: remove these parentheses
       |
128737 -                 __jet_v_12015018731264211371 = Some((((__jet_v_1408196638497289709.as_ref().expect("MIR value")).clone()) != ((__jet_v_7161340932024796316.as_ref().expect("MIR value")).clone())));
128737 +                 __jet_v_12015018731264211371 = Some(((__jet_v_1408196638497289709.as_ref().expect("MIR value")).clone()) != ((__jet_v_7161340932024796316.as_ref().expect("MIR value")).clone()));
       |

warning: unnecessary parentheses around function argument
      --> /jet/build/impl_shape_matrix.rs:128920:52
       |
128920 |                 __jet_v_5565685006322295332 = Some((!(*(__jet_v_4750733907160935335.as_ref().expect("MIR value")))));
       |                                                    ^                                                              ^
       |
help: remove these parentheses
       |
128920 -                 __jet_v_5565685006322295332 = Some((!(*(__jet_v_4750733907160935335.as_ref().expect("MIR value")))));
128920 +                 __jet_v_5565685006322295332 = Some(!(*(__jet_v_4750733907160935335.as_ref().expect("MIR value"))));
       |

warning: unnecessary parentheses around function argument
      --> /jet/build/impl_shape_matrix.rs:129050:52
       |
129050 | ...me((((__jet_v_16307448326345060493.as_ref().expect("MIR value")).clone()) == ((__jet_v_11519707788417011185.as_ref().expect("MIR value")).clone())));
       |       ^                                                                                                                                              ^
       |
help: remove these parentheses
       |
129050 -                 __jet_v_6557168584669460887 = Some((((__jet_v_16307448326345060493.as_ref().expect("MIR value")).clone()) == ((__jet_v_11519707788417011185.as_ref().expect("MIR value")).clone())));
129050 +                 __jet_v_6557168584669460887 = Some(((__jet_v_16307448326345060493.as_ref().expect("MIR value")).clone()) == ((__jet_v_11519707788417011185.as_ref().expect("MIR value")).clone()));
       |

warning: unnecessary parentheses around function argument
      --> /jet/build/impl_shape_matrix.rs:129171:53
       |
129171 |                 __jet_v_14417884204548154236 = Some((!(*(__jet_v_3656338833642340482.as_ref().expect("MIR value")))));
       |                                                     ^                                                              ^
       |
help: remove these parentheses
       |
129171 -                 __jet_v_14417884204548154236 = Some((!(*(__jet_v_3656338833642340482.as_ref().expect("MIR value")))));
129171 +                 __jet_v_14417884204548154236 = Some(!(*(__jet_v_3656338833642340482.as_ref().expect("MIR value"))));
       |

warning: unnecessary parentheses around function argument
      --> /jet/build/impl_shape_matrix.rs:129232:53
       |
129232 |                 __jet_v_10458210540902386591 = Some((!(*(__jet_v_466018969551868292.as_ref().expect("MIR value")))));
       |                                                     ^                                                             ^
       |
help: remove these parentheses
       |
129232 -                 __jet_v_10458210540902386591 = Some((!(*(__jet_v_466018969551868292.as_ref().expect("MIR value")))));
129232 +                 __jet_v_10458210540902386591 = Some(!(*(__jet_v_466018969551868292.as_ref().expect("MIR value"))));
       |

warning: unused label
      --> /jet/build/impl_shape_matrix.rs:129358:5
       |
129358 |     'mir_dispatch: loop {
       |     ^^^^^^^^^^^^^

warning: unused label
      --> /jet/build/impl_shape_matrix.rs:129383:5
       |
129383 |     'mir_dispatch: loop {
       |     ^^^^^^^^^^^^^

warning: unnecessary parentheses around function argument
      --> /jet/build/impl_shape_matrix.rs:129607:53
       |
129607 |                 __jet_v_15066210732189538945 = Some((!(*(__jet_v_12264804239618188056.as_ref().expect("MIR value")))));
       |                                                     ^                                                               ^
       |
help: remove these parentheses
       |
129607 -                 __jet_v_15066210732189538945 = Some((!(*(__jet_v_12264804239618188056.as_ref().expect("MIR value")))));
129607 +                 __jet_v_15066210732189538945 = Some(!(*(__jet_v_12264804239618188056.as_ref().expect("MIR value"))));
       |

warning: unnecessary parentheses around function argument
      --> /jet/build/impl_shape_matrix.rs:129703:53
       |
129703 |                 __jet_v_15840676838933619762 = Some((!(*(__jet_v_5167342796363199782.as_ref().expect("MIR value")))));
       |                                                     ^                                                              ^
       |
help: remove these parentheses
       |
129703 -                 __jet_v_15840676838933619762 = Some((!(*(__jet_v_5167342796363199782.as_ref().expect("MIR value")))));
129703 +                 __jet_v_15840676838933619762 = Some(!(*(__jet_v_5167342796363199782.as_ref().expect("MIR value"))));
       |

warning: unnecessary parentheses around function argument
      --> /jet/build/impl_shape_matrix.rs:129876:52
       |
129876 |                 __jet_v_7879814967997044069 = Some((!(*(__jet_v_6425728909534504886.as_ref().expect("MIR value")))));
       |                                                    ^                                                              ^
       |
help: remove these parentheses
       |
129876 -                 __jet_v_7879814967997044069 = Some((!(*(__jet_v_6425728909534504886.as_ref().expect("MIR value")))));
129876 +                 __jet_v_7879814967997044069 = Some(!(*(__jet_v_6425728909534504886.as_ref().expect("MIR value"))));
       |

warning: unnecessary parentheses around function argument
      --> /jet/build/impl_shape_matrix.rs:129900:53
       |
129900 | ...me((((__jet_v_4222263949103794604.as_ref().expect("MIR value")).clone()) == ((__jet_v_14939195977673087843.as_ref().expect("MIR value")).clone())));
       |       ^                                                                                                                                             ^
       |
help: remove these parentheses
       |
129900 -                 __jet_v_10820616286795821606 = Some((((__jet_v_4222263949103794604.as_ref().expect("MIR value")).clone()) == ((__jet_v_14939195977673087843.as_ref().expect("MIR value")).clone())));
129900 +                 __jet_v_10820616286795821606 = Some(((__jet_v_4222263949103794604.as_ref().expect("MIR value")).clone()) == ((__jet_v_14939195977673087843.as_ref().expect("MIR value")).clone()));
       |

warning: unnecessary parentheses around function argument
      --> /jet/build/impl_shape_matrix.rs:130037:52
       |
130037 | ...me((((__jet_v_13572320627605998685.as_ref().expect("MIR value")).clone()) < ((__jet_v_7107736572229186264.as_ref().expect("MIR value")).clone())));
       |       ^                                                                                                                                            ^
       |
help: remove these parentheses
       |
130037 -                 __jet_v_2839293821640504939 = Some((((__jet_v_13572320627605998685.as_ref().expect("MIR value")).clone()) < ((__jet_v_7107736572229186264.as_ref().expect("MIR value")).clone())));
130037 +                 __jet_v_2839293821640504939 = Some(((__jet_v_13572320627605998685.as_ref().expect("MIR value")).clone()) < ((__jet_v_7107736572229186264.as_ref().expect("MIR value")).clone()));
       |

warning: unnecessary parentheses around function argument
      --> /jet/build/impl_shape_matrix.rs:130058:53
       |
130058 | ...me((((__jet_v_1267857696304019442.as_ref().expect("MIR value")).clone()) > ((__jet_v_5839756923669552590.as_ref().expect("MIR value")).clone())));
       |       ^                                                                                                                                           ^
       |
help: remove these parentheses
       |
130058 -                 __jet_v_11852063638605463061 = Some((((__jet_v_1267857696304019442.as_ref().expect("MIR value")).clone()) > ((__jet_v_5839756923669552590.as_ref().expect("MIR value")).clone())));
130058 +                 __jet_v_11852063638605463061 = Some(((__jet_v_1267857696304019442.as_ref().expect("MIR value")).clone()) > ((__jet_v_5839756923669552590.as_ref().expect("MIR value")).clone()));
       |

warning: unnecessary parentheses around function argument
      --> /jet/build/impl_shape_matrix.rs:130119:52
       |
130119 | ...me((((__jet_v_6982184501083475631.as_ref().expect("MIR value")).clone()) != ((__jet_v_35375222948461699.as_ref().expect("MIR value")).clone())));
       |       ^                                                                                                                                          ^
       |
help: remove these parentheses
       |
130119 -                 __jet_v_8358557924315009716 = Some((((__jet_v_6982184501083475631.as_ref().expect("MIR value")).clone()) != ((__jet_v_35375222948461699.as_ref().expect("MIR value")).clone())));
130119 +                 __jet_v_8358557924315009716 = Some(((__jet_v_6982184501083475631.as_ref().expect("MIR value")).clone()) != ((__jet_v_35375222948461699.as_ref().expect("MIR value")).clone()));
       |

warning: unnecessary parentheses around function argument
      --> /jet/build/impl_shape_matrix.rs:130267:52
       |
130267 |                 __jet_v_6396934205576354713 = Some((!(*(__jet_v_4226362169847736437.as_ref().expect("MIR value")))));
       |                                                    ^                                                              ^
       |
help: remove these parentheses
       |
130267 -                 __jet_v_6396934205576354713 = Some((!(*(__jet_v_4226362169847736437.as_ref().expect("MIR value")))));
130267 +                 __jet_v_6396934205576354713 = Some(!(*(__jet_v_4226362169847736437.as_ref().expect("MIR value"))));
       |

warning: unnecessary parentheses around function argument
      --> /jet/build/impl_shape_matrix.rs:130335:52
       |
130335 |                 __jet_v_5659590166339835210 = Some((!(*(__jet_v_16509012367484028505.as_ref().expect("MIR value")))));
       |                                                    ^                                                               ^
       |
help: remove these parentheses
       |
130335 -                 __jet_v_5659590166339835210 = Some((!(*(__jet_v_16509012367484028505.as_ref().expect("MIR value")))));
130335 +                 __jet_v_5659590166339835210 = Some(!(*(__jet_v_16509012367484028505.as_ref().expect("MIR value"))));
       |

warning: unnecessary parentheses around function argument
      --> /jet/build/impl_shape_matrix.rs:130397:52
       |
130397 |                 __jet_v_1454024246748893979 = Some((!(*(__jet_v_18070303701112532958.as_ref().expect("MIR value")))));
       |                                                    ^                                                               ^
       |
help: remove these parentheses
       |
130397 -                 __jet_v_1454024246748893979 = Some((!(*(__jet_v_18070303701112532958.as_ref().expect("MIR value")))));
130397 +                 __jet_v_1454024246748893979 = Some(!(*(__jet_v_18070303701112532958.as_ref().expect("MIR value"))));
       |

warning: unnecessary parentheses around function argument
      --> /jet/build/impl_shape_matrix.rs:130664:53
       |
130664 | ...me((((__jet_v_3045960349390894634.as_ref().expect("MIR value")).clone()) == ((__jet_v_14706617447362115564.as_ref().expect("MIR value")).clone())));
       |       ^                                                                                                                                             ^
       |
help: remove these parentheses
       |
130664 -                 __jet_v_11120374723643932567 = Some((((__jet_v_3045960349390894634.as_ref().expect("MIR value")).clone()) == ((__jet_v_14706617447362115564.as_ref().expect("MIR value")).clone())));
130664 +                 __jet_v_11120374723643932567 = Some(((__jet_v_3045960349390894634.as_ref().expect("MIR value")).clone()) == ((__jet_v_14706617447362115564.as_ref().expect("MIR value")).clone()));
       |

warning: unnecessary parentheses around function argument
      --> /jet/build/impl_shape_matrix.rs:130954:53
       |
130954 | ...me((((__jet_v_221915553208536058.as_ref().expect("MIR value")).clone()) == ((__jet_v_8723079718089877157.as_ref().expect("MIR value")).clone())));
       |       ^                                                                                                                                           ^
       |
help: remove these parentheses
       |
130954 -                 __jet_v_13368775357184147645 = Some((((__jet_v_221915553208536058.as_ref().expect("MIR value")).clone()) == ((__jet_v_8723079718089877157.as_ref().expect("MIR value")).clone())));
130954 +                 __jet_v_13368775357184147645 = Some(((__jet_v_221915553208536058.as_ref().expect("MIR value")).clone()) == ((__jet_v_8723079718089877157.as_ref().expect("MIR value")).clone()));
       |

warning: unnecessary parentheses around function argument
      --> /jet/build/impl_shape_matrix.rs:130984:52
       |
130984 |                 __jet_v_9398288930139383655 = Some((!(*(__jet_v_6688163419801414035.as_ref().expect("MIR value")))));
       |                                                    ^                                                              ^
       |
help: remove these parentheses
       |
130984 -                 __jet_v_9398288930139383655 = Some((!(*(__jet_v_6688163419801414035.as_ref().expect("MIR value")))));
130984 +                 __jet_v_9398288930139383655 = Some(!(*(__jet_v_6688163419801414035.as_ref().expect("MIR value"))));
       |

warning: unnecessary parentheses around function argument
      --> /jet/build/impl_shape_matrix.rs:131098:53
       |
131098 |                 __jet_v_15993012919542100532 = Some((!(*(__jet_v_12234739664491696185.as_ref().expect("MIR value")))));
       |                                                     ^                                                               ^
       |
help: remove these parentheses
       |
131098 -                 __jet_v_15993012919542100532 = Some((!(*(__jet_v_12234739664491696185.as_ref().expect("MIR value")))));
131098 +                 __jet_v_15993012919542100532 = Some(!(*(__jet_v_12234739664491696185.as_ref().expect("MIR value"))));
       |

warning: unnecessary parentheses around function argument
      --> /jet/build/impl_shape_matrix.rs:131139:53
       |
131139 |                 __jet_v_15765872181785498743 = Some((!(*(__jet_v_1330669187090923080.as_ref().expect("MIR value")))));
       |                                                     ^                                                              ^
       |
help: remove these parentheses
       |
131139 -                 __jet_v_15765872181785498743 = Some((!(*(__jet_v_1330669187090923080.as_ref().expect("MIR value")))));
131139 +                 __jet_v_15765872181785498743 = Some(!(*(__jet_v_1330669187090923080.as_ref().expect("MIR value"))));
       |

warning: unnecessary parentheses around function argument
      --> /jet/build/impl_shape_matrix.rs:131443:52
       |
131443 |                 __jet_v_6383485106441517806 = Some((!(*(__jet_v_2800159987239393681.as_ref().expect("MIR value")))));
       |                                                    ^                                                              ^
       |
help: remove these parentheses
       |
131443 -                 __jet_v_6383485106441517806 = Some((!(*(__jet_v_2800159987239393681.as_ref().expect("MIR value")))));
131443 +                 __jet_v_6383485106441517806 = Some(!(*(__jet_v_2800159987239393681.as_ref().expect("MIR value"))));
       |

warning: unused label
      --> /jet/build/impl_shape_matrix.rs:131564:5
       |
131564 |     'mir_dispatch: loop {
       |     ^^^^^^^^^^^^^

warning: unnecessary parentheses around function argument
      --> /jet/build/impl_shape_matrix.rs:131624:52
       |
131624 | ...me((((__jet_v_4882318194842455523.as_ref().expect("MIR value")).clone()) < ((__jet_v_2752963016260267708.as_ref().expect("MIR value")).clone())));
       |       ^                                                                                                                                           ^
       |
help: remove these parentheses
       |
131624 -                 __jet_v_6494762554052476883 = Some((((__jet_v_4882318194842455523.as_ref().expect("MIR value")).clone()) < ((__jet_v_2752963016260267708.as_ref().expect("MIR value")).clone())));
131624 +                 __jet_v_6494762554052476883 = Some(((__jet_v_4882318194842455523.as_ref().expect("MIR value")).clone()) < ((__jet_v_2752963016260267708.as_ref().expect("MIR value")).clone()));
       |

warning: unnecessary parentheses around function argument
      --> /jet/build/impl_shape_matrix.rs:131640:53
       |
131640 | ...me((((__jet_v_2485642383878248251.as_ref().expect("MIR value")).clone()) > ((__jet_v_4844095303927442385.as_ref().expect("MIR value")).clone())));
       |       ^                                                                                                                                           ^
       |
help: remove these parentheses
       |
131640 -                 __jet_v_16884914151436588651 = Some((((__jet_v_2485642383878248251.as_ref().expect("MIR value")).clone()) > ((__jet_v_4844095303927442385.as_ref().expect("MIR value")).clone())));
131640 +                 __jet_v_16884914151436588651 = Some(((__jet_v_2485642383878248251.as_ref().expect("MIR value")).clone()) > ((__jet_v_4844095303927442385.as_ref().expect("MIR value")).clone()));
       |

warning: unnecessary parentheses around function argument
      --> /jet/build/impl_shape_matrix.rs:131712:52
       |
131712 | ...me((((__jet_v_10184528970206390760.as_ref().expect("MIR value")).clone()) != ((__jet_v_1395725801516978928.as_ref().expect("MIR value")).clone())));
       |       ^                                                                                                                                             ^
       |
help: remove these parentheses
       |
131712 -                 __jet_v_8494586897229947674 = Some((((__jet_v_10184528970206390760.as_ref().expect("MIR value")).clone()) != ((__jet_v_1395725801516978928.as_ref().expect("MIR value")).clone())));
131712 +                 __jet_v_8494586897229947674 = Some(((__jet_v_10184528970206390760.as_ref().expect("MIR value")).clone()) != ((__jet_v_1395725801516978928.as_ref().expect("MIR value")).clone()));
       |

warning: unused label
      --> /jet/build/impl_shape_matrix.rs:131746:5
       |
131746 |     'mir_dispatch: loop {
       |     ^^^^^^^^^^^^^

warning: unused label
      --> /jet/build/impl_shape_matrix.rs:131771:5
       |
131771 |     'mir_dispatch: loop {
       |     ^^^^^^^^^^^^^

warning: unnecessary parentheses around function argument
      --> /jet/build/impl_shape_matrix.rs:131842:52
       |
131842 | ...me((((__jet_v_17673117429828603084.as_ref().expect("MIR value")).clone()) > ((__jet_v_9949107486756203181.as_ref().expect("MIR value")).clone())));
       |       ^                                                                                                                                            ^
       |
help: remove these parentheses
       |
131842 -                 __jet_v_6389355137770240444 = Some((((__jet_v_17673117429828603084.as_ref().expect("MIR value")).clone()) > ((__jet_v_9949107486756203181.as_ref().expect("MIR value")).clone())));
131842 +                 __jet_v_6389355137770240444 = Some(((__jet_v_17673117429828603084.as_ref().expect("MIR value")).clone()) > ((__jet_v_9949107486756203181.as_ref().expect("MIR value")).clone()));
       |

warning: unnecessary parentheses around function argument
      --> /jet/build/impl_shape_matrix.rs:131864:52
       |
131864 | ...me((((__jet_v_3474954592440435711.as_ref().expect("MIR value")).clone()) < ((__jet_v_10070028047589414373.as_ref().expect("MIR value")).clone())));
       |       ^                                                                                                                                            ^
       |
help: remove these parentheses
       |
131864 -                 __jet_v_1625104995443658218 = Some((((__jet_v_3474954592440435711.as_ref().expect("MIR value")).clone()) < ((__jet_v_10070028047589414373.as_ref().expect("MIR value")).clone())));
131864 +                 __jet_v_1625104995443658218 = Some(((__jet_v_3474954592440435711.as_ref().expect("MIR value")).clone()) < ((__jet_v_10070028047589414373.as_ref().expect("MIR value")).clone()));
       |

warning: unused label
      --> /jet/build/impl_shape_matrix.rs:131987:5
       |
131987 |     'mir_dispatch: loop {
       |     ^^^^^^^^^^^^^

warning: unused label
      --> /jet/build/impl_shape_matrix.rs:132012:5
       |
132012 |     'mir_dispatch: loop {
       |     ^^^^^^^^^^^^^

warning: unused label
      --> /jet/build/impl_shape_matrix.rs:132037:5
       |
132037 |     'mir_dispatch: loop {
       |     ^^^^^^^^^^^^^

warning: unnecessary parentheses around function argument
      --> /jet/build/impl_shape_matrix.rs:132135:52
       |
132135 | ...me((((__jet_v_15453465478653392133.as_ref().expect("MIR value")).clone()) == ((__jet_v_807111864611238537.as_ref().expect("MIR value")).clone())));
       |       ^                                                                                                                                            ^
       |
help: remove these parentheses
       |
132135 -                 __jet_v_4674200081083726702 = Some((((__jet_v_15453465478653392133.as_ref().expect("MIR value")).clone()) == ((__jet_v_807111864611238537.as_ref().expect("MIR value")).clone())));
132135 +                 __jet_v_4674200081083726702 = Some(((__jet_v_15453465478653392133.as_ref().expect("MIR value")).clone()) == ((__jet_v_807111864611238537.as_ref().expect("MIR value")).clone()));
       |

warning: type parameter `__jet_T` should have an upper camel case name
      --> /jet/build/impl_shape_matrix.rs:132261:6
       |
132261 | impl<__jet_T: __jet_Printable> __jet_Display for __jet__shome_snate_sProjects_sGithub_sjet_sexamples_sfeatures_straits_c_cimpl_u...
       |      ^^^^^^^ help: convert the identifier to upper camel case: `JetT`

warning: unused label
      --> /jet/build/impl_shape_matrix.rs:132271:5
       |
132271 |     'mir_dispatch: loop {
       |     ^^^^^^^^^^^^^

warning: unnecessary parentheses around function argument
      --> /jet/build/impl_shape_matrix.rs:132420:53
       |
132420 | ...me((((__jet_v_17466904056758855677.as_ref().expect("MIR value")).clone()) > ((__jet_v_8933759683895627854.as_ref().expect("MIR value")).clone())));
       |       ^                                                                                                                                            ^
       |
help: remove these parentheses
       |
132420 -                 __jet_v_11652487436336363412 = Some((((__jet_v_17466904056758855677.as_ref().expect("MIR value")).clone()) > ((__jet_v_8933759683895627854.as_ref().expect("MIR value")).clone())));
132420 +                 __jet_v_11652487436336363412 = Some(((__jet_v_17466904056758855677.as_ref().expect("MIR value")).clone()) > ((__jet_v_8933759683895627854.as_ref().expect("MIR value")).clone()));
       |

warning: unnecessary parentheses around function argument
      --> /jet/build/impl_shape_matrix.rs:132454:53
       |
132454 | ...me((((__jet_v_5246238285054547482.as_ref().expect("MIR value")).clone()) < ((__jet_v_9093486187995587326.as_ref().expect("MIR value")).clone())));
       |       ^                                                                                                                                           ^
       |
help: remove these parentheses
       |
132454 -                 __jet_v_12713892995372836677 = Some((((__jet_v_5246238285054547482.as_ref().expect("MIR value")).clone()) < ((__jet_v_9093486187995587326.as_ref().expect("MIR value")).clone())));
132454 +                 __jet_v_12713892995372836677 = Some(((__jet_v_5246238285054547482.as_ref().expect("MIR value")).clone()) < ((__jet_v_9093486187995587326.as_ref().expect("MIR value")).clone()));
       |

warning: unused label
      --> /jet/build/impl_shape_matrix.rs:132836:5
       |
132836 |     'mir_dispatch: loop {
       |     ^^^^^^^^^^^^^

error[E0119]: conflicting implementations of trait `JetDebug` for type `__jet__shome_snate_sProjects_sGithub_sjet_sexamples_sfeatures_straits_c_cimpl_ushape_umatrix_djet_c_cGenericOwner<_>`
      --> /jet/build/impl_shape_matrix.rs:128330:1
       |
127235 | impl<__jet_T: JetShow + JetDebug> JetDebug for __jet__shome_snate_sProjects_sGithub_sjet_sexamples_sfeatures_straits_c_cimpl_ushape_umatrix_djet_c_cGenericOwner<__jet_T> {
       | ------------------------------------------------------------------------------------------------------------------------------------------------------------------------- first implementation here
...
128330 | impl<__jet_T: __jet_Printable> JetDebug for __jet__shome_snate_sProjects_sGithub_sjet_sexamples_sfeatures_straits_c_cimpl_ushape_umatrix_djet_c_cGenericOwner<__jet_T> {
       | ^^^^^^^^^^^^^^^^^^^^^^^^^^^^^^^^^^^^^^^^^^^^^^^^^^^^^^^^^^^^^^^^^^^^^^^^^^^^^^^^^^^^^^^^^^^^^^^^^^^^^^^^^^^^^^^^^^^^^^^^^^^^^^^^^^^^^^^^^^^^^^^^^^^^^^^^^^^^^^^^^^^^^^ conflicting implementation for `__jet__shome_snate_sProjects_sGithub_sjet_sexamples_sfeatures_straits_c_cimpl_ushape_umatrix_djet_c_cGenericOwner<_>`

error[E0277]: the trait bound `__jet_T: __jet_Printable` is not satisfied
      --> /jet/build/impl_shape_matrix.rs:127228:5
       |
127228 |     fn jet_show(&self) -> String {
       |     ^^^^^^^^^^^^^^^^^^^^^^^^^^^^ the trait `__jet_Printable` is not implemented for `__jet_T`
       |
note: required by a bound in `__jet__shome_snate_sProjects_sGithub_sjet_sexamples_sfeatures_straits_c_cimpl_ushape_umatrix_djet_c_cGenericOwner`
      --> /jet/build/impl_shape_matrix.rs:127223:131
       |
127223 | ...hape_umatrix_djet_c_cGenericOwner<__jet_T: __jet_Printable> {
       |                                               ^^^^^^^^^^^^^^^ required by this bound in `__jet__shome_snate_sProjects_sGithub_sjet_sexamples_sfeatures_straits_c_cimpl_ushape_umatrix_djet_c_cGenericOwner`
help: consider further restricting type parameter `__jet_T` with trait `__jet_Printable`
       |
127227 | impl<__jet_T: JetShow + __jet_Printable> JetShow for __jet__shome_snate_sProjects_sGithub_sjet_sexamples_sfeatures_straits_c_cimpl_ushape_umatrix_djet_c_cGenericOwner<__jet_T> {
       |                       +++++++++++++++++

error[E0277]: the trait bound `__jet_T: __jet_Printable` is not satisfied
      --> /jet/build/impl_shape_matrix.rs:127227:36
       |
127227 | ...or __jet__shome_snate_sProjects_sGithub_sjet_sexamples_sfeatures_straits_c_cimpl_ushape_umatrix_djet_c_cGenericOwner<__jet_T> {
       |       ^^^^^^^^^^^^^^^^^^^^^^^^^^^^^^^^^^^^^^^^^^^^^^^^^^^^^^^^^^^^^^^^^^^^^^^^^^^^^^^^^^^^^^^^^^^^^^^^^^^^^^^^^^^^^^^^^^^^^^^^^^ the trait `__jet_Printable` is not implemented for `__jet_T`
       |
note: required by a bound in `__jet__shome_snate_sProjects_sGithub_sjet_sexamples_sfeatures_straits_c_cimpl_ushape_umatrix_djet_c_cGenericOwner`
      --> /jet/build/impl_shape_matrix.rs:127223:131
       |
127223 | ...hape_umatrix_djet_c_cGenericOwner<__jet_T: __jet_Printable> {
       |                                               ^^^^^^^^^^^^^^^ required by this bound in `__jet__shome_snate_sProjects_sGithub_sjet_sexamples_sfeatures_straits_c_cimpl_ushape_umatrix_djet_c_cGenericOwner`
help: consider further restricting type parameter `__jet_T` with trait `__jet_Printable`
       |
127227 | impl<__jet_T: JetShow + __jet_Printable> JetShow for __jet__shome_snate_sProjects_sGithub_sjet_sexamples_sfeatures_straits_c_cimpl_ushape_umatrix_djet_c_cGenericOwner<__jet_T> {
       |                       +++++++++++++++++

error[E0277]: the trait bound `__jet_T: __jet_Printable` is not satisfied
      --> /jet/build/impl_shape_matrix.rs:127228:18
       |
127228 |     fn jet_show(&self) -> String {
       |                  ^^^^ the trait `__jet_Printable` is not implemented for `__jet_T`
       |
note: required by a bound in `__jet__shome_snate_sProjects_sGithub_sjet_sexamples_sfeatures_straits_c_cimpl_ushape_umatrix_djet_c_cGenericOwner`
      --> /jet/build/impl_shape_matrix.rs:127223:131
       |
127223 | ...hape_umatrix_djet_c_cGenericOwner<__jet_T: __jet_Printable> {
       |                                               ^^^^^^^^^^^^^^^ required by this bound in `__jet__shome_snate_sProjects_sGithub_sjet_sexamples_sfeatures_straits_c_cimpl_ushape_umatrix_djet_c_cGenericOwner`
help: consider further restricting type parameter `__jet_T` with trait `__jet_Printable`
       |
127227 | impl<__jet_T: JetShow + __jet_Printable> JetShow for __jet__shome_snate_sProjects_sGithub_sjet_sexamples_sfeatures_straits_c_cimpl_ushape_umatrix_djet_c_cGenericOwner<__jet_T> {
       |                       +++++++++++++++++

error[E0277]: the trait bound `__jet__shome_snate_sProjects_sGithub_sjet_sexamples_sfeatures_straits_c_cimpl_ushape_umatrix_djet_c_cDisplayDebugOwner: __jet_Printable` is not satisfied
      --> /jet/build/impl_shape_matrix.rs:132491:42
       |
132491 | ...7: Option<JetMap<String, __jet__shome_snate_sProjects_sGithub_sjet_sexamples_sfeatures_straits_c_cimpl_ushape_umatrix_djet_c_cGenericOwner<__jet__shome_snate_sProjects_sGithub_sjet_sexamples_sfeatures_straits_c_cimpl_ushape_umatrix_djet_c_cDisplayDebugOwner>>> = ...
       |       ^^^^^^^^^^^^^^^^^^^^^^^^^^^^^^^^^^^^^^^^^^^^^^^^^^^^^^^^^^^^^^^^^^^^^^^^^^^^^^^^^^^^^^^^^^^^^^^^^^^^^^^^^^^^^^^^^^^^^^^^^^^^^^^^^^^^^^^^^^^^^^^^^^^^^^^^^^^^^^^^^^^^^^^^^^^^^^^^^^^^^^^^^^^^^^^^^^^^^^^^^^^^^^^^^^^^^^^^^^^^^^^^^^^^^^^^^^^^^^^^^^^^^^^^^^^^^^^^^ unsatisfied trait bound
       |
help: the trait `__jet_Printable` is not implemented for `__jet__shome_snate_sProjects_sGithub_sjet_sexamples_sfeatures_straits_c_cimpl_ushape_umatrix_djet_c_cDisplayDebugOwner`
      --> /jet/build/impl_shape_matrix.rs:127210:1
       |
127210 | struct __jet__shome_snate_sProjects_sGithub_sjet_sexamples_sfeatures_straits_c_cimpl_ushape_umatrix_djet_c_cDisplayDebugOwner {
       | ^^^^^^^^^^^^^^^^^^^^^^^^^^^^^^^^^^^^^^^^^^^^^^^^^^^^^^^^^^^^^^^^^^^^^^^^^^^^^^^^^^^^^^^^^^^^^^^^^^^^^^^^^^^^^^^^^^^^^^^^^^^^^
help: this trait has no implementations, consider adding one
      --> /jet/build/impl_shape_matrix.rs:127315:1
       |
127315 | pub trait __jet_Printable {
       | ^^^^^^^^^^^^^^^^^^^^^^^^^
note: required by a bound in `__jet__shome_snate_sProjects_sGithub_sjet_sexamples_sfeatures_straits_c_cimpl_ushape_umatrix_djet_c_cGenericOwner`
      --> /jet/build/impl_shape_matrix.rs:127223:131
       |
127223 | ...hape_umatrix_djet_c_cGenericOwner<__jet_T: __jet_Printable> {
       |                                               ^^^^^^^^^^^^^^^ required by this bound in `__jet__shome_snate_sProjects_sGithub_sjet_sexamples_sfeatures_straits_c_cimpl_ushape_umatrix_djet_c_cGenericOwner`

error[E0277]: the trait bound `__jet__shome_snate_sProjects_sGithub_sjet_sexamples_sfeatures_straits_c_cimpl_ushape_umatrix_djet_c_cDisplayDebugOwner: __jet_Printable` is not satisfied
      --> /jet/build/impl_shape_matrix.rs:132491:302
       |
132491 | ...l_ushape_umatrix_djet_c_cDisplayDebugOwner>>> = None;
       |                                                    ^^^^ unsatisfied trait bound
       |
help: the trait `__jet_Printable` is not implemented for `__jet__shome_snate_sProjects_sGithub_sjet_sexamples_sfeatures_straits_c_cimpl_ushape_umatrix_djet_c_cDisplayDebugOwner`
      --> /jet/build/impl_shape_matrix.rs:127210:1
       |
127210 | struct __jet__shome_snate_sProjects_sGithub_sjet_sexamples_sfeatures_straits_c_cimpl_ushape_umatrix_djet_c_cDisplayDebugOwner {
       | ^^^^^^^^^^^^^^^^^^^^^^^^^^^^^^^^^^^^^^^^^^^^^^^^^^^^^^^^^^^^^^^^^^^^^^^^^^^^^^^^^^^^^^^^^^^^^^^^^^^^^^^^^^^^^^^^^^^^^^^^^^^^^
help: this trait has no implementations, consider adding one
      --> /jet/build/impl_shape_matrix.rs:127315:1
       |
127315 | pub trait __jet_Printable {
       | ^^^^^^^^^^^^^^^^^^^^^^^^^
note: required by a bound in `__jet__shome_snate_sProjects_sGithub_sjet_sexamples_sfeatures_straits_c_cimpl_ushape_umatrix_djet_c_cGenericOwner`
      --> /jet/build/impl_shape_matrix.rs:127223:131
       |
127223 | ...hape_umatrix_djet_c_cGenericOwner<__jet_T: __jet_Printable> {
       |                                               ^^^^^^^^^^^^^^^ required by this bound in `__jet__shome_snate_sProjects_sGithub_sjet_sexamples_sfeatures_straits_c_cimpl_ushape_umatrix_djet_c_cGenericOwner`

error[E0277]: the trait bound `__jet__shome_snate_sProjects_sGithub_sjet_sexamples_sfeatures_straits_c_cimpl_ushape_umatrix_djet_c_cDisplayDebugOwner: __jet_Printable` is not satisfied
      --> /jet/build/impl_shape_matrix.rs:132492:286
       |
132492 | ...pl_ushape_umatrix_djet_c_cDisplayDebugOwner>> = None;
       |                                                    ^^^^ unsatisfied trait bound
       |
help: the trait `__jet_Printable` is not implemented for `__jet__shome_snate_sProjects_sGithub_sjet_sexamples_sfeatures_straits_c_cimpl_ushape_umatrix_djet_c_cDisplayDebugOwner`
      --> /jet/build/impl_shape_matrix.rs:127210:1
       |
127210 | struct __jet__shome_snate_sProjects_sGithub_sjet_sexamples_sfeatures_straits_c_cimpl_ushape_umatrix_djet_c_cDisplayDebugOwner {
       | ^^^^^^^^^^^^^^^^^^^^^^^^^^^^^^^^^^^^^^^^^^^^^^^^^^^^^^^^^^^^^^^^^^^^^^^^^^^^^^^^^^^^^^^^^^^^^^^^^^^^^^^^^^^^^^^^^^^^^^^^^^^^^
help: this trait has no implementations, consider adding one
      --> /jet/build/impl_shape_matrix.rs:127315:1
       |
127315 | pub trait __jet_Printable {
       | ^^^^^^^^^^^^^^^^^^^^^^^^^
note: required by a bound in `__jet__shome_snate_sProjects_sGithub_sjet_sexamples_sfeatures_straits_c_cimpl_ushape_umatrix_djet_c_cGenericOwner`
      --> /jet/build/impl_shape_matrix.rs:127223:131
       |
127223 | ...hape_umatrix_djet_c_cGenericOwner<__jet_T: __jet_Printable> {
       |                                               ^^^^^^^^^^^^^^^ required by this bound in `__jet__shome_snate_sProjects_sGithub_sjet_sexamples_sfeatures_straits_c_cimpl_ushape_umatrix_djet_c_cGenericOwner`

error[E0277]: the trait bound `__jet__shome_snate_sProjects_sGithub_sjet_sexamples_sfeatures_straits_c_cimpl_ushape_umatrix_djet_c_cDisplayDebugOwner: __jet_Printable` is not satisfied
      --> /jet/build/impl_shape_matrix.rs:132496:42
       |
132496 | ...5: Option<(String, __jet__shome_snate_sProjects_sGithub_sjet_sexamples_sfeatures_straits_c_cimpl_ushape_umatrix_djet_c_cGenericOwner<__jet__shome_snate_sProjects_sGithub_sjet_sexamples_sfeatures_straits_c_cimpl_ushape_umatrix_djet_c_cDisplayDebugOwner>)> = ...
       |       ^^^^^^^^^^^^^^^^^^^^^^^^^^^^^^^^^^^^^^^^^^^^^^^^^^^^^^^^^^^^^^^^^^^^^^^^^^^^^^^^^^^^^^^^^^^^^^^^^^^^^^^^^^^^^^^^^^^^^^^^^^^^^^^^^^^^^^^^^^^^^^^^^^^^^^^^^^^^^^^^^^^^^^^^^^^^^^^^^^^^^^^^^^^^^^^^^^^^^^^^^^^^^^^^^^^^^^^^^^^^^^^^^^^^^^^^^^^^^^^^^^^^^^^^^^^ unsatisfied trait bound
       |
help: the trait `__jet_Printable` is not implemented for `__jet__shome_snate_sProjects_sGithub_sjet_sexamples_sfeatures_straits_c_cimpl_ushape_umatrix_djet_c_cDisplayDebugOwner`
      --> /jet/build/impl_shape_matrix.rs:127210:1
       |
127210 | struct __jet__shome_snate_sProjects_sGithub_sjet_sexamples_sfeatures_straits_c_cimpl_ushape_umatrix_djet_c_cDisplayDebugOwner {
       | ^^^^^^^^^^^^^^^^^^^^^^^^^^^^^^^^^^^^^^^^^^^^^^^^^^^^^^^^^^^^^^^^^^^^^^^^^^^^^^^^^^^^^^^^^^^^^^^^^^^^^^^^^^^^^^^^^^^^^^^^^^^^^
help: this trait has no implementations, consider adding one
      --> /jet/build/impl_shape_matrix.rs:127315:1
       |
127315 | pub trait __jet_Printable {
       | ^^^^^^^^^^^^^^^^^^^^^^^^^
note: required by a bound in `__jet__shome_snate_sProjects_sGithub_sjet_sexamples_sfeatures_straits_c_cimpl_ushape_umatrix_djet_c_cGenericOwner`
      --> /jet/build/impl_shape_matrix.rs:127223:131
       |
127223 | ...hape_umatrix_djet_c_cGenericOwner<__jet_T: __jet_Printable> {
       |                                               ^^^^^^^^^^^^^^^ required by this bound in `__jet__shome_snate_sProjects_sGithub_sjet_sexamples_sfeatures_straits_c_cimpl_ushape_umatrix_djet_c_cGenericOwner`

error[E0277]: the trait bound `__jet__shome_snate_sProjects_sGithub_sjet_sexamples_sfeatures_straits_c_cimpl_ushape_umatrix_djet_c_cDisplayDebugOwner: __jet_Printable` is not satisfied
      --> /jet/build/impl_shape_matrix.rs:132496:296
       |
132496 | ...l_ushape_umatrix_djet_c_cDisplayDebugOwner>)> = None;
       |                                                    ^^^^ unsatisfied trait bound
       |
help: the trait `__jet_Printable` is not implemented for `__jet__shome_snate_sProjects_sGithub_sjet_sexamples_sfeatures_straits_c_cimpl_ushape_umatrix_djet_c_cDisplayDebugOwner`
      --> /jet/build/impl_shape_matrix.rs:127210:1
       |
127210 | struct __jet__shome_snate_sProjects_sGithub_sjet_sexamples_sfeatures_straits_c_cimpl_ushape_umatrix_djet_c_cDisplayDebugOwner {
       | ^^^^^^^^^^^^^^^^^^^^^^^^^^^^^^^^^^^^^^^^^^^^^^^^^^^^^^^^^^^^^^^^^^^^^^^^^^^^^^^^^^^^^^^^^^^^^^^^^^^^^^^^^^^^^^^^^^^^^^^^^^^^^
help: this trait has no implementations, consider adding one
      --> /jet/build/impl_shape_matrix.rs:127315:1
       |
127315 | pub trait __jet_Printable {
       | ^^^^^^^^^^^^^^^^^^^^^^^^^
note: required by a bound in `__jet__shome_snate_sProjects_sGithub_sjet_sexamples_sfeatures_straits_c_cimpl_ushape_umatrix_djet_c_cGenericOwner`
      --> /jet/build/impl_shape_matrix.rs:127223:131
       |
127223 | ...hape_umatrix_djet_c_cGenericOwner<__jet_T: __jet_Printable> {
       |                                               ^^^^^^^^^^^^^^^ required by this bound in `__jet__shome_snate_sProjects_sGithub_sjet_sexamples_sfeatures_straits_c_cimpl_ushape_umatrix_djet_c_cGenericOwner`

error[E0277]: the trait bound `__jet__shome_snate_sProjects_sGithub_sjet_sexamples_sfeatures_straits_c_cimpl_ushape_umatrix_djet_c_cDisplayDebugOwner: __jet_Printable` is not satisfied
      --> /jet/build/impl_shape_matrix.rs:132511:43
       |
132511 | ...6: Option<Vec<__jet__shome_snate_sProjects_sGithub_sjet_sexamples_sfeatures_straits_c_cimpl_ushape_umatrix_djet_c_cGenericOwner<__jet__shome_snate_sProjects_sGithub_sjet_sexamples_sfeatures_straits_c_cimpl_ushape_umatrix_djet_c_cDisplayDebugOwner>>> = ...
       |       ^^^^^^^^^^^^^^^^^^^^^^^^^^^^^^^^^^^^^^^^^^^^^^^^^^^^^^^^^^^^^^^^^^^^^^^^^^^^^^^^^^^^^^^^^^^^^^^^^^^^^^^^^^^^^^^^^^^^^^^^^^^^^^^^^^^^^^^^^^^^^^^^^^^^^^^^^^^^^^^^^^^^^^^^^^^^^^^^^^^^^^^^^^^^^^^^^^^^^^^^^^^^^^^^^^^^^^^^^^^^^^^^^^^^^^^^^^^^^^^^^^^^^^ unsatisfied trait bound
       |
help: the trait `__jet_Printable` is not implemented for `__jet__shome_snate_sProjects_sGithub_sjet_sexamples_sfeatures_straits_c_cimpl_ushape_umatrix_djet_c_cDisplayDebugOwner`
      --> /jet/build/impl_shape_matrix.rs:127210:1
       |
127210 | struct __jet__shome_snate_sProjects_sGithub_sjet_sexamples_sfeatures_straits_c_cimpl_ushape_umatrix_djet_c_cDisplayDebugOwner {
       | ^^^^^^^^^^^^^^^^^^^^^^^^^^^^^^^^^^^^^^^^^^^^^^^^^^^^^^^^^^^^^^^^^^^^^^^^^^^^^^^^^^^^^^^^^^^^^^^^^^^^^^^^^^^^^^^^^^^^^^^^^^^^^
help: this trait has no implementations, consider adding one
      --> /jet/build/impl_shape_matrix.rs:127315:1
       |
127315 | pub trait __jet_Printable {
       | ^^^^^^^^^^^^^^^^^^^^^^^^^
note: required by a bound in `__jet__shome_snate_sProjects_sGithub_sjet_sexamples_sfeatures_straits_c_cimpl_ushape_umatrix_djet_c_cGenericOwner`
      --> /jet/build/impl_shape_matrix.rs:127223:131
       |
127223 | ...hape_umatrix_djet_c_cGenericOwner<__jet_T: __jet_Printable> {
       |                                               ^^^^^^^^^^^^^^^ required by this bound in `__jet__shome_snate_sProjects_sGithub_sjet_sexamples_sfeatures_straits_c_cimpl_ushape_umatrix_djet_c_cGenericOwner`

error[E0277]: the trait bound `__jet__shome_snate_sProjects_sGithub_sjet_sexamples_sfeatures_straits_c_cimpl_ushape_umatrix_djet_c_cDisplayDebugOwner: __jet_Printable` is not satisfied
      --> /jet/build/impl_shape_matrix.rs:132511:292
       |
132511 | ...l_ushape_umatrix_djet_c_cDisplayDebugOwner>>> = None;
       |                                                    ^^^^ unsatisfied trait bound
       |
help: the trait `__jet_Printable` is not implemented for `__jet__shome_snate_sProjects_sGithub_sjet_sexamples_sfeatures_straits_c_cimpl_ushape_umatrix_djet_c_cDisplayDebugOwner`
      --> /jet/build/impl_shape_matrix.rs:127210:1
       |
127210 | struct __jet__shome_snate_sProjects_sGithub_sjet_sexamples_sfeatures_straits_c_cimpl_ushape_umatrix_djet_c_cDisplayDebugOwner {
       | ^^^^^^^^^^^^^^^^^^^^^^^^^^^^^^^^^^^^^^^^^^^^^^^^^^^^^^^^^^^^^^^^^^^^^^^^^^^^^^^^^^^^^^^^^^^^^^^^^^^^^^^^^^^^^^^^^^^^^^^^^^^^^
help: this trait has no implementations, consider adding one
      --> /jet/build/impl_shape_matrix.rs:127315:1
       |
127315 | pub trait __jet_Printable {
       | ^^^^^^^^^^^^^^^^^^^^^^^^^
note: required by a bound in `__jet__shome_snate_sProjects_sGithub_sjet_sexamples_sfeatures_straits_c_cimpl_ushape_umatrix_djet_c_cGenericOwner`
      --> /jet/build/impl_shape_matrix.rs:127223:131
       |
127223 | ...hape_umatrix_djet_c_cGenericOwner<__jet_T: __jet_Printable> {
       |                                               ^^^^^^^^^^^^^^^ required by this bound in `__jet__shome_snate_sProjects_sGithub_sjet_sexamples_sfeatures_straits_c_cimpl_ushape_umatrix_djet_c_cGenericOwner`

error[E0277]: the trait bound `__jet__shome_snate_sProjects_sGithub_sjet_sexamples_sfeatures_straits_c_cimpl_ushape_umatrix_djet_c_cDisplayDebugOwner: __jet_Printable` is not satisfied
      --> /jet/build/impl_shape_matrix.rs:132516:40
       |
132516 | ...1: Option<__jet__shome_snate_sProjects_sGithub_sjet_sexamples_sfeatures_straits_c_cimpl_ushape_umatrix_djet_c_cGenericOwner<__jet__shome_snate_sProjects_sGithub_sjet_sexamples_sfeatures_straits_c_cimpl_ushape_umatrix_djet_c_cDisplayDebugOwner>> = ...
       |       ^^^^^^^^^^^^^^^^^^^^^^^^^^^^^^^^^^^^^^^^^^^^^^^^^^^^^^^^^^^^^^^^^^^^^^^^^^^^^^^^^^^^^^^^^^^^^^^^^^^^^^^^^^^^^^^^^^^^^^^^^^^^^^^^^^^^^^^^^^^^^^^^^^^^^^^^^^^^^^^^^^^^^^^^^^^^^^^^^^^^^^^^^^^^^^^^^^^^^^^^^^^^^^^^^^^^^^^^^^^^^^^^^^^^^^^^^^^^^^^^^ unsatisfied trait bound
       |
help: the trait `__jet_Printable` is not implemented for `__jet__shome_snate_sProjects_sGithub_sjet_sexamples_sfeatures_straits_c_cimpl_ushape_umatrix_djet_c_cDisplayDebugOwner`
      --> /jet/build/impl_shape_matrix.rs:127210:1
       |
127210 | struct __jet__shome_snate_sProjects_sGithub_sjet_sexamples_sfeatures_straits_c_cimpl_ushape_umatrix_djet_c_cDisplayDebugOwner {
       | ^^^^^^^^^^^^^^^^^^^^^^^^^^^^^^^^^^^^^^^^^^^^^^^^^^^^^^^^^^^^^^^^^^^^^^^^^^^^^^^^^^^^^^^^^^^^^^^^^^^^^^^^^^^^^^^^^^^^^^^^^^^^^
help: this trait has no implementations, consider adding one
      --> /jet/build/impl_shape_matrix.rs:127315:1
       |
127315 | pub trait __jet_Printable {
       | ^^^^^^^^^^^^^^^^^^^^^^^^^
note: required by a bound in `__jet__shome_snate_sProjects_sGithub_sjet_sexamples_sfeatures_straits_c_cimpl_ushape_umatrix_djet_c_cGenericOwner`
      --> /jet/build/impl_shape_matrix.rs:127223:131
       |
127223 | ...hape_umatrix_djet_c_cGenericOwner<__jet_T: __jet_Printable> {
       |                                               ^^^^^^^^^^^^^^^ required by this bound in `__jet__shome_snate_sProjects_sGithub_sjet_sexamples_sfeatures_straits_c_cimpl_ushape_umatrix_djet_c_cGenericOwner`

error[E0277]: the trait bound `__jet__shome_snate_sProjects_sGithub_sjet_sexamples_sfeatures_straits_c_cimpl_ushape_umatrix_djet_c_cDisplayDebugOwner: __jet_Printable` is not satisfied
      --> /jet/build/impl_shape_matrix.rs:132516:284
       |
132516 | ...pl_ushape_umatrix_djet_c_cDisplayDebugOwner>> = None;
       |                                                    ^^^^ unsatisfied trait bound
       |
help: the trait `__jet_Printable` is not implemented for `__jet__shome_snate_sProjects_sGithub_sjet_sexamples_sfeatures_straits_c_cimpl_ushape_umatrix_djet_c_cDisplayDebugOwner`
      --> /jet/build/impl_shape_matrix.rs:127210:1
       |
127210 | struct __jet__shome_snate_sProjects_sGithub_sjet_sexamples_sfeatures_straits_c_cimpl_ushape_umatrix_djet_c_cDisplayDebugOwner {
       | ^^^^^^^^^^^^^^^^^^^^^^^^^^^^^^^^^^^^^^^^^^^^^^^^^^^^^^^^^^^^^^^^^^^^^^^^^^^^^^^^^^^^^^^^^^^^^^^^^^^^^^^^^^^^^^^^^^^^^^^^^^^^^
help: this trait has no implementations, consider adding one
      --> /jet/build/impl_shape_matrix.rs:127315:1
       |
127315 | pub trait __jet_Printable {
       | ^^^^^^^^^^^^^^^^^^^^^^^^^
note: required by a bound in `__jet__shome_snate_sProjects_sGithub_sjet_sexamples_sfeatures_straits_c_cimpl_ushape_umatrix_djet_c_cGenericOwner`
      --> /jet/build/impl_shape_matrix.rs:127223:131
       |
127223 | ...hape_umatrix_djet_c_cGenericOwner<__jet_T: __jet_Printable> {
       |                                               ^^^^^^^^^^^^^^^ required by this bound in `__jet__shome_snate_sProjects_sGithub_sjet_sexamples_sfeatures_straits_c_cimpl_ushape_umatrix_djet_c_cGenericOwner`

error[E0277]: the trait bound `__jet__shome_snate_sProjects_sGithub_sjet_sexamples_sfeatures_straits_c_cimpl_ushape_umatrix_djet_c_cDisplayDebugOwner: __jet_Printable` is not satisfied
      --> /jet/build/impl_shape_matrix.rs:132538:42
       |
132538 | ...5: Option<__jet__shome_snate_sProjects_sGithub_sjet_sexamples_sfeatures_straits_c_cimpl_ushape_umatrix_djet_c_cGenericOwner<__jet__shome_snate_sProjects_sGithub_sjet_sexamples_sfeatures_straits_c_cimpl_ushape_umatrix_djet_c_cDisplayDebugOwner>> = ...
       |       ^^^^^^^^^^^^^^^^^^^^^^^^^^^^^^^^^^^^^^^^^^^^^^^^^^^^^^^^^^^^^^^^^^^^^^^^^^^^^^^^^^^^^^^^^^^^^^^^^^^^^^^^^^^^^^^^^^^^^^^^^^^^^^^^^^^^^^^^^^^^^^^^^^^^^^^^^^^^^^^^^^^^^^^^^^^^^^^^^^^^^^^^^^^^^^^^^^^^^^^^^^^^^^^^^^^^^^^^^^^^^^^^^^^^^^^^^^^^^^^^^ unsatisfied trait bound
       |
help: the trait `__jet_Printable` is not implemented for `__jet__shome_snate_sProjects_sGithub_sjet_sexamples_sfeatures_straits_c_cimpl_ushape_umatrix_djet_c_cDisplayDebugOwner`
      --> /jet/build/impl_shape_matrix.rs:127210:1
       |
127210 | struct __jet__shome_snate_sProjects_sGithub_sjet_sexamples_sfeatures_straits_c_cimpl_ushape_umatrix_djet_c_cDisplayDebugOwner {
       | ^^^^^^^^^^^^^^^^^^^^^^^^^^^^^^^^^^^^^^^^^^^^^^^^^^^^^^^^^^^^^^^^^^^^^^^^^^^^^^^^^^^^^^^^^^^^^^^^^^^^^^^^^^^^^^^^^^^^^^^^^^^^^
help: this trait has no implementations, consider adding one
      --> /jet/build/impl_shape_matrix.rs:127315:1
       |
127315 | pub trait __jet_Printable {
       | ^^^^^^^^^^^^^^^^^^^^^^^^^
note: required by a bound in `__jet__shome_snate_sProjects_sGithub_sjet_sexamples_sfeatures_straits_c_cimpl_ushape_umatrix_djet_c_cGenericOwner`
      --> /jet/build/impl_shape_matrix.rs:127223:131
       |
127223 | ...hape_umatrix_djet_c_cGenericOwner<__jet_T: __jet_Printable> {
       |                                               ^^^^^^^^^^^^^^^ required by this bound in `__jet__shome_snate_sProjects_sGithub_sjet_sexamples_sfeatures_straits_c_cimpl_ushape_umatrix_djet_c_cGenericOwner`

error[E0277]: the trait bound `__jet__shome_snate_sProjects_sGithub_sjet_sexamples_sfeatures_straits_c_cimpl_ushape_umatrix_djet_c_cDisplayDebugOwner: __jet_Printable` is not satisfied
      --> /jet/build/impl_shape_matrix.rs:132538:286
       |
132538 | ...pl_ushape_umatrix_djet_c_cDisplayDebugOwner>> = None;
       |                                                    ^^^^ unsatisfied trait bound
       |
help: the trait `__jet_Printable` is not implemented for `__jet__shome_snate_sProjects_sGithub_sjet_sexamples_sfeatures_straits_c_cimpl_ushape_umatrix_djet_c_cDisplayDebugOwner`
      --> /jet/build/impl_shape_matrix.rs:127210:1
       |
127210 | struct __jet__shome_snate_sProjects_sGithub_sjet_sexamples_sfeatures_straits_c_cimpl_ushape_umatrix_djet_c_cDisplayDebugOwner {
       | ^^^^^^^^^^^^^^^^^^^^^^^^^^^^^^^^^^^^^^^^^^^^^^^^^^^^^^^^^^^^^^^^^^^^^^^^^^^^^^^^^^^^^^^^^^^^^^^^^^^^^^^^^^^^^^^^^^^^^^^^^^^^^
help: this trait has no implementations, consider adding one
      --> /jet/build/impl_shape_matrix.rs:127315:1
       |
127315 | pub trait __jet_Printable {
       | ^^^^^^^^^^^^^^^^^^^^^^^^^
note: required by a bound in `__jet__shome_snate_sProjects_sGithub_sjet_sexamples_sfeatures_straits_c_cimpl_ushape_umatrix_djet_c_cGenericOwner`
      --> /jet/build/impl_shape_matrix.rs:127223:131
       |
127223 | ...hape_umatrix_djet_c_cGenericOwner<__jet_T: __jet_Printable> {
       |                                               ^^^^^^^^^^^^^^^ required by this bound in `__jet__shome_snate_sProjects_sGithub_sjet_sexamples_sfeatures_straits_c_cimpl_ushape_umatrix_djet_c_cGenericOwner`

error[E0277]: the trait bound `__jet__shome_snate_sProjects_sGithub_sjet_sexamples_sfeatures_straits_c_cimpl_ushape_umatrix_djet_c_cDisplayDebugOwner: __jet_Printable` is not satisfied
      --> /jet/build/impl_shape_matrix.rs:132556:42
       |
132556 | ...0: Option<__jet__shome_snate_sProjects_sGithub_sjet_sexamples_sfeatures_straits_c_cimpl_ushape_umatrix_djet_c_cGenericOwner<__jet__shome_snate_sProjects_sGithub_sjet_sexamples_sfeatures_straits_c_cimpl_ushape_umatrix_djet_c_cDisplayDebugOwner>> = ...
       |       ^^^^^^^^^^^^^^^^^^^^^^^^^^^^^^^^^^^^^^^^^^^^^^^^^^^^^^^^^^^^^^^^^^^^^^^^^^^^^^^^^^^^^^^^^^^^^^^^^^^^^^^^^^^^^^^^^^^^^^^^^^^^^^^^^^^^^^^^^^^^^^^^^^^^^^^^^^^^^^^^^^^^^^^^^^^^^^^^^^^^^^^^^^^^^^^^^^^^^^^^^^^^^^^^^^^^^^^^^^^^^^^^^^^^^^^^^^^^^^^^^ unsatisfied trait bound
       |
help: the trait `__jet_Printable` is not implemented for `__jet__shome_snate_sProjects_sGithub_sjet_sexamples_sfeatures_straits_c_cimpl_ushape_umatrix_djet_c_cDisplayDebugOwner`
      --> /jet/build/impl_shape_matrix.rs:127210:1
       |
127210 | struct __jet__shome_snate_sProjects_sGithub_sjet_sexamples_sfeatures_straits_c_cimpl_ushape_umatrix_djet_c_cDisplayDebugOwner {
       | ^^^^^^^^^^^^^^^^^^^^^^^^^^^^^^^^^^^^^^^^^^^^^^^^^^^^^^^^^^^^^^^^^^^^^^^^^^^^^^^^^^^^^^^^^^^^^^^^^^^^^^^^^^^^^^^^^^^^^^^^^^^^^
help: this trait has no implementations, consider adding one
      --> /jet/build/impl_shape_matrix.rs:127315:1
       |
127315 | pub trait __jet_Printable {
       | ^^^^^^^^^^^^^^^^^^^^^^^^^
note: required by a bound in `__jet__shome_snate_sProjects_sGithub_sjet_sexamples_sfeatures_straits_c_cimpl_ushape_umatrix_djet_c_cGenericOwner`
      --> /jet/build/impl_shape_matrix.rs:127223:131
       |
127223 | ...hape_umatrix_djet_c_cGenericOwner<__jet_T: __jet_Printable> {
       |                                               ^^^^^^^^^^^^^^^ required by this bound in `__jet__shome_snate_sProjects_sGithub_sjet_sexamples_sfeatures_straits_c_cimpl_ushape_umatrix_djet_c_cGenericOwner`

error[E0277]: the trait bound `__jet__shome_snate_sProjects_sGithub_sjet_sexamples_sfeatures_straits_c_cimpl_ushape_umatrix_djet_c_cDisplayDebugOwner: __jet_Printable` is not satisfied
      --> /jet/build/impl_shape_matrix.rs:132556:286
       |
132556 | ...pl_ushape_umatrix_djet_c_cDisplayDebugOwner>> = None;
       |                                                    ^^^^ unsatisfied trait bound
       |
help: the trait `__jet_Printable` is not implemented for `__jet__shome_snate_sProjects_sGithub_sjet_sexamples_sfeatures_straits_c_cimpl_ushape_umatrix_djet_c_cDisplayDebugOwner`
      --> /jet/build/impl_shape_matrix.rs:127210:1
       |
127210 | struct __jet__shome_snate_sProjects_sGithub_sjet_sexamples_sfeatures_straits_c_cimpl_ushape_umatrix_djet_c_cDisplayDebugOwner {
       | ^^^^^^^^^^^^^^^^^^^^^^^^^^^^^^^^^^^^^^^^^^^^^^^^^^^^^^^^^^^^^^^^^^^^^^^^^^^^^^^^^^^^^^^^^^^^^^^^^^^^^^^^^^^^^^^^^^^^^^^^^^^^^
help: this trait has no implementations, consider adding one
      --> /jet/build/impl_shape_matrix.rs:127315:1
       |
127315 | pub trait __jet_Printable {
       | ^^^^^^^^^^^^^^^^^^^^^^^^^
note: required by a bound in `__jet__shome_snate_sProjects_sGithub_sjet_sexamples_sfeatures_straits_c_cimpl_ushape_umatrix_djet_c_cGenericOwner`
      --> /jet/build/impl_shape_matrix.rs:127223:131
       |
127223 | ...hape_umatrix_djet_c_cGenericOwner<__jet_T: __jet_Printable> {
       |                                               ^^^^^^^^^^^^^^^ required by this bound in `__jet__shome_snate_sProjects_sGithub_sjet_sexamples_sfeatures_straits_c_cimpl_ushape_umatrix_djet_c_cGenericOwner`

error[E0277]: the trait bound `__jet__shome_snate_sProjects_sGithub_sjet_sexamples_sfeatures_straits_c_cimpl_ushape_umatrix_djet_c_cDisplayDebugOwner: __jet_Printable` is not satisfied
      --> /jet/build/impl_shape_matrix.rs:132570:42
       |
132570 | ...5: Option<(String, __jet__shome_snate_sProjects_sGithub_sjet_sexamples_sfeatures_straits_c_cimpl_ushape_umatrix_djet_c_cGenericOwner<__jet__shome_snate_sProjects_sGithub_sjet_sexamples_sfeatures_straits_c_cimpl_ushape_umatrix_djet_c_cDisplayDebugOwner>)> = ...
       |       ^^^^^^^^^^^^^^^^^^^^^^^^^^^^^^^^^^^^^^^^^^^^^^^^^^^^^^^^^^^^^^^^^^^^^^^^^^^^^^^^^^^^^^^^^^^^^^^^^^^^^^^^^^^^^^^^^^^^^^^^^^^^^^^^^^^^^^^^^^^^^^^^^^^^^^^^^^^^^^^^^^^^^^^^^^^^^^^^^^^^^^^^^^^^^^^^^^^^^^^^^^^^^^^^^^^^^^^^^^^^^^^^^^^^^^^^^^^^^^^^^^^^^^^^^^^ unsatisfied trait bound
       |
help: the trait `__jet_Printable` is not implemented for `__jet__shome_snate_sProjects_sGithub_sjet_sexamples_sfeatures_straits_c_cimpl_ushape_umatrix_djet_c_cDisplayDebugOwner`
      --> /jet/build/impl_shape_matrix.rs:127210:1
       |
127210 | struct __jet__shome_snate_sProjects_sGithub_sjet_sexamples_sfeatures_straits_c_cimpl_ushape_umatrix_djet_c_cDisplayDebugOwner {
       | ^^^^^^^^^^^^^^^^^^^^^^^^^^^^^^^^^^^^^^^^^^^^^^^^^^^^^^^^^^^^^^^^^^^^^^^^^^^^^^^^^^^^^^^^^^^^^^^^^^^^^^^^^^^^^^^^^^^^^^^^^^^^^
help: this trait has no implementations, consider adding one
      --> /jet/build/impl_shape_matrix.rs:127315:1
       |
127315 | pub trait __jet_Printable {
       | ^^^^^^^^^^^^^^^^^^^^^^^^^
note: required by a bound in `__jet__shome_snate_sProjects_sGithub_sjet_sexamples_sfeatures_straits_c_cimpl_ushape_umatrix_djet_c_cGenericOwner`
      --> /jet/build/impl_shape_matrix.rs:127223:131
       |
127223 | ...hape_umatrix_djet_c_cGenericOwner<__jet_T: __jet_Printable> {
       |                                               ^^^^^^^^^^^^^^^ required by this bound in `__jet__shome_snate_sProjects_sGithub_sjet_sexamples_sfeatures_straits_c_cimpl_ushape_umatrix_djet_c_cGenericOwner`

error[E0277]: the trait bound `__jet__shome_snate_sProjects_sGithub_sjet_sexamples_sfeatures_straits_c_cimpl_ushape_umatrix_djet_c_cDisplayDebugOwner: __jet_Printable` is not satisfied
      --> /jet/build/impl_shape_matrix.rs:132570:296
       |
132570 | ...l_ushape_umatrix_djet_c_cDisplayDebugOwner>)> = None;
       |                                                    ^^^^ unsatisfied trait bound
       |
help: the trait `__jet_Printable` is not implemented for `__jet__shome_snate_sProjects_sGithub_sjet_sexamples_sfeatures_straits_c_cimpl_ushape_umatrix_djet_c_cDisplayDebugOwner`
      --> /jet/build/impl_shape_matrix.rs:127210:1
       |
127210 | struct __jet__shome_snate_sProjects_sGithub_sjet_sexamples_sfeatures_straits_c_cimpl_ushape_umatrix_djet_c_cDisplayDebugOwner {
       | ^^^^^^^^^^^^^^^^^^^^^^^^^^^^^^^^^^^^^^^^^^^^^^^^^^^^^^^^^^^^^^^^^^^^^^^^^^^^^^^^^^^^^^^^^^^^^^^^^^^^^^^^^^^^^^^^^^^^^^^^^^^^^
help: this trait has no implementations, consider adding one
      --> /jet/build/impl_shape_matrix.rs:127315:1
       |
127315 | pub trait __jet_Printable {
       | ^^^^^^^^^^^^^^^^^^^^^^^^^
note: required by a bound in `__jet__shome_snate_sProjects_sGithub_sjet_sexamples_sfeatures_straits_c_cimpl_ushape_umatrix_djet_c_cGenericOwner`
      --> /jet/build/impl_shape_matrix.rs:127223:131
       |
127223 | ...hape_umatrix_djet_c_cGenericOwner<__jet_T: __jet_Printable> {
       |                                               ^^^^^^^^^^^^^^^ required by this bound in `__jet__shome_snate_sProjects_sGithub_sjet_sexamples_sfeatures_straits_c_cimpl_ushape_umatrix_djet_c_cGenericOwner`

error[E0277]: the trait bound `__jet__shome_snate_sProjects_sGithub_sjet_sexamples_sfeatures_straits_c_cimpl_ushape_umatrix_djet_c_cDisplayDebugOwner: __jet_Printable` is not satisfied
      --> /jet/build/impl_shape_matrix.rs:132581:42
       |
132581 | ...0: Option<JetMap<String, __jet__shome_snate_sProjects_sGithub_sjet_sexamples_sfeatures_straits_c_cimpl_ushape_umatrix_djet_c_cGenericOwner<__jet__shome_snate_sProjects_sGithub_sjet_sexamples_sfeatures_straits_c_cimpl_ushape_umatrix_djet_c_cDisplayDebugOwner>>> = ...
       |       ^^^^^^^^^^^^^^^^^^^^^^^^^^^^^^^^^^^^^^^^^^^^^^^^^^^^^^^^^^^^^^^^^^^^^^^^^^^^^^^^^^^^^^^^^^^^^^^^^^^^^^^^^^^^^^^^^^^^^^^^^^^^^^^^^^^^^^^^^^^^^^^^^^^^^^^^^^^^^^^^^^^^^^^^^^^^^^^^^^^^^^^^^^^^^^^^^^^^^^^^^^^^^^^^^^^^^^^^^^^^^^^^^^^^^^^^^^^^^^^^^^^^^^^^^^^^^^^^^ unsatisfied trait bound
       |
help: the trait `__jet_Printable` is not implemented for `__jet__shome_snate_sProjects_sGithub_sjet_sexamples_sfeatures_straits_c_cimpl_ushape_umatrix_djet_c_cDisplayDebugOwner`
      --> /jet/build/impl_shape_matrix.rs:127210:1
       |
127210 | struct __jet__shome_snate_sProjects_sGithub_sjet_sexamples_sfeatures_straits_c_cimpl_ushape_umatrix_djet_c_cDisplayDebugOwner {
       | ^^^^^^^^^^^^^^^^^^^^^^^^^^^^^^^^^^^^^^^^^^^^^^^^^^^^^^^^^^^^^^^^^^^^^^^^^^^^^^^^^^^^^^^^^^^^^^^^^^^^^^^^^^^^^^^^^^^^^^^^^^^^^
help: this trait has no implementations, consider adding one
      --> /jet/build/impl_shape_matrix.rs:127315:1
       |
127315 | pub trait __jet_Printable {
       | ^^^^^^^^^^^^^^^^^^^^^^^^^
note: required by a bound in `__jet__shome_snate_sProjects_sGithub_sjet_sexamples_sfeatures_straits_c_cimpl_ushape_umatrix_djet_c_cGenericOwner`
      --> /jet/build/impl_shape_matrix.rs:127223:131
       |
127223 | ...hape_umatrix_djet_c_cGenericOwner<__jet_T: __jet_Printable> {
       |                                               ^^^^^^^^^^^^^^^ required by this bound in `__jet__shome_snate_sProjects_sGithub_sjet_sexamples_sfeatures_straits_c_cimpl_ushape_umatrix_djet_c_cGenericOwner`

error[E0277]: the trait bound `__jet__shome_snate_sProjects_sGithub_sjet_sexamples_sfeatures_straits_c_cimpl_ushape_umatrix_djet_c_cDisplayDebugOwner: __jet_Printable` is not satisfied
      --> /jet/build/impl_shape_matrix.rs:132581:302
       |
132581 | ...l_ushape_umatrix_djet_c_cDisplayDebugOwner>>> = None;
       |                                                    ^^^^ unsatisfied trait bound
       |
help: the trait `__jet_Printable` is not implemented for `__jet__shome_snate_sProjects_sGithub_sjet_sexamples_sfeatures_straits_c_cimpl_ushape_umatrix_djet_c_cDisplayDebugOwner`
      --> /jet/build/impl_shape_matrix.rs:127210:1
       |
127210 | struct __jet__shome_snate_sProjects_sGithub_sjet_sexamples_sfeatures_straits_c_cimpl_ushape_umatrix_djet_c_cDisplayDebugOwner {
       | ^^^^^^^^^^^^^^^^^^^^^^^^^^^^^^^^^^^^^^^^^^^^^^^^^^^^^^^^^^^^^^^^^^^^^^^^^^^^^^^^^^^^^^^^^^^^^^^^^^^^^^^^^^^^^^^^^^^^^^^^^^^^^
help: this trait has no implementations, consider adding one
      --> /jet/build/impl_shape_matrix.rs:127315:1
       |
127315 | pub trait __jet_Printable {
       | ^^^^^^^^^^^^^^^^^^^^^^^^^
note: required by a bound in `__jet__shome_snate_sProjects_sGithub_sjet_sexamples_sfeatures_straits_c_cimpl_ushape_umatrix_djet_c_cGenericOwner`
      --> /jet/build/impl_shape_matrix.rs:127223:131
       |
127223 | ...hape_umatrix_djet_c_cGenericOwner<__jet_T: __jet_Printable> {
       |                                               ^^^^^^^^^^^^^^^ required by this bound in `__jet__shome_snate_sProjects_sGithub_sjet_sexamples_sfeatures_straits_c_cimpl_ushape_umatrix_djet_c_cGenericOwner`

error[E0277]: the trait bound `__jet__shome_snate_sProjects_sGithub_sjet_sexamples_sfeatures_straits_c_cimpl_ushape_umatrix_djet_c_cDisplayDebugOwner: __jet_Printable` is not satisfied
      --> /jet/build/impl_shape_matrix.rs:132595:42
       |
132595 | ...8: Option<__jet__shome_snate_sProjects_sGithub_sjet_sexamples_sfeatures_straits_c_cimpl_ushape_umatrix_djet_c_cGenericOwner<__jet__shome_snate_sProjects_sGithub_sjet_sexamples_sfeatures_straits_c_cimpl_ushape_umatrix_djet_c_cDisplayDebugOwner>> = ...
       |       ^^^^^^^^^^^^^^^^^^^^^^^^^^^^^^^^^^^^^^^^^^^^^^^^^^^^^^^^^^^^^^^^^^^^^^^^^^^^^^^^^^^^^^^^^^^^^^^^^^^^^^^^^^^^^^^^^^^^^^^^^^^^^^^^^^^^^^^^^^^^^^^^^^^^^^^^^^^^^^^^^^^^^^^^^^^^^^^^^^^^^^^^^^^^^^^^^^^^^^^^^^^^^^^^^^^^^^^^^^^^^^^^^^^^^^^^^^^^^^^^^ unsatisfied trait bound
       |
help: the trait `__jet_Printable` is not implemented for `__jet__shome_snate_sProjects_sGithub_sjet_sexamples_sfeatures_straits_c_cimpl_ushape_umatrix_djet_c_cDisplayDebugOwner`
      --> /jet/build/impl_shape_matrix.rs:127210:1
       |
127210 | struct __jet__shome_snate_sProjects_sGithub_sjet_sexamples_sfeatures_straits_c_cimpl_ushape_umatrix_djet_c_cDisplayDebugOwner {
       | ^^^^^^^^^^^^^^^^^^^^^^^^^^^^^^^^^^^^^^^^^^^^^^^^^^^^^^^^^^^^^^^^^^^^^^^^^^^^^^^^^^^^^^^^^^^^^^^^^^^^^^^^^^^^^^^^^^^^^^^^^^^^^
help: this trait has no implementations, consider adding one
      --> /jet/build/impl_shape_matrix.rs:127315:1
       |
127315 | pub trait __jet_Printable {
       | ^^^^^^^^^^^^^^^^^^^^^^^^^
note: required by a bound in `__jet__shome_snate_sProjects_sGithub_sjet_sexamples_sfeatures_straits_c_cimpl_ushape_umatrix_djet_c_cGenericOwner`
      --> /jet/build/impl_shape_matrix.rs:127223:131
       |
127223 | ...hape_umatrix_djet_c_cGenericOwner<__jet_T: __jet_Printable> {
       |                                               ^^^^^^^^^^^^^^^ required by this bound in `__jet__shome_snate_sProjects_sGithub_sjet_sexamples_sfeatures_straits_c_cimpl_ushape_umatrix_djet_c_cGenericOwner`

error[E0277]: the trait bound `__jet__shome_snate_sProjects_sGithub_sjet_sexamples_sfeatures_straits_c_cimpl_ushape_umatrix_djet_c_cDisplayDebugOwner: __jet_Printable` is not satisfied
      --> /jet/build/impl_shape_matrix.rs:132595:286
       |
132595 | ...pl_ushape_umatrix_djet_c_cDisplayDebugOwner>> = None;
       |                                                    ^^^^ unsatisfied trait bound
       |
help: the trait `__jet_Printable` is not implemented for `__jet__shome_snate_sProjects_sGithub_sjet_sexamples_sfeatures_straits_c_cimpl_ushape_umatrix_djet_c_cDisplayDebugOwner`
      --> /jet/build/impl_shape_matrix.rs:127210:1
       |
127210 | struct __jet__shome_snate_sProjects_sGithub_sjet_sexamples_sfeatures_straits_c_cimpl_ushape_umatrix_djet_c_cDisplayDebugOwner {
       | ^^^^^^^^^^^^^^^^^^^^^^^^^^^^^^^^^^^^^^^^^^^^^^^^^^^^^^^^^^^^^^^^^^^^^^^^^^^^^^^^^^^^^^^^^^^^^^^^^^^^^^^^^^^^^^^^^^^^^^^^^^^^^
help: this trait has no implementations, consider adding one
      --> /jet/build/impl_shape_matrix.rs:127315:1
       |
127315 | pub trait __jet_Printable {
       | ^^^^^^^^^^^^^^^^^^^^^^^^^
note: required by a bound in `__jet__shome_snate_sProjects_sGithub_sjet_sexamples_sfeatures_straits_c_cimpl_ushape_umatrix_djet_c_cGenericOwner`
      --> /jet/build/impl_shape_matrix.rs:127223:131
       |
127223 | ...hape_umatrix_djet_c_cGenericOwner<__jet_T: __jet_Printable> {
       |                                               ^^^^^^^^^^^^^^^ required by this bound in `__jet__shome_snate_sProjects_sGithub_sjet_sexamples_sfeatures_straits_c_cimpl_ushape_umatrix_djet_c_cGenericOwner`

error[E0277]: the trait bound `__jet__shome_snate_sProjects_sGithub_sjet_sexamples_sfeatures_straits_c_cimpl_ushape_umatrix_djet_c_cDisplayDebugOwner: __jet_Printable` is not satisfied
      --> /jet/build/impl_shape_matrix.rs:132607:42
       |
132607 | ...2: Option<Vec<__jet__shome_snate_sProjects_sGithub_sjet_sexamples_sfeatures_straits_c_cimpl_ushape_umatrix_djet_c_cGenericOwner<__jet__shome_snate_sProjects_sGithub_sjet_sexamples_sfeatures_straits_c_cimpl_ushape_umatrix_djet_c_cDisplayDebugOwner>>> = ...
       |       ^^^^^^^^^^^^^^^^^^^^^^^^^^^^^^^^^^^^^^^^^^^^^^^^^^^^^^^^^^^^^^^^^^^^^^^^^^^^^^^^^^^^^^^^^^^^^^^^^^^^^^^^^^^^^^^^^^^^^^^^^^^^^^^^^^^^^^^^^^^^^^^^^^^^^^^^^^^^^^^^^^^^^^^^^^^^^^^^^^^^^^^^^^^^^^^^^^^^^^^^^^^^^^^^^^^^^^^^^^^^^^^^^^^^^^^^^^^^^^^^^^^^^^ unsatisfied trait bound
       |
help: the trait `__jet_Printable` is not implemented for `__jet__shome_snate_sProjects_sGithub_sjet_sexamples_sfeatures_straits_c_cimpl_ushape_umatrix_djet_c_cDisplayDebugOwner`
      --> /jet/build/impl_shape_matrix.rs:127210:1
       |
127210 | struct __jet__shome_snate_sProjects_sGithub_sjet_sexamples_sfeatures_straits_c_cimpl_ushape_umatrix_djet_c_cDisplayDebugOwner {
       | ^^^^^^^^^^^^^^^^^^^^^^^^^^^^^^^^^^^^^^^^^^^^^^^^^^^^^^^^^^^^^^^^^^^^^^^^^^^^^^^^^^^^^^^^^^^^^^^^^^^^^^^^^^^^^^^^^^^^^^^^^^^^^
help: this trait has no implementations, consider adding one
      --> /jet/build/impl_shape_matrix.rs:127315:1
       |
127315 | pub trait __jet_Printable {
       | ^^^^^^^^^^^^^^^^^^^^^^^^^
note: required by a bound in `__jet__shome_snate_sProjects_sGithub_sjet_sexamples_sfeatures_straits_c_cimpl_ushape_umatrix_djet_c_cGenericOwner`
      --> /jet/build/impl_shape_matrix.rs:127223:131
       |
127223 | ...hape_umatrix_djet_c_cGenericOwner<__jet_T: __jet_Printable> {
       |                                               ^^^^^^^^^^^^^^^ required by this bound in `__jet__shome_snate_sProjects_sGithub_sjet_sexamples_sfeatures_straits_c_cimpl_ushape_umatrix_djet_c_cGenericOwner`

error[E0277]: the trait bound `__jet__shome_snate_sProjects_sGithub_sjet_sexamples_sfeatures_straits_c_cimpl_ushape_umatrix_djet_c_cDisplayDebugOwner: __jet_Printable` is not satisfied
      --> /jet/build/impl_shape_matrix.rs:132607:291
       |
132607 | ...l_ushape_umatrix_djet_c_cDisplayDebugOwner>>> = None;
       |                                                    ^^^^ unsatisfied trait bound
       |
help: the trait `__jet_Printable` is not implemented for `__jet__shome_snate_sProjects_sGithub_sjet_sexamples_sfeatures_straits_c_cimpl_ushape_umatrix_djet_c_cDisplayDebugOwner`
      --> /jet/build/impl_shape_matrix.rs:127210:1
       |
127210 | struct __jet__shome_snate_sProjects_sGithub_sjet_sexamples_sfeatures_straits_c_cimpl_ushape_umatrix_djet_c_cDisplayDebugOwner {
       | ^^^^^^^^^^^^^^^^^^^^^^^^^^^^^^^^^^^^^^^^^^^^^^^^^^^^^^^^^^^^^^^^^^^^^^^^^^^^^^^^^^^^^^^^^^^^^^^^^^^^^^^^^^^^^^^^^^^^^^^^^^^^^
help: this trait has no implementations, consider adding one
      --> /jet/build/impl_shape_matrix.rs:127315:1
       |
127315 | pub trait __jet_Printable {
       | ^^^^^^^^^^^^^^^^^^^^^^^^^
note: required by a bound in `__jet__shome_snate_sProjects_sGithub_sjet_sexamples_sfeatures_straits_c_cimpl_ushape_umatrix_djet_c_cGenericOwner`
      --> /jet/build/impl_shape_matrix.rs:127223:131
       |
127223 | ...hape_umatrix_djet_c_cGenericOwner<__jet_T: __jet_Printable> {
       |                                               ^^^^^^^^^^^^^^^ required by this bound in `__jet__shome_snate_sProjects_sGithub_sjet_sexamples_sfeatures_straits_c_cimpl_ushape_umatrix_djet_c_cGenericOwner`

error[E0277]: the trait bound `__jet__shome_snate_sProjects_sGithub_sjet_sexamples_sfeatures_straits_c_cimpl_ushape_umatrix_djet_c_cDisplayDebugOwner: __jet_Printable` is not satisfied
      --> /jet/build/impl_shape_matrix.rs:132638:42
       |
132638 | ...7: Option<__jet__shome_snate_sProjects_sGithub_sjet_sexamples_sfeatures_straits_c_cimpl_ushape_umatrix_djet_c_cGenericOwner<__jet__shome_snate_sProjects_sGithub_sjet_sexamples_sfeatures_straits_c_cimpl_ushape_umatrix_djet_c_cDisplayDebugOwner>> = ...
       |       ^^^^^^^^^^^^^^^^^^^^^^^^^^^^^^^^^^^^^^^^^^^^^^^^^^^^^^^^^^^^^^^^^^^^^^^^^^^^^^^^^^^^^^^^^^^^^^^^^^^^^^^^^^^^^^^^^^^^^^^^^^^^^^^^^^^^^^^^^^^^^^^^^^^^^^^^^^^^^^^^^^^^^^^^^^^^^^^^^^^^^^^^^^^^^^^^^^^^^^^^^^^^^^^^^^^^^^^^^^^^^^^^^^^^^^^^^^^^^^^^^ unsatisfied trait bound
       |
help: the trait `__jet_Printable` is not implemented for `__jet__shome_snate_sProjects_sGithub_sjet_sexamples_sfeatures_straits_c_cimpl_ushape_umatrix_djet_c_cDisplayDebugOwner`
      --> /jet/build/impl_shape_matrix.rs:127210:1
       |
127210 | struct __jet__shome_snate_sProjects_sGithub_sjet_sexamples_sfeatures_straits_c_cimpl_ushape_umatrix_djet_c_cDisplayDebugOwner {
       | ^^^^^^^^^^^^^^^^^^^^^^^^^^^^^^^^^^^^^^^^^^^^^^^^^^^^^^^^^^^^^^^^^^^^^^^^^^^^^^^^^^^^^^^^^^^^^^^^^^^^^^^^^^^^^^^^^^^^^^^^^^^^^
help: this trait has no implementations, consider adding one
      --> /jet/build/impl_shape_matrix.rs:127315:1
       |
127315 | pub trait __jet_Printable {
       | ^^^^^^^^^^^^^^^^^^^^^^^^^
note: required by a bound in `__jet__shome_snate_sProjects_sGithub_sjet_sexamples_sfeatures_straits_c_cimpl_ushape_umatrix_djet_c_cGenericOwner`
      --> /jet/build/impl_shape_matrix.rs:127223:131
       |
127223 | ...hape_umatrix_djet_c_cGenericOwner<__jet_T: __jet_Printable> {
       |                                               ^^^^^^^^^^^^^^^ required by this bound in `__jet__shome_snate_sProjects_sGithub_sjet_sexamples_sfeatures_straits_c_cimpl_ushape_umatrix_djet_c_cGenericOwner`

error[E0277]: the trait bound `__jet__shome_snate_sProjects_sGithub_sjet_sexamples_sfeatures_straits_c_cimpl_ushape_umatrix_djet_c_cDisplayDebugOwner: __jet_Printable` is not satisfied
      --> /jet/build/impl_shape_matrix.rs:132638:286
       |
132638 | ...pl_ushape_umatrix_djet_c_cDisplayDebugOwner>> = None;
       |                                                    ^^^^ unsatisfied trait bound
       |
help: the trait `__jet_Printable` is not implemented for `__jet__shome_snate_sProjects_sGithub_sjet_sexamples_sfeatures_straits_c_cimpl_ushape_umatrix_djet_c_cDisplayDebugOwner`
      --> /jet/build/impl_shape_matrix.rs:127210:1
       |
127210 | struct __jet__shome_snate_sProjects_sGithub_sjet_sexamples_sfeatures_straits_c_cimpl_ushape_umatrix_djet_c_cDisplayDebugOwner {
       | ^^^^^^^^^^^^^^^^^^^^^^^^^^^^^^^^^^^^^^^^^^^^^^^^^^^^^^^^^^^^^^^^^^^^^^^^^^^^^^^^^^^^^^^^^^^^^^^^^^^^^^^^^^^^^^^^^^^^^^^^^^^^^
help: this trait has no implementations, consider adding one
      --> /jet/build/impl_shape_matrix.rs:127315:1
       |
127315 | pub trait __jet_Printable {
       | ^^^^^^^^^^^^^^^^^^^^^^^^^
note: required by a bound in `__jet__shome_snate_sProjects_sGithub_sjet_sexamples_sfeatures_straits_c_cimpl_ushape_umatrix_djet_c_cGenericOwner`
      --> /jet/build/impl_shape_matrix.rs:127223:131
       |
127223 | ...hape_umatrix_djet_c_cGenericOwner<__jet_T: __jet_Printable> {
       |                                               ^^^^^^^^^^^^^^^ required by this bound in `__jet__shome_snate_sProjects_sGithub_sjet_sexamples_sfeatures_straits_c_cimpl_ushape_umatrix_djet_c_cGenericOwner`

error[E0277]: the trait bound `__jet__shome_snate_sProjects_sGithub_sjet_sexamples_sfeatures_straits_c_cimpl_ushape_umatrix_djet_c_cDisplayDebugOwner: __jet_Printable` is not satisfied
      --> /jet/build/impl_shape_matrix.rs:132675:42
       |
132675 | ...5: Option<(String, __jet__shome_snate_sProjects_sGithub_sjet_sexamples_sfeatures_straits_c_cimpl_ushape_umatrix_djet_c_cGenericOwner<__jet__shome_snate_sProjects_sGithub_sjet_sexamples_sfeatures_straits_c_cimpl_ushape_umatrix_djet_c_cDisplayDebugOwner>)> = ...
       |       ^^^^^^^^^^^^^^^^^^^^^^^^^^^^^^^^^^^^^^^^^^^^^^^^^^^^^^^^^^^^^^^^^^^^^^^^^^^^^^^^^^^^^^^^^^^^^^^^^^^^^^^^^^^^^^^^^^^^^^^^^^^^^^^^^^^^^^^^^^^^^^^^^^^^^^^^^^^^^^^^^^^^^^^^^^^^^^^^^^^^^^^^^^^^^^^^^^^^^^^^^^^^^^^^^^^^^^^^^^^^^^^^^^^^^^^^^^^^^^^^^^^^^^^^^^^ unsatisfied trait bound
       |
help: the trait `__jet_Printable` is not implemented for `__jet__shome_snate_sProjects_sGithub_sjet_sexamples_sfeatures_straits_c_cimpl_ushape_umatrix_djet_c_cDisplayDebugOwner`
      --> /jet/build/impl_shape_matrix.rs:127210:1
       |
127210 | struct __jet__shome_snate_sProjects_sGithub_sjet_sexamples_sfeatures_straits_c_cimpl_ushape_umatrix_djet_c_cDisplayDebugOwner {
       | ^^^^^^^^^^^^^^^^^^^^^^^^^^^^^^^^^^^^^^^^^^^^^^^^^^^^^^^^^^^^^^^^^^^^^^^^^^^^^^^^^^^^^^^^^^^^^^^^^^^^^^^^^^^^^^^^^^^^^^^^^^^^^
help: this trait has no implementations, consider adding one
      --> /jet/build/impl_shape_matrix.rs:127315:1
       |
127315 | pub trait __jet_Printable {
       | ^^^^^^^^^^^^^^^^^^^^^^^^^
note: required by a bound in `__jet__shome_snate_sProjects_sGithub_sjet_sexamples_sfeatures_straits_c_cimpl_ushape_umatrix_djet_c_cGenericOwner`
      --> /jet/build/impl_shape_matrix.rs:127223:131
       |
127223 | ...hape_umatrix_djet_c_cGenericOwner<__jet_T: __jet_Printable> {
       |                                               ^^^^^^^^^^^^^^^ required by this bound in `__jet__shome_snate_sProjects_sGithub_sjet_sexamples_sfeatures_straits_c_cimpl_ushape_umatrix_djet_c_cGenericOwner`

error[E0277]: the trait bound `__jet__shome_snate_sProjects_sGithub_sjet_sexamples_sfeatures_straits_c_cimpl_ushape_umatrix_djet_c_cDisplayDebugOwner: __jet_Printable` is not satisfied
      --> /jet/build/impl_shape_matrix.rs:132675:296
       |
132675 | ...l_ushape_umatrix_djet_c_cDisplayDebugOwner>)> = None;
       |                                                    ^^^^ unsatisfied trait bound
       |
help: the trait `__jet_Printable` is not implemented for `__jet__shome_snate_sProjects_sGithub_sjet_sexamples_sfeatures_straits_c_cimpl_ushape_umatrix_djet_c_cDisplayDebugOwner`
      --> /jet/build/impl_shape_matrix.rs:127210:1
       |
127210 | struct __jet__shome_snate_sProjects_sGithub_sjet_sexamples_sfeatures_straits_c_cimpl_ushape_umatrix_djet_c_cDisplayDebugOwner {
       | ^^^^^^^^^^^^^^^^^^^^^^^^^^^^^^^^^^^^^^^^^^^^^^^^^^^^^^^^^^^^^^^^^^^^^^^^^^^^^^^^^^^^^^^^^^^^^^^^^^^^^^^^^^^^^^^^^^^^^^^^^^^^^
help: this trait has no implementations, consider adding one
      --> /jet/build/impl_shape_matrix.rs:127315:1
       |
127315 | pub trait __jet_Printable {
       | ^^^^^^^^^^^^^^^^^^^^^^^^^
note: required by a bound in `__jet__shome_snate_sProjects_sGithub_sjet_sexamples_sfeatures_straits_c_cimpl_ushape_umatrix_djet_c_cGenericOwner`
      --> /jet/build/impl_shape_matrix.rs:127223:131
       |
127223 | ...hape_umatrix_djet_c_cGenericOwner<__jet_T: __jet_Printable> {
       |                                               ^^^^^^^^^^^^^^^ required by this bound in `__jet__shome_snate_sProjects_sGithub_sjet_sexamples_sfeatures_straits_c_cimpl_ushape_umatrix_djet_c_cGenericOwner`

error[E0277]: the trait bound `__jet__shome_snate_sProjects_sGithub_sjet_sexamples_sfeatures_straits_c_cimpl_ushape_umatrix_djet_c_cDisplayDebugOwner: __jet_Printable` is not satisfied
      --> /jet/build/impl_shape_matrix.rs:132702:43
       |
132702 | ...0: Option<__jet__shome_snate_sProjects_sGithub_sjet_sexamples_sfeatures_straits_c_cimpl_ushape_umatrix_djet_c_cGenericOwner<__jet__shome_snate_sProjects_sGithub_sjet_sexamples_sfeatures_straits_c_cimpl_ushape_umatrix_djet_c_cDisplayDebugOwner>> = ...
       |       ^^^^^^^^^^^^^^^^^^^^^^^^^^^^^^^^^^^^^^^^^^^^^^^^^^^^^^^^^^^^^^^^^^^^^^^^^^^^^^^^^^^^^^^^^^^^^^^^^^^^^^^^^^^^^^^^^^^^^^^^^^^^^^^^^^^^^^^^^^^^^^^^^^^^^^^^^^^^^^^^^^^^^^^^^^^^^^^^^^^^^^^^^^^^^^^^^^^^^^^^^^^^^^^^^^^^^^^^^^^^^^^^^^^^^^^^^^^^^^^^^ unsatisfied trait bound
       |
help: the trait `__jet_Printable` is not implemented for `__jet__shome_snate_sProjects_sGithub_sjet_sexamples_sfeatures_straits_c_cimpl_ushape_umatrix_djet_c_cDisplayDebugOwner`
      --> /jet/build/impl_shape_matrix.rs:127210:1
       |
127210 | struct __jet__shome_snate_sProjects_sGithub_sjet_sexamples_sfeatures_straits_c_cimpl_ushape_umatrix_djet_c_cDisplayDebugOwner {
       | ^^^^^^^^^^^^^^^^^^^^^^^^^^^^^^^^^^^^^^^^^^^^^^^^^^^^^^^^^^^^^^^^^^^^^^^^^^^^^^^^^^^^^^^^^^^^^^^^^^^^^^^^^^^^^^^^^^^^^^^^^^^^^
help: this trait has no implementations, consider adding one
      --> /jet/build/impl_shape_matrix.rs:127315:1
       |
127315 | pub trait __jet_Printable {
       | ^^^^^^^^^^^^^^^^^^^^^^^^^
note: required by a bound in `__jet__shome_snate_sProjects_sGithub_sjet_sexamples_sfeatures_straits_c_cimpl_ushape_umatrix_djet_c_cGenericOwner`
      --> /jet/build/impl_shape_matrix.rs:127223:131
       |
127223 | ...hape_umatrix_djet_c_cGenericOwner<__jet_T: __jet_Printable> {
       |                                               ^^^^^^^^^^^^^^^ required by this bound in `__jet__shome_snate_sProjects_sGithub_sjet_sexamples_sfeatures_straits_c_cimpl_ushape_umatrix_djet_c_cGenericOwner`

error[E0277]: the trait bound `__jet__shome_snate_sProjects_sGithub_sjet_sexamples_sfeatures_straits_c_cimpl_ushape_umatrix_djet_c_cDisplayDebugOwner: __jet_Printable` is not satisfied
      --> /jet/build/impl_shape_matrix.rs:132702:287
       |
132702 | ...pl_ushape_umatrix_djet_c_cDisplayDebugOwner>> = None;
       |                                                    ^^^^ unsatisfied trait bound
       |
help: the trait `__jet_Printable` is not implemented for `__jet__shome_snate_sProjects_sGithub_sjet_sexamples_sfeatures_straits_c_cimpl_ushape_umatrix_djet_c_cDisplayDebugOwner`
      --> /jet/build/impl_shape_matrix.rs:127210:1
       |
127210 | struct __jet__shome_snate_sProjects_sGithub_sjet_sexamples_sfeatures_straits_c_cimpl_ushape_umatrix_djet_c_cDisplayDebugOwner {
       | ^^^^^^^^^^^^^^^^^^^^^^^^^^^^^^^^^^^^^^^^^^^^^^^^^^^^^^^^^^^^^^^^^^^^^^^^^^^^^^^^^^^^^^^^^^^^^^^^^^^^^^^^^^^^^^^^^^^^^^^^^^^^^
help: this trait has no implementations, consider adding one
      --> /jet/build/impl_shape_matrix.rs:127315:1
       |
127315 | pub trait __jet_Printable {
       | ^^^^^^^^^^^^^^^^^^^^^^^^^
note: required by a bound in `__jet__shome_snate_sProjects_sGithub_sjet_sexamples_sfeatures_straits_c_cimpl_ushape_umatrix_djet_c_cGenericOwner`
      --> /jet/build/impl_shape_matrix.rs:127223:131
       |
127223 | ...hape_umatrix_djet_c_cGenericOwner<__jet_T: __jet_Printable> {
       |                                               ^^^^^^^^^^^^^^^ required by this bound in `__jet__shome_snate_sProjects_sGithub_sjet_sexamples_sfeatures_straits_c_cimpl_ushape_umatrix_djet_c_cGenericOwner`

error[E0277]: the trait bound `__jet__shome_snate_sProjects_sGithub_sjet_sexamples_sfeatures_straits_c_cimpl_ushape_umatrix_djet_c_cDisplayDebugOwner: __jet_Printable` is not satisfied
      --> /jet/build/impl_shape_matrix.rs:132715:43
       |
132715 | ...6: Option<JetMap<String, __jet__shome_snate_sProjects_sGithub_sjet_sexamples_sfeatures_straits_c_cimpl_ushape_umatrix_djet_c_cGenericOwner<__jet__shome_snate_sProjects_sGithub_sjet_sexamples_sfeatures_straits_c_cimpl_ushape_umatrix_djet_c_cDisplayDebugOwner>>> = ...
       |       ^^^^^^^^^^^^^^^^^^^^^^^^^^^^^^^^^^^^^^^^^^^^^^^^^^^^^^^^^^^^^^^^^^^^^^^^^^^^^^^^^^^^^^^^^^^^^^^^^^^^^^^^^^^^^^^^^^^^^^^^^^^^^^^^^^^^^^^^^^^^^^^^^^^^^^^^^^^^^^^^^^^^^^^^^^^^^^^^^^^^^^^^^^^^^^^^^^^^^^^^^^^^^^^^^^^^^^^^^^^^^^^^^^^^^^^^^^^^^^^^^^^^^^^^^^^^^^^^^ unsatisfied trait bound
       |
help: the trait `__jet_Printable` is not implemented for `__jet__shome_snate_sProjects_sGithub_sjet_sexamples_sfeatures_straits_c_cimpl_ushape_umatrix_djet_c_cDisplayDebugOwner`
      --> /jet/build/impl_shape_matrix.rs:127210:1
       |
127210 | struct __jet__shome_snate_sProjects_sGithub_sjet_sexamples_sfeatures_straits_c_cimpl_ushape_umatrix_djet_c_cDisplayDebugOwner {
       | ^^^^^^^^^^^^^^^^^^^^^^^^^^^^^^^^^^^^^^^^^^^^^^^^^^^^^^^^^^^^^^^^^^^^^^^^^^^^^^^^^^^^^^^^^^^^^^^^^^^^^^^^^^^^^^^^^^^^^^^^^^^^^
help: this trait has no implementations, consider adding one
      --> /jet/build/impl_shape_matrix.rs:127315:1
       |
127315 | pub trait __jet_Printable {
       | ^^^^^^^^^^^^^^^^^^^^^^^^^
note: required by a bound in `__jet__shome_snate_sProjects_sGithub_sjet_sexamples_sfeatures_straits_c_cimpl_ushape_umatrix_djet_c_cGenericOwner`
      --> /jet/build/impl_shape_matrix.rs:127223:131
       |
127223 | ...hape_umatrix_djet_c_cGenericOwner<__jet_T: __jet_Printable> {
       |                                               ^^^^^^^^^^^^^^^ required by this bound in `__jet__shome_snate_sProjects_sGithub_sjet_sexamples_sfeatures_straits_c_cimpl_ushape_umatrix_djet_c_cGenericOwner`

error[E0277]: the trait bound `__jet__shome_snate_sProjects_sGithub_sjet_sexamples_sfeatures_straits_c_cimpl_ushape_umatrix_djet_c_cDisplayDebugOwner: __jet_Printable` is not satisfied
      --> /jet/build/impl_shape_matrix.rs:132715:303
       |
132715 | ...l_ushape_umatrix_djet_c_cDisplayDebugOwner>>> = None;
       |                                                    ^^^^ unsatisfied trait bound
       |
help: the trait `__jet_Printable` is not implemented for `__jet__shome_snate_sProjects_sGithub_sjet_sexamples_sfeatures_straits_c_cimpl_ushape_umatrix_djet_c_cDisplayDebugOwner`
      --> /jet/build/impl_shape_matrix.rs:127210:1
       |
127210 | struct __jet__shome_snate_sProjects_sGithub_sjet_sexamples_sfeatures_straits_c_cimpl_ushape_umatrix_djet_c_cDisplayDebugOwner {
       | ^^^^^^^^^^^^^^^^^^^^^^^^^^^^^^^^^^^^^^^^^^^^^^^^^^^^^^^^^^^^^^^^^^^^^^^^^^^^^^^^^^^^^^^^^^^^^^^^^^^^^^^^^^^^^^^^^^^^^^^^^^^^^
help: this trait has no implementations, consider adding one
      --> /jet/build/impl_shape_matrix.rs:127315:1
       |
127315 | pub trait __jet_Printable {
       | ^^^^^^^^^^^^^^^^^^^^^^^^^
note: required by a bound in `__jet__shome_snate_sProjects_sGithub_sjet_sexamples_sfeatures_straits_c_cimpl_ushape_umatrix_djet_c_cGenericOwner`
      --> /jet/build/impl_shape_matrix.rs:127223:131
       |
127223 | ...hape_umatrix_djet_c_cGenericOwner<__jet_T: __jet_Printable> {
       |                                               ^^^^^^^^^^^^^^^ required by this bound in `__jet__shome_snate_sProjects_sGithub_sjet_sexamples_sfeatures_straits_c_cimpl_ushape_umatrix_djet_c_cGenericOwner`

error[E0277]: the trait bound `__jet__shome_snate_sProjects_sGithub_sjet_sexamples_sfeatures_straits_c_cimpl_ushape_umatrix_djet_c_cDisplayDebugOwner: __jet_Printable` is not satisfied
      --> /jet/build/impl_shape_matrix.rs:132779:43
       |
132779 | ...1: Option<__jet__shome_snate_sProjects_sGithub_sjet_sexamples_sfeatures_straits_c_cimpl_ushape_umatrix_djet_c_cGenericOwner<__jet__shome_snate_sProjects_sGithub_sjet_sexamples_sfeatures_straits_c_cimpl_ushape_umatrix_djet_c_cDisplayDebugOwner>> = ...
       |       ^^^^^^^^^^^^^^^^^^^^^^^^^^^^^^^^^^^^^^^^^^^^^^^^^^^^^^^^^^^^^^^^^^^^^^^^^^^^^^^^^^^^^^^^^^^^^^^^^^^^^^^^^^^^^^^^^^^^^^^^^^^^^^^^^^^^^^^^^^^^^^^^^^^^^^^^^^^^^^^^^^^^^^^^^^^^^^^^^^^^^^^^^^^^^^^^^^^^^^^^^^^^^^^^^^^^^^^^^^^^^^^^^^^^^^^^^^^^^^^^^ unsatisfied trait bound
       |
help: the trait `__jet_Printable` is not implemented for `__jet__shome_snate_sProjects_sGithub_sjet_sexamples_sfeatures_straits_c_cimpl_ushape_umatrix_djet_c_cDisplayDebugOwner`
      --> /jet/build/impl_shape_matrix.rs:127210:1
       |
127210 | struct __jet__shome_snate_sProjects_sGithub_sjet_sexamples_sfeatures_straits_c_cimpl_ushape_umatrix_djet_c_cDisplayDebugOwner {
       | ^^^^^^^^^^^^^^^^^^^^^^^^^^^^^^^^^^^^^^^^^^^^^^^^^^^^^^^^^^^^^^^^^^^^^^^^^^^^^^^^^^^^^^^^^^^^^^^^^^^^^^^^^^^^^^^^^^^^^^^^^^^^^
help: this trait has no implementations, consider adding one
      --> /jet/build/impl_shape_matrix.rs:127315:1
       |
127315 | pub trait __jet_Printable {
       | ^^^^^^^^^^^^^^^^^^^^^^^^^
note: required by a bound in `__jet__shome_snate_sProjects_sGithub_sjet_sexamples_sfeatures_straits_c_cimpl_ushape_umatrix_djet_c_cGenericOwner`
      --> /jet/build/impl_shape_matrix.rs:127223:131
       |
127223 | ...hape_umatrix_djet_c_cGenericOwner<__jet_T: __jet_Printable> {
       |                                               ^^^^^^^^^^^^^^^ required by this bound in `__jet__shome_snate_sProjects_sGithub_sjet_sexamples_sfeatures_straits_c_cimpl_ushape_umatrix_djet_c_cGenericOwner`

error[E0277]: the trait bound `__jet__shome_snate_sProjects_sGithub_sjet_sexamples_sfeatures_straits_c_cimpl_ushape_umatrix_djet_c_cDisplayDebugOwner: __jet_Printable` is not satisfied
      --> /jet/build/impl_shape_matrix.rs:132779:287
       |
132779 | ...pl_ushape_umatrix_djet_c_cDisplayDebugOwner>> = None;
       |                                                    ^^^^ unsatisfied trait bound
       |
help: the trait `__jet_Printable` is not implemented for `__jet__shome_snate_sProjects_sGithub_sjet_sexamples_sfeatures_straits_c_cimpl_ushape_umatrix_djet_c_cDisplayDebugOwner`
      --> /jet/build/impl_shape_matrix.rs:127210:1
       |
127210 | struct __jet__shome_snate_sProjects_sGithub_sjet_sexamples_sfeatures_straits_c_cimpl_ushape_umatrix_djet_c_cDisplayDebugOwner {
       | ^^^^^^^^^^^^^^^^^^^^^^^^^^^^^^^^^^^^^^^^^^^^^^^^^^^^^^^^^^^^^^^^^^^^^^^^^^^^^^^^^^^^^^^^^^^^^^^^^^^^^^^^^^^^^^^^^^^^^^^^^^^^^
help: this trait has no implementations, consider adding one
      --> /jet/build/impl_shape_matrix.rs:127315:1
       |
127315 | pub trait __jet_Printable {
       | ^^^^^^^^^^^^^^^^^^^^^^^^^
note: required by a bound in `__jet__shome_snate_sProjects_sGithub_sjet_sexamples_sfeatures_straits_c_cimpl_ushape_umatrix_djet_c_cGenericOwner`
      --> /jet/build/impl_shape_matrix.rs:127223:131
       |
127223 | ...hape_umatrix_djet_c_cGenericOwner<__jet_T: __jet_Printable> {
       |                                               ^^^^^^^^^^^^^^^ required by this bound in `__jet__shome_snate_sProjects_sGithub_sjet_sexamples_sfeatures_straits_c_cimpl_ushape_umatrix_djet_c_cGenericOwner`

error[E0277]: the trait bound `__jet__shome_snate_sProjects_sGithub_sjet_sexamples_sfeatures_straits_c_cimpl_ushape_umatrix_djet_c_cDisplayDebugOwner: __jet_Printable` is not satisfied
      --> /jet/build/impl_shape_matrix.rs:132794:43
       |
132794 | ...0: Option<Vec<__jet__shome_snate_sProjects_sGithub_sjet_sexamples_sfeatures_straits_c_cimpl_ushape_umatrix_djet_c_cGenericOwner<__jet__shome_snate_sProjects_sGithub_sjet_sexamples_sfeatures_straits_c_cimpl_ushape_umatrix_djet_c_cDisplayDebugOwner>>> = ...
       |       ^^^^^^^^^^^^^^^^^^^^^^^^^^^^^^^^^^^^^^^^^^^^^^^^^^^^^^^^^^^^^^^^^^^^^^^^^^^^^^^^^^^^^^^^^^^^^^^^^^^^^^^^^^^^^^^^^^^^^^^^^^^^^^^^^^^^^^^^^^^^^^^^^^^^^^^^^^^^^^^^^^^^^^^^^^^^^^^^^^^^^^^^^^^^^^^^^^^^^^^^^^^^^^^^^^^^^^^^^^^^^^^^^^^^^^^^^^^^^^^^^^^^^^ unsatisfied trait bound
       |
help: the trait `__jet_Printable` is not implemented for `__jet__shome_snate_sProjects_sGithub_sjet_sexamples_sfeatures_straits_c_cimpl_ushape_umatrix_djet_c_cDisplayDebugOwner`
      --> /jet/build/impl_shape_matrix.rs:127210:1
       |
127210 | struct __jet__shome_snate_sProjects_sGithub_sjet_sexamples_sfeatures_straits_c_cimpl_ushape_umatrix_djet_c_cDisplayDebugOwner {
       | ^^^^^^^^^^^^^^^^^^^^^^^^^^^^^^^^^^^^^^^^^^^^^^^^^^^^^^^^^^^^^^^^^^^^^^^^^^^^^^^^^^^^^^^^^^^^^^^^^^^^^^^^^^^^^^^^^^^^^^^^^^^^^
help: this trait has no implementations, consider adding one
      --> /jet/build/impl_shape_matrix.rs:127315:1
       |
127315 | pub trait __jet_Printable {
       | ^^^^^^^^^^^^^^^^^^^^^^^^^
note: required by a bound in `__jet__shome_snate_sProjects_sGithub_sjet_sexamples_sfeatures_straits_c_cimpl_ushape_umatrix_djet_c_cGenericOwner`
      --> /jet/build/impl_shape_matrix.rs:127223:131
       |
127223 | ...hape_umatrix_djet_c_cGenericOwner<__jet_T: __jet_Printable> {
       |                                               ^^^^^^^^^^^^^^^ required by this bound in `__jet__shome_snate_sProjects_sGithub_sjet_sexamples_sfeatures_straits_c_cimpl_ushape_umatrix_djet_c_cGenericOwner`

error[E0277]: the trait bound `__jet__shome_snate_sProjects_sGithub_sjet_sexamples_sfeatures_straits_c_cimpl_ushape_umatrix_djet_c_cDisplayDebugOwner: __jet_Printable` is not satisfied
      --> /jet/build/impl_shape_matrix.rs:132794:292
       |
132794 | ...l_ushape_umatrix_djet_c_cDisplayDebugOwner>>> = None;
       |                                                    ^^^^ unsatisfied trait bound
       |
help: the trait `__jet_Printable` is not implemented for `__jet__shome_snate_sProjects_sGithub_sjet_sexamples_sfeatures_straits_c_cimpl_ushape_umatrix_djet_c_cDisplayDebugOwner`
      --> /jet/build/impl_shape_matrix.rs:127210:1
       |
127210 | struct __jet__shome_snate_sProjects_sGithub_sjet_sexamples_sfeatures_straits_c_cimpl_ushape_umatrix_djet_c_cDisplayDebugOwner {
       | ^^^^^^^^^^^^^^^^^^^^^^^^^^^^^^^^^^^^^^^^^^^^^^^^^^^^^^^^^^^^^^^^^^^^^^^^^^^^^^^^^^^^^^^^^^^^^^^^^^^^^^^^^^^^^^^^^^^^^^^^^^^^^
help: this trait has no implementations, consider adding one
      --> /jet/build/impl_shape_matrix.rs:127315:1
       |
127315 | pub trait __jet_Printable {
       | ^^^^^^^^^^^^^^^^^^^^^^^^^
note: required by a bound in `__jet__shome_snate_sProjects_sGithub_sjet_sexamples_sfeatures_straits_c_cimpl_ushape_umatrix_djet_c_cGenericOwner`
      --> /jet/build/impl_shape_matrix.rs:127223:131
       |
127223 | ...hape_umatrix_djet_c_cGenericOwner<__jet_T: __jet_Printable> {
       |                                               ^^^^^^^^^^^^^^^ required by this bound in `__jet__shome_snate_sProjects_sGithub_sjet_sexamples_sfeatures_straits_c_cimpl_ushape_umatrix_djet_c_cGenericOwner`

error[E0277]: the trait bound `__jet__shome_snate_sProjects_sGithub_sjet_sexamples_sfeatures_straits_c_cimpl_ushape_umatrix_djet_c_cDisplayDebugOwner: __jet_Printable` is not satisfied
      --> /jet/build/impl_shape_matrix.rs:132796:43
       |
132796 | ...2: Option<__jet__shome_snate_sProjects_sGithub_sjet_sexamples_sfeatures_straits_c_cimpl_ushape_umatrix_djet_c_cGenericOwner<__jet__shome_snate_sProjects_sGithub_sjet_sexamples_sfeatures_straits_c_cimpl_ushape_umatrix_djet_c_cDisplayDebugOwner>> = ...
       |       ^^^^^^^^^^^^^^^^^^^^^^^^^^^^^^^^^^^^^^^^^^^^^^^^^^^^^^^^^^^^^^^^^^^^^^^^^^^^^^^^^^^^^^^^^^^^^^^^^^^^^^^^^^^^^^^^^^^^^^^^^^^^^^^^^^^^^^^^^^^^^^^^^^^^^^^^^^^^^^^^^^^^^^^^^^^^^^^^^^^^^^^^^^^^^^^^^^^^^^^^^^^^^^^^^^^^^^^^^^^^^^^^^^^^^^^^^^^^^^^^^ unsatisfied trait bound
       |
help: the trait `__jet_Printable` is not implemented for `__jet__shome_snate_sProjects_sGithub_sjet_sexamples_sfeatures_straits_c_cimpl_ushape_umatrix_djet_c_cDisplayDebugOwner`
      --> /jet/build/impl_shape_matrix.rs:127210:1
       |
127210 | struct __jet__shome_snate_sProjects_sGithub_sjet_sexamples_sfeatures_straits_c_cimpl_ushape_umatrix_djet_c_cDisplayDebugOwner {
       | ^^^^^^^^^^^^^^^^^^^^^^^^^^^^^^^^^^^^^^^^^^^^^^^^^^^^^^^^^^^^^^^^^^^^^^^^^^^^^^^^^^^^^^^^^^^^^^^^^^^^^^^^^^^^^^^^^^^^^^^^^^^^^
help: this trait has no implementations, consider adding one
      --> /jet/build/impl_shape_matrix.rs:127315:1
       |
127315 | pub trait __jet_Printable {
       | ^^^^^^^^^^^^^^^^^^^^^^^^^
note: required by a bound in `__jet__shome_snate_sProjects_sGithub_sjet_sexamples_sfeatures_straits_c_cimpl_ushape_umatrix_djet_c_cGenericOwner`
      --> /jet/build/impl_shape_matrix.rs:127223:131
       |
127223 | ...hape_umatrix_djet_c_cGenericOwner<__jet_T: __jet_Printable> {
       |                                               ^^^^^^^^^^^^^^^ required by this bound in `__jet__shome_snate_sProjects_sGithub_sjet_sexamples_sfeatures_straits_c_cimpl_ushape_umatrix_djet_c_cGenericOwner`

error[E0277]: the trait bound `__jet__shome_snate_sProjects_sGithub_sjet_sexamples_sfeatures_straits_c_cimpl_ushape_umatrix_djet_c_cDisplayDebugOwner: __jet_Printable` is not satisfied
      --> /jet/build/impl_shape_matrix.rs:132796:287
       |
132796 | ...pl_ushape_umatrix_djet_c_cDisplayDebugOwner>> = None;
       |                                                    ^^^^ unsatisfied trait bound
       |
help: the trait `__jet_Printable` is not implemented for `__jet__shome_snate_sProjects_sGithub_sjet_sexamples_sfeatures_straits_c_cimpl_ushape_umatrix_djet_c_cDisplayDebugOwner`
      --> /jet/build/impl_shape_matrix.rs:127210:1
       |
127210 | struct __jet__shome_snate_sProjects_sGithub_sjet_sexamples_sfeatures_straits_c_cimpl_ushape_umatrix_djet_c_cDisplayDebugOwner {
       | ^^^^^^^^^^^^^^^^^^^^^^^^^^^^^^^^^^^^^^^^^^^^^^^^^^^^^^^^^^^^^^^^^^^^^^^^^^^^^^^^^^^^^^^^^^^^^^^^^^^^^^^^^^^^^^^^^^^^^^^^^^^^^
help: this trait has no implementations, consider adding one
      --> /jet/build/impl_shape_matrix.rs:127315:1
       |
127315 | pub trait __jet_Printable {
       | ^^^^^^^^^^^^^^^^^^^^^^^^^
note: required by a bound in `__jet__shome_snate_sProjects_sGithub_sjet_sexamples_sfeatures_straits_c_cimpl_ushape_umatrix_djet_c_cGenericOwner`
      --> /jet/build/impl_shape_matrix.rs:127223:131
       |
127223 | ...hape_umatrix_djet_c_cGenericOwner<__jet_T: __jet_Printable> {
       |                                               ^^^^^^^^^^^^^^^ required by this bound in `__jet__shome_snate_sProjects_sGithub_sjet_sexamples_sfeatures_straits_c_cimpl_ushape_umatrix_djet_c_cGenericOwner`

error[E0277]: the trait bound `__jet__shome_snate_sProjects_sGithub_sjet_sexamples_sfeatures_straits_c_cimpl_ushape_umatrix_djet_c_cDisplayDebugOwner: __jet_Printable` is not satisfied
      --> /jet/build/impl_shape_matrix.rs:132849:304
       |
132849 | ...e: __jet__shome_snate_sProjects_sGithub_sjet_sexamples_sfeatures_straits_c_cimpl_ushape_umatrix_djet_c_cDisplayDebugOwner { __jet_value: jet_foundation::Numeric::JetInt::from_i64(4) } });
       |       ^^^^^^^^^^^^^^^^^^^^^^^^^^^^^^^^^^^^^^^^^^^^^^^^^^^^^^^^^^^^^^^^^^^^^^^^^^^^^^^^^^^^^^^^^^^^^^^^^^^^^^^^^^^^^^^^^^^^^^^^^^^^^^^^^^^^^^^^^^^^^^^^^^^^^^^^^^^^^^^^^^^^^^^^^^^^^^^^^^^^ unsatisfied trait bound
       |
help: the trait `__jet_Printable` is not implemented for `__jet__shome_snate_sProjects_sGithub_sjet_sexamples_sfeatures_straits_c_cimpl_ushape_umatrix_djet_c_cDisplayDebugOwner`
      --> /jet/build/impl_shape_matrix.rs:127210:1
       |
127210 | struct __jet__shome_snate_sProjects_sGithub_sjet_sexamples_sfeatures_straits_c_cimpl_ushape_umatrix_djet_c_cDisplayDebugOwner {
       | ^^^^^^^^^^^^^^^^^^^^^^^^^^^^^^^^^^^^^^^^^^^^^^^^^^^^^^^^^^^^^^^^^^^^^^^^^^^^^^^^^^^^^^^^^^^^^^^^^^^^^^^^^^^^^^^^^^^^^^^^^^^^^
help: this trait has no implementations, consider adding one
      --> /jet/build/impl_shape_matrix.rs:127315:1
       |
127315 | pub trait __jet_Printable {
       | ^^^^^^^^^^^^^^^^^^^^^^^^^
note: required by a bound in `__jet__shome_snate_sProjects_sGithub_sjet_sexamples_sfeatures_straits_c_cimpl_ushape_umatrix_djet_c_cGenericOwner`
      --> /jet/build/impl_shape_matrix.rs:127223:131
       |
127223 | ...hape_umatrix_djet_c_cGenericOwner<__jet_T: __jet_Printable> {
       |                                               ^^^^^^^^^^^^^^^ required by this bound in `__jet__shome_snate_sProjects_sGithub_sjet_sexamples_sfeatures_straits_c_cimpl_ushape_umatrix_djet_c_cGenericOwner`

error[E0277]: the trait bound `__jet__shome_snate_sProjects_sGithub_sjet_sexamples_sfeatures_straits_c_cimpl_ushape_umatrix_djet_c_cDisplayDebugOwner: __jet_Printable` is not satisfied
      --> /jet/build/impl_shape_matrix.rs:132849:48
       |
132849 | ...   __jet_v_15923314736770482031 = Some(__jet__shome_snate_sProjects_sGithub_sjet_sexamples_sfeatures_straits_c_cimpl_ushape_u...
       |                                      ^^^^ unsatisfied trait bound
       |
help: the trait `__jet_Printable` is not implemented for `__jet__shome_snate_sProjects_sGithub_sjet_sexamples_sfeatures_straits_c_cimpl_ushape_umatrix_djet_c_cDisplayDebugOwner`
      --> /jet/build/impl_shape_matrix.rs:127210:1
       |
127210 | struct __jet__shome_snate_sProjects_sGithub_sjet_sexamples_sfeatures_straits_c_cimpl_ushape_umatrix_djet_c_cDisplayDebugOwner {
       | ^^^^^^^^^^^^^^^^^^^^^^^^^^^^^^^^^^^^^^^^^^^^^^^^^^^^^^^^^^^^^^^^^^^^^^^^^^^^^^^^^^^^^^^^^^^^^^^^^^^^^^^^^^^^^^^^^^^^^^^^^^^^^
help: this trait has no implementations, consider adding one
      --> /jet/build/impl_shape_matrix.rs:127315:1
       |
127315 | pub trait __jet_Printable {
       | ^^^^^^^^^^^^^^^^^^^^^^^^^
note: required by a bound in `__jet__shome_snate_sProjects_sGithub_sjet_sexamples_sfeatures_straits_c_cimpl_ushape_umatrix_djet_c_cGenericOwner`
      --> /jet/build/impl_shape_matrix.rs:127223:131
       |
127223 | ...hape_umatrix_djet_c_cGenericOwner<__jet_T: __jet_Printable> {
       |                                               ^^^^^^^^^^^^^^^ required by this bound in `__jet__shome_snate_sProjects_sGithub_sjet_sexamples_sfeatures_straits_c_cimpl_ushape_umatrix_djet_c_cGenericOwner`

error[E0277]: the trait bound `__jet__shome_snate_sProjects_sGithub_sjet_sexamples_sfeatures_straits_c_cimpl_ushape_umatrix_djet_c_cDisplayDebugOwner: __jet_Printable` is not satisfied
      --> /jet/build/impl_shape_matrix.rs:132849:48
       |
132849 | ... = Some(__jet__shome_snate_sProjects_sGithub_s...undation::Numeric::JetInt::from_i64(4) } });
       |       ^^^^^^^^^^^^^^^^^^^^^^^^^^^^^^^^^^^^^^^^^^^...^^^^^^^^^^^^^^^^^^^^^^^^^^^^^^^^^^^^^^^^^^^ unsatisfied trait bound
       |
help: the trait `__jet_Printable` is not implemented for `__jet__shome_snate_sProjects_sGithub_sjet_sexamples_sfeatures_straits_c_cimpl_ushape_umatrix_djet_c_cDisplayDebugOwner`
      --> /jet/build/impl_shape_matrix.rs:127210:1
       |
127210 | struct __jet__shome_snate_sProjects_sGithub_sjet_sexamples_sfeatures_straits_c_cimpl_ushape_umatrix_djet_c_cDisplayDebugOwner {
       | ^^^^^^^^^^^^^^^^^^^^^^^^^^^^^^^^^^^^^^^^^^^^^^^^^^^^^^^^^^^^^^^^^^^^^^^^^^^^^^^^^^^^^^^^^^^^^^^^^^^^^^^^^^^^^^^^^^^^^^^^^^^^^
help: this trait has no implementations, consider adding one
      --> /jet/build/impl_shape_matrix.rs:127315:1
       |
127315 | pub trait __jet_Printable {
       | ^^^^^^^^^^^^^^^^^^^^^^^^^
note: required by a bound in `__jet__shome_snate_sProjects_sGithub_sjet_sexamples_sfeatures_straits_c_cimpl_ushape_umatrix_djet_c_cGenericOwner`
      --> /jet/build/impl_shape_matrix.rs:127223:131
       |
127223 | ...hape_umatrix_djet_c_cGenericOwner<__jet_T: __jet_Printable> {
       |                                               ^^^^^^^^^^^^^^^ required by this bound in `__jet__shome_snate_sProjects_sGithub_sjet_sexamples_sfeatures_straits_c_cimpl_ushape_umatrix_djet_c_cGenericOwner`

error[E0277]: the trait bound `__jet__shome_snate_sProjects_sGithub_sjet_sexamples_sfeatures_straits_c_cimpl_ushape_umatrix_djet_c_cDisplayDebugOwner: __jet_Printable` is not satisfied
      --> /jet/build/impl_shape_matrix.rs:132850:52
       |
132850 |                 __jet_l_6031654406421717035 = Some(__jet_v_15923314736770482031.take().expect("MIR value"));
       |                                                    ^^^^^^^^^^^^^^^^^^^^^^^^^^^^^^^^^^^ unsatisfied trait bound
       |
help: the trait `__jet_Printable` is not implemented for `__jet__shome_snate_sProjects_sGithub_sjet_sexamples_sfeatures_straits_c_cimpl_ushape_umatrix_djet_c_cDisplayDebugOwner`
      --> /jet/build/impl_shape_matrix.rs:127210:1
       |
127210 | struct __jet__shome_snate_sProjects_sGithub_sjet_sexamples_sfeatures_straits_c_cimpl_ushape_umatrix_djet_c_cDisplayDebugOwner {
       | ^^^^^^^^^^^^^^^^^^^^^^^^^^^^^^^^^^^^^^^^^^^^^^^^^^^^^^^^^^^^^^^^^^^^^^^^^^^^^^^^^^^^^^^^^^^^^^^^^^^^^^^^^^^^^^^^^^^^^^^^^^^^^
help: this trait has no implementations, consider adding one
      --> /jet/build/impl_shape_matrix.rs:127315:1
       |
127315 | pub trait __jet_Printable {
       | ^^^^^^^^^^^^^^^^^^^^^^^^^
note: required by a bound in `__jet__shome_snate_sProjects_sGithub_sjet_sexamples_sfeatures_straits_c_cimpl_ushape_umatrix_djet_c_cGenericOwner`
      --> /jet/build/impl_shape_matrix.rs:127223:131
       |
127223 | ...hape_umatrix_djet_c_cGenericOwner<__jet_T: __jet_Printable> {
       |                                               ^^^^^^^^^^^^^^^ required by this bound in `__jet__shome_snate_sProjects_sGithub_sjet_sexamples_sfeatures_straits_c_cimpl_ushape_umatrix_djet_c_cGenericOwner`

error[E0277]: the trait bound `__jet__shome_snate_sProjects_sGithub_sjet_sexamples_sfeatures_straits_c_cimpl_ushape_umatrix_djet_c_cDisplayDebugOwner: __jet_Printable` is not satisfied
      --> /jet/build/impl_shape_matrix.rs:132850:52
       |
132850 |                 __jet_l_6031654406421717035 = Some(__jet_v_15923314736770482031.take().expect("MIR value"));
       |                                                    ^^^^^^^^^^^^^^^^^^^^^^^^^^^^^^^^^^^^^^^^^^^^^^^^^^^^^^^ unsatisfied trait bound
       |
help: the trait `__jet_Printable` is not implemented for `__jet__shome_snate_sProjects_sGithub_sjet_sexamples_sfeatures_straits_c_cimpl_ushape_umatrix_djet_c_cDisplayDebugOwner`
      --> /jet/build/impl_shape_matrix.rs:127210:1
       |
127210 | struct __jet__shome_snate_sProjects_sGithub_sjet_sexamples_sfeatures_straits_c_cimpl_ushape_umatrix_djet_c_cDisplayDebugOwner {
       | ^^^^^^^^^^^^^^^^^^^^^^^^^^^^^^^^^^^^^^^^^^^^^^^^^^^^^^^^^^^^^^^^^^^^^^^^^^^^^^^^^^^^^^^^^^^^^^^^^^^^^^^^^^^^^^^^^^^^^^^^^^^^^
help: this trait has no implementations, consider adding one
      --> /jet/build/impl_shape_matrix.rs:127315:1
       |
127315 | pub trait __jet_Printable {
       | ^^^^^^^^^^^^^^^^^^^^^^^^^
note: required by a bound in `__jet__shome_snate_sProjects_sGithub_sjet_sexamples_sfeatures_straits_c_cimpl_ushape_umatrix_djet_c_cGenericOwner`
      --> /jet/build/impl_shape_matrix.rs:127223:131
       |
127223 | ...hape_umatrix_djet_c_cGenericOwner<__jet_T: __jet_Printable> {
       |                                               ^^^^^^^^^^^^^^^ required by this bound in `__jet__shome_snate_sProjects_sGithub_sjet_sexamples_sfeatures_straits_c_cimpl_ushape_umatrix_djet_c_cGenericOwner`

error[E0277]: the trait bound `__jet__shome_snate_sProjects_sGithub_sjet_sexamples_sfeatures_straits_c_cimpl_ushape_umatrix_djet_c_cDisplayDebugOwner: __jet_Printable` is not satisfied
      --> /jet/build/impl_shape_matrix.rs:132850:47
       |
132850 |                 __jet_l_6031654406421717035 = Some(__jet_v_15923314736770482031.take().expect("MIR value"));
       |                                               ^^^^ unsatisfied trait bound
       |
help: the trait `__jet_Printable` is not implemented for `__jet__shome_snate_sProjects_sGithub_sjet_sexamples_sfeatures_straits_c_cimpl_ushape_umatrix_djet_c_cDisplayDebugOwner`
      --> /jet/build/impl_shape_matrix.rs:127210:1
       |
127210 | struct __jet__shome_snate_sProjects_sGithub_sjet_sexamples_sfeatures_straits_c_cimpl_ushape_umatrix_djet_c_cDisplayDebugOwner {
       | ^^^^^^^^^^^^^^^^^^^^^^^^^^^^^^^^^^^^^^^^^^^^^^^^^^^^^^^^^^^^^^^^^^^^^^^^^^^^^^^^^^^^^^^^^^^^^^^^^^^^^^^^^^^^^^^^^^^^^^^^^^^^^
help: this trait has no implementations, consider adding one
      --> /jet/build/impl_shape_matrix.rs:127315:1
       |
127315 | pub trait __jet_Printable {
       | ^^^^^^^^^^^^^^^^^^^^^^^^^
note: required by a bound in `__jet__shome_snate_sProjects_sGithub_sjet_sexamples_sfeatures_straits_c_cimpl_ushape_umatrix_djet_c_cGenericOwner`
      --> /jet/build/impl_shape_matrix.rs:127223:131
       |
127223 | ...hape_umatrix_djet_c_cGenericOwner<__jet_T: __jet_Printable> {
       |                                               ^^^^^^^^^^^^^^^ required by this bound in `__jet__shome_snate_sProjects_sGithub_sjet_sexamples_sfeatures_straits_c_cimpl_ushape_umatrix_djet_c_cGenericOwner`

error[E0277]: the trait bound `__jet__shome_snate_sProjects_sGithub_sjet_sexamples_sfeatures_straits_c_cimpl_ushape_umatrix_djet_c_cDisplayDebugOwner: __jet_Printable` is not satisfied
      --> /jet/build/impl_shape_matrix.rs:132850:47
       |
132850 |                 __jet_l_6031654406421717035 = Some(__jet_v_15923314736770482031.take().expect("MIR value"));
       |                                               ^^^^^^^^^^^^^^^^^^^^^^^^^^^^^^^^^^^^^^^^^^^^^^^^^^^^^^^^^^^^^ unsatisfied trait bound
       |
help: the trait `__jet_Printable` is not implemented for `__jet__shome_snate_sProjects_sGithub_sjet_sexamples_sfeatures_straits_c_cimpl_ushape_umatrix_djet_c_cDisplayDebugOwner`
      --> /jet/build/impl_shape_matrix.rs:127210:1
       |
127210 | struct __jet__shome_snate_sProjects_sGithub_sjet_sexamples_sfeatures_straits_c_cimpl_ushape_umatrix_djet_c_cDisplayDebugOwner {
       | ^^^^^^^^^^^^^^^^^^^^^^^^^^^^^^^^^^^^^^^^^^^^^^^^^^^^^^^^^^^^^^^^^^^^^^^^^^^^^^^^^^^^^^^^^^^^^^^^^^^^^^^^^^^^^^^^^^^^^^^^^^^^^
help: this trait has no implementations, consider adding one
      --> /jet/build/impl_shape_matrix.rs:127315:1
       |
127315 | pub trait __jet_Printable {
       | ^^^^^^^^^^^^^^^^^^^^^^^^^
note: required by a bound in `__jet__shome_snate_sProjects_sGithub_sjet_sexamples_sfeatures_straits_c_cimpl_ushape_umatrix_djet_c_cGenericOwner`
      --> /jet/build/impl_shape_matrix.rs:127223:131
       |
127223 | ...hape_umatrix_djet_c_cGenericOwner<__jet_T: __jet_Printable> {
       |                                               ^^^^^^^^^^^^^^^ required by this bound in `__jet__shome_snate_sProjects_sGithub_sjet_sexamples_sfeatures_straits_c_cimpl_ushape_umatrix_djet_c_cGenericOwner`

error[E0277]: the trait bound `__jet__shome_snate_sProjects_sGithub_sjet_sexamples_sfeatures_straits_c_cimpl_ushape_umatrix_djet_c_cAutoOwner: JetDisplay` is not satisfied
      --> /jet/build/impl_shape_matrix.rs:132858:68
       |
132858 |                 __jet_v_9760968267446238326 = Some(jet_fmt_display(__jet_l_2782954114732156825.as_ref().expect("MIR local")));
       |                                                    --------------- ^^^^^^^^^^^^^^^^^^^^^^^^^^^^^^^^^^^^^^^^^^^^^^^^^^^^^^^^ unsatisfied trait bound
       |                                                    |
       |                                                    required by a bound introduced by this call
       |
help: the trait `JetDisplay` is not implemented for `__jet__shome_snate_sProjects_sGithub_sjet_sexamples_sfeatures_straits_c_cimpl_ushape_umatrix_djet_c_cAutoOwner`
      --> /jet/build/impl_shape_matrix.rs:127295:1
       |
127295 | struct __jet__shome_snate_sProjects_sGithub_sjet_sexamples_sfeatures_straits_c_cimpl_ushape_umatrix_djet_c_cAutoOwner {
       | ^^^^^^^^^^^^^^^^^^^^^^^^^^^^^^^^^^^^^^^^^^^^^^^^^^^^^^^^^^^^^^^^^^^^^^^^^^^^^^^^^^^^^^^^^^^^^^^^^^^^^^^^^^^^^^^^^^^^^
       = help: the following other types implement trait `JetDisplay`:
                 &T
                 AllocError
                 BTreeMap<K, V>
                 BTreeSet<T>
                 BinaryHeap<T>
                 DBError
                 DBValue
                 DataError
               and 94 others
note: required by a bound in `jet_fmt_display`
      --> /jet/build/impl_shape_matrix.rs:18736:23
       |
 18736 | fn jet_fmt_display<T: JetDisplay + ?Sized>(value: &T) -> String {
       |                       ^^^^^^^^^^ required by this bound in `jet_fmt_display`

error[E0277]: the trait bound `(String, ...): JetDebug` is not satisfied
      --> /jet/build/impl_shape_matrix.rs:132884:65
       |
132884 |                 __jet_v_179462859511862022 = Some(jet_fmt_debug(__jet_l_5143020030130024338.as_ref().expect("MIR local")));
       |                                                   ------------- ^^^^^^^^^^^^^^^^^^^^^^^^^^^^^^^^^^^^^^^^^^^^^^^^^^^^^^^^ the trait `JetDebug` is not implemented for `(String, ...)`
       |                                                   |
       |                                                   required by a bound introduced by this call
       |
       = help: the following other types implement trait `JetDebug`:
                 &T
                 AllocError
                 BTreeMap<K, V>
                 BTreeSet<T>
                 BinaryHeap<T>
                 Clock
                 DBError
                 DataError
               and 104 others
note: required by a bound in `jet_fmt_debug`
      --> /jet/build/impl_shape_matrix.rs:18744:21
       |
 18744 | fn jet_fmt_debug<T: JetDebug + ?Sized>(value: &T) -> String {
       |                     ^^^^^^^^ required by this bound in `jet_fmt_debug`
       = note: the full name for the type has been written to 'build/.work.impl_shape_matrix.2237217/impl_shape_matrix.long-type-4278568430375517615.txt'
       = note: consider using `--verbose` to print the full type name to the console

error[E0277]: the trait bound `__jet__shome_snate_sProjects_sGithub_sjet_sexamples_sfeatures_straits_c_cimpl_ushape_umatrix_djet_c_cDisplayOnlyOwner: JetDisplay` is not satisfied
      --> /jet/build/impl_shape_matrix.rs:132913:69
       |
132913 |                 __jet_v_12617292990159828788 = Some(jet_fmt_display(__jet_l_3470257691645219622.as_ref().expect("MIR local")));
       |                                                     --------------- ^^^^^^^^^^^^^^^^^^^^^^^^^^^^^^^^^^^^^^^^^^^^^^^^^^^^^^^^ unsatisfied trait bound
       |                                                     |
       |                                                     required by a bound introduced by this call
       |
help: the trait `JetDisplay` is not implemented for `__jet__shome_snate_sProjects_sGithub_sjet_sexamples_sfeatures_straits_c_cimpl_ushape_umatrix_djet_c_cDisplayOnlyOwner`
      --> /jet/build/impl_shape_matrix.rs:127263:1
       |
127263 | struct __jet__shome_snate_sProjects_sGithub_sjet_sexamples_sfeatures_straits_c_cimpl_ushape_umatrix_djet_c_cDisplayOnlyOwner {
       | ^^^^^^^^^^^^^^^^^^^^^^^^^^^^^^^^^^^^^^^^^^^^^^^^^^^^^^^^^^^^^^^^^^^^^^^^^^^^^^^^^^^^^^^^^^^^^^^^^^^^^^^^^^^^^^^^^^^^^^^^^^^^
       = help: the following other types implement trait `JetDisplay`:
                 &T
                 AllocError
                 BTreeMap<K, V>
                 BTreeSet<T>
                 BinaryHeap<T>
                 DBError
                 DBValue
                 DataError
               and 94 others
note: required for `Vec<...>` to implement `JetDisplay`
      --> /jet/build/impl_shape_matrix.rs:19346:21
       |
 19346 | impl<T: JetDisplay> JetDisplay for Vec<T> {
       |         ----------  ^^^^^^^^^^     ^^^^^^
       |         |
       |         unsatisfied trait bound introduced here
note: required by a bound in `jet_fmt_display`
      --> /jet/build/impl_shape_matrix.rs:18736:23
       |
 18736 | fn jet_fmt_display<T: JetDisplay + ?Sized>(value: &T) -> String {
       |                       ^^^^^^^^^^ required by this bound in `jet_fmt_display`
       = note: the full name for the type has been written to 'build/.work.impl_shape_matrix.2237217/impl_shape_matrix.long-type-10079136690590536632.txt'
       = note: consider using `--verbose` to print the full type name to the console

error[E0277]: the trait bound `__jet__shome_snate_sProjects_sGithub_sjet_sexamples_sfeatures_straits_c_cimpl_ushape_umatrix_djet_c_cDisplayOnlyOwner: JetDisplay` is not satisfied
      --> /jet/build/impl_shape_matrix.rs:132914:69
       |
132914 |                 __jet_v_17660350989883667608 = Some(jet_fmt_display(__jet_l_14116634047723600661.as_ref().expect("MIR local")));
       |                                                     --------------- ^^^^^^^^^^^^^^^^^^^^^^^^^^^^^^^^^^^^^^^^^^^^^^^^^^^^^^^^^ unsatisfied trait bound
       |                                                     |
       |                                                     required by a bound introduced by this call
       |
help: the trait `JetDisplay` is not implemented for `__jet__shome_snate_sProjects_sGithub_sjet_sexamples_sfeatures_straits_c_cimpl_ushape_umatrix_djet_c_cDisplayOnlyOwner`
      --> /jet/build/impl_shape_matrix.rs:127263:1
       |
127263 | struct __jet__shome_snate_sProjects_sGithub_sjet_sexamples_sfeatures_straits_c_cimpl_ushape_umatrix_djet_c_cDisplayOnlyOwner {
       | ^^^^^^^^^^^^^^^^^^^^^^^^^^^^^^^^^^^^^^^^^^^^^^^^^^^^^^^^^^^^^^^^^^^^^^^^^^^^^^^^^^^^^^^^^^^^^^^^^^^^^^^^^^^^^^^^^^^^^^^^^^^^
       = help: the following other types implement trait `JetDisplay`:
                 &T
                 AllocError
                 BTreeMap<K, V>
                 BTreeSet<T>
                 BinaryHeap<T>
                 DBError
                 DBValue
                 DataError
               and 94 others
note: required for `JetMap<String, ...>` to implement `JetDisplay`
      --> /jet/build/impl_shape_matrix.rs:19113:42
       |
 19113 | impl<K: Ord + JetDisplay, V: JetDisplay> JetDisplay for JetMap<K, V> {
       |                              ----------  ^^^^^^^^^^     ^^^^^^^^^^^^
       |                              |
       |                              unsatisfied trait bound introduced here
note: required by a bound in `jet_fmt_display`
      --> /jet/build/impl_shape_matrix.rs:18736:23
       |
 18736 | fn jet_fmt_display<T: JetDisplay + ?Sized>(value: &T) -> String {
       |                       ^^^^^^^^^^ required by this bound in `jet_fmt_display`
       = note: the full name for the type has been written to 'build/.work.impl_shape_matrix.2237217/impl_shape_matrix.long-type-17342694184363122726.txt'
       = note: consider using `--verbose` to print the full type name to the console

error[E0277]: the trait bound `(String, ...): JetDisplay` is not satisfied
      --> /jet/build/impl_shape_matrix.rs:132915:69
       |
132915 |                 __jet_v_14196716644844977761 = Some(jet_fmt_display(__jet_l_15819573577593030273.as_ref().expect("MIR local")));
       |                                                     --------------- ^^^^^^^^^^^^^^^^^^^^^^^^^^^^^^^^^^^^^^^^^^^^^^^^^^^^^^^^^ the trait `JetDisplay` is not implemented for `(String, ...)`
       |                                                     |
       |                                                     required by a bound introduced by this call
       |
       = help: the following other types implement trait `JetDisplay`:
                 &T
                 AllocError
                 BTreeMap<K, V>
                 BTreeSet<T>
                 BinaryHeap<T>
                 DBError
                 DBValue
                 DataError
               and 94 others
note: required by a bound in `jet_fmt_display`
      --> /jet/build/impl_shape_matrix.rs:18736:23
       |
 18736 | fn jet_fmt_display<T: JetDisplay + ?Sized>(value: &T) -> String {
       |                       ^^^^^^^^^^ required by this bound in `jet_fmt_display`
       = note: the full name for the type has been written to 'build/.work.impl_shape_matrix.2237217/impl_shape_matrix.long-type-5225649734149507785.txt'
       = note: consider using `--verbose` to print the full type name to the console

error[E0277]: the trait bound `__jet__shome_snate_sProjects_sGithub_sjet_sexamples_sfeatures_straits_c_cimpl_ushape_umatrix_djet_c_cDebugOnlyOwner: JetDisplay` is not satisfied
      --> /jet/build/impl_shape_matrix.rs:132918:68
       |
132918 |                 __jet_v_7906724731490877136 = Some(jet_fmt_display(__jet_l_9067318313060862508.as_ref().expect("MIR local")));
       |                                                    --------------- ^^^^^^^^^^^^^^^^^^^^^^^^^^^^^^^^^^^^^^^^^^^^^^^^^^^^^^^^ unsatisfied trait bound
       |                                                    |
       |                                                    required by a bound introduced by this call
       |
help: the trait `JetDisplay` is not implemented for `__jet__shome_snate_sProjects_sGithub_sjet_sexamples_sfeatures_straits_c_cimpl_ushape_umatrix_djet_c_cDebugOnlyOwner`
      --> /jet/build/impl_shape_matrix.rs:127244:1
       |
127244 | struct __jet__shome_snate_sProjects_sGithub_sjet_sexamples_sfeatures_straits_c_cimpl_ushape_umatrix_djet_c_cDebugOnlyOwner {
       | ^^^^^^^^^^^^^^^^^^^^^^^^^^^^^^^^^^^^^^^^^^^^^^^^^^^^^^^^^^^^^^^^^^^^^^^^^^^^^^^^^^^^^^^^^^^^^^^^^^^^^^^^^^^^^^^^^^^^^^^^^^
       = help: the following other types implement trait `JetDisplay`:
                 &T
                 AllocError
                 BTreeMap<K, V>
                 BTreeSet<T>
                 BinaryHeap<T>
                 DBError
                 DBValue
                 DataError
               and 94 others
note: required by a bound in `jet_fmt_display`
      --> /jet/build/impl_shape_matrix.rs:18736:23
       |
 18736 | fn jet_fmt_display<T: JetDisplay + ?Sized>(value: &T) -> String {
       |                       ^^^^^^^^^^ required by this bound in `jet_fmt_display`

error[E0425]: cannot find function `__jet__shome_snate_sProjects_sGithub_sjet_sexamples_sfeatures_straits_c_cimpl_ushape_umatrix_djet_c_cDebugOnlyOwner_c_cDebug_c_cdebug` in this scope
      --> /jet/build/impl_shape_matrix.rs:132921:53
       |
127258 | struct __jet__shome_snate_sProjects_sGithub_sjet_sexamples_sfeatures_straits_c_cimpl_ushape_umatrix_djet_c_cDistinctOwner(pub jet_foundation::Numeric::JetInt);
       | --------------------------------------------------------------------------------------------------------------------------------------------------------------- similarly named tuple struct `__jet__shome_snate_sProjects_sGithub_sjet_sexamples_sfeatures_straits_c_cimpl_ushape_umatrix_djet_c_cDistinctOwner` defined here
...
132921 |                 __jet_v_15911136407973468109 = Some(__jet__shome_snate_sProjects_sGithub_sjet_sexamples_sfeatures_straits_c_cimpl_ushape_umatrix_djet_c_cDebugOnlyOwner_c_cDebug_c_cdebug(__...
       |                                                     ^^^^^^^^^^^^^^^^^^^^^^^^^^^^^^^^^^^^^^^^^^^^^^^^^^^^^^^^^^^^^^^^^^^^^^^^^^^^^^^^^^^^^^^^^^^^^^^^^^^^^^^^^^^^^^^^^^^^^^^^^^^^^^^^^^^^^
       |
help: a tuple struct with a similar name exists
       |
132921 -                 __jet_v_15911136407973468109 = Some(__jet__shome_snate_sProjects_sGithub_sjet_sexamples_sfeatures_straits_c_cimpl_ushape_umatrix_djet_c_cDebugOnlyOwner_c_cDebug_c_cdebug(__jet_l_9067318313060862508.as_ref().expect("MIR local")));
132921 +                 __jet_v_15911136407973468109 = Some(__jet__shome_snate_sProjects_sGithub_sjet_sexamples_sfeatures_straits_c_cimpl_ushape_umatrix_djet_c_cDistinctOwner(__jet_l_9067318313060862508.as_ref().expect("MIR local")));
       |

error[E0425]: cannot find function `__jet__shome_snate_sProjects_sGithub_sjet_sexamples_sfeatures_straits_c_cimpl_ushape_umatrix_djet_c_cDebugOnlyOwner_c_cDebug_c_cdebug` in this scope
      --> /jet/build/impl_shape_matrix.rs:132924:52
       |
127258 | struct __jet__shome_snate_sProjects_sGithub_sjet_sexamples_sfeatures_straits_c_cimpl_ushape_umatrix_djet_c_cDistinctOwner(pub jet_foundation::Numeric::JetInt);
       | --------------------------------------------------------------------------------------------------------------------------------------------------------------- similarly named tuple struct `__jet__shome_snate_sProjects_sGithub_sjet_sexamples_sfeatures_straits_c_cimpl_ushape_umatrix_djet_c_cDistinctOwner` defined here
...
132924 |                 __jet_v_4865771950463718859 = Some(__jet__shome_snate_sProjects_sGithub_sjet_sexamples_sfeatures_straits_c_cimpl_ushape_umatrix_djet_c_cDebugOnlyOwner_c_cDebug_c_cdebug(__...
       |                                                    ^^^^^^^^^^^^^^^^^^^^^^^^^^^^^^^^^^^^^^^^^^^^^^^^^^^^^^^^^^^^^^^^^^^^^^^^^^^^^^^^^^^^^^^^^^^^^^^^^^^^^^^^^^^^^^^^^^^^^^^^^^^^^^^^^^^^^
       |
help: a tuple struct with a similar name exists
       |
132924 -                 __jet_v_4865771950463718859 = Some(__jet__shome_snate_sProjects_sGithub_sjet_sexamples_sfeatures_straits_c_cimpl_ushape_umatrix_djet_c_cDebugOnlyOwner_c_cDebug_c_cdebug(__jet_l_9067318313060862508.as_ref().expect("MIR local")));
132924 +                 __jet_v_4865771950463718859 = Some(__jet__shome_snate_sProjects_sGithub_sjet_sexamples_sfeatures_straits_c_cimpl_ushape_umatrix_djet_c_cDistinctOwner(__jet_l_9067318313060862508.as_ref().expect("MIR local")));
       |

error[E0277]: the trait bound `(String, ...): JetDebug` is not satisfied
      --> /jet/build/impl_shape_matrix.rs:132944:66
       |
132944 |                 __jet_v_4396775681425962717 = Some(jet_fmt_debug(__jet_l_9207953858898158883.as_ref().expect("MIR local")));
       |                                                    ------------- ^^^^^^^^^^^^^^^^^^^^^^^^^^^^^^^^^^^^^^^^^^^^^^^^^^^^^^^^ the trait `JetDebug` is not implemented for `(String, ...)`
       |                                                    |
       |                                                    required by a bound introduced by this call
       |
       = help: the following other types implement trait `JetDebug`:
                 &T
                 AllocError
                 BTreeMap<K, V>
                 BTreeSet<T>
                 BinaryHeap<T>
                 Clock
                 DBError
                 DataError
               and 104 others
note: required by a bound in `jet_fmt_debug`
      --> /jet/build/impl_shape_matrix.rs:18744:21
       |
 18744 | fn jet_fmt_debug<T: JetDebug + ?Sized>(value: &T) -> String {
       |                     ^^^^^^^^ required by this bound in `jet_fmt_debug`
       = note: the full name for the type has been written to 'build/.work.impl_shape_matrix.2237217/impl_shape_matrix.long-type-17194582230765826573.txt'
       = note: consider using `--verbose` to print the full type name to the console

error[E0425]: cannot find function `__jet__shome_snate_sProjects_sGithub_sjet_sexamples_sfeatures_straits_c_cimpl_ushape_umatrix_djet_c_cDisplayDebugOwner_c_cDebug_c_cdebug` in this scope
      --> /jet/build/impl_shape_matrix.rs:132951:53
       |
127258 | struct __jet__shome_snate_sProjects_sGithub_sjet_sexamples_sfeatures_straits_c_cimpl_ushape_umatrix_djet_c_cDistinctOwner(pub jet_foundation::Numeric::JetInt);
       | --------------------------------------------------------------------------------------------------------------------------------------------------------------- similarly named tuple struct `__jet__shome_snate_sProjects_sGithub_sjet_sexamples_sfeatures_straits_c_cimpl_ushape_umatrix_djet_c_cDistinctOwner` defined here
...
132951 |                 __jet_v_14537969958056567269 = Some(__jet__shome_snate_sProjects_sGithub_sjet_sexamples_sfeatures_straits_c_cimpl_ushape_umatrix_djet_c_cDisplayDebugOwner_c_cDebug_c_cdebug(__...
       |                                                     ^^^^^^^^^^^^^^^^^^^^^^^^^^^^^^^^^^^^^^^^^^^^^^^^^^^^^^^^^^^^^^^^^^^^^^^^^^^^^^^^^^^^^^^^^^^^^^^^^^^^^^^^^^^^^^^^^^^^^^^^^^^^^^^^^^^^^^^^
       |
help: a tuple struct with a similar name exists
       |
132951 -                 __jet_v_14537969958056567269 = Some(__jet__shome_snate_sProjects_sGithub_sjet_sexamples_sfeatures_straits_c_cimpl_ushape_umatrix_djet_c_cDisplayDebugOwner_c_cDebug_c_cdebug(__jet_l_12854390925044734587.as_ref().expect("MIR local")));
132951 +                 __jet_v_14537969958056567269 = Some(__jet__shome_snate_sProjects_sGithub_sjet_sexamples_sfeatures_straits_c_cimpl_ushape_umatrix_djet_c_cDistinctOwner(__jet_l_12854390925044734587.as_ref().expect("MIR local")));
       |

error[E0425]: cannot find function `__jet__shome_snate_sProjects_sGithub_sjet_sexamples_sfeatures_straits_c_cimpl_ushape_umatrix_djet_c_cDisplayDebugOwner_c_cDebug_c_cdebug` in this scope
      --> /jet/build/impl_shape_matrix.rs:132954:52
       |
127258 | struct __jet__shome_snate_sProjects_sGithub_sjet_sexamples_sfeatures_straits_c_cimpl_ushape_umatrix_djet_c_cDistinctOwner(pub jet_foundation::Numeric::JetInt);
       | --------------------------------------------------------------------------------------------------------------------------------------------------------------- similarly named tuple struct `__jet__shome_snate_sProjects_sGithub_sjet_sexamples_sfeatures_straits_c_cimpl_ushape_umatrix_djet_c_cDistinctOwner` defined here
...
132954 |                 __jet_v_8668219157551735821 = Some(__jet__shome_snate_sProjects_sGithub_sjet_sexamples_sfeatures_straits_c_cimpl_ushape_umatrix_djet_c_cDisplayDebugOwner_c_cDebug_c_cdebug(__...
       |                                                    ^^^^^^^^^^^^^^^^^^^^^^^^^^^^^^^^^^^^^^^^^^^^^^^^^^^^^^^^^^^^^^^^^^^^^^^^^^^^^^^^^^^^^^^^^^^^^^^^^^^^^^^^^^^^^^^^^^^^^^^^^^^^^^^^^^^^^^^^
       |
help: a tuple struct with a similar name exists
       |
132954 -                 __jet_v_8668219157551735821 = Some(__jet__shome_snate_sProjects_sGithub_sjet_sexamples_sfeatures_straits_c_cimpl_ushape_umatrix_djet_c_cDisplayDebugOwner_c_cDebug_c_cdebug(__jet_l_12854390925044734587.as_ref().expect("MIR local")));
132954 +                 __jet_v_8668219157551735821 = Some(__jet__shome_snate_sProjects_sGithub_sjet_sexamples_sfeatures_straits_c_cimpl_ushape_umatrix_djet_c_cDistinctOwner(__jet_l_12854390925044734587.as_ref().expect("MIR local")));
       |

error[E0277]: the trait bound `__jet__shome_snate_sProjects_sGithub_sjet_sexamples_sfeatures_straits_c_cimpl_ushape_umatrix_djet_c_cDisplayDebugOwner: JetDisplay` is not satisfied
      --> /jet/build/impl_shape_matrix.rs:132973:68
       |
132973 |                 __jet_v_7976089367523241617 = Some(jet_fmt_display(__jet_l_5045618615990780184.as_ref().expect("MIR local")));
       |                                                    --------------- ^^^^^^^^^^^^^^^^^^^^^^^^^^^^^^^^^^^^^^^^^^^^^^^^^^^^^^^^ unsatisfied trait bound
       |                                                    |
       |                                                    required by a bound introduced by this call
       |
help: the trait `JetDisplay` is not implemented for `__jet__shome_snate_sProjects_sGithub_sjet_sexamples_sfeatures_straits_c_cimpl_ushape_umatrix_djet_c_cDisplayDebugOwner`
      --> /jet/build/impl_shape_matrix.rs:127210:1
       |
127210 | struct __jet__shome_snate_sProjects_sGithub_sjet_sexamples_sfeatures_straits_c_cimpl_ushape_umatrix_djet_c_cDisplayDebugOwner {
       | ^^^^^^^^^^^^^^^^^^^^^^^^^^^^^^^^^^^^^^^^^^^^^^^^^^^^^^^^^^^^^^^^^^^^^^^^^^^^^^^^^^^^^^^^^^^^^^^^^^^^^^^^^^^^^^^^^^^^^^^^^^^^^
       = help: the following other types implement trait `JetDisplay`:
                 &T
                 AllocError
                 BTreeMap<K, V>
                 BTreeSet<T>
                 BinaryHeap<T>
                 DBError
                 DBValue
                 DataError
               and 94 others
note: required for `Vec<...>` to implement `JetDisplay`
      --> /jet/build/impl_shape_matrix.rs:19346:21
       |
 19346 | impl<T: JetDisplay> JetDisplay for Vec<T> {
       |         ----------  ^^^^^^^^^^     ^^^^^^
       |         |
       |         unsatisfied trait bound introduced here
note: required by a bound in `jet_fmt_display`
      --> /jet/build/impl_shape_matrix.rs:18736:23
       |
 18736 | fn jet_fmt_display<T: JetDisplay + ?Sized>(value: &T) -> String {
       |                       ^^^^^^^^^^ required by this bound in `jet_fmt_display`
       = note: the full name for the type has been written to 'build/.work.impl_shape_matrix.2237217/impl_shape_matrix.long-type-11454274777299580707.txt'
       = note: consider using `--verbose` to print the full type name to the console

error[E0277]: the trait bound `__jet__shome_snate_sProjects_sGithub_sjet_sexamples_sfeatures_straits_c_cimpl_ushape_umatrix_djet_c_cDisplayDebugOwner: JetDisplay` is not satisfied
      --> /jet/build/impl_shape_matrix.rs:132974:68
       |
132974 |                 __jet_v_6635643839323374116 = Some(jet_fmt_display(__jet_l_1389596957158272679.as_ref().expect("MIR local")));
       |                                                    --------------- ^^^^^^^^^^^^^^^^^^^^^^^^^^^^^^^^^^^^^^^^^^^^^^^^^^^^^^^^ unsatisfied trait bound
       |                                                    |
       |                                                    required by a bound introduced by this call
       |
help: the trait `JetDisplay` is not implemented for `__jet__shome_snate_sProjects_sGithub_sjet_sexamples_sfeatures_straits_c_cimpl_ushape_umatrix_djet_c_cDisplayDebugOwner`
      --> /jet/build/impl_shape_matrix.rs:127210:1
       |
127210 | struct __jet__shome_snate_sProjects_sGithub_sjet_sexamples_sfeatures_straits_c_cimpl_ushape_umatrix_djet_c_cDisplayDebugOwner {
       | ^^^^^^^^^^^^^^^^^^^^^^^^^^^^^^^^^^^^^^^^^^^^^^^^^^^^^^^^^^^^^^^^^^^^^^^^^^^^^^^^^^^^^^^^^^^^^^^^^^^^^^^^^^^^^^^^^^^^^^^^^^^^^
       = help: the following other types implement trait `JetDisplay`:
                 &T
                 AllocError
                 BTreeMap<K, V>
                 BTreeSet<T>
                 BinaryHeap<T>
                 DBError
                 DBValue
                 DataError
               and 94 others
note: required for `JetMap<String, ...>` to implement `JetDisplay`
      --> /jet/build/impl_shape_matrix.rs:19113:42
       |
 19113 | impl<K: Ord + JetDisplay, V: JetDisplay> JetDisplay for JetMap<K, V> {
       |                              ----------  ^^^^^^^^^^     ^^^^^^^^^^^^
       |                              |
       |                              unsatisfied trait bound introduced here
note: required by a bound in `jet_fmt_display`
      --> /jet/build/impl_shape_matrix.rs:18736:23
       |
 18736 | fn jet_fmt_display<T: JetDisplay + ?Sized>(value: &T) -> String {
       |                       ^^^^^^^^^^ required by this bound in `jet_fmt_display`
       = note: the full name for the type has been written to 'build/.work.impl_shape_matrix.2237217/impl_shape_matrix.long-type-3305874821356563606.txt'
       = note: consider using `--verbose` to print the full type name to the console

error[E0277]: the trait bound `(String, ...): JetDisplay` is not satisfied
      --> /jet/build/impl_shape_matrix.rs:132975:68
       |
132975 |                 __jet_v_3914084984499785069 = Some(jet_fmt_display(__jet_l_1467528932365882360.as_ref().expect("MIR local")));
       |                                                    --------------- ^^^^^^^^^^^^^^^^^^^^^^^^^^^^^^^^^^^^^^^^^^^^^^^^^^^^^^^^ the trait `JetDisplay` is not implemented for `(String, ...)`
       |                                                    |
       |                                                    required by a bound introduced by this call
       |
       = help: the following other types implement trait `JetDisplay`:
                 &T
                 AllocError
                 BTreeMap<K, V>
                 BTreeSet<T>
                 BinaryHeap<T>
                 DBError
                 DBValue
                 DataError
               and 94 others
note: required by a bound in `jet_fmt_display`
      --> /jet/build/impl_shape_matrix.rs:18736:23
       |
 18736 | fn jet_fmt_display<T: JetDisplay + ?Sized>(value: &T) -> String {
       |                       ^^^^^^^^^^ required by this bound in `jet_fmt_display`
       = note: the full name for the type has been written to 'build/.work.impl_shape_matrix.2237217/impl_shape_matrix.long-type-6423274435401593713.txt'
       = note: consider using `--verbose` to print the full type name to the console

error[E0277]: the trait bound `__jet__shome_snate_sProjects_sGithub_sjet_sexamples_sfeatures_straits_c_cimpl_ushape_umatrix_djet_c_cEquatableOwner: JetDisplay` is not satisfied
      --> /jet/build/impl_shape_matrix.rs:133004:69
       |
133004 |                 __jet_v_11845575950860344561 = Some(jet_fmt_display(__jet_l_13632918562089419722.as_ref().expect("MIR local")));
       |                                                     --------------- ^^^^^^^^^^^^^^^^^^^^^^^^^^^^^^^^^^^^^^^^^^^^^^^^^^^^^^^^^ unsatisfied trait bound
       |                                                     |
       |                                                     required by a bound introduced by this call
       |
help: the trait `JetDisplay` is not implemented for `__jet__shome_snate_sProjects_sGithub_sjet_sexamples_sfeatures_straits_c_cimpl_ushape_umatrix_djet_c_cEquatableOwner`
      --> /jet/build/impl_shape_matrix.rs:127189:1
       |
127189 | struct __jet__shome_snate_sProjects_sGithub_sjet_sexamples_sfeatures_straits_c_cimpl_ushape_umatrix_djet_c_cEquatableOwner {
       | ^^^^^^^^^^^^^^^^^^^^^^^^^^^^^^^^^^^^^^^^^^^^^^^^^^^^^^^^^^^^^^^^^^^^^^^^^^^^^^^^^^^^^^^^^^^^^^^^^^^^^^^^^^^^^^^^^^^^^^^^^^
       = help: the following other types implement trait `JetDisplay`:
                 &T
                 AllocError
                 BTreeMap<K, V>
                 BTreeSet<T>
                 BinaryHeap<T>
                 DBError
                 DBValue
                 DataError
               and 94 others
note: required for `Vec<...>` to implement `JetDisplay`
      --> /jet/build/impl_shape_matrix.rs:19346:21
       |
 19346 | impl<T: JetDisplay> JetDisplay for Vec<T> {
       |         ----------  ^^^^^^^^^^     ^^^^^^
       |         |
       |         unsatisfied trait bound introduced here
note: required by a bound in `jet_fmt_display`
      --> /jet/build/impl_shape_matrix.rs:18736:23
       |
 18736 | fn jet_fmt_display<T: JetDisplay + ?Sized>(value: &T) -> String {
       |                       ^^^^^^^^^^ required by this bound in `jet_fmt_display`
       = note: the full name for the type has been written to 'build/.work.impl_shape_matrix.2237217/impl_shape_matrix.long-type-16207738558387304173.txt'
       = note: consider using `--verbose` to print the full type name to the console

error[E0277]: the trait bound `__jet__shome_snate_sProjects_sGithub_sjet_sexamples_sfeatures_straits_c_cimpl_ushape_umatrix_djet_c_cEquatableOwner: JetDisplay` is not satisfied
      --> /jet/build/impl_shape_matrix.rs:133005:68
       |
133005 |                 __jet_v_4387111939841147317 = Some(jet_fmt_display(__jet_l_10749217506407674357.as_ref().expect("MIR local")));
       |                                                    --------------- ^^^^^^^^^^^^^^^^^^^^^^^^^^^^^^^^^^^^^^^^^^^^^^^^^^^^^^^^^ unsatisfied trait bound
       |                                                    |
       |                                                    required by a bound introduced by this call
       |
help: the trait `JetDisplay` is not implemented for `__jet__shome_snate_sProjects_sGithub_sjet_sexamples_sfeatures_straits_c_cimpl_ushape_umatrix_djet_c_cEquatableOwner`
      --> /jet/build/impl_shape_matrix.rs:127189:1
       |
127189 | struct __jet__shome_snate_sProjects_sGithub_sjet_sexamples_sfeatures_straits_c_cimpl_ushape_umatrix_djet_c_cEquatableOwner {
       | ^^^^^^^^^^^^^^^^^^^^^^^^^^^^^^^^^^^^^^^^^^^^^^^^^^^^^^^^^^^^^^^^^^^^^^^^^^^^^^^^^^^^^^^^^^^^^^^^^^^^^^^^^^^^^^^^^^^^^^^^^^
       = help: the following other types implement trait `JetDisplay`:
                 &T
                 AllocError
                 BTreeMap<K, V>
                 BTreeSet<T>
                 BinaryHeap<T>
                 DBError
                 DBValue
                 DataError
               and 94 others
note: required for `JetMap<String, ...>` to implement `JetDisplay`
      --> /jet/build/impl_shape_matrix.rs:19113:42
       |
 19113 | impl<K: Ord + JetDisplay, V: JetDisplay> JetDisplay for JetMap<K, V> {
       |                              ----------  ^^^^^^^^^^     ^^^^^^^^^^^^
       |                              |
       |                              unsatisfied trait bound introduced here
note: required by a bound in `jet_fmt_display`
      --> /jet/build/impl_shape_matrix.rs:18736:23
       |
 18736 | fn jet_fmt_display<T: JetDisplay + ?Sized>(value: &T) -> String {
       |                       ^^^^^^^^^^ required by this bound in `jet_fmt_display`
       = note: the full name for the type has been written to 'build/.work.impl_shape_matrix.2237217/impl_shape_matrix.long-type-11264909130454226124.txt'
       = note: consider using `--verbose` to print the full type name to the console

error[E0277]: the trait bound `(String, ...): JetDisplay` is not satisfied
      --> /jet/build/impl_shape_matrix.rs:133006:67
       |
133006 |                 __jet_v_720392001876632823 = Some(jet_fmt_display(__jet_l_3778605970984690358.as_ref().expect("MIR local")));
       |                                                   --------------- ^^^^^^^^^^^^^^^^^^^^^^^^^^^^^^^^^^^^^^^^^^^^^^^^^^^^^^^^ the trait `JetDisplay` is not implemented for `(String, ...)`
       |                                                   |
       |                                                   required by a bound introduced by this call
       |
       = help: the following other types implement trait `JetDisplay`:
                 &T
                 AllocError
                 BTreeMap<K, V>
                 BTreeSet<T>
                 BinaryHeap<T>
                 DBError
                 DBValue
                 DataError
               and 94 others
note: required by a bound in `jet_fmt_display`
      --> /jet/build/impl_shape_matrix.rs:18736:23
       |
 18736 | fn jet_fmt_display<T: JetDisplay + ?Sized>(value: &T) -> String {
       |                       ^^^^^^^^^^ required by this bound in `jet_fmt_display`
       = note: the full name for the type has been written to 'build/.work.impl_shape_matrix.2237217/impl_shape_matrix.long-type-12020394076259114568.txt'
       = note: consider using `--verbose` to print the full type name to the console

error[E0277]: the trait bound `__jet__shome_snate_sProjects_sGithub_sjet_sexamples_sfeatures_straits_c_cimpl_ushape_umatrix_djet_c_cDisplayDebugOwner: __jet_Printable` is not satisfied
      --> /jet/build/impl_shape_matrix.rs:133009:68
       |
133009 |                 __jet_v_7260074959827553609 = Some(jet_fmt_display(__jet_l_6031654406421717035.as_ref().expect("MIR local")));
       |                                                                    ^^^^^^^^^^^^^^^^^^^^^^^^^^^^^^^^^^^^ unsatisfied trait bound
       |
help: the trait `__jet_Printable` is not implemented for `__jet__shome_snate_sProjects_sGithub_sjet_sexamples_sfeatures_straits_c_cimpl_ushape_umatrix_djet_c_cDisplayDebugOwner`
      --> /jet/build/impl_shape_matrix.rs:127210:1
       |
127210 | struct __jet__shome_snate_sProjects_sGithub_sjet_sexamples_sfeatures_straits_c_cimpl_ushape_umatrix_djet_c_cDisplayDebugOwner {
       | ^^^^^^^^^^^^^^^^^^^^^^^^^^^^^^^^^^^^^^^^^^^^^^^^^^^^^^^^^^^^^^^^^^^^^^^^^^^^^^^^^^^^^^^^^^^^^^^^^^^^^^^^^^^^^^^^^^^^^^^^^^^^^
help: this trait has no implementations, consider adding one
      --> /jet/build/impl_shape_matrix.rs:127315:1
       |
127315 | pub trait __jet_Printable {
       | ^^^^^^^^^^^^^^^^^^^^^^^^^
note: required by a bound in `__jet__shome_snate_sProjects_sGithub_sjet_sexamples_sfeatures_straits_c_cimpl_ushape_umatrix_djet_c_cGenericOwner`
      --> /jet/build/impl_shape_matrix.rs:127223:131
       |
127223 | ...hape_umatrix_djet_c_cGenericOwner<__jet_T: __jet_Printable> {
       |                                               ^^^^^^^^^^^^^^^ required by this bound in `__jet__shome_snate_sProjects_sGithub_sjet_sexamples_sfeatures_straits_c_cimpl_ushape_umatrix_djet_c_cGenericOwner`

error[E0277]: the trait bound `__jet__shome_snate_sProjects_sGithub_sjet_sexamples_sfeatures_straits_c_cimpl_ushape_umatrix_djet_c_cDisplayDebugOwner: __jet_Printable` is not satisfied
      --> /jet/build/impl_shape_matrix.rs:133009:68
       |
133009 |                 __jet_v_7260074959827553609 = Some(jet_fmt_display(__jet_l_6031654406421717035.as_ref().expect("MIR local")));
       |                                                                    ^^^^^^^^^^^^^^^^^^^^^^^^^^^^^^^^^^^^^^^^^^^^^^^^^^^^^^^^ unsatisfied trait bound
       |
help: the trait `__jet_Printable` is not implemented for `__jet__shome_snate_sProjects_sGithub_sjet_sexamples_sfeatures_straits_c_cimpl_ushape_umatrix_djet_c_cDisplayDebugOwner`
      --> /jet/build/impl_shape_matrix.rs:127210:1
       |
127210 | struct __jet__shome_snate_sProjects_sGithub_sjet_sexamples_sfeatures_straits_c_cimpl_ushape_umatrix_djet_c_cDisplayDebugOwner {
       | ^^^^^^^^^^^^^^^^^^^^^^^^^^^^^^^^^^^^^^^^^^^^^^^^^^^^^^^^^^^^^^^^^^^^^^^^^^^^^^^^^^^^^^^^^^^^^^^^^^^^^^^^^^^^^^^^^^^^^^^^^^^^^
help: this trait has no implementations, consider adding one
      --> /jet/build/impl_shape_matrix.rs:127315:1
       |
127315 | pub trait __jet_Printable {
       | ^^^^^^^^^^^^^^^^^^^^^^^^^
note: required by a bound in `__jet__shome_snate_sProjects_sGithub_sjet_sexamples_sfeatures_straits_c_cimpl_ushape_umatrix_djet_c_cGenericOwner`
      --> /jet/build/impl_shape_matrix.rs:127223:131
       |
127223 | ...hape_umatrix_djet_c_cGenericOwner<__jet_T: __jet_Printable> {
       |                                               ^^^^^^^^^^^^^^^ required by this bound in `__jet__shome_snate_sProjects_sGithub_sjet_sexamples_sfeatures_straits_c_cimpl_ushape_umatrix_djet_c_cGenericOwner`

error[E0277]: the trait bound `__jet__shome_snate_sProjects_sGithub_sjet_sexamples_sfeatures_straits_c_cimpl_ushape_umatrix_djet_c_cGenericOwner<...>: JetDisplay` is not satisfied
      --> /jet/build/impl_shape_matrix.rs:133009:68
       |
133009 |                 __jet_v_7260074959827553609 = Some(jet_fmt_display(__jet_l_6031654406421717035.as_ref().expect("MIR local")));
       |                                                    --------------- ^^^^^^^^^^^^^^^^^^^^^^^^^^^^^^^^^^^^^^^^^^^^^^^^^^^^^^^^ unsatisfied trait bound
       |                                                    |
       |                                                    required by a bound introduced by this call
       |
help: the trait `JetDisplay` is not implemented for `__jet__shome_snate_sProjects_sGithub_sjet_sexamples_sfeatures_straits_c_cimpl_ushape_umatrix_djet_c_cGenericOwner<...>`
      --> /jet/build/impl_shape_matrix.rs:127223:1
       |
127223 | struct __jet__shome_snate_sProjects_sGithub_sjet_sexamples_sfeatures_straits_c_cimpl_ushape_umatrix_djet_c_cGenericOwner<__jet_T: __jet_Printable> {
       | ^^^^^^^^^^^^^^^^^^^^^^^^^^^^^^^^^^^^^^^^^^^^^^^^^^^^^^^^^^^^^^^^^^^^^^^^^^^^^^^^^^^^^^^^^^^^^^^^^^^^^^^^^^^^^^^^^^^^^^^^^^^^^^^^^^^^^^^^^^^^^^^^^^
       = help: the following other types implement trait `JetDisplay`:
                 &T
                 AllocError
                 BTreeMap<K, V>
                 BTreeSet<T>
                 BinaryHeap<T>
                 DBError
                 DBValue
                 DataError
               and 94 others
note: required by a bound in `jet_fmt_display`
      --> /jet/build/impl_shape_matrix.rs:18736:23
       |
 18736 | fn jet_fmt_display<T: JetDisplay + ?Sized>(value: &T) -> String {
       |                       ^^^^^^^^^^ required by this bound in `jet_fmt_display`
       = note: the full name for the type has been written to 'build/.work.impl_shape_matrix.2237217/impl_shape_matrix.long-type-9898009968451341708.txt'
       = note: consider using `--verbose` to print the full type name to the console

error[E0277]: the trait bound `__jet__shome_snate_sProjects_sGithub_sjet_sexamples_sfeatures_straits_c_cimpl_ushape_umatrix_djet_c_cDisplayDebugOwner: __jet_Printable` is not satisfied
      --> /jet/build/impl_shape_matrix.rs:133009:52
       |
133009 |                 __jet_v_7260074959827553609 = Some(jet_fmt_display(__jet_l_6031654406421717035.as_ref().expect("MIR local")));
       |                                                    ^^^^^^^^^^^^^^^ unsatisfied trait bound
       |
help: the trait `__jet_Printable` is not implemented for `__jet__shome_snate_sProjects_sGithub_sjet_sexamples_sfeatures_straits_c_cimpl_ushape_umatrix_djet_c_cDisplayDebugOwner`
      --> /jet/build/impl_shape_matrix.rs:127210:1
       |
127210 | struct __jet__shome_snate_sProjects_sGithub_sjet_sexamples_sfeatures_straits_c_cimpl_ushape_umatrix_djet_c_cDisplayDebugOwner {
       | ^^^^^^^^^^^^^^^^^^^^^^^^^^^^^^^^^^^^^^^^^^^^^^^^^^^^^^^^^^^^^^^^^^^^^^^^^^^^^^^^^^^^^^^^^^^^^^^^^^^^^^^^^^^^^^^^^^^^^^^^^^^^^
help: this trait has no implementations, consider adding one
      --> /jet/build/impl_shape_matrix.rs:127315:1
       |
127315 | pub trait __jet_Printable {
       | ^^^^^^^^^^^^^^^^^^^^^^^^^
note: required by a bound in `__jet__shome_snate_sProjects_sGithub_sjet_sexamples_sfeatures_straits_c_cimpl_ushape_umatrix_djet_c_cGenericOwner`
      --> /jet/build/impl_shape_matrix.rs:127223:131
       |
127223 | ...hape_umatrix_djet_c_cGenericOwner<__jet_T: __jet_Printable> {
       |                                               ^^^^^^^^^^^^^^^ required by this bound in `__jet__shome_snate_sProjects_sGithub_sjet_sexamples_sfeatures_straits_c_cimpl_ushape_umatrix_djet_c_cGenericOwner`

error[E0277]: the trait bound `__jet__shome_snate_sProjects_sGithub_sjet_sexamples_sfeatures_straits_c_cimpl_ushape_umatrix_djet_c_cDisplayDebugOwner: __jet_Printable` is not satisfied
      --> /jet/build/impl_shape_matrix.rs:133012:67
       |
133012 |                 __jet_v_15103183063388199255 = Some(jet_fmt_debug(__jet_l_6031654406421717035.as_ref().expect("MIR local")));
       |                                                                   ^^^^^^^^^^^^^^^^^^^^^^^^^^^^^^^^^^^^ unsatisfied trait bound
       |
help: the trait `__jet_Printable` is not implemented for `__jet__shome_snate_sProjects_sGithub_sjet_sexamples_sfeatures_straits_c_cimpl_ushape_umatrix_djet_c_cDisplayDebugOwner`
      --> /jet/build/impl_shape_matrix.rs:127210:1
       |
127210 | struct __jet__shome_snate_sProjects_sGithub_sjet_sexamples_sfeatures_straits_c_cimpl_ushape_umatrix_djet_c_cDisplayDebugOwner {
       | ^^^^^^^^^^^^^^^^^^^^^^^^^^^^^^^^^^^^^^^^^^^^^^^^^^^^^^^^^^^^^^^^^^^^^^^^^^^^^^^^^^^^^^^^^^^^^^^^^^^^^^^^^^^^^^^^^^^^^^^^^^^^^
help: this trait has no implementations, consider adding one
      --> /jet/build/impl_shape_matrix.rs:127315:1
       |
127315 | pub trait __jet_Printable {
       | ^^^^^^^^^^^^^^^^^^^^^^^^^
note: required by a bound in `__jet__shome_snate_sProjects_sGithub_sjet_sexamples_sfeatures_straits_c_cimpl_ushape_umatrix_djet_c_cGenericOwner`
      --> /jet/build/impl_shape_matrix.rs:127223:131
       |
127223 | ...hape_umatrix_djet_c_cGenericOwner<__jet_T: __jet_Printable> {
       |                                               ^^^^^^^^^^^^^^^ required by this bound in `__jet__shome_snate_sProjects_sGithub_sjet_sexamples_sfeatures_straits_c_cimpl_ushape_umatrix_djet_c_cGenericOwner`

error[E0277]: the trait bound `__jet__shome_snate_sProjects_sGithub_sjet_sexamples_sfeatures_straits_c_cimpl_ushape_umatrix_djet_c_cDisplayDebugOwner: __jet_Printable` is not satisfied
      --> /jet/build/impl_shape_matrix.rs:133012:67
       |
133012 |                 __jet_v_15103183063388199255 = Some(jet_fmt_debug(__jet_l_6031654406421717035.as_ref().expect("MIR local")));
       |                                                                   ^^^^^^^^^^^^^^^^^^^^^^^^^^^^^^^^^^^^^^^^^^^^^^^^^^^^^^^^ unsatisfied trait bound
       |
help: the trait `__jet_Printable` is not implemented for `__jet__shome_snate_sProjects_sGithub_sjet_sexamples_sfeatures_straits_c_cimpl_ushape_umatrix_djet_c_cDisplayDebugOwner`
      --> /jet/build/impl_shape_matrix.rs:127210:1
       |
127210 | struct __jet__shome_snate_sProjects_sGithub_sjet_sexamples_sfeatures_straits_c_cimpl_ushape_umatrix_djet_c_cDisplayDebugOwner {
       | ^^^^^^^^^^^^^^^^^^^^^^^^^^^^^^^^^^^^^^^^^^^^^^^^^^^^^^^^^^^^^^^^^^^^^^^^^^^^^^^^^^^^^^^^^^^^^^^^^^^^^^^^^^^^^^^^^^^^^^^^^^^^^
help: this trait has no implementations, consider adding one
      --> /jet/build/impl_shape_matrix.rs:127315:1
       |
127315 | pub trait __jet_Printable {
       | ^^^^^^^^^^^^^^^^^^^^^^^^^
note: required by a bound in `__jet__shome_snate_sProjects_sGithub_sjet_sexamples_sfeatures_straits_c_cimpl_ushape_umatrix_djet_c_cGenericOwner`
      --> /jet/build/impl_shape_matrix.rs:127223:131
       |
127223 | ...hape_umatrix_djet_c_cGenericOwner<__jet_T: __jet_Printable> {
       |                                               ^^^^^^^^^^^^^^^ required by this bound in `__jet__shome_snate_sProjects_sGithub_sjet_sexamples_sfeatures_straits_c_cimpl_ushape_umatrix_djet_c_cGenericOwner`

error[E0277]: the trait bound `__jet__shome_snate_sProjects_sGithub_sjet_sexamples_sfeatures_straits_c_cimpl_ushape_umatrix_djet_c_cDisplayDebugOwner: __jet_Printable` is not satisfied
      --> /jet/build/impl_shape_matrix.rs:133012:53
       |
133012 |                 __jet_v_15103183063388199255 = Some(jet_fmt_debug(__jet_l_6031654406421717035.as_ref().expect("MIR local")));
       |                                                     ^^^^^^^^^^^^^ unsatisfied trait bound
       |
help: the trait `__jet_Printable` is not implemented for `__jet__shome_snate_sProjects_sGithub_sjet_sexamples_sfeatures_straits_c_cimpl_ushape_umatrix_djet_c_cDisplayDebugOwner`
      --> /jet/build/impl_shape_matrix.rs:127210:1
       |
127210 | struct __jet__shome_snate_sProjects_sGithub_sjet_sexamples_sfeatures_straits_c_cimpl_ushape_umatrix_djet_c_cDisplayDebugOwner {
       | ^^^^^^^^^^^^^^^^^^^^^^^^^^^^^^^^^^^^^^^^^^^^^^^^^^^^^^^^^^^^^^^^^^^^^^^^^^^^^^^^^^^^^^^^^^^^^^^^^^^^^^^^^^^^^^^^^^^^^^^^^^^^^
help: this trait has no implementations, consider adding one
      --> /jet/build/impl_shape_matrix.rs:127315:1
       |
127315 | pub trait __jet_Printable {
       | ^^^^^^^^^^^^^^^^^^^^^^^^^
note: required by a bound in `__jet__shome_snate_sProjects_sGithub_sjet_sexamples_sfeatures_straits_c_cimpl_ushape_umatrix_djet_c_cGenericOwner`
      --> /jet/build/impl_shape_matrix.rs:127223:131
       |
127223 | ...hape_umatrix_djet_c_cGenericOwner<__jet_T: __jet_Printable> {
       |                                               ^^^^^^^^^^^^^^^ required by this bound in `__jet__shome_snate_sProjects_sGithub_sjet_sexamples_sfeatures_straits_c_cimpl_ushape_umatrix_djet_c_cGenericOwner`

error[E0277]: the trait bound `__jet__shome_snate_sProjects_sGithub_sjet_sexamples_sfeatures_straits_c_cimpl_ushape_umatrix_djet_c_cDisplayDebugOwner: __jet_Printable` is not satisfied
      --> /jet/build/impl_shape_matrix.rs:133015:67
       |
133015 |                 __jet_v_14275242941203630270 = Some(jet_fmt_debug(__jet_l_6031654406421717035.as_ref().expect("MIR local")));
       |                                                                   ^^^^^^^^^^^^^^^^^^^^^^^^^^^^^^^^^^^^ unsatisfied trait bound
       |
help: the trait `__jet_Printable` is not implemented for `__jet__shome_snate_sProjects_sGithub_sjet_sexamples_sfeatures_straits_c_cimpl_ushape_umatrix_djet_c_cDisplayDebugOwner`
      --> /jet/build/impl_shape_matrix.rs:127210:1
       |
127210 | struct __jet__shome_snate_sProjects_sGithub_sjet_sexamples_sfeatures_straits_c_cimpl_ushape_umatrix_djet_c_cDisplayDebugOwner {
       | ^^^^^^^^^^^^^^^^^^^^^^^^^^^^^^^^^^^^^^^^^^^^^^^^^^^^^^^^^^^^^^^^^^^^^^^^^^^^^^^^^^^^^^^^^^^^^^^^^^^^^^^^^^^^^^^^^^^^^^^^^^^^^
help: this trait has no implementations, consider adding one
      --> /jet/build/impl_shape_matrix.rs:127315:1
       |
127315 | pub trait __jet_Printable {
       | ^^^^^^^^^^^^^^^^^^^^^^^^^
note: required by a bound in `__jet__shome_snate_sProjects_sGithub_sjet_sexamples_sfeatures_straits_c_cimpl_ushape_umatrix_djet_c_cGenericOwner`
      --> /jet/build/impl_shape_matrix.rs:127223:131
       |
127223 | ...hape_umatrix_djet_c_cGenericOwner<__jet_T: __jet_Printable> {
       |                                               ^^^^^^^^^^^^^^^ required by this bound in `__jet__shome_snate_sProjects_sGithub_sjet_sexamples_sfeatures_straits_c_cimpl_ushape_umatrix_djet_c_cGenericOwner`

error[E0277]: the trait bound `__jet__shome_snate_sProjects_sGithub_sjet_sexamples_sfeatures_straits_c_cimpl_ushape_umatrix_djet_c_cDisplayDebugOwner: __jet_Printable` is not satisfied
      --> /jet/build/impl_shape_matrix.rs:133015:67
       |
133015 |                 __jet_v_14275242941203630270 = Some(jet_fmt_debug(__jet_l_6031654406421717035.as_ref().expect("MIR local")));
       |                                                                   ^^^^^^^^^^^^^^^^^^^^^^^^^^^^^^^^^^^^^^^^^^^^^^^^^^^^^^^^ unsatisfied trait bound
       |
help: the trait `__jet_Printable` is not implemented for `__jet__shome_snate_sProjects_sGithub_sjet_sexamples_sfeatures_straits_c_cimpl_ushape_umatrix_djet_c_cDisplayDebugOwner`
      --> /jet/build/impl_shape_matrix.rs:127210:1
       |
127210 | struct __jet__shome_snate_sProjects_sGithub_sjet_sexamples_sfeatures_straits_c_cimpl_ushape_umatrix_djet_c_cDisplayDebugOwner {
       | ^^^^^^^^^^^^^^^^^^^^^^^^^^^^^^^^^^^^^^^^^^^^^^^^^^^^^^^^^^^^^^^^^^^^^^^^^^^^^^^^^^^^^^^^^^^^^^^^^^^^^^^^^^^^^^^^^^^^^^^^^^^^^
help: this trait has no implementations, consider adding one
      --> /jet/build/impl_shape_matrix.rs:127315:1
       |
127315 | pub trait __jet_Printable {
       | ^^^^^^^^^^^^^^^^^^^^^^^^^
note: required by a bound in `__jet__shome_snate_sProjects_sGithub_sjet_sexamples_sfeatures_straits_c_cimpl_ushape_umatrix_djet_c_cGenericOwner`
      --> /jet/build/impl_shape_matrix.rs:127223:131
       |
127223 | ...hape_umatrix_djet_c_cGenericOwner<__jet_T: __jet_Printable> {
       |                                               ^^^^^^^^^^^^^^^ required by this bound in `__jet__shome_snate_sProjects_sGithub_sjet_sexamples_sfeatures_straits_c_cimpl_ushape_umatrix_djet_c_cGenericOwner`

error[E0277]: the trait bound `__jet__shome_snate_sProjects_sGithub_sjet_sexamples_sfeatures_straits_c_cimpl_ushape_umatrix_djet_c_cDisplayDebugOwner: __jet_Printable` is not satisfied
      --> /jet/build/impl_shape_matrix.rs:133015:53
       |
133015 |                 __jet_v_14275242941203630270 = Some(jet_fmt_debug(__jet_l_6031654406421717035.as_ref().expect("MIR local")));
       |                                                     ^^^^^^^^^^^^^ unsatisfied trait bound
       |
help: the trait `__jet_Printable` is not implemented for `__jet__shome_snate_sProjects_sGithub_sjet_sexamples_sfeatures_straits_c_cimpl_ushape_umatrix_djet_c_cDisplayDebugOwner`
      --> /jet/build/impl_shape_matrix.rs:127210:1
       |
127210 | struct __jet__shome_snate_sProjects_sGithub_sjet_sexamples_sfeatures_straits_c_cimpl_ushape_umatrix_djet_c_cDisplayDebugOwner {
       | ^^^^^^^^^^^^^^^^^^^^^^^^^^^^^^^^^^^^^^^^^^^^^^^^^^^^^^^^^^^^^^^^^^^^^^^^^^^^^^^^^^^^^^^^^^^^^^^^^^^^^^^^^^^^^^^^^^^^^^^^^^^^^
help: this trait has no implementations, consider adding one
      --> /jet/build/impl_shape_matrix.rs:127315:1
       |
127315 | pub trait __jet_Printable {
       | ^^^^^^^^^^^^^^^^^^^^^^^^^
note: required by a bound in `__jet__shome_snate_sProjects_sGithub_sjet_sexamples_sfeatures_straits_c_cimpl_ushape_umatrix_djet_c_cGenericOwner`
      --> /jet/build/impl_shape_matrix.rs:127223:131
       |
127223 | ...hape_umatrix_djet_c_cGenericOwner<__jet_T: __jet_Printable> {
       |                                               ^^^^^^^^^^^^^^^ required by this bound in `__jet__shome_snate_sProjects_sGithub_sjet_sexamples_sfeatures_straits_c_cimpl_ushape_umatrix_djet_c_cGenericOwner`

error[E0277]: the trait bound `__jet__shome_snate_sProjects_sGithub_sjet_sexamples_sfeatures_straits_c_cimpl_ushape_umatrix_djet_c_cDisplayDebugOwner: __jet_Printable` is not satisfied
      --> /jet/build/impl_shape_matrix.rs:133021:52
       |
133021 |                 __jet_v_2467025172824433730 = Some(__jet_l_6031654406421717035.as_ref().expect("MIR local").clone());
       |                                                    ^^^^^^^^^^^^^^^^^^^^^^^^^^^^^^^^^^^^ unsatisfied trait bound
       |
help: the trait `__jet_Printable` is not implemented for `__jet__shome_snate_sProjects_sGithub_sjet_sexamples_sfeatures_straits_c_cimpl_ushape_umatrix_djet_c_cDisplayDebugOwner`
      --> /jet/build/impl_shape_matrix.rs:127210:1
       |
127210 | struct __jet__shome_snate_sProjects_sGithub_sjet_sexamples_sfeatures_straits_c_cimpl_ushape_umatrix_djet_c_cDisplayDebugOwner {
       | ^^^^^^^^^^^^^^^^^^^^^^^^^^^^^^^^^^^^^^^^^^^^^^^^^^^^^^^^^^^^^^^^^^^^^^^^^^^^^^^^^^^^^^^^^^^^^^^^^^^^^^^^^^^^^^^^^^^^^^^^^^^^^
help: this trait has no implementations, consider adding one
      --> /jet/build/impl_shape_matrix.rs:127315:1
       |
127315 | pub trait __jet_Printable {
       | ^^^^^^^^^^^^^^^^^^^^^^^^^
note: required by a bound in `__jet__shome_snate_sProjects_sGithub_sjet_sexamples_sfeatures_straits_c_cimpl_ushape_umatrix_djet_c_cGenericOwner`
      --> /jet/build/impl_shape_matrix.rs:127223:131
       |
127223 | ...hape_umatrix_djet_c_cGenericOwner<__jet_T: __jet_Printable> {
       |                                               ^^^^^^^^^^^^^^^ required by this bound in `__jet__shome_snate_sProjects_sGithub_sjet_sexamples_sfeatures_straits_c_cimpl_ushape_umatrix_djet_c_cGenericOwner`

error[E0277]: the trait bound `__jet__shome_snate_sProjects_sGithub_sjet_sexamples_sfeatures_straits_c_cimpl_ushape_umatrix_djet_c_cDisplayDebugOwner: __jet_Printable` is not satisfied
      --> /jet/build/impl_shape_matrix.rs:133021:52
       |
133021 |                 __jet_v_2467025172824433730 = Some(__jet_l_6031654406421717035.as_ref().expect("MIR local").clone());
       |                                                    ^^^^^^^^^^^^^^^^^^^^^^^^^^^^^^^^^^^^^^^^^^^^^^^^^^^^^^^^ unsatisfied trait bound
       |
help: the trait `__jet_Printable` is not implemented for `__jet__shome_snate_sProjects_sGithub_sjet_sexamples_sfeatures_straits_c_cimpl_ushape_umatrix_djet_c_cDisplayDebugOwner`
      --> /jet/build/impl_shape_matrix.rs:127210:1
       |
127210 | struct __jet__shome_snate_sProjects_sGithub_sjet_sexamples_sfeatures_straits_c_cimpl_ushape_umatrix_djet_c_cDisplayDebugOwner {
       | ^^^^^^^^^^^^^^^^^^^^^^^^^^^^^^^^^^^^^^^^^^^^^^^^^^^^^^^^^^^^^^^^^^^^^^^^^^^^^^^^^^^^^^^^^^^^^^^^^^^^^^^^^^^^^^^^^^^^^^^^^^^^^
help: this trait has no implementations, consider adding one
      --> /jet/build/impl_shape_matrix.rs:127315:1
       |
127315 | pub trait __jet_Printable {
       | ^^^^^^^^^^^^^^^^^^^^^^^^^
note: required by a bound in `__jet__shome_snate_sProjects_sGithub_sjet_sexamples_sfeatures_straits_c_cimpl_ushape_umatrix_djet_c_cGenericOwner`
      --> /jet/build/impl_shape_matrix.rs:127223:131
       |
127223 | ...hape_umatrix_djet_c_cGenericOwner<__jet_T: __jet_Printable> {
       |                                               ^^^^^^^^^^^^^^^ required by this bound in `__jet__shome_snate_sProjects_sGithub_sjet_sexamples_sfeatures_straits_c_cimpl_ushape_umatrix_djet_c_cGenericOwner`

error[E0277]: the trait bound `__jet__shome_snate_sProjects_sGithub_sjet_sexamples_sfeatures_straits_c_cimpl_ushape_umatrix_djet_c_cDisplayDebugOwner: __jet_Printable` is not satisfied
      --> /jet/build/impl_shape_matrix.rs:133021:52
       |
133021 |                 __jet_v_2467025172824433730 = Some(__jet_l_6031654406421717035.as_ref().expect("MIR local").clone());
       |                                                    ^^^^^^^^^^^^^^^^^^^^^^^^^^^^^^^^^^^^^^^^^^^^^^^^^^^^^^^^^^^^^^^^ unsatisfied trait bound
       |
help: the trait `__jet_Printable` is not implemented for `__jet__shome_snate_sProjects_sGithub_sjet_sexamples_sfeatures_straits_c_cimpl_ushape_umatrix_djet_c_cDisplayDebugOwner`
      --> /jet/build/impl_shape_matrix.rs:127210:1
       |
127210 | struct __jet__shome_snate_sProjects_sGithub_sjet_sexamples_sfeatures_straits_c_cimpl_ushape_umatrix_djet_c_cDisplayDebugOwner {
       | ^^^^^^^^^^^^^^^^^^^^^^^^^^^^^^^^^^^^^^^^^^^^^^^^^^^^^^^^^^^^^^^^^^^^^^^^^^^^^^^^^^^^^^^^^^^^^^^^^^^^^^^^^^^^^^^^^^^^^^^^^^^^^
help: this trait has no implementations, consider adding one
      --> /jet/build/impl_shape_matrix.rs:127315:1
       |
127315 | pub trait __jet_Printable {
       | ^^^^^^^^^^^^^^^^^^^^^^^^^
note: required by a bound in `__jet__shome_snate_sProjects_sGithub_sjet_sexamples_sfeatures_straits_c_cimpl_ushape_umatrix_djet_c_cGenericOwner`
      --> /jet/build/impl_shape_matrix.rs:127223:131
       |
127223 | ...hape_umatrix_djet_c_cGenericOwner<__jet_T: __jet_Printable> {
       |                                               ^^^^^^^^^^^^^^^ required by this bound in `__jet__shome_snate_sProjects_sGithub_sjet_sexamples_sfeatures_straits_c_cimpl_ushape_umatrix_djet_c_cGenericOwner`

error[E0277]: the trait bound `__jet__shome_snate_sProjects_sGithub_sjet_sexamples_sfeatures_straits_c_cimpl_ushape_umatrix_djet_c_cDisplayDebugOwner: __jet_Printable` is not satisfied
      --> /jet/build/impl_shape_matrix.rs:133021:47
       |
133021 |                 __jet_v_2467025172824433730 = Some(__jet_l_6031654406421717035.as_ref().expect("MIR local").clone());
       |                                               ^^^^ unsatisfied trait bound
       |
help: the trait `__jet_Printable` is not implemented for `__jet__shome_snate_sProjects_sGithub_sjet_sexamples_sfeatures_straits_c_cimpl_ushape_umatrix_djet_c_cDisplayDebugOwner`
      --> /jet/build/impl_shape_matrix.rs:127210:1
       |
127210 | struct __jet__shome_snate_sProjects_sGithub_sjet_sexamples_sfeatures_straits_c_cimpl_ushape_umatrix_djet_c_cDisplayDebugOwner {
       | ^^^^^^^^^^^^^^^^^^^^^^^^^^^^^^^^^^^^^^^^^^^^^^^^^^^^^^^^^^^^^^^^^^^^^^^^^^^^^^^^^^^^^^^^^^^^^^^^^^^^^^^^^^^^^^^^^^^^^^^^^^^^^
help: this trait has no implementations, consider adding one
      --> /jet/build/impl_shape_matrix.rs:127315:1
       |
127315 | pub trait __jet_Printable {
       | ^^^^^^^^^^^^^^^^^^^^^^^^^
note: required by a bound in `__jet__shome_snate_sProjects_sGithub_sjet_sexamples_sfeatures_straits_c_cimpl_ushape_umatrix_djet_c_cGenericOwner`
      --> /jet/build/impl_shape_matrix.rs:127223:131
       |
127223 | ...hape_umatrix_djet_c_cGenericOwner<__jet_T: __jet_Printable> {
       |                                               ^^^^^^^^^^^^^^^ required by this bound in `__jet__shome_snate_sProjects_sGithub_sjet_sexamples_sfeatures_straits_c_cimpl_ushape_umatrix_djet_c_cGenericOwner`

error[E0308]: mismatched types
      --> /jet/build/impl_shape_matrix.rs:133021:47
       |
132556 | ...0: Option<__jet__shome_snate_sProjects_sGithub_sjet_sexamples_sfeatures_straits_c_cimpl_ushape_umatrix_djet_c_cGenericOwner<__jet__shome_snate_sProjects_sGithub_sjet_sexamples_sfeatures_straits_c_cimpl_ushape_umatrix_djet_c_cDisplayDebugOwner>> = ...
       |       ------------------------------------------------------------------------------------------------------------------------------------------------------------------------------------------------------------------------------------------------- expected due to this type
...
133021 | ...33730 = Some(__jet_l_6031654406421717035.as_ref().expect("MIR local").clone());
       |            ^^^^^^^^^^^^^^^^^^^^^^^^^^^^^^^^^^^^^^^^^^^^^^^^^^^^^^^^^^^^^^^^^^^^^^ expected `Option<...>`, found `Option<&...>`
       |
       = note: expected enum `Option<__jet__shome_snate_sProjects_sGithub_sjet_sexamples_sfeatures_straits_c_cimpl_ushape_umatrix_djet_c_cGenericOwner<_>>`
                  found enum `Option<&__jet__shome_snate_sProjects_sGithub_sjet_sexamples_sfeatures_straits_c_cimpl_ushape_umatrix_djet_c_cGenericOwner<_>>`

error[E0277]: the trait bound `__jet__shome_snate_sProjects_sGithub_sjet_sexamples_sfeatures_straits_c_cimpl_ushape_umatrix_djet_c_cDisplayDebugOwner: __jet_Printable` is not satisfied
      --> /jet/build/impl_shape_matrix.rs:133021:47
       |
133021 |                 __jet_v_2467025172824433730 = Some(__jet_l_6031654406421717035.as_ref().expect("MIR local").clone());
       |                                               ^^^^^^^^^^^^^^^^^^^^^^^^^^^^^^^^^^^^^^^^^^^^^^^^^^^^^^^^^^^^^^^^^^^^^^ unsatisfied trait bound
       |
help: the trait `__jet_Printable` is not implemented for `__jet__shome_snate_sProjects_sGithub_sjet_sexamples_sfeatures_straits_c_cimpl_ushape_umatrix_djet_c_cDisplayDebugOwner`
      --> /jet/build/impl_shape_matrix.rs:127210:1
       |
127210 | struct __jet__shome_snate_sProjects_sGithub_sjet_sexamples_sfeatures_straits_c_cimpl_ushape_umatrix_djet_c_cDisplayDebugOwner {
       | ^^^^^^^^^^^^^^^^^^^^^^^^^^^^^^^^^^^^^^^^^^^^^^^^^^^^^^^^^^^^^^^^^^^^^^^^^^^^^^^^^^^^^^^^^^^^^^^^^^^^^^^^^^^^^^^^^^^^^^^^^^^^^
help: this trait has no implementations, consider adding one
      --> /jet/build/impl_shape_matrix.rs:127315:1
       |
127315 | pub trait __jet_Printable {
       | ^^^^^^^^^^^^^^^^^^^^^^^^^
note: required by a bound in `__jet__shome_snate_sProjects_sGithub_sjet_sexamples_sfeatures_straits_c_cimpl_ushape_umatrix_djet_c_cGenericOwner`
      --> /jet/build/impl_shape_matrix.rs:127223:131
       |
127223 | ...hape_umatrix_djet_c_cGenericOwner<__jet_T: __jet_Printable> {
       |                                               ^^^^^^^^^^^^^^^ required by this bound in `__jet__shome_snate_sProjects_sGithub_sjet_sexamples_sfeatures_straits_c_cimpl_ushape_umatrix_djet_c_cGenericOwner`

error[E0277]: the trait bound `__jet__shome_snate_sProjects_sGithub_sjet_sexamples_sfeatures_straits_c_cimpl_ushape_umatrix_djet_c_cDisplayDebugOwner: __jet_Printable` is not satisfied
      --> /jet/build/impl_shape_matrix.rs:133022:53
       |
133022 |                 __jet_v_4668647704925503328 = Some((__jet_v_2467025172824433730.as_ref().expect("MIR value")).clone());
       |                                                     ^^^^^^^^^^^^^^^^^^^^^^^^^^^^^^^^^^^^ unsatisfied trait bound
       |
help: the trait `__jet_Printable` is not implemented for `__jet__shome_snate_sProjects_sGithub_sjet_sexamples_sfeatures_straits_c_cimpl_ushape_umatrix_djet_c_cDisplayDebugOwner`
      --> /jet/build/impl_shape_matrix.rs:127210:1
       |
127210 | struct __jet__shome_snate_sProjects_sGithub_sjet_sexamples_sfeatures_straits_c_cimpl_ushape_umatrix_djet_c_cDisplayDebugOwner {
       | ^^^^^^^^^^^^^^^^^^^^^^^^^^^^^^^^^^^^^^^^^^^^^^^^^^^^^^^^^^^^^^^^^^^^^^^^^^^^^^^^^^^^^^^^^^^^^^^^^^^^^^^^^^^^^^^^^^^^^^^^^^^^^
help: this trait has no implementations, consider adding one
      --> /jet/build/impl_shape_matrix.rs:127315:1
       |
127315 | pub trait __jet_Printable {
       | ^^^^^^^^^^^^^^^^^^^^^^^^^
note: required by a bound in `__jet__shome_snate_sProjects_sGithub_sjet_sexamples_sfeatures_straits_c_cimpl_ushape_umatrix_djet_c_cGenericOwner`
      --> /jet/build/impl_shape_matrix.rs:127223:131
       |
127223 | ...hape_umatrix_djet_c_cGenericOwner<__jet_T: __jet_Printable> {
       |                                               ^^^^^^^^^^^^^^^ required by this bound in `__jet__shome_snate_sProjects_sGithub_sjet_sexamples_sfeatures_straits_c_cimpl_ushape_umatrix_djet_c_cGenericOwner`

error[E0277]: the trait bound `__jet__shome_snate_sProjects_sGithub_sjet_sexamples_sfeatures_straits_c_cimpl_ushape_umatrix_djet_c_cDisplayDebugOwner: __jet_Printable` is not satisfied
      --> /jet/build/impl_shape_matrix.rs:133022:52
       |
133022 |                 __jet_v_4668647704925503328 = Some((__jet_v_2467025172824433730.as_ref().expect("MIR value")).clone());
       |                                                    ^^^^^^^^^^^^^^^^^^^^^^^^^^^^^^^^^^^^^^^^^^^^^^^^^^^^^^^^^^ unsatisfied trait bound
       |
help: the trait `__jet_Printable` is not implemented for `__jet__shome_snate_sProjects_sGithub_sjet_sexamples_sfeatures_straits_c_cimpl_ushape_umatrix_djet_c_cDisplayDebugOwner`
      --> /jet/build/impl_shape_matrix.rs:127210:1
       |
127210 | struct __jet__shome_snate_sProjects_sGithub_sjet_sexamples_sfeatures_straits_c_cimpl_ushape_umatrix_djet_c_cDisplayDebugOwner {
       | ^^^^^^^^^^^^^^^^^^^^^^^^^^^^^^^^^^^^^^^^^^^^^^^^^^^^^^^^^^^^^^^^^^^^^^^^^^^^^^^^^^^^^^^^^^^^^^^^^^^^^^^^^^^^^^^^^^^^^^^^^^^^^
help: this trait has no implementations, consider adding one
      --> /jet/build/impl_shape_matrix.rs:127315:1
       |
127315 | pub trait __jet_Printable {
       | ^^^^^^^^^^^^^^^^^^^^^^^^^
note: required by a bound in `__jet__shome_snate_sProjects_sGithub_sjet_sexamples_sfeatures_straits_c_cimpl_ushape_umatrix_djet_c_cGenericOwner`
      --> /jet/build/impl_shape_matrix.rs:127223:131
       |
127223 | ...hape_umatrix_djet_c_cGenericOwner<__jet_T: __jet_Printable> {
       |                                               ^^^^^^^^^^^^^^^ required by this bound in `__jet__shome_snate_sProjects_sGithub_sjet_sexamples_sfeatures_straits_c_cimpl_ushape_umatrix_djet_c_cGenericOwner`

error[E0277]: the trait bound `__jet__shome_snate_sProjects_sGithub_sjet_sexamples_sfeatures_straits_c_cimpl_ushape_umatrix_djet_c_cDisplayDebugOwner: __jet_Printable` is not satisfied
      --> /jet/build/impl_shape_matrix.rs:133022:52
       |
133022 |                 __jet_v_4668647704925503328 = Some((__jet_v_2467025172824433730.as_ref().expect("MIR value")).clone());
       |                                                    ^^^^^^^^^^^^^^^^^^^^^^^^^^^^^^^^^^^^^^^^^^^^^^^^^^^^^^^^^^^^^^^^^^ unsatisfied trait bound
       |
help: the trait `__jet_Printable` is not implemented for `__jet__shome_snate_sProjects_sGithub_sjet_sexamples_sfeatures_straits_c_cimpl_ushape_umatrix_djet_c_cDisplayDebugOwner`
      --> /jet/build/impl_shape_matrix.rs:127210:1
       |
127210 | struct __jet__shome_snate_sProjects_sGithub_sjet_sexamples_sfeatures_straits_c_cimpl_ushape_umatrix_djet_c_cDisplayDebugOwner {
       | ^^^^^^^^^^^^^^^^^^^^^^^^^^^^^^^^^^^^^^^^^^^^^^^^^^^^^^^^^^^^^^^^^^^^^^^^^^^^^^^^^^^^^^^^^^^^^^^^^^^^^^^^^^^^^^^^^^^^^^^^^^^^^
help: this trait has no implementations, consider adding one
      --> /jet/build/impl_shape_matrix.rs:127315:1
       |
127315 | pub trait __jet_Printable {
       | ^^^^^^^^^^^^^^^^^^^^^^^^^
note: required by a bound in `__jet__shome_snate_sProjects_sGithub_sjet_sexamples_sfeatures_straits_c_cimpl_ushape_umatrix_djet_c_cGenericOwner`
      --> /jet/build/impl_shape_matrix.rs:127223:131
       |
127223 | ...hape_umatrix_djet_c_cGenericOwner<__jet_T: __jet_Printable> {
       |                                               ^^^^^^^^^^^^^^^ required by this bound in `__jet__shome_snate_sProjects_sGithub_sjet_sexamples_sfeatures_straits_c_cimpl_ushape_umatrix_djet_c_cGenericOwner`

error[E0277]: the trait bound `__jet__shome_snate_sProjects_sGithub_sjet_sexamples_sfeatures_straits_c_cimpl_ushape_umatrix_djet_c_cDisplayDebugOwner: __jet_Printable` is not satisfied
      --> /jet/build/impl_shape_matrix.rs:133022:47
       |
133022 |                 __jet_v_4668647704925503328 = Some((__jet_v_2467025172824433730.as_ref().expect("MIR value")).clone());
       |                                               ^^^^ unsatisfied trait bound
       |
help: the trait `__jet_Printable` is not implemented for `__jet__shome_snate_sProjects_sGithub_sjet_sexamples_sfeatures_straits_c_cimpl_ushape_umatrix_djet_c_cDisplayDebugOwner`
      --> /jet/build/impl_shape_matrix.rs:127210:1
       |
127210 | struct __jet__shome_snate_sProjects_sGithub_sjet_sexamples_sfeatures_straits_c_cimpl_ushape_umatrix_djet_c_cDisplayDebugOwner {
       | ^^^^^^^^^^^^^^^^^^^^^^^^^^^^^^^^^^^^^^^^^^^^^^^^^^^^^^^^^^^^^^^^^^^^^^^^^^^^^^^^^^^^^^^^^^^^^^^^^^^^^^^^^^^^^^^^^^^^^^^^^^^^^
help: this trait has no implementations, consider adding one
      --> /jet/build/impl_shape_matrix.rs:127315:1
       |
127315 | pub trait __jet_Printable {
       | ^^^^^^^^^^^^^^^^^^^^^^^^^
note: required by a bound in `__jet__shome_snate_sProjects_sGithub_sjet_sexamples_sfeatures_straits_c_cimpl_ushape_umatrix_djet_c_cGenericOwner`
      --> /jet/build/impl_shape_matrix.rs:127223:131
       |
127223 | ...hape_umatrix_djet_c_cGenericOwner<__jet_T: __jet_Printable> {
       |                                               ^^^^^^^^^^^^^^^ required by this bound in `__jet__shome_snate_sProjects_sGithub_sjet_sexamples_sfeatures_straits_c_cimpl_ushape_umatrix_djet_c_cGenericOwner`

error[E0308]: mismatched types
      --> /jet/build/impl_shape_matrix.rs:133022:47
       |
132595 | ...8: Option<__jet__shome_snate_sProjects_sGithub_sjet_sexamples_sfeatures_straits_c_cimpl_ushape_umatrix_djet_c_cGenericOwner<__jet__shome_snate_sProjects_sGithub_sjet_sexamples_sfeatures_straits_c_cimpl_ushape_umatrix_djet_c_cDisplayDebugOwner>> = ...
       |       ------------------------------------------------------------------------------------------------------------------------------------------------------------------------------------------------------------------------------------------------- expected due to this type
...
133022 | ...03328 = Some((__jet_v_2467025172824433730.as_ref().expect("MIR value")).clone());
       |            ^^^^^^^^^^^^^^^^^^^^^^^^^^^^^^^^^^^^^^^^^^^^^^^^^^^^^^^^^^^^^^^^^^^^^^^^ expected `Option<...>`, found `Option<&...>`
       |
       = note: expected enum `Option<__jet__shome_snate_sProjects_sGithub_sjet_sexamples_sfeatures_straits_c_cimpl_ushape_umatrix_djet_c_cGenericOwner<_>>`
                  found enum `Option<&__jet__shome_snate_sProjects_sGithub_sjet_sexamples_sfeatures_straits_c_cimpl_ushape_umatrix_djet_c_cGenericOwner<_>>`

error[E0277]: the trait bound `__jet__shome_snate_sProjects_sGithub_sjet_sexamples_sfeatures_straits_c_cimpl_ushape_umatrix_djet_c_cDisplayDebugOwner: __jet_Printable` is not satisfied
      --> /jet/build/impl_shape_matrix.rs:133022:47
       |
133022 |                 __jet_v_4668647704925503328 = Some((__jet_v_2467025172824433730.as_ref().expect("MIR value")).clone());
       |                                               ^^^^^^^^^^^^^^^^^^^^^^^^^^^^^^^^^^^^^^^^^^^^^^^^^^^^^^^^^^^^^^^^^^^^^^^^ unsatisfied trait bound
       |
help: the trait `__jet_Printable` is not implemented for `__jet__shome_snate_sProjects_sGithub_sjet_sexamples_sfeatures_straits_c_cimpl_ushape_umatrix_djet_c_cDisplayDebugOwner`
      --> /jet/build/impl_shape_matrix.rs:127210:1
       |
127210 | struct __jet__shome_snate_sProjects_sGithub_sjet_sexamples_sfeatures_straits_c_cimpl_ushape_umatrix_djet_c_cDisplayDebugOwner {
       | ^^^^^^^^^^^^^^^^^^^^^^^^^^^^^^^^^^^^^^^^^^^^^^^^^^^^^^^^^^^^^^^^^^^^^^^^^^^^^^^^^^^^^^^^^^^^^^^^^^^^^^^^^^^^^^^^^^^^^^^^^^^^^
help: this trait has no implementations, consider adding one
      --> /jet/build/impl_shape_matrix.rs:127315:1
       |
127315 | pub trait __jet_Printable {
       | ^^^^^^^^^^^^^^^^^^^^^^^^^
note: required by a bound in `__jet__shome_snate_sProjects_sGithub_sjet_sexamples_sfeatures_straits_c_cimpl_ushape_umatrix_djet_c_cGenericOwner`
      --> /jet/build/impl_shape_matrix.rs:127223:131
       |
127223 | ...hape_umatrix_djet_c_cGenericOwner<__jet_T: __jet_Printable> {
       |                                               ^^^^^^^^^^^^^^^ required by this bound in `__jet__shome_snate_sProjects_sGithub_sjet_sexamples_sfeatures_straits_c_cimpl_ushape_umatrix_djet_c_cGenericOwner`

error[E0277]: the trait bound `__jet__shome_snate_sProjects_sGithub_sjet_sexamples_sfeatures_straits_c_cimpl_ushape_umatrix_djet_c_cDisplayDebugOwner: __jet_Printable` is not satisfied
      --> /jet/build/impl_shape_matrix.rs:133023:94
       |
133023 | ... jet_term_write_stdout_line(&(((__jet_v_4668647704925503328.as_ref().expect("MIR value")).clone()).jet_show()), true); });
       |                                    ^^^^^^^^^^^^^^^^^^^^^^^^^^^^^^^^^^^^ unsatisfied trait bound
       |
help: the trait `__jet_Printable` is not implemented for `__jet__shome_snate_sProjects_sGithub_sjet_sexamples_sfeatures_straits_c_cimpl_ushape_umatrix_djet_c_cDisplayDebugOwner`
      --> /jet/build/impl_shape_matrix.rs:127210:1
       |
127210 | struct __jet__shome_snate_sProjects_sGithub_sjet_sexamples_sfeatures_straits_c_cimpl_ushape_umatrix_djet_c_cDisplayDebugOwner {
       | ^^^^^^^^^^^^^^^^^^^^^^^^^^^^^^^^^^^^^^^^^^^^^^^^^^^^^^^^^^^^^^^^^^^^^^^^^^^^^^^^^^^^^^^^^^^^^^^^^^^^^^^^^^^^^^^^^^^^^^^^^^^^^
help: this trait has no implementations, consider adding one
      --> /jet/build/impl_shape_matrix.rs:127315:1
       |
127315 | pub trait __jet_Printable {
       | ^^^^^^^^^^^^^^^^^^^^^^^^^
note: required by a bound in `__jet__shome_snate_sProjects_sGithub_sjet_sexamples_sfeatures_straits_c_cimpl_ushape_umatrix_djet_c_cGenericOwner`
      --> /jet/build/impl_shape_matrix.rs:127223:131
       |
127223 | ...hape_umatrix_djet_c_cGenericOwner<__jet_T: __jet_Printable> {
       |                                               ^^^^^^^^^^^^^^^ required by this bound in `__jet__shome_snate_sProjects_sGithub_sjet_sexamples_sfeatures_straits_c_cimpl_ushape_umatrix_djet_c_cGenericOwner`

error[E0277]: the trait bound `__jet__shome_snate_sProjects_sGithub_sjet_sexamples_sfeatures_straits_c_cimpl_ushape_umatrix_djet_c_cDisplayDebugOwner: __jet_Printable` is not satisfied
      --> /jet/build/impl_shape_matrix.rs:133023:93
       |
133023 | ...write_stdout_line(&(((__jet_v_4668647704925503328.as_ref().expect("MIR value")).clone()).jet_show()), true); });
       |                         ^^^^^^^^^^^^^^^^^^^^^^^^^^^^^^^^^^^^^^^^^^^^^^^^^^^^^^^^^^ unsatisfied trait bound
       |
help: the trait `__jet_Printable` is not implemented for `__jet__shome_snate_sProjects_sGithub_sjet_sexamples_sfeatures_straits_c_cimpl_ushape_umatrix_djet_c_cDisplayDebugOwner`
      --> /jet/build/impl_shape_matrix.rs:127210:1
       |
127210 | struct __jet__shome_snate_sProjects_sGithub_sjet_sexamples_sfeatures_straits_c_cimpl_ushape_umatrix_djet_c_cDisplayDebugOwner {
       | ^^^^^^^^^^^^^^^^^^^^^^^^^^^^^^^^^^^^^^^^^^^^^^^^^^^^^^^^^^^^^^^^^^^^^^^^^^^^^^^^^^^^^^^^^^^^^^^^^^^^^^^^^^^^^^^^^^^^^^^^^^^^^
help: this trait has no implementations, consider adding one
      --> /jet/build/impl_shape_matrix.rs:127315:1
       |
127315 | pub trait __jet_Printable {
       | ^^^^^^^^^^^^^^^^^^^^^^^^^
note: required by a bound in `__jet__shome_snate_sProjects_sGithub_sjet_sexamples_sfeatures_straits_c_cimpl_ushape_umatrix_djet_c_cGenericOwner`
      --> /jet/build/impl_shape_matrix.rs:127223:131
       |
127223 | ...hape_umatrix_djet_c_cGenericOwner<__jet_T: __jet_Printable> {
       |                                               ^^^^^^^^^^^^^^^ required by this bound in `__jet__shome_snate_sProjects_sGithub_sjet_sexamples_sfeatures_straits_c_cimpl_ushape_umatrix_djet_c_cGenericOwner`

error[E0277]: the trait bound `__jet__shome_snate_sProjects_sGithub_sjet_sexamples_sfeatures_straits_c_cimpl_ushape_umatrix_djet_c_cDisplayDebugOwner: __jet_Printable` is not satisfied
      --> /jet/build/impl_shape_matrix.rs:133023:92
       |
133023 | ...e_stdout_line(&(((__jet_v_4668647704925503328.as_ref().expect("MIR value")).clone()).jet_show()), true); });
       |                    ^^^^^^^^^^^^^^^^^^^^^^^^^^^^^^^^^^^^^^^^^^^^^^^^^^^^^^^^^^^^^^^^^^^^ unsatisfied trait bound
       |
help: the trait `__jet_Printable` is not implemented for `__jet__shome_snate_sProjects_sGithub_sjet_sexamples_sfeatures_straits_c_cimpl_ushape_umatrix_djet_c_cDisplayDebugOwner`
      --> /jet/build/impl_shape_matrix.rs:127210:1
       |
127210 | struct __jet__shome_snate_sProjects_sGithub_sjet_sexamples_sfeatures_straits_c_cimpl_ushape_umatrix_djet_c_cDisplayDebugOwner {
       | ^^^^^^^^^^^^^^^^^^^^^^^^^^^^^^^^^^^^^^^^^^^^^^^^^^^^^^^^^^^^^^^^^^^^^^^^^^^^^^^^^^^^^^^^^^^^^^^^^^^^^^^^^^^^^^^^^^^^^^^^^^^^^
help: this trait has no implementations, consider adding one
      --> /jet/build/impl_shape_matrix.rs:127315:1
       |
127315 | pub trait __jet_Printable {
       | ^^^^^^^^^^^^^^^^^^^^^^^^^
note: required by a bound in `__jet__shome_snate_sProjects_sGithub_sjet_sexamples_sfeatures_straits_c_cimpl_ushape_umatrix_djet_c_cGenericOwner`
      --> /jet/build/impl_shape_matrix.rs:127223:131
       |
127223 | ...hape_umatrix_djet_c_cGenericOwner<__jet_T: __jet_Printable> {
       |                                               ^^^^^^^^^^^^^^^ required by this bound in `__jet__shome_snate_sProjects_sGithub_sjet_sexamples_sfeatures_straits_c_cimpl_ushape_umatrix_djet_c_cGenericOwner`

error[E0277]: the trait bound `__jet__shome_snate_sProjects_sGithub_sjet_sexamples_sfeatures_straits_c_cimpl_ushape_umatrix_djet_c_cDisplayDebugOwner: __jet_Printable` is not satisfied
      --> /jet/build/impl_shape_matrix.rs:133023:91
       |
133023 | ...out_line(&(((__jet_v_4668647704925503328.as_ref().expect("MIR value")).clone()).jet_show()), true); });
       |              ^^^^^^^^^^^^^^^^^^^^^^^^^^^^^^^^^^^^^^^^^^^^^^^^^^^^^^^^^^^^^^^^^^^^^^^^^^^^^^^^^ unsatisfied trait bound
       |
help: the trait `__jet_Printable` is not implemented for `__jet__shome_snate_sProjects_sGithub_sjet_sexamples_sfeatures_straits_c_cimpl_ushape_umatrix_djet_c_cDisplayDebugOwner`
      --> /jet/build/impl_shape_matrix.rs:127210:1
       |
127210 | struct __jet__shome_snate_sProjects_sGithub_sjet_sexamples_sfeatures_straits_c_cimpl_ushape_umatrix_djet_c_cDisplayDebugOwner {
       | ^^^^^^^^^^^^^^^^^^^^^^^^^^^^^^^^^^^^^^^^^^^^^^^^^^^^^^^^^^^^^^^^^^^^^^^^^^^^^^^^^^^^^^^^^^^^^^^^^^^^^^^^^^^^^^^^^^^^^^^^^^^^^
help: this trait has no implementations, consider adding one
      --> /jet/build/impl_shape_matrix.rs:127315:1
       |
127315 | pub trait __jet_Printable {
       | ^^^^^^^^^^^^^^^^^^^^^^^^^
note: required by a bound in `__jet__shome_snate_sProjects_sGithub_sjet_sexamples_sfeatures_straits_c_cimpl_ushape_umatrix_djet_c_cGenericOwner`
      --> /jet/build/impl_shape_matrix.rs:127223:131
       |
127223 | ...hape_umatrix_djet_c_cGenericOwner<__jet_T: __jet_Printable> {
       |                                               ^^^^^^^^^^^^^^^ required by this bound in `__jet__shome_snate_sProjects_sGithub_sjet_sexamples_sfeatures_straits_c_cimpl_ushape_umatrix_djet_c_cGenericOwner`

error[E0277]: the trait bound `__jet__shome_snate_sProjects_sGithub_sjet_sexamples_sfeatures_straits_c_cimpl_ushape_umatrix_djet_c_cDisplayDebugOwner: __jet_Printable` is not satisfied
      --> /jet/build/impl_shape_matrix.rs:133024:308
       |
133024 | ...e: __jet__shome_snate_sProjects_sGithub_sjet_sexamples_sfeatures_straits_c_cimpl_ushape_umatrix_djet_c_cDisplayDebugOwner { __jet_value: jet_foundation::Numeric::JetInt::from_i64(4) } }]);
       |       ^^^^^^^^^^^^^^^^^^^^^^^^^^^^^^^^^^^^^^^^^^^^^^^^^^^^^^^^^^^^^^^^^^^^^^^^^^^^^^^^^^^^^^^^^^^^^^^^^^^^^^^^^^^^^^^^^^^^^^^^^^^^^^^^^^^^^^^^^^^^^^^^^^^^^^^^^^^^^^^^^^^^^^^^^^^^^^^^^^^^ unsatisfied trait bound
       |
help: the trait `__jet_Printable` is not implemented for `__jet__shome_snate_sProjects_sGithub_sjet_sexamples_sfeatures_straits_c_cimpl_ushape_umatrix_djet_c_cDisplayDebugOwner`
      --> /jet/build/impl_shape_matrix.rs:127210:1
       |
127210 | struct __jet__shome_snate_sProjects_sGithub_sjet_sexamples_sfeatures_straits_c_cimpl_ushape_umatrix_djet_c_cDisplayDebugOwner {
       | ^^^^^^^^^^^^^^^^^^^^^^^^^^^^^^^^^^^^^^^^^^^^^^^^^^^^^^^^^^^^^^^^^^^^^^^^^^^^^^^^^^^^^^^^^^^^^^^^^^^^^^^^^^^^^^^^^^^^^^^^^^^^^
help: this trait has no implementations, consider adding one
      --> /jet/build/impl_shape_matrix.rs:127315:1
       |
127315 | pub trait __jet_Printable {
       | ^^^^^^^^^^^^^^^^^^^^^^^^^
note: required by a bound in `__jet__shome_snate_sProjects_sGithub_sjet_sexamples_sfeatures_straits_c_cimpl_ushape_umatrix_djet_c_cGenericOwner`
      --> /jet/build/impl_shape_matrix.rs:127223:131
       |
127223 | ...hape_umatrix_djet_c_cGenericOwner<__jet_T: __jet_Printable> {
       |                                               ^^^^^^^^^^^^^^^ required by this bound in `__jet__shome_snate_sProjects_sGithub_sjet_sexamples_sfeatures_straits_c_cimpl_ushape_umatrix_djet_c_cGenericOwner`

error[E0277]: the trait bound `__jet__shome_snate_sProjects_sGithub_sjet_sexamples_sfeatures_straits_c_cimpl_ushape_umatrix_djet_c_cDisplayDebugOwner: __jet_Printable` is not satisfied
      --> /jet/build/impl_shape_matrix.rs:133024:52
       |
133024 | ...me(vec![__jet__shome_snate_sProjects_sGithub_s...undation::Numeric::JetInt::from_i64(4) } }]);
       |       ^^^^^^^^^^^^^^^^^^^^^^^^^^^^^^^^^^^^^^^^^^^...^^^^^^^^^^^^^^^^^^^^^^^^^^^^^^^^^^^^^^^^^^^ unsatisfied trait bound
       |
help: the trait `__jet_Printable` is not implemented for `__jet__shome_snate_sProjects_sGithub_sjet_sexamples_sfeatures_straits_c_cimpl_ushape_umatrix_djet_c_cDisplayDebugOwner`
      --> /jet/build/impl_shape_matrix.rs:127210:1
       |
127210 | struct __jet__shome_snate_sProjects_sGithub_sjet_sexamples_sfeatures_straits_c_cimpl_ushape_umatrix_djet_c_cDisplayDebugOwner {
       | ^^^^^^^^^^^^^^^^^^^^^^^^^^^^^^^^^^^^^^^^^^^^^^^^^^^^^^^^^^^^^^^^^^^^^^^^^^^^^^^^^^^^^^^^^^^^^^^^^^^^^^^^^^^^^^^^^^^^^^^^^^^^^
help: this trait has no implementations, consider adding one
      --> /jet/build/impl_shape_matrix.rs:127315:1
       |
127315 | pub trait __jet_Printable {
       | ^^^^^^^^^^^^^^^^^^^^^^^^^
note: required by a bound in `__jet__shome_snate_sProjects_sGithub_sjet_sexamples_sfeatures_straits_c_cimpl_ushape_umatrix_djet_c_cGenericOwner`
      --> /jet/build/impl_shape_matrix.rs:127223:131
       |
127223 | ...hape_umatrix_djet_c_cGenericOwner<__jet_T: __jet_Printable> {
       |                                               ^^^^^^^^^^^^^^^ required by this bound in `__jet__shome_snate_sProjects_sGithub_sjet_sexamples_sfeatures_straits_c_cimpl_ushape_umatrix_djet_c_cGenericOwner`

error[E0277]: the trait bound `__jet__shome_snate_sProjects_sGithub_sjet_sexamples_sfeatures_straits_c_cimpl_ushape_umatrix_djet_c_cDisplayDebugOwner: __jet_Printable` is not satisfied
      --> /jet/build/impl_shape_matrix.rs:133024:52
       |
133024 | ...me(vec![__jet__shome_snate_sProjects_sGithub_s...undation::Numeric::JetInt::from_i64(4) } }]);
       |       ^^^^^^^^^^^^^^^^^^^^^^^^^^^^^^^^^^^^^^^^^^^...^^^^^^^^^^^^^^^^^^^^^^^^^^^^^^^^^^^^^^^^^^^ unsatisfied trait bound
       |
help: the trait `__jet_Printable` is not implemented for `__jet__shome_snate_sProjects_sGithub_sjet_sexamples_sfeatures_straits_c_cimpl_ushape_umatrix_djet_c_cDisplayDebugOwner`
      --> /jet/build/impl_shape_matrix.rs:127210:1
       |
127210 | struct __jet__shome_snate_sProjects_sGithub_sjet_sexamples_sfeatures_straits_c_cimpl_ushape_umatrix_djet_c_cDisplayDebugOwner {
       | ^^^^^^^^^^^^^^^^^^^^^^^^^^^^^^^^^^^^^^^^^^^^^^^^^^^^^^^^^^^^^^^^^^^^^^^^^^^^^^^^^^^^^^^^^^^^^^^^^^^^^^^^^^^^^^^^^^^^^^^^^^^^^
help: this trait has no implementations, consider adding one
      --> /jet/build/impl_shape_matrix.rs:127315:1
       |
127315 | pub trait __jet_Printable {
       | ^^^^^^^^^^^^^^^^^^^^^^^^^
note: required by a bound in `__jet__shome_snate_sProjects_sGithub_sjet_sexamples_sfeatures_straits_c_cimpl_ushape_umatrix_djet_c_cGenericOwner`
      --> /jet/build/impl_shape_matrix.rs:127223:131
       |
127223 | ...hape_umatrix_djet_c_cGenericOwner<__jet_T: __jet_Printable> {
       |                                               ^^^^^^^^^^^^^^^ required by this bound in `__jet__shome_snate_sProjects_sGithub_sjet_sexamples_sfeatures_straits_c_cimpl_ushape_umatrix_djet_c_cGenericOwner`

error[E0277]: the trait bound `__jet__shome_snate_sProjects_sGithub_sjet_sexamples_sfeatures_straits_c_cimpl_ushape_umatrix_djet_c_cDisplayDebugOwner: __jet_Printable` is not satisfied
      --> /jet/build/impl_shape_matrix.rs:133024:52
       |
133024 | ...me(vec![__jet__shome_snate_sProjects_sGithub_s...undation::Numeric::JetInt::from_i64(4) } }]);
       |       ^^^^^^^^^^^^^^^^^^^^^^^^^^^^^^^^^^^^^^^^^^^...^^^^^^^^^^^^^^^^^^^^^^^^^^^^^^^^^^^^^^^^^^^ unsatisfied trait bound
       |
help: the trait `__jet_Printable` is not implemented for `__jet__shome_snate_sProjects_sGithub_sjet_sexamples_sfeatures_straits_c_cimpl_ushape_umatrix_djet_c_cDisplayDebugOwner`
      --> /jet/build/impl_shape_matrix.rs:127210:1
       |
127210 | struct __jet__shome_snate_sProjects_sGithub_sjet_sexamples_sfeatures_straits_c_cimpl_ushape_umatrix_djet_c_cDisplayDebugOwner {
       | ^^^^^^^^^^^^^^^^^^^^^^^^^^^^^^^^^^^^^^^^^^^^^^^^^^^^^^^^^^^^^^^^^^^^^^^^^^^^^^^^^^^^^^^^^^^^^^^^^^^^^^^^^^^^^^^^^^^^^^^^^^^^^
help: this trait has no implementations, consider adding one
      --> /jet/build/impl_shape_matrix.rs:127315:1
       |
127315 | pub trait __jet_Printable {
       | ^^^^^^^^^^^^^^^^^^^^^^^^^
note: required by a bound in `__jet__shome_snate_sProjects_sGithub_sjet_sexamples_sfeatures_straits_c_cimpl_ushape_umatrix_djet_c_cGenericOwner`
      --> /jet/build/impl_shape_matrix.rs:127223:131
       |
127223 | ...hape_umatrix_djet_c_cGenericOwner<__jet_T: __jet_Printable> {
       |                                               ^^^^^^^^^^^^^^^ required by this bound in `__jet__shome_snate_sProjects_sGithub_sjet_sexamples_sfeatures_straits_c_cimpl_ushape_umatrix_djet_c_cGenericOwner`

error[E0277]: the trait bound `__jet__shome_snate_sProjects_sGithub_sjet_sexamples_sfeatures_straits_c_cimpl_ushape_umatrix_djet_c_cDisplayDebugOwner: __jet_Printable` is not satisfied
      --> /jet/build/impl_shape_matrix.rs:133024:52
       |
133024 | ...me(vec![__jet__shome_snate_sProjects_sGithub_s...undation::Numeric::JetInt::from_i64(4) } }]);
       |       ^^^^^^^^^^^^^^^^^^^^^^^^^^^^^^^^^^^^^^^^^^^...^^^^^^^^^^^^^^^^^^^^^^^^^^^^^^^^^^^^^^^^^^^ unsatisfied trait bound
       |
help: the trait `__jet_Printable` is not implemented for `__jet__shome_snate_sProjects_sGithub_sjet_sexamples_sfeatures_straits_c_cimpl_ushape_umatrix_djet_c_cDisplayDebugOwner`
      --> /jet/build/impl_shape_matrix.rs:127210:1
       |
127210 | struct __jet__shome_snate_sProjects_sGithub_sjet_sexamples_sfeatures_straits_c_cimpl_ushape_umatrix_djet_c_cDisplayDebugOwner {
       | ^^^^^^^^^^^^^^^^^^^^^^^^^^^^^^^^^^^^^^^^^^^^^^^^^^^^^^^^^^^^^^^^^^^^^^^^^^^^^^^^^^^^^^^^^^^^^^^^^^^^^^^^^^^^^^^^^^^^^^^^^^^^^
help: this trait has no implementations, consider adding one
      --> /jet/build/impl_shape_matrix.rs:127315:1
       |
127315 | pub trait __jet_Printable {
       | ^^^^^^^^^^^^^^^^^^^^^^^^^
note: required by a bound in `__jet__shome_snate_sProjects_sGithub_sjet_sexamples_sfeatures_straits_c_cimpl_ushape_umatrix_djet_c_cGenericOwner`
      --> /jet/build/impl_shape_matrix.rs:127223:131
       |
127223 | ...hape_umatrix_djet_c_cGenericOwner<__jet_T: __jet_Printable> {
       |                                               ^^^^^^^^^^^^^^^ required by this bound in `__jet__shome_snate_sProjects_sGithub_sjet_sexamples_sfeatures_straits_c_cimpl_ushape_umatrix_djet_c_cGenericOwner`

error[E0277]: the trait bound `__jet__shome_snate_sProjects_sGithub_sjet_sexamples_sfeatures_straits_c_cimpl_ushape_umatrix_djet_c_cDisplayDebugOwner: __jet_Printable` is not satisfied
      --> /jet/build/impl_shape_matrix.rs:133024:47
       |
133024 | ...   __jet_v_5673976486989617212 = Some(vec![__jet__shome_snate_sProjects_sGithub_sjet_sexamples_sfeatures_straits_c_cimpl_usha...
       |                                     ^^^^ unsatisfied trait bound
       |
help: the trait `__jet_Printable` is not implemented for `__jet__shome_snate_sProjects_sGithub_sjet_sexamples_sfeatures_straits_c_cimpl_ushape_umatrix_djet_c_cDisplayDebugOwner`
      --> /jet/build/impl_shape_matrix.rs:127210:1
       |
127210 | struct __jet__shome_snate_sProjects_sGithub_sjet_sexamples_sfeatures_straits_c_cimpl_ushape_umatrix_djet_c_cDisplayDebugOwner {
       | ^^^^^^^^^^^^^^^^^^^^^^^^^^^^^^^^^^^^^^^^^^^^^^^^^^^^^^^^^^^^^^^^^^^^^^^^^^^^^^^^^^^^^^^^^^^^^^^^^^^^^^^^^^^^^^^^^^^^^^^^^^^^^
help: this trait has no implementations, consider adding one
      --> /jet/build/impl_shape_matrix.rs:127315:1
       |
127315 | pub trait __jet_Printable {
       | ^^^^^^^^^^^^^^^^^^^^^^^^^
note: required by a bound in `__jet__shome_snate_sProjects_sGithub_sjet_sexamples_sfeatures_straits_c_cimpl_ushape_umatrix_djet_c_cGenericOwner`
      --> /jet/build/impl_shape_matrix.rs:127223:131
       |
127223 | ...hape_umatrix_djet_c_cGenericOwner<__jet_T: __jet_Printable> {
       |                                               ^^^^^^^^^^^^^^^ required by this bound in `__jet__shome_snate_sProjects_sGithub_sjet_sexamples_sfeatures_straits_c_cimpl_ushape_umatrix_djet_c_cGenericOwner`

error[E0277]: the trait bound `__jet__shome_snate_sProjects_sGithub_sjet_sexamples_sfeatures_straits_c_cimpl_ushape_umatrix_djet_c_cDisplayDebugOwner: __jet_Printable` is not satisfied
      --> /jet/build/impl_shape_matrix.rs:133024:47
       |
133024 | ... = Some(vec![__jet__shome_snate_sProjects_sGit...ndation::Numeric::JetInt::from_i64(4) } }]);
       |       ^^^^^^^^^^^^^^^^^^^^^^^^^^^^^^^^^^^^^^^^^^^...^^^^^^^^^^^^^^^^^^^^^^^^^^^^^^^^^^^^^^^^^^^ unsatisfied trait bound
       |
help: the trait `__jet_Printable` is not implemented for `__jet__shome_snate_sProjects_sGithub_sjet_sexamples_sfeatures_straits_c_cimpl_ushape_umatrix_djet_c_cDisplayDebugOwner`
      --> /jet/build/impl_shape_matrix.rs:127210:1
       |
127210 | struct __jet__shome_snate_sProjects_sGithub_sjet_sexamples_sfeatures_straits_c_cimpl_ushape_umatrix_djet_c_cDisplayDebugOwner {
       | ^^^^^^^^^^^^^^^^^^^^^^^^^^^^^^^^^^^^^^^^^^^^^^^^^^^^^^^^^^^^^^^^^^^^^^^^^^^^^^^^^^^^^^^^^^^^^^^^^^^^^^^^^^^^^^^^^^^^^^^^^^^^^
help: this trait has no implementations, consider adding one
      --> /jet/build/impl_shape_matrix.rs:127315:1
       |
127315 | pub trait __jet_Printable {
       | ^^^^^^^^^^^^^^^^^^^^^^^^^
note: required by a bound in `__jet__shome_snate_sProjects_sGithub_sjet_sexamples_sfeatures_straits_c_cimpl_ushape_umatrix_djet_c_cGenericOwner`
      --> /jet/build/impl_shape_matrix.rs:127223:131
       |
127223 | ...hape_umatrix_djet_c_cGenericOwner<__jet_T: __jet_Printable> {
       |                                               ^^^^^^^^^^^^^^^ required by this bound in `__jet__shome_snate_sProjects_sGithub_sjet_sexamples_sfeatures_straits_c_cimpl_ushape_umatrix_djet_c_cGenericOwner`

error[E0277]: the trait bound `__jet__shome_snate_sProjects_sGithub_sjet_sexamples_sfeatures_straits_c_cimpl_ushape_umatrix_djet_c_cDisplayDebugOwner: __jet_Printable` is not satisfied
      --> /jet/build/impl_shape_matrix.rs:133025:53
       |
133025 |                 __jet_l_15508935606792645896 = Some(__jet_v_5673976486989617212.take().expect("MIR value"));
       |                                                     ^^^^^^^^^^^^^^^^^^^^^^^^^^^^^^^^^^ unsatisfied trait bound
       |
help: the trait `__jet_Printable` is not implemented for `__jet__shome_snate_sProjects_sGithub_sjet_sexamples_sfeatures_straits_c_cimpl_ushape_umatrix_djet_c_cDisplayDebugOwner`
      --> /jet/build/impl_shape_matrix.rs:127210:1
       |
127210 | struct __jet__shome_snate_sProjects_sGithub_sjet_sexamples_sfeatures_straits_c_cimpl_ushape_umatrix_djet_c_cDisplayDebugOwner {
       | ^^^^^^^^^^^^^^^^^^^^^^^^^^^^^^^^^^^^^^^^^^^^^^^^^^^^^^^^^^^^^^^^^^^^^^^^^^^^^^^^^^^^^^^^^^^^^^^^^^^^^^^^^^^^^^^^^^^^^^^^^^^^^
help: this trait has no implementations, consider adding one
      --> /jet/build/impl_shape_matrix.rs:127315:1
       |
127315 | pub trait __jet_Printable {
       | ^^^^^^^^^^^^^^^^^^^^^^^^^
note: required by a bound in `__jet__shome_snate_sProjects_sGithub_sjet_sexamples_sfeatures_straits_c_cimpl_ushape_umatrix_djet_c_cGenericOwner`
      --> /jet/build/impl_shape_matrix.rs:127223:131
       |
127223 | ...hape_umatrix_djet_c_cGenericOwner<__jet_T: __jet_Printable> {
       |                                               ^^^^^^^^^^^^^^^ required by this bound in `__jet__shome_snate_sProjects_sGithub_sjet_sexamples_sfeatures_straits_c_cimpl_ushape_umatrix_djet_c_cGenericOwner`

error[E0277]: the trait bound `__jet__shome_snate_sProjects_sGithub_sjet_sexamples_sfeatures_straits_c_cimpl_ushape_umatrix_djet_c_cDisplayDebugOwner: __jet_Printable` is not satisfied
      --> /jet/build/impl_shape_matrix.rs:133025:53
       |
133025 |                 __jet_l_15508935606792645896 = Some(__jet_v_5673976486989617212.take().expect("MIR value"));
       |                                                     ^^^^^^^^^^^^^^^^^^^^^^^^^^^^^^^^^^^^^^^^^^^^^^^^^^^^^^ unsatisfied trait bound
       |
help: the trait `__jet_Printable` is not implemented for `__jet__shome_snate_sProjects_sGithub_sjet_sexamples_sfeatures_straits_c_cimpl_ushape_umatrix_djet_c_cDisplayDebugOwner`
      --> /jet/build/impl_shape_matrix.rs:127210:1
       |
127210 | struct __jet__shome_snate_sProjects_sGithub_sjet_sexamples_sfeatures_straits_c_cimpl_ushape_umatrix_djet_c_cDisplayDebugOwner {
       | ^^^^^^^^^^^^^^^^^^^^^^^^^^^^^^^^^^^^^^^^^^^^^^^^^^^^^^^^^^^^^^^^^^^^^^^^^^^^^^^^^^^^^^^^^^^^^^^^^^^^^^^^^^^^^^^^^^^^^^^^^^^^^
help: this trait has no implementations, consider adding one
      --> /jet/build/impl_shape_matrix.rs:127315:1
       |
127315 | pub trait __jet_Printable {
       | ^^^^^^^^^^^^^^^^^^^^^^^^^
note: required by a bound in `__jet__shome_snate_sProjects_sGithub_sjet_sexamples_sfeatures_straits_c_cimpl_ushape_umatrix_djet_c_cGenericOwner`
      --> /jet/build/impl_shape_matrix.rs:127223:131
       |
127223 | ...hape_umatrix_djet_c_cGenericOwner<__jet_T: __jet_Printable> {
       |                                               ^^^^^^^^^^^^^^^ required by this bound in `__jet__shome_snate_sProjects_sGithub_sjet_sexamples_sfeatures_straits_c_cimpl_ushape_umatrix_djet_c_cGenericOwner`

error[E0277]: the trait bound `__jet__shome_snate_sProjects_sGithub_sjet_sexamples_sfeatures_straits_c_cimpl_ushape_umatrix_djet_c_cDisplayDebugOwner: __jet_Printable` is not satisfied
      --> /jet/build/impl_shape_matrix.rs:133025:48
       |
133025 |                 __jet_l_15508935606792645896 = Some(__jet_v_5673976486989617212.take().expect("MIR value"));
       |                                                ^^^^ unsatisfied trait bound
       |
help: the trait `__jet_Printable` is not implemented for `__jet__shome_snate_sProjects_sGithub_sjet_sexamples_sfeatures_straits_c_cimpl_ushape_umatrix_djet_c_cDisplayDebugOwner`
      --> /jet/build/impl_shape_matrix.rs:127210:1
       |
127210 | struct __jet__shome_snate_sProjects_sGithub_sjet_sexamples_sfeatures_straits_c_cimpl_ushape_umatrix_djet_c_cDisplayDebugOwner {
       | ^^^^^^^^^^^^^^^^^^^^^^^^^^^^^^^^^^^^^^^^^^^^^^^^^^^^^^^^^^^^^^^^^^^^^^^^^^^^^^^^^^^^^^^^^^^^^^^^^^^^^^^^^^^^^^^^^^^^^^^^^^^^^
help: this trait has no implementations, consider adding one
      --> /jet/build/impl_shape_matrix.rs:127315:1
       |
127315 | pub trait __jet_Printable {
       | ^^^^^^^^^^^^^^^^^^^^^^^^^
note: required by a bound in `__jet__shome_snate_sProjects_sGithub_sjet_sexamples_sfeatures_straits_c_cimpl_ushape_umatrix_djet_c_cGenericOwner`
      --> /jet/build/impl_shape_matrix.rs:127223:131
       |
127223 | ...hape_umatrix_djet_c_cGenericOwner<__jet_T: __jet_Printable> {
       |                                               ^^^^^^^^^^^^^^^ required by this bound in `__jet__shome_snate_sProjects_sGithub_sjet_sexamples_sfeatures_straits_c_cimpl_ushape_umatrix_djet_c_cGenericOwner`

error[E0277]: the trait bound `__jet__shome_snate_sProjects_sGithub_sjet_sexamples_sfeatures_straits_c_cimpl_ushape_umatrix_djet_c_cDisplayDebugOwner: __jet_Printable` is not satisfied
      --> /jet/build/impl_shape_matrix.rs:133025:48
       |
133025 |                 __jet_l_15508935606792645896 = Some(__jet_v_5673976486989617212.take().expect("MIR value"));
       |                                                ^^^^^^^^^^^^^^^^^^^^^^^^^^^^^^^^^^^^^^^^^^^^^^^^^^^^^^^^^^^^ unsatisfied trait bound
       |
help: the trait `__jet_Printable` is not implemented for `__jet__shome_snate_sProjects_sGithub_sjet_sexamples_sfeatures_straits_c_cimpl_ushape_umatrix_djet_c_cDisplayDebugOwner`
      --> /jet/build/impl_shape_matrix.rs:127210:1
       |
127210 | struct __jet__shome_snate_sProjects_sGithub_sjet_sexamples_sfeatures_straits_c_cimpl_ushape_umatrix_djet_c_cDisplayDebugOwner {
       | ^^^^^^^^^^^^^^^^^^^^^^^^^^^^^^^^^^^^^^^^^^^^^^^^^^^^^^^^^^^^^^^^^^^^^^^^^^^^^^^^^^^^^^^^^^^^^^^^^^^^^^^^^^^^^^^^^^^^^^^^^^^^^
help: this trait has no implementations, consider adding one
      --> /jet/build/impl_shape_matrix.rs:127315:1
       |
127315 | pub trait __jet_Printable {
       | ^^^^^^^^^^^^^^^^^^^^^^^^^
note: required by a bound in `__jet__shome_snate_sProjects_sGithub_sjet_sexamples_sfeatures_straits_c_cimpl_ushape_umatrix_djet_c_cGenericOwner`
      --> /jet/build/impl_shape_matrix.rs:127223:131
       |
127223 | ...hape_umatrix_djet_c_cGenericOwner<__jet_T: __jet_Printable> {
       |                                               ^^^^^^^^^^^^^^^ required by this bound in `__jet__shome_snate_sProjects_sGithub_sjet_sexamples_sfeatures_straits_c_cimpl_ushape_umatrix_djet_c_cGenericOwner`

error[E0277]: the trait bound `__jet__shome_snate_sProjects_sGithub_sjet_sexamples_sfeatures_straits_c_cimpl_ushape_umatrix_djet_c_cDisplayDebugOwner: __jet_Printable` is not satisfied
      --> /jet/build/impl_shape_matrix.rs:133026:322
       |
133026 | ...e: __jet__shome_snate_sProjects_sGithub_sjet_sexamples_sfeatures_straits_c_cimpl_ushape_umatrix_djet_c_cDisplayDebugOwner { __jet_value: jet_foundation::Numeric::JetInt::from_i64(4) } })...
       |       ^^^^^^^^^^^^^^^^^^^^^^^^^^^^^^^^^^^^^^^^^^^^^^^^^^^^^^^^^^^^^^^^^^^^^^^^^^^^^^^^^^^^^^^^^^^^^^^^^^^^^^^^^^^^^^^^^^^^^^^^^^^^^^^^^^^^^^^^^^^^^^^^^^^^^^^^^^^^^^^^^^^^^^^^^^^^^^^^^^^^ unsatisfied trait bound
       |
help: the trait `__jet_Printable` is not implemented for `__jet__shome_snate_sProjects_sGithub_sjet_sexamples_sfeatures_straits_c_cimpl_ushape_umatrix_djet_c_cDisplayDebugOwner`
      --> /jet/build/impl_shape_matrix.rs:127210:1
       |
127210 | struct __jet__shome_snate_sProjects_sGithub_sjet_sexamples_sfeatures_straits_c_cimpl_ushape_umatrix_djet_c_cDisplayDebugOwner {
       | ^^^^^^^^^^^^^^^^^^^^^^^^^^^^^^^^^^^^^^^^^^^^^^^^^^^^^^^^^^^^^^^^^^^^^^^^^^^^^^^^^^^^^^^^^^^^^^^^^^^^^^^^^^^^^^^^^^^^^^^^^^^^^
help: this trait has no implementations, consider adding one
      --> /jet/build/impl_shape_matrix.rs:127315:1
       |
127315 | pub trait __jet_Printable {
       | ^^^^^^^^^^^^^^^^^^^^^^^^^
note: required by a bound in `__jet__shome_snate_sProjects_sGithub_sjet_sexamples_sfeatures_straits_c_cimpl_ushape_umatrix_djet_c_cGenericOwner`
      --> /jet/build/impl_shape_matrix.rs:127223:131
       |
127223 | ...hape_umatrix_djet_c_cGenericOwner<__jet_T: __jet_Printable> {
       |                                               ^^^^^^^^^^^^^^^ required by this bound in `__jet__shome_snate_sProjects_sGithub_sjet_sexamples_sfeatures_straits_c_cimpl_ushape_umatrix_djet_c_cGenericOwner`

error[E0277]: the trait bound `__jet__shome_snate_sProjects_sGithub_sjet_sexamples_sfeatures_straits_c_cimpl_ushape_umatrix_djet_c_cDisplayDebugOwner: __jet_Printable` is not satisfied
      --> /jet/build/impl_shape_matrix.rs:133026:52
       |
133026 | ...me([("k".to_string(), __jet__shome_snate_sProj...eric::JetInt::from_i64(4) } })].into_iter().co...
       |       ^^^^^^^^^^^^^^^^^^^^^^^^^^^^^^^^^^^^^^^^^^^...^^^^^^^^^^^^^^^^^^^^^^^^^^^^^^^^^^^^^^^^^^^ unsatisfied trait bound
       |
help: the trait `__jet_Printable` is not implemented for `__jet__shome_snate_sProjects_sGithub_sjet_sexamples_sfeatures_straits_c_cimpl_ushape_umatrix_djet_c_cDisplayDebugOwner`
      --> /jet/build/impl_shape_matrix.rs:127210:1
       |
127210 | struct __jet__shome_snate_sProjects_sGithub_sjet_sexamples_sfeatures_straits_c_cimpl_ushape_umatrix_djet_c_cDisplayDebugOwner {
       | ^^^^^^^^^^^^^^^^^^^^^^^^^^^^^^^^^^^^^^^^^^^^^^^^^^^^^^^^^^^^^^^^^^^^^^^^^^^^^^^^^^^^^^^^^^^^^^^^^^^^^^^^^^^^^^^^^^^^^^^^^^^^^
help: this trait has no implementations, consider adding one
      --> /jet/build/impl_shape_matrix.rs:127315:1
       |
127315 | pub trait __jet_Printable {
       | ^^^^^^^^^^^^^^^^^^^^^^^^^
note: required by a bound in `__jet__shome_snate_sProjects_sGithub_sjet_sexamples_sfeatures_straits_c_cimpl_ushape_umatrix_djet_c_cGenericOwner`
      --> /jet/build/impl_shape_matrix.rs:127223:131
       |
127223 | ...hape_umatrix_djet_c_cGenericOwner<__jet_T: __jet_Printable> {
       |                                               ^^^^^^^^^^^^^^^ required by this bound in `__jet__shome_snate_sProjects_sGithub_sjet_sexamples_sfeatures_straits_c_cimpl_ushape_umatrix_djet_c_cGenericOwner`

error[E0277]: the trait bound `__jet__shome_snate_sProjects_sGithub_sjet_sexamples_sfeatures_straits_c_cimpl_ushape_umatrix_djet_c_cDisplayDebugOwner: __jet_Printable` is not satisfied
      --> /jet/build/impl_shape_matrix.rs:133026:529
       |
133026 | ...::<JetMap<String, __jet__shome_snate_sProjects_sGithub_sjet_sexamples_sfeatures_straits_c_cimpl_ushape_umatrix_djet_c_cGenericOwner<__jet__shome_snate_sProjects_sGithub_sjet_sexamples_sfeatures_straits_c_cimpl_ushape_umatrix_djet_c_cDisplayDebugOwner>>>());
       |       ^^^^^^^^^^^^^^^^^^^^^^^^^^^^^^^^^^^^^^^^^^^^^^^^^^^^^^^^^^^^^^^^^^^^^^^^^^^^^^^^^^^^^^^^^^^^^^^^^^^^^^^^^^^^^^^^^^^^^^^^^^^^^^^^^^^^^^^^^^^^^^^^^^^^^^^^^^^^^^^^^^^^^^^^^^^^^^^^^^^^^^^^^^^^^^^^^^^^^^^^^^^^^^^^^^^^^^^^^^^^^^^^^^^^^^^^^^^^^^^^^^^^^^^^^ unsatisfied trait bound
       |
help: the trait `__jet_Printable` is not implemented for `__jet__shome_snate_sProjects_sGithub_sjet_sexamples_sfeatures_straits_c_cimpl_ushape_umatrix_djet_c_cDisplayDebugOwner`
      --> /jet/build/impl_shape_matrix.rs:127210:1
       |
127210 | struct __jet__shome_snate_sProjects_sGithub_sjet_sexamples_sfeatures_straits_c_cimpl_ushape_umatrix_djet_c_cDisplayDebugOwner {
       | ^^^^^^^^^^^^^^^^^^^^^^^^^^^^^^^^^^^^^^^^^^^^^^^^^^^^^^^^^^^^^^^^^^^^^^^^^^^^^^^^^^^^^^^^^^^^^^^^^^^^^^^^^^^^^^^^^^^^^^^^^^^^^
help: this trait has no implementations, consider adding one
      --> /jet/build/impl_shape_matrix.rs:127315:1
       |
127315 | pub trait __jet_Printable {
       | ^^^^^^^^^^^^^^^^^^^^^^^^^
note: required by a bound in `__jet__shome_snate_sProjects_sGithub_sjet_sexamples_sfeatures_straits_c_cimpl_ushape_umatrix_djet_c_cGenericOwner`
      --> /jet/build/impl_shape_matrix.rs:127223:131
       |
127223 | ...hape_umatrix_djet_c_cGenericOwner<__jet_T: __jet_Printable> {
       |                                               ^^^^^^^^^^^^^^^ required by this bound in `__jet__shome_snate_sProjects_sGithub_sjet_sexamples_sfeatures_straits_c_cimpl_ushape_umatrix_djet_c_cGenericOwner`

error[E0277]: the trait bound `__jet__shome_snate_sProjects_sGithub_sjet_sexamples_sfeatures_straits_c_cimpl_ushape_umatrix_djet_c_cDisplayDebugOwner: __jet_Printable` is not satisfied
      --> /jet/build/impl_shape_matrix.rs:133026:47
       |
133026 | ...   __jet_v_4179891504728883460 = Some([("k".to_string(), __jet__shome_snate_sProjects_sGithub_sjet_sexamples_sfeatures_strait...
       |                                     ^^^^ unsatisfied trait bound
       |
help: the trait `__jet_Printable` is not implemented for `__jet__shome_snate_sProjects_sGithub_sjet_sexamples_sfeatures_straits_c_cimpl_ushape_umatrix_djet_c_cDisplayDebugOwner`
      --> /jet/build/impl_shape_matrix.rs:127210:1
       |
127210 | struct __jet__shome_snate_sProjects_sGithub_sjet_sexamples_sfeatures_straits_c_cimpl_ushape_umatrix_djet_c_cDisplayDebugOwner {
       | ^^^^^^^^^^^^^^^^^^^^^^^^^^^^^^^^^^^^^^^^^^^^^^^^^^^^^^^^^^^^^^^^^^^^^^^^^^^^^^^^^^^^^^^^^^^^^^^^^^^^^^^^^^^^^^^^^^^^^^^^^^^^^
help: this trait has no implementations, consider adding one
      --> /jet/build/impl_shape_matrix.rs:127315:1
       |
127315 | pub trait __jet_Printable {
       | ^^^^^^^^^^^^^^^^^^^^^^^^^
note: required by a bound in `__jet__shome_snate_sProjects_sGithub_sjet_sexamples_sfeatures_straits_c_cimpl_ushape_umatrix_djet_c_cGenericOwner`
      --> /jet/build/impl_shape_matrix.rs:127223:131
       |
127223 | ...hape_umatrix_djet_c_cGenericOwner<__jet_T: __jet_Printable> {
       |                                               ^^^^^^^^^^^^^^^ required by this bound in `__jet__shome_snate_sProjects_sGithub_sjet_sexamples_sfeatures_straits_c_cimpl_ushape_umatrix_djet_c_cGenericOwner`

error[E0277]: the trait bound `__jet__shome_snate_sProjects_sGithub_sjet_sexamples_sfeatures_straits_c_cimpl_ushape_umatrix_djet_c_cDisplayDebugOwner: __jet_Printable` is not satisfied
      --> /jet/build/impl_shape_matrix.rs:133026:47
       |
133026 | ... = Some([("k".to_string(), __jet__shome_snate_...ape_umatrix_djet_c_cDisplayDebugOwner>>>());
       |       ^^^^^^^^^^^^^^^^^^^^^^^^^^^^^^^^^^^^^^^^^^^...^^^^^^^^^^^^^^^^^^^^^^^^^^^^^^^^^^^^^^^^^^^ unsatisfied trait bound
       |
help: the trait `__jet_Printable` is not implemented for `__jet__shome_snate_sProjects_sGithub_sjet_sexamples_sfeatures_straits_c_cimpl_ushape_umatrix_djet_c_cDisplayDebugOwner`
      --> /jet/build/impl_shape_matrix.rs:127210:1
       |
127210 | struct __jet__shome_snate_sProjects_sGithub_sjet_sexamples_sfeatures_straits_c_cimpl_ushape_umatrix_djet_c_cDisplayDebugOwner {
       | ^^^^^^^^^^^^^^^^^^^^^^^^^^^^^^^^^^^^^^^^^^^^^^^^^^^^^^^^^^^^^^^^^^^^^^^^^^^^^^^^^^^^^^^^^^^^^^^^^^^^^^^^^^^^^^^^^^^^^^^^^^^^^
help: this trait has no implementations, consider adding one
      --> /jet/build/impl_shape_matrix.rs:127315:1
       |
127315 | pub trait __jet_Printable {
       | ^^^^^^^^^^^^^^^^^^^^^^^^^
note: required by a bound in `__jet__shome_snate_sProjects_sGithub_sjet_sexamples_sfeatures_straits_c_cimpl_ushape_umatrix_djet_c_cGenericOwner`
      --> /jet/build/impl_shape_matrix.rs:127223:131
       |
127223 | ...hape_umatrix_djet_c_cGenericOwner<__jet_T: __jet_Printable> {
       |                                               ^^^^^^^^^^^^^^^ required by this bound in `__jet__shome_snate_sProjects_sGithub_sjet_sexamples_sfeatures_straits_c_cimpl_ushape_umatrix_djet_c_cGenericOwner`

error[E0277]: the trait bound `__jet__shome_snate_sProjects_sGithub_sjet_sexamples_sfeatures_straits_c_cimpl_ushape_umatrix_djet_c_cDisplayDebugOwner: __jet_Printable` is not satisfied
      --> /jet/build/impl_shape_matrix.rs:133027:52
       |
133027 |                 __jet_l_5163473685819706357 = Some(__jet_v_4179891504728883460.take().expect("MIR value"));
       |                                                    ^^^^^^^^^^^^^^^^^^^^^^^^^^^^^^^^^^ unsatisfied trait bound
       |
help: the trait `__jet_Printable` is not implemented for `__jet__shome_snate_sProjects_sGithub_sjet_sexamples_sfeatures_straits_c_cimpl_ushape_umatrix_djet_c_cDisplayDebugOwner`
      --> /jet/build/impl_shape_matrix.rs:127210:1
       |
127210 | struct __jet__shome_snate_sProjects_sGithub_sjet_sexamples_sfeatures_straits_c_cimpl_ushape_umatrix_djet_c_cDisplayDebugOwner {
       | ^^^^^^^^^^^^^^^^^^^^^^^^^^^^^^^^^^^^^^^^^^^^^^^^^^^^^^^^^^^^^^^^^^^^^^^^^^^^^^^^^^^^^^^^^^^^^^^^^^^^^^^^^^^^^^^^^^^^^^^^^^^^^
help: this trait has no implementations, consider adding one
      --> /jet/build/impl_shape_matrix.rs:127315:1
       |
127315 | pub trait __jet_Printable {
       | ^^^^^^^^^^^^^^^^^^^^^^^^^
note: required by a bound in `__jet__shome_snate_sProjects_sGithub_sjet_sexamples_sfeatures_straits_c_cimpl_ushape_umatrix_djet_c_cGenericOwner`
      --> /jet/build/impl_shape_matrix.rs:127223:131
       |
127223 | ...hape_umatrix_djet_c_cGenericOwner<__jet_T: __jet_Printable> {
       |                                               ^^^^^^^^^^^^^^^ required by this bound in `__jet__shome_snate_sProjects_sGithub_sjet_sexamples_sfeatures_straits_c_cimpl_ushape_umatrix_djet_c_cGenericOwner`

error[E0277]: the trait bound `__jet__shome_snate_sProjects_sGithub_sjet_sexamples_sfeatures_straits_c_cimpl_ushape_umatrix_djet_c_cDisplayDebugOwner: __jet_Printable` is not satisfied
      --> /jet/build/impl_shape_matrix.rs:133027:52
       |
133027 |                 __jet_l_5163473685819706357 = Some(__jet_v_4179891504728883460.take().expect("MIR value"));
       |                                                    ^^^^^^^^^^^^^^^^^^^^^^^^^^^^^^^^^^^^^^^^^^^^^^^^^^^^^^ unsatisfied trait bound
       |
help: the trait `__jet_Printable` is not implemented for `__jet__shome_snate_sProjects_sGithub_sjet_sexamples_sfeatures_straits_c_cimpl_ushape_umatrix_djet_c_cDisplayDebugOwner`
      --> /jet/build/impl_shape_matrix.rs:127210:1
       |
127210 | struct __jet__shome_snate_sProjects_sGithub_sjet_sexamples_sfeatures_straits_c_cimpl_ushape_umatrix_djet_c_cDisplayDebugOwner {
       | ^^^^^^^^^^^^^^^^^^^^^^^^^^^^^^^^^^^^^^^^^^^^^^^^^^^^^^^^^^^^^^^^^^^^^^^^^^^^^^^^^^^^^^^^^^^^^^^^^^^^^^^^^^^^^^^^^^^^^^^^^^^^^
help: this trait has no implementations, consider adding one
      --> /jet/build/impl_shape_matrix.rs:127315:1
       |
127315 | pub trait __jet_Printable {
       | ^^^^^^^^^^^^^^^^^^^^^^^^^
note: required by a bound in `__jet__shome_snate_sProjects_sGithub_sjet_sexamples_sfeatures_straits_c_cimpl_ushape_umatrix_djet_c_cGenericOwner`
      --> /jet/build/impl_shape_matrix.rs:127223:131
       |
127223 | ...hape_umatrix_djet_c_cGenericOwner<__jet_T: __jet_Printable> {
       |                                               ^^^^^^^^^^^^^^^ required by this bound in `__jet__shome_snate_sProjects_sGithub_sjet_sexamples_sfeatures_straits_c_cimpl_ushape_umatrix_djet_c_cGenericOwner`

error[E0277]: the trait bound `__jet__shome_snate_sProjects_sGithub_sjet_sexamples_sfeatures_straits_c_cimpl_ushape_umatrix_djet_c_cDisplayDebugOwner: __jet_Printable` is not satisfied
      --> /jet/build/impl_shape_matrix.rs:133027:47
       |
133027 |                 __jet_l_5163473685819706357 = Some(__jet_v_4179891504728883460.take().expect("MIR value"));
       |                                               ^^^^ unsatisfied trait bound
       |
help: the trait `__jet_Printable` is not implemented for `__jet__shome_snate_sProjects_sGithub_sjet_sexamples_sfeatures_straits_c_cimpl_ushape_umatrix_djet_c_cDisplayDebugOwner`
      --> /jet/build/impl_shape_matrix.rs:127210:1
       |
127210 | struct __jet__shome_snate_sProjects_sGithub_sjet_sexamples_sfeatures_straits_c_cimpl_ushape_umatrix_djet_c_cDisplayDebugOwner {
       | ^^^^^^^^^^^^^^^^^^^^^^^^^^^^^^^^^^^^^^^^^^^^^^^^^^^^^^^^^^^^^^^^^^^^^^^^^^^^^^^^^^^^^^^^^^^^^^^^^^^^^^^^^^^^^^^^^^^^^^^^^^^^^
help: this trait has no implementations, consider adding one
      --> /jet/build/impl_shape_matrix.rs:127315:1
       |
127315 | pub trait __jet_Printable {
       | ^^^^^^^^^^^^^^^^^^^^^^^^^
note: required by a bound in `__jet__shome_snate_sProjects_sGithub_sjet_sexamples_sfeatures_straits_c_cimpl_ushape_umatrix_djet_c_cGenericOwner`
      --> /jet/build/impl_shape_matrix.rs:127223:131
       |
127223 | ...hape_umatrix_djet_c_cGenericOwner<__jet_T: __jet_Printable> {
       |                                               ^^^^^^^^^^^^^^^ required by this bound in `__jet__shome_snate_sProjects_sGithub_sjet_sexamples_sfeatures_straits_c_cimpl_ushape_umatrix_djet_c_cGenericOwner`

error[E0277]: the trait bound `__jet__shome_snate_sProjects_sGithub_sjet_sexamples_sfeatures_straits_c_cimpl_ushape_umatrix_djet_c_cDisplayDebugOwner: __jet_Printable` is not satisfied
      --> /jet/build/impl_shape_matrix.rs:133027:47
       |
133027 |                 __jet_l_5163473685819706357 = Some(__jet_v_4179891504728883460.take().expect("MIR value"));
       |                                               ^^^^^^^^^^^^^^^^^^^^^^^^^^^^^^^^^^^^^^^^^^^^^^^^^^^^^^^^^^^^ unsatisfied trait bound
       |
help: the trait `__jet_Printable` is not implemented for `__jet__shome_snate_sProjects_sGithub_sjet_sexamples_sfeatures_straits_c_cimpl_ushape_umatrix_djet_c_cDisplayDebugOwner`
      --> /jet/build/impl_shape_matrix.rs:127210:1
       |
127210 | struct __jet__shome_snate_sProjects_sGithub_sjet_sexamples_sfeatures_straits_c_cimpl_ushape_umatrix_djet_c_cDisplayDebugOwner {
       | ^^^^^^^^^^^^^^^^^^^^^^^^^^^^^^^^^^^^^^^^^^^^^^^^^^^^^^^^^^^^^^^^^^^^^^^^^^^^^^^^^^^^^^^^^^^^^^^^^^^^^^^^^^^^^^^^^^^^^^^^^^^^^
help: this trait has no implementations, consider adding one
      --> /jet/build/impl_shape_matrix.rs:127315:1
       |
127315 | pub trait __jet_Printable {
       | ^^^^^^^^^^^^^^^^^^^^^^^^^
note: required by a bound in `__jet__shome_snate_sProjects_sGithub_sjet_sexamples_sfeatures_straits_c_cimpl_ushape_umatrix_djet_c_cGenericOwner`
      --> /jet/build/impl_shape_matrix.rs:127223:131
       |
127223 | ...hape_umatrix_djet_c_cGenericOwner<__jet_T: __jet_Printable> {
       |                                               ^^^^^^^^^^^^^^^ required by this bound in `__jet__shome_snate_sProjects_sGithub_sjet_sexamples_sfeatures_straits_c_cimpl_ushape_umatrix_djet_c_cGenericOwner`

error[E0277]: the trait bound `__jet__shome_snate_sProjects_sGithub_sjet_sexamples_sfeatures_straits_c_cimpl_ushape_umatrix_djet_c_cDisplayDebugOwner: __jet_Printable` is not satisfied
      --> /jet/build/impl_shape_matrix.rs:133029:50
       |
133029 |                 __jet_v_30530501553685091 = Some(__jet_l_6031654406421717035.as_ref().expect("MIR local").clone());
       |                                                  ^^^^^^^^^^^^^^^^^^^^^^^^^^^^^^^^^^^^ unsatisfied trait bound
       |
help: the trait `__jet_Printable` is not implemented for `__jet__shome_snate_sProjects_sGithub_sjet_sexamples_sfeatures_straits_c_cimpl_ushape_umatrix_djet_c_cDisplayDebugOwner`
      --> /jet/build/impl_shape_matrix.rs:127210:1
       |
127210 | struct __jet__shome_snate_sProjects_sGithub_sjet_sexamples_sfeatures_straits_c_cimpl_ushape_umatrix_djet_c_cDisplayDebugOwner {
       | ^^^^^^^^^^^^^^^^^^^^^^^^^^^^^^^^^^^^^^^^^^^^^^^^^^^^^^^^^^^^^^^^^^^^^^^^^^^^^^^^^^^^^^^^^^^^^^^^^^^^^^^^^^^^^^^^^^^^^^^^^^^^^
help: this trait has no implementations, consider adding one
      --> /jet/build/impl_shape_matrix.rs:127315:1
       |
127315 | pub trait __jet_Printable {
       | ^^^^^^^^^^^^^^^^^^^^^^^^^
note: required by a bound in `__jet__shome_snate_sProjects_sGithub_sjet_sexamples_sfeatures_straits_c_cimpl_ushape_umatrix_djet_c_cGenericOwner`
      --> /jet/build/impl_shape_matrix.rs:127223:131
       |
127223 | ...hape_umatrix_djet_c_cGenericOwner<__jet_T: __jet_Printable> {
       |                                               ^^^^^^^^^^^^^^^ required by this bound in `__jet__shome_snate_sProjects_sGithub_sjet_sexamples_sfeatures_straits_c_cimpl_ushape_umatrix_djet_c_cGenericOwner`

error[E0277]: the trait bound `__jet__shome_snate_sProjects_sGithub_sjet_sexamples_sfeatures_straits_c_cimpl_ushape_umatrix_djet_c_cDisplayDebugOwner: __jet_Printable` is not satisfied
      --> /jet/build/impl_shape_matrix.rs:133029:50
       |
133029 |                 __jet_v_30530501553685091 = Some(__jet_l_6031654406421717035.as_ref().expect("MIR local").clone());
       |                                                  ^^^^^^^^^^^^^^^^^^^^^^^^^^^^^^^^^^^^^^^^^^^^^^^^^^^^^^^^ unsatisfied trait bound
       |
help: the trait `__jet_Printable` is not implemented for `__jet__shome_snate_sProjects_sGithub_sjet_sexamples_sfeatures_straits_c_cimpl_ushape_umatrix_djet_c_cDisplayDebugOwner`
      --> /jet/build/impl_shape_matrix.rs:127210:1
       |
127210 | struct __jet__shome_snate_sProjects_sGithub_sjet_sexamples_sfeatures_straits_c_cimpl_ushape_umatrix_djet_c_cDisplayDebugOwner {
       | ^^^^^^^^^^^^^^^^^^^^^^^^^^^^^^^^^^^^^^^^^^^^^^^^^^^^^^^^^^^^^^^^^^^^^^^^^^^^^^^^^^^^^^^^^^^^^^^^^^^^^^^^^^^^^^^^^^^^^^^^^^^^^
help: this trait has no implementations, consider adding one
      --> /jet/build/impl_shape_matrix.rs:127315:1
       |
127315 | pub trait __jet_Printable {
       | ^^^^^^^^^^^^^^^^^^^^^^^^^
note: required by a bound in `__jet__shome_snate_sProjects_sGithub_sjet_sexamples_sfeatures_straits_c_cimpl_ushape_umatrix_djet_c_cGenericOwner`
      --> /jet/build/impl_shape_matrix.rs:127223:131
       |
127223 | ...hape_umatrix_djet_c_cGenericOwner<__jet_T: __jet_Printable> {
       |                                               ^^^^^^^^^^^^^^^ required by this bound in `__jet__shome_snate_sProjects_sGithub_sjet_sexamples_sfeatures_straits_c_cimpl_ushape_umatrix_djet_c_cGenericOwner`

error[E0277]: the trait bound `__jet__shome_snate_sProjects_sGithub_sjet_sexamples_sfeatures_straits_c_cimpl_ushape_umatrix_djet_c_cDisplayDebugOwner: __jet_Printable` is not satisfied
      --> /jet/build/impl_shape_matrix.rs:133029:50
       |
133029 |                 __jet_v_30530501553685091 = Some(__jet_l_6031654406421717035.as_ref().expect("MIR local").clone());
       |                                                  ^^^^^^^^^^^^^^^^^^^^^^^^^^^^^^^^^^^^^^^^^^^^^^^^^^^^^^^^^^^^^^^^ unsatisfied trait bound
       |
help: the trait `__jet_Printable` is not implemented for `__jet__shome_snate_sProjects_sGithub_sjet_sexamples_sfeatures_straits_c_cimpl_ushape_umatrix_djet_c_cDisplayDebugOwner`
      --> /jet/build/impl_shape_matrix.rs:127210:1
       |
127210 | struct __jet__shome_snate_sProjects_sGithub_sjet_sexamples_sfeatures_straits_c_cimpl_ushape_umatrix_djet_c_cDisplayDebugOwner {
       | ^^^^^^^^^^^^^^^^^^^^^^^^^^^^^^^^^^^^^^^^^^^^^^^^^^^^^^^^^^^^^^^^^^^^^^^^^^^^^^^^^^^^^^^^^^^^^^^^^^^^^^^^^^^^^^^^^^^^^^^^^^^^^
help: this trait has no implementations, consider adding one
      --> /jet/build/impl_shape_matrix.rs:127315:1
       |
127315 | pub trait __jet_Printable {
       | ^^^^^^^^^^^^^^^^^^^^^^^^^
note: required by a bound in `__jet__shome_snate_sProjects_sGithub_sjet_sexamples_sfeatures_straits_c_cimpl_ushape_umatrix_djet_c_cGenericOwner`
      --> /jet/build/impl_shape_matrix.rs:127223:131
       |
127223 | ...hape_umatrix_djet_c_cGenericOwner<__jet_T: __jet_Printable> {
       |                                               ^^^^^^^^^^^^^^^ required by this bound in `__jet__shome_snate_sProjects_sGithub_sjet_sexamples_sfeatures_straits_c_cimpl_ushape_umatrix_djet_c_cGenericOwner`

error[E0277]: the trait bound `__jet__shome_snate_sProjects_sGithub_sjet_sexamples_sfeatures_straits_c_cimpl_ushape_umatrix_djet_c_cDisplayDebugOwner: __jet_Printable` is not satisfied
      --> /jet/build/impl_shape_matrix.rs:133029:45
       |
133029 |                 __jet_v_30530501553685091 = Some(__jet_l_6031654406421717035.as_ref().expect("MIR local").clone());
       |                                             ^^^^ unsatisfied trait bound
       |
help: the trait `__jet_Printable` is not implemented for `__jet__shome_snate_sProjects_sGithub_sjet_sexamples_sfeatures_straits_c_cimpl_ushape_umatrix_djet_c_cDisplayDebugOwner`
      --> /jet/build/impl_shape_matrix.rs:127210:1
       |
127210 | struct __jet__shome_snate_sProjects_sGithub_sjet_sexamples_sfeatures_straits_c_cimpl_ushape_umatrix_djet_c_cDisplayDebugOwner {
       | ^^^^^^^^^^^^^^^^^^^^^^^^^^^^^^^^^^^^^^^^^^^^^^^^^^^^^^^^^^^^^^^^^^^^^^^^^^^^^^^^^^^^^^^^^^^^^^^^^^^^^^^^^^^^^^^^^^^^^^^^^^^^^
help: this trait has no implementations, consider adding one
      --> /jet/build/impl_shape_matrix.rs:127315:1
       |
127315 | pub trait __jet_Printable {
       | ^^^^^^^^^^^^^^^^^^^^^^^^^
note: required by a bound in `__jet__shome_snate_sProjects_sGithub_sjet_sexamples_sfeatures_straits_c_cimpl_ushape_umatrix_djet_c_cGenericOwner`
      --> /jet/build/impl_shape_matrix.rs:127223:131
       |
127223 | ...hape_umatrix_djet_c_cGenericOwner<__jet_T: __jet_Printable> {
       |                                               ^^^^^^^^^^^^^^^ required by this bound in `__jet__shome_snate_sProjects_sGithub_sjet_sexamples_sfeatures_straits_c_cimpl_ushape_umatrix_djet_c_cGenericOwner`

error[E0308]: mismatched types
      --> /jet/build/impl_shape_matrix.rs:133029:45
       |
132516 | ...1: Option<__jet__shome_snate_sProjects_sGithub_sjet_sexamples_sfeatures_straits_c_cimpl_ushape_umatrix_djet_c_cGenericOwner<__jet__shome_snate_sProjects_sGithub_sjet_sexamples_sfeatures_straits_c_cimpl_ushape_umatrix_djet_c_cDisplayDebugOwner>> = ...
       |       ------------------------------------------------------------------------------------------------------------------------------------------------------------------------------------------------------------------------------------------------- expected due to this type
...
133029 | ...85091 = Some(__jet_l_6031654406421717035.as_ref().expect("MIR local").clone());
       |            ^^^^^^^^^^^^^^^^^^^^^^^^^^^^^^^^^^^^^^^^^^^^^^^^^^^^^^^^^^^^^^^^^^^^^^ expected `Option<...>`, found `Option<&...>`
       |
       = note: expected enum `Option<__jet__shome_snate_sProjects_sGithub_sjet_sexamples_sfeatures_straits_c_cimpl_ushape_umatrix_djet_c_cGenericOwner<_>>`
                  found enum `Option<&__jet__shome_snate_sProjects_sGithub_sjet_sexamples_sfeatures_straits_c_cimpl_ushape_umatrix_djet_c_cGenericOwner<_>>`

error[E0277]: the trait bound `__jet__shome_snate_sProjects_sGithub_sjet_sexamples_sfeatures_straits_c_cimpl_ushape_umatrix_djet_c_cDisplayDebugOwner: __jet_Printable` is not satisfied
      --> /jet/build/impl_shape_matrix.rs:133029:45
       |
133029 |                 __jet_v_30530501553685091 = Some(__jet_l_6031654406421717035.as_ref().expect("MIR local").clone());
       |                                             ^^^^^^^^^^^^^^^^^^^^^^^^^^^^^^^^^^^^^^^^^^^^^^^^^^^^^^^^^^^^^^^^^^^^^^ unsatisfied trait bound
       |
help: the trait `__jet_Printable` is not implemented for `__jet__shome_snate_sProjects_sGithub_sjet_sexamples_sfeatures_straits_c_cimpl_ushape_umatrix_djet_c_cDisplayDebugOwner`
      --> /jet/build/impl_shape_matrix.rs:127210:1
       |
127210 | struct __jet__shome_snate_sProjects_sGithub_sjet_sexamples_sfeatures_straits_c_cimpl_ushape_umatrix_djet_c_cDisplayDebugOwner {
       | ^^^^^^^^^^^^^^^^^^^^^^^^^^^^^^^^^^^^^^^^^^^^^^^^^^^^^^^^^^^^^^^^^^^^^^^^^^^^^^^^^^^^^^^^^^^^^^^^^^^^^^^^^^^^^^^^^^^^^^^^^^^^^
help: this trait has no implementations, consider adding one
      --> /jet/build/impl_shape_matrix.rs:127315:1
       |
127315 | pub trait __jet_Printable {
       | ^^^^^^^^^^^^^^^^^^^^^^^^^
note: required by a bound in `__jet__shome_snate_sProjects_sGithub_sjet_sexamples_sfeatures_straits_c_cimpl_ushape_umatrix_djet_c_cGenericOwner`
      --> /jet/build/impl_shape_matrix.rs:127223:131
       |
127223 | ...hape_umatrix_djet_c_cGenericOwner<__jet_T: __jet_Printable> {
       |                                               ^^^^^^^^^^^^^^^ required by this bound in `__jet__shome_snate_sProjects_sGithub_sjet_sexamples_sfeatures_straits_c_cimpl_ushape_umatrix_djet_c_cGenericOwner`

error[E0277]: the trait bound `__jet__shome_snate_sProjects_sGithub_sjet_sexamples_sfeatures_straits_c_cimpl_ushape_umatrix_djet_c_cDisplayDebugOwner: __jet_Printable` is not satisfied
      --> /jet/build/impl_shape_matrix.rs:133030:54
       |
133030 |                 __jet_v_16673277125479819892 = Some((__jet_v_30530501553685091.as_ref().expect("MIR value")).clone());
       |                                                      ^^^^^^^^^^^^^^^^^^^^^^^^^^^^^^^^^^ unsatisfied trait bound
       |
help: the trait `__jet_Printable` is not implemented for `__jet__shome_snate_sProjects_sGithub_sjet_sexamples_sfeatures_straits_c_cimpl_ushape_umatrix_djet_c_cDisplayDebugOwner`
      --> /jet/build/impl_shape_matrix.rs:127210:1
       |
127210 | struct __jet__shome_snate_sProjects_sGithub_sjet_sexamples_sfeatures_straits_c_cimpl_ushape_umatrix_djet_c_cDisplayDebugOwner {
       | ^^^^^^^^^^^^^^^^^^^^^^^^^^^^^^^^^^^^^^^^^^^^^^^^^^^^^^^^^^^^^^^^^^^^^^^^^^^^^^^^^^^^^^^^^^^^^^^^^^^^^^^^^^^^^^^^^^^^^^^^^^^^^
help: this trait has no implementations, consider adding one
      --> /jet/build/impl_shape_matrix.rs:127315:1
       |
127315 | pub trait __jet_Printable {
       | ^^^^^^^^^^^^^^^^^^^^^^^^^
note: required by a bound in `__jet__shome_snate_sProjects_sGithub_sjet_sexamples_sfeatures_straits_c_cimpl_ushape_umatrix_djet_c_cGenericOwner`
      --> /jet/build/impl_shape_matrix.rs:127223:131
       |
127223 | ...hape_umatrix_djet_c_cGenericOwner<__jet_T: __jet_Printable> {
       |                                               ^^^^^^^^^^^^^^^ required by this bound in `__jet__shome_snate_sProjects_sGithub_sjet_sexamples_sfeatures_straits_c_cimpl_ushape_umatrix_djet_c_cGenericOwner`

error[E0277]: the trait bound `__jet__shome_snate_sProjects_sGithub_sjet_sexamples_sfeatures_straits_c_cimpl_ushape_umatrix_djet_c_cDisplayDebugOwner: __jet_Printable` is not satisfied
      --> /jet/build/impl_shape_matrix.rs:133030:53
       |
133030 |                 __jet_v_16673277125479819892 = Some((__jet_v_30530501553685091.as_ref().expect("MIR value")).clone());
       |                                                     ^^^^^^^^^^^^^^^^^^^^^^^^^^^^^^^^^^^^^^^^^^^^^^^^^^^^^^^^ unsatisfied trait bound
       |
help: the trait `__jet_Printable` is not implemented for `__jet__shome_snate_sProjects_sGithub_sjet_sexamples_sfeatures_straits_c_cimpl_ushape_umatrix_djet_c_cDisplayDebugOwner`
      --> /jet/build/impl_shape_matrix.rs:127210:1
       |
127210 | struct __jet__shome_snate_sProjects_sGithub_sjet_sexamples_sfeatures_straits_c_cimpl_ushape_umatrix_djet_c_cDisplayDebugOwner {
       | ^^^^^^^^^^^^^^^^^^^^^^^^^^^^^^^^^^^^^^^^^^^^^^^^^^^^^^^^^^^^^^^^^^^^^^^^^^^^^^^^^^^^^^^^^^^^^^^^^^^^^^^^^^^^^^^^^^^^^^^^^^^^^
help: this trait has no implementations, consider adding one
      --> /jet/build/impl_shape_matrix.rs:127315:1
       |
127315 | pub trait __jet_Printable {
       | ^^^^^^^^^^^^^^^^^^^^^^^^^
note: required by a bound in `__jet__shome_snate_sProjects_sGithub_sjet_sexamples_sfeatures_straits_c_cimpl_ushape_umatrix_djet_c_cGenericOwner`
      --> /jet/build/impl_shape_matrix.rs:127223:131
       |
127223 | ...hape_umatrix_djet_c_cGenericOwner<__jet_T: __jet_Printable> {
       |                                               ^^^^^^^^^^^^^^^ required by this bound in `__jet__shome_snate_sProjects_sGithub_sjet_sexamples_sfeatures_straits_c_cimpl_ushape_umatrix_djet_c_cGenericOwner`

error[E0277]: the trait bound `__jet__shome_snate_sProjects_sGithub_sjet_sexamples_sfeatures_straits_c_cimpl_ushape_umatrix_djet_c_cDisplayDebugOwner: __jet_Printable` is not satisfied
      --> /jet/build/impl_shape_matrix.rs:133030:53
       |
133030 |                 __jet_v_16673277125479819892 = Some((__jet_v_30530501553685091.as_ref().expect("MIR value")).clone());
       |                                                     ^^^^^^^^^^^^^^^^^^^^^^^^^^^^^^^^^^^^^^^^^^^^^^^^^^^^^^^^^^^^^^^^ unsatisfied trait bound
       |
help: the trait `__jet_Printable` is not implemented for `__jet__shome_snate_sProjects_sGithub_sjet_sexamples_sfeatures_straits_c_cimpl_ushape_umatrix_djet_c_cDisplayDebugOwner`
      --> /jet/build/impl_shape_matrix.rs:127210:1
       |
127210 | struct __jet__shome_snate_sProjects_sGithub_sjet_sexamples_sfeatures_straits_c_cimpl_ushape_umatrix_djet_c_cDisplayDebugOwner {
       | ^^^^^^^^^^^^^^^^^^^^^^^^^^^^^^^^^^^^^^^^^^^^^^^^^^^^^^^^^^^^^^^^^^^^^^^^^^^^^^^^^^^^^^^^^^^^^^^^^^^^^^^^^^^^^^^^^^^^^^^^^^^^^
help: this trait has no implementations, consider adding one
      --> /jet/build/impl_shape_matrix.rs:127315:1
       |
127315 | pub trait __jet_Printable {
       | ^^^^^^^^^^^^^^^^^^^^^^^^^
note: required by a bound in `__jet__shome_snate_sProjects_sGithub_sjet_sexamples_sfeatures_straits_c_cimpl_ushape_umatrix_djet_c_cGenericOwner`
      --> /jet/build/impl_shape_matrix.rs:127223:131
       |
127223 | ...hape_umatrix_djet_c_cGenericOwner<__jet_T: __jet_Printable> {
       |                                               ^^^^^^^^^^^^^^^ required by this bound in `__jet__shome_snate_sProjects_sGithub_sjet_sexamples_sfeatures_straits_c_cimpl_ushape_umatrix_djet_c_cGenericOwner`

error[E0277]: the trait bound `__jet__shome_snate_sProjects_sGithub_sjet_sexamples_sfeatures_straits_c_cimpl_ushape_umatrix_djet_c_cDisplayDebugOwner: __jet_Printable` is not satisfied
      --> /jet/build/impl_shape_matrix.rs:133030:48
       |
133030 |                 __jet_v_16673277125479819892 = Some((__jet_v_30530501553685091.as_ref().expect("MIR value")).clone());
       |                                                ^^^^ unsatisfied trait bound
       |
help: the trait `__jet_Printable` is not implemented for `__jet__shome_snate_sProjects_sGithub_sjet_sexamples_sfeatures_straits_c_cimpl_ushape_umatrix_djet_c_cDisplayDebugOwner`
      --> /jet/build/impl_shape_matrix.rs:127210:1
       |
127210 | struct __jet__shome_snate_sProjects_sGithub_sjet_sexamples_sfeatures_straits_c_cimpl_ushape_umatrix_djet_c_cDisplayDebugOwner {
       | ^^^^^^^^^^^^^^^^^^^^^^^^^^^^^^^^^^^^^^^^^^^^^^^^^^^^^^^^^^^^^^^^^^^^^^^^^^^^^^^^^^^^^^^^^^^^^^^^^^^^^^^^^^^^^^^^^^^^^^^^^^^^^
help: this trait has no implementations, consider adding one
      --> /jet/build/impl_shape_matrix.rs:127315:1
       |
127315 | pub trait __jet_Printable {
       | ^^^^^^^^^^^^^^^^^^^^^^^^^
note: required by a bound in `__jet__shome_snate_sProjects_sGithub_sjet_sexamples_sfeatures_straits_c_cimpl_ushape_umatrix_djet_c_cGenericOwner`
      --> /jet/build/impl_shape_matrix.rs:127223:131
       |
127223 | ...hape_umatrix_djet_c_cGenericOwner<__jet_T: __jet_Printable> {
       |                                               ^^^^^^^^^^^^^^^ required by this bound in `__jet__shome_snate_sProjects_sGithub_sjet_sexamples_sfeatures_straits_c_cimpl_ushape_umatrix_djet_c_cGenericOwner`

error[E0308]: mismatched types
      --> /jet/build/impl_shape_matrix.rs:133030:48
       |
132796 | ...2: Option<__jet__shome_snate_sProjects_sGithub_sjet_sexamples_sfeatures_straits_c_cimpl_ushape_umatrix_djet_c_cGenericOwner<__jet__shome_snate_sProjects_sGithub_sjet_sexamples_sfeatures_straits_c_cimpl_ushape_umatrix_djet_c_cDisplayDebugOwner>> = ...
       |       ------------------------------------------------------------------------------------------------------------------------------------------------------------------------------------------------------------------------------------------------- expected due to this type
...
133030 | ...19892 = Some((__jet_v_30530501553685091.as_ref().expect("MIR value")).clone());
       |            ^^^^^^^^^^^^^^^^^^^^^^^^^^^^^^^^^^^^^^^^^^^^^^^^^^^^^^^^^^^^^^^^^^^^^^ expected `Option<...>`, found `Option<&...>`
       |
       = note: expected enum `Option<__jet__shome_snate_sProjects_sGithub_sjet_sexamples_sfeatures_straits_c_cimpl_ushape_umatrix_djet_c_cGenericOwner<_>>`
                  found enum `Option<&__jet__shome_snate_sProjects_sGithub_sjet_sexamples_sfeatures_straits_c_cimpl_ushape_umatrix_djet_c_cGenericOwner<_>>`

error[E0277]: the trait bound `__jet__shome_snate_sProjects_sGithub_sjet_sexamples_sfeatures_straits_c_cimpl_ushape_umatrix_djet_c_cDisplayDebugOwner: __jet_Printable` is not satisfied
      --> /jet/build/impl_shape_matrix.rs:133030:48
       |
133030 |                 __jet_v_16673277125479819892 = Some((__jet_v_30530501553685091.as_ref().expect("MIR value")).clone());
       |                                                ^^^^^^^^^^^^^^^^^^^^^^^^^^^^^^^^^^^^^^^^^^^^^^^^^^^^^^^^^^^^^^^^^^^^^^ unsatisfied trait bound
       |
help: the trait `__jet_Printable` is not implemented for `__jet__shome_snate_sProjects_sGithub_sjet_sexamples_sfeatures_straits_c_cimpl_ushape_umatrix_djet_c_cDisplayDebugOwner`
      --> /jet/build/impl_shape_matrix.rs:127210:1
       |
127210 | struct __jet__shome_snate_sProjects_sGithub_sjet_sexamples_sfeatures_straits_c_cimpl_ushape_umatrix_djet_c_cDisplayDebugOwner {
       | ^^^^^^^^^^^^^^^^^^^^^^^^^^^^^^^^^^^^^^^^^^^^^^^^^^^^^^^^^^^^^^^^^^^^^^^^^^^^^^^^^^^^^^^^^^^^^^^^^^^^^^^^^^^^^^^^^^^^^^^^^^^^^
help: this trait has no implementations, consider adding one
      --> /jet/build/impl_shape_matrix.rs:127315:1
       |
127315 | pub trait __jet_Printable {
       | ^^^^^^^^^^^^^^^^^^^^^^^^^
note: required by a bound in `__jet__shome_snate_sProjects_sGithub_sjet_sexamples_sfeatures_straits_c_cimpl_ushape_umatrix_djet_c_cGenericOwner`
      --> /jet/build/impl_shape_matrix.rs:127223:131
       |
127223 | ...hape_umatrix_djet_c_cGenericOwner<__jet_T: __jet_Printable> {
       |                                               ^^^^^^^^^^^^^^^ required by this bound in `__jet__shome_snate_sProjects_sGithub_sjet_sexamples_sfeatures_straits_c_cimpl_ushape_umatrix_djet_c_cGenericOwner`

error[E0277]: the trait bound `__jet__shome_snate_sProjects_sGithub_sjet_sexamples_sfeatures_straits_c_cimpl_ushape_umatrix_djet_c_cDisplayDebugOwner: __jet_Printable` is not satisfied
      --> /jet/build/impl_shape_matrix.rs:133031:110
       |
133031 | ...5189.take().expect("MIR value"), __jet_v_16673277125479819892.take().expect("MIR value")));
       |                                     ^^^^^^^^^^^^^^^^^^^^^^^^^^^^^^^^^^^ unsatisfied trait bound
       |
help: the trait `__jet_Printable` is not implemented for `__jet__shome_snate_sProjects_sGithub_sjet_sexamples_sfeatures_straits_c_cimpl_ushape_umatrix_djet_c_cDisplayDebugOwner`
      --> /jet/build/impl_shape_matrix.rs:127210:1
       |
127210 | struct __jet__shome_snate_sProjects_sGithub_sjet_sexamples_sfeatures_straits_c_cimpl_ushape_umatrix_djet_c_cDisplayDebugOwner {
       | ^^^^^^^^^^^^^^^^^^^^^^^^^^^^^^^^^^^^^^^^^^^^^^^^^^^^^^^^^^^^^^^^^^^^^^^^^^^^^^^^^^^^^^^^^^^^^^^^^^^^^^^^^^^^^^^^^^^^^^^^^^^^^
help: this trait has no implementations, consider adding one
      --> /jet/build/impl_shape_matrix.rs:127315:1
       |
127315 | pub trait __jet_Printable {
       | ^^^^^^^^^^^^^^^^^^^^^^^^^
note: required by a bound in `__jet__shome_snate_sProjects_sGithub_sjet_sexamples_sfeatures_straits_c_cimpl_ushape_umatrix_djet_c_cGenericOwner`
      --> /jet/build/impl_shape_matrix.rs:127223:131
       |
127223 | ...hape_umatrix_djet_c_cGenericOwner<__jet_T: __jet_Printable> {
       |                                               ^^^^^^^^^^^^^^^ required by this bound in `__jet__shome_snate_sProjects_sGithub_sjet_sexamples_sfeatures_straits_c_cimpl_ushape_umatrix_djet_c_cGenericOwner`

error[E0277]: the trait bound `__jet__shome_snate_sProjects_sGithub_sjet_sexamples_sfeatures_straits_c_cimpl_ushape_umatrix_djet_c_cDisplayDebugOwner: __jet_Printable` is not satisfied
      --> /jet/build/impl_shape_matrix.rs:133031:110
       |
133031 | ...).expect("MIR value"), __jet_v_16673277125479819892.take().expect("MIR value")));
       |                           ^^^^^^^^^^^^^^^^^^^^^^^^^^^^^^^^^^^^^^^^^^^^^^^^^^^^^^^ unsatisfied trait bound
       |
help: the trait `__jet_Printable` is not implemented for `__jet__shome_snate_sProjects_sGithub_sjet_sexamples_sfeatures_straits_c_cimpl_ushape_umatrix_djet_c_cDisplayDebugOwner`
      --> /jet/build/impl_shape_matrix.rs:127210:1
       |
127210 | struct __jet__shome_snate_sProjects_sGithub_sjet_sexamples_sfeatures_straits_c_cimpl_ushape_umatrix_djet_c_cDisplayDebugOwner {
       | ^^^^^^^^^^^^^^^^^^^^^^^^^^^^^^^^^^^^^^^^^^^^^^^^^^^^^^^^^^^^^^^^^^^^^^^^^^^^^^^^^^^^^^^^^^^^^^^^^^^^^^^^^^^^^^^^^^^^^^^^^^^^^
help: this trait has no implementations, consider adding one
      --> /jet/build/impl_shape_matrix.rs:127315:1
       |
127315 | pub trait __jet_Printable {
       | ^^^^^^^^^^^^^^^^^^^^^^^^^
note: required by a bound in `__jet__shome_snate_sProjects_sGithub_sjet_sexamples_sfeatures_straits_c_cimpl_ushape_umatrix_djet_c_cGenericOwner`
      --> /jet/build/impl_shape_matrix.rs:127223:131
       |
127223 | ...hape_umatrix_djet_c_cGenericOwner<__jet_T: __jet_Printable> {
       |                                               ^^^^^^^^^^^^^^^ required by this bound in `__jet__shome_snate_sProjects_sGithub_sjet_sexamples_sfeatures_straits_c_cimpl_ushape_umatrix_djet_c_cGenericOwner`

error[E0277]: the trait bound `__jet__shome_snate_sProjects_sGithub_sjet_sexamples_sfeatures_straits_c_cimpl_ushape_umatrix_djet_c_cDisplayDebugOwner: __jet_Printable` is not satisfied
      --> /jet/build/impl_shape_matrix.rs:133031:47
       |
133031 | ...   __jet_v_3328577008794215055 = Some((__jet_v_17513206167703365189.take().expect("MIR value"), __jet_v_16673277125479819892....
       |                                     ^^^^ unsatisfied trait bound
       |
help: the trait `__jet_Printable` is not implemented for `__jet__shome_snate_sProjects_sGithub_sjet_sexamples_sfeatures_straits_c_cimpl_ushape_umatrix_djet_c_cDisplayDebugOwner`
      --> /jet/build/impl_shape_matrix.rs:127210:1
       |
127210 | struct __jet__shome_snate_sProjects_sGithub_sjet_sexamples_sfeatures_straits_c_cimpl_ushape_umatrix_djet_c_cDisplayDebugOwner {
       | ^^^^^^^^^^^^^^^^^^^^^^^^^^^^^^^^^^^^^^^^^^^^^^^^^^^^^^^^^^^^^^^^^^^^^^^^^^^^^^^^^^^^^^^^^^^^^^^^^^^^^^^^^^^^^^^^^^^^^^^^^^^^^
help: this trait has no implementations, consider adding one
      --> /jet/build/impl_shape_matrix.rs:127315:1
       |
127315 | pub trait __jet_Printable {
       | ^^^^^^^^^^^^^^^^^^^^^^^^^
note: required by a bound in `__jet__shome_snate_sProjects_sGithub_sjet_sexamples_sfeatures_straits_c_cimpl_ushape_umatrix_djet_c_cGenericOwner`
      --> /jet/build/impl_shape_matrix.rs:127223:131
       |
127223 | ...hape_umatrix_djet_c_cGenericOwner<__jet_T: __jet_Printable> {
       |                                               ^^^^^^^^^^^^^^^ required by this bound in `__jet__shome_snate_sProjects_sGithub_sjet_sexamples_sfeatures_straits_c_cimpl_ushape_umatrix_djet_c_cGenericOwner`

error[E0277]: the trait bound `__jet__shome_snate_sProjects_sGithub_sjet_sexamples_sfeatures_straits_c_cimpl_ushape_umatrix_djet_c_cDisplayDebugOwner: __jet_Printable` is not satisfied
      --> /jet/build/impl_shape_matrix.rs:133031:47
       |
133031 | ... = Some((__jet_v_17513206167703365189.take().expect("MIR value"), __jet_v_16673277125479819892.take().expect("MIR value")));
       |       ^^^^^^^^^^^^^^^^^^^^^^^^^^^^^^^^^^^^^^^^^^^^^^^^^^^^^^^^^^^^^^^^^^^^^^^^^^^^^^^^^^^^^^^^^^^^^^^^^^^^^^^^^^^^^^^^^^^^^^^^ unsatisfied trait bound
       |
help: the trait `__jet_Printable` is not implemented for `__jet__shome_snate_sProjects_sGithub_sjet_sexamples_sfeatures_straits_c_cimpl_ushape_umatrix_djet_c_cDisplayDebugOwner`
      --> /jet/build/impl_shape_matrix.rs:127210:1
       |
127210 | struct __jet__shome_snate_sProjects_sGithub_sjet_sexamples_sfeatures_straits_c_cimpl_ushape_umatrix_djet_c_cDisplayDebugOwner {
       | ^^^^^^^^^^^^^^^^^^^^^^^^^^^^^^^^^^^^^^^^^^^^^^^^^^^^^^^^^^^^^^^^^^^^^^^^^^^^^^^^^^^^^^^^^^^^^^^^^^^^^^^^^^^^^^^^^^^^^^^^^^^^^
help: this trait has no implementations, consider adding one
      --> /jet/build/impl_shape_matrix.rs:127315:1
       |
127315 | pub trait __jet_Printable {
       | ^^^^^^^^^^^^^^^^^^^^^^^^^
note: required by a bound in `__jet__shome_snate_sProjects_sGithub_sjet_sexamples_sfeatures_straits_c_cimpl_ushape_umatrix_djet_c_cGenericOwner`
      --> /jet/build/impl_shape_matrix.rs:127223:131
       |
127223 | ...hape_umatrix_djet_c_cGenericOwner<__jet_T: __jet_Printable> {
       |                                               ^^^^^^^^^^^^^^^ required by this bound in `__jet__shome_snate_sProjects_sGithub_sjet_sexamples_sfeatures_straits_c_cimpl_ushape_umatrix_djet_c_cGenericOwner`

error[E0277]: the trait bound `__jet__shome_snate_sProjects_sGithub_sjet_sexamples_sfeatures_straits_c_cimpl_ushape_umatrix_djet_c_cDisplayDebugOwner: __jet_Printable` is not satisfied
      --> /jet/build/impl_shape_matrix.rs:133032:52
       |
133032 |                 __jet_l_7558517867557400085 = Some(__jet_v_3328577008794215055.take().expect("MIR value"));
       |                                                    ^^^^^^^^^^^^^^^^^^^^^^^^^^^^^^^^^^ unsatisfied trait bound
       |
help: the trait `__jet_Printable` is not implemented for `__jet__shome_snate_sProjects_sGithub_sjet_sexamples_sfeatures_straits_c_cimpl_ushape_umatrix_djet_c_cDisplayDebugOwner`
      --> /jet/build/impl_shape_matrix.rs:127210:1
       |
127210 | struct __jet__shome_snate_sProjects_sGithub_sjet_sexamples_sfeatures_straits_c_cimpl_ushape_umatrix_djet_c_cDisplayDebugOwner {
       | ^^^^^^^^^^^^^^^^^^^^^^^^^^^^^^^^^^^^^^^^^^^^^^^^^^^^^^^^^^^^^^^^^^^^^^^^^^^^^^^^^^^^^^^^^^^^^^^^^^^^^^^^^^^^^^^^^^^^^^^^^^^^^
help: this trait has no implementations, consider adding one
      --> /jet/build/impl_shape_matrix.rs:127315:1
       |
127315 | pub trait __jet_Printable {
       | ^^^^^^^^^^^^^^^^^^^^^^^^^
note: required by a bound in `__jet__shome_snate_sProjects_sGithub_sjet_sexamples_sfeatures_straits_c_cimpl_ushape_umatrix_djet_c_cGenericOwner`
      --> /jet/build/impl_shape_matrix.rs:127223:131
       |
127223 | ...hape_umatrix_djet_c_cGenericOwner<__jet_T: __jet_Printable> {
       |                                               ^^^^^^^^^^^^^^^ required by this bound in `__jet__shome_snate_sProjects_sGithub_sjet_sexamples_sfeatures_straits_c_cimpl_ushape_umatrix_djet_c_cGenericOwner`

error[E0277]: the trait bound `__jet__shome_snate_sProjects_sGithub_sjet_sexamples_sfeatures_straits_c_cimpl_ushape_umatrix_djet_c_cDisplayDebugOwner: __jet_Printable` is not satisfied
      --> /jet/build/impl_shape_matrix.rs:133032:52
       |
133032 |                 __jet_l_7558517867557400085 = Some(__jet_v_3328577008794215055.take().expect("MIR value"));
       |                                                    ^^^^^^^^^^^^^^^^^^^^^^^^^^^^^^^^^^^^^^^^^^^^^^^^^^^^^^ unsatisfied trait bound
       |
help: the trait `__jet_Printable` is not implemented for `__jet__shome_snate_sProjects_sGithub_sjet_sexamples_sfeatures_straits_c_cimpl_ushape_umatrix_djet_c_cDisplayDebugOwner`
      --> /jet/build/impl_shape_matrix.rs:127210:1
       |
127210 | struct __jet__shome_snate_sProjects_sGithub_sjet_sexamples_sfeatures_straits_c_cimpl_ushape_umatrix_djet_c_cDisplayDebugOwner {
       | ^^^^^^^^^^^^^^^^^^^^^^^^^^^^^^^^^^^^^^^^^^^^^^^^^^^^^^^^^^^^^^^^^^^^^^^^^^^^^^^^^^^^^^^^^^^^^^^^^^^^^^^^^^^^^^^^^^^^^^^^^^^^^
help: this trait has no implementations, consider adding one
      --> /jet/build/impl_shape_matrix.rs:127315:1
       |
127315 | pub trait __jet_Printable {
       | ^^^^^^^^^^^^^^^^^^^^^^^^^
note: required by a bound in `__jet__shome_snate_sProjects_sGithub_sjet_sexamples_sfeatures_straits_c_cimpl_ushape_umatrix_djet_c_cGenericOwner`
      --> /jet/build/impl_shape_matrix.rs:127223:131
       |
127223 | ...hape_umatrix_djet_c_cGenericOwner<__jet_T: __jet_Printable> {
       |                                               ^^^^^^^^^^^^^^^ required by this bound in `__jet__shome_snate_sProjects_sGithub_sjet_sexamples_sfeatures_straits_c_cimpl_ushape_umatrix_djet_c_cGenericOwner`

error[E0277]: the trait bound `__jet__shome_snate_sProjects_sGithub_sjet_sexamples_sfeatures_straits_c_cimpl_ushape_umatrix_djet_c_cDisplayDebugOwner: __jet_Printable` is not satisfied
      --> /jet/build/impl_shape_matrix.rs:133032:47
       |
133032 |                 __jet_l_7558517867557400085 = Some(__jet_v_3328577008794215055.take().expect("MIR value"));
       |                                               ^^^^ unsatisfied trait bound
       |
help: the trait `__jet_Printable` is not implemented for `__jet__shome_snate_sProjects_sGithub_sjet_sexamples_sfeatures_straits_c_cimpl_ushape_umatrix_djet_c_cDisplayDebugOwner`
      --> /jet/build/impl_shape_matrix.rs:127210:1
       |
127210 | struct __jet__shome_snate_sProjects_sGithub_sjet_sexamples_sfeatures_straits_c_cimpl_ushape_umatrix_djet_c_cDisplayDebugOwner {
       | ^^^^^^^^^^^^^^^^^^^^^^^^^^^^^^^^^^^^^^^^^^^^^^^^^^^^^^^^^^^^^^^^^^^^^^^^^^^^^^^^^^^^^^^^^^^^^^^^^^^^^^^^^^^^^^^^^^^^^^^^^^^^^
help: this trait has no implementations, consider adding one
      --> /jet/build/impl_shape_matrix.rs:127315:1
       |
127315 | pub trait __jet_Printable {
       | ^^^^^^^^^^^^^^^^^^^^^^^^^
note: required by a bound in `__jet__shome_snate_sProjects_sGithub_sjet_sexamples_sfeatures_straits_c_cimpl_ushape_umatrix_djet_c_cGenericOwner`
      --> /jet/build/impl_shape_matrix.rs:127223:131
       |
127223 | ...hape_umatrix_djet_c_cGenericOwner<__jet_T: __jet_Printable> {
       |                                               ^^^^^^^^^^^^^^^ required by this bound in `__jet__shome_snate_sProjects_sGithub_sjet_sexamples_sfeatures_straits_c_cimpl_ushape_umatrix_djet_c_cGenericOwner`

error[E0277]: the trait bound `__jet__shome_snate_sProjects_sGithub_sjet_sexamples_sfeatures_straits_c_cimpl_ushape_umatrix_djet_c_cDisplayDebugOwner: __jet_Printable` is not satisfied
      --> /jet/build/impl_shape_matrix.rs:133032:47
       |
133032 |                 __jet_l_7558517867557400085 = Some(__jet_v_3328577008794215055.take().expect("MIR value"));
       |                                               ^^^^^^^^^^^^^^^^^^^^^^^^^^^^^^^^^^^^^^^^^^^^^^^^^^^^^^^^^^^^ unsatisfied trait bound
       |
help: the trait `__jet_Printable` is not implemented for `__jet__shome_snate_sProjects_sGithub_sjet_sexamples_sfeatures_straits_c_cimpl_ushape_umatrix_djet_c_cDisplayDebugOwner`
      --> /jet/build/impl_shape_matrix.rs:127210:1
       |
127210 | struct __jet__shome_snate_sProjects_sGithub_sjet_sexamples_sfeatures_straits_c_cimpl_ushape_umatrix_djet_c_cDisplayDebugOwner {
       | ^^^^^^^^^^^^^^^^^^^^^^^^^^^^^^^^^^^^^^^^^^^^^^^^^^^^^^^^^^^^^^^^^^^^^^^^^^^^^^^^^^^^^^^^^^^^^^^^^^^^^^^^^^^^^^^^^^^^^^^^^^^^^
help: this trait has no implementations, consider adding one
      --> /jet/build/impl_shape_matrix.rs:127315:1
       |
127315 | pub trait __jet_Printable {
       | ^^^^^^^^^^^^^^^^^^^^^^^^^
note: required by a bound in `__jet__shome_snate_sProjects_sGithub_sjet_sexamples_sfeatures_straits_c_cimpl_ushape_umatrix_djet_c_cGenericOwner`
      --> /jet/build/impl_shape_matrix.rs:127223:131
       |
127223 | ...hape_umatrix_djet_c_cGenericOwner<__jet_T: __jet_Printable> {
       |                                               ^^^^^^^^^^^^^^^ required by this bound in `__jet__shome_snate_sProjects_sGithub_sjet_sexamples_sfeatures_straits_c_cimpl_ushape_umatrix_djet_c_cGenericOwner`

error[E0277]: the trait bound `__jet__shome_snate_sProjects_sGithub_sjet_sexamples_sfeatures_straits_c_cimpl_ushape_umatrix_djet_c_cDisplayDebugOwner: __jet_Printable` is not satisfied
      --> /jet/build/impl_shape_matrix.rs:133033:68
       |
133033 |                 __jet_v_6679782491550949325 = Some(jet_fmt_display(__jet_l_15508935606792645896.as_ref().expect("MIR local")));
       |                                                                    ^^^^^^^^^^^^^^^^^^^^^^^^^^^^^^^^^^^^^ unsatisfied trait bound
       |
help: the trait `__jet_Printable` is not implemented for `__jet__shome_snate_sProjects_sGithub_sjet_sexamples_sfeatures_straits_c_cimpl_ushape_umatrix_djet_c_cDisplayDebugOwner`
      --> /jet/build/impl_shape_matrix.rs:127210:1
       |
127210 | struct __jet__shome_snate_sProjects_sGithub_sjet_sexamples_sfeatures_straits_c_cimpl_ushape_umatrix_djet_c_cDisplayDebugOwner {
       | ^^^^^^^^^^^^^^^^^^^^^^^^^^^^^^^^^^^^^^^^^^^^^^^^^^^^^^^^^^^^^^^^^^^^^^^^^^^^^^^^^^^^^^^^^^^^^^^^^^^^^^^^^^^^^^^^^^^^^^^^^^^^^
help: this trait has no implementations, consider adding one
      --> /jet/build/impl_shape_matrix.rs:127315:1
       |
127315 | pub trait __jet_Printable {
       | ^^^^^^^^^^^^^^^^^^^^^^^^^
note: required by a bound in `__jet__shome_snate_sProjects_sGithub_sjet_sexamples_sfeatures_straits_c_cimpl_ushape_umatrix_djet_c_cGenericOwner`
      --> /jet/build/impl_shape_matrix.rs:127223:131
       |
127223 | ...hape_umatrix_djet_c_cGenericOwner<__jet_T: __jet_Printable> {
       |                                               ^^^^^^^^^^^^^^^ required by this bound in `__jet__shome_snate_sProjects_sGithub_sjet_sexamples_sfeatures_straits_c_cimpl_ushape_umatrix_djet_c_cGenericOwner`

error[E0277]: the trait bound `__jet__shome_snate_sProjects_sGithub_sjet_sexamples_sfeatures_straits_c_cimpl_ushape_umatrix_djet_c_cDisplayDebugOwner: __jet_Printable` is not satisfied
      --> /jet/build/impl_shape_matrix.rs:133033:68
       |
133033 |                 __jet_v_6679782491550949325 = Some(jet_fmt_display(__jet_l_15508935606792645896.as_ref().expect("MIR local")));
       |                                                                    ^^^^^^^^^^^^^^^^^^^^^^^^^^^^^^^^^^^^^^^^^^^^^^^^^^^^^^^^^ unsatisfied trait bound
       |
help: the trait `__jet_Printable` is not implemented for `__jet__shome_snate_sProjects_sGithub_sjet_sexamples_sfeatures_straits_c_cimpl_ushape_umatrix_djet_c_cDisplayDebugOwner`
      --> /jet/build/impl_shape_matrix.rs:127210:1
       |
127210 | struct __jet__shome_snate_sProjects_sGithub_sjet_sexamples_sfeatures_straits_c_cimpl_ushape_umatrix_djet_c_cDisplayDebugOwner {
       | ^^^^^^^^^^^^^^^^^^^^^^^^^^^^^^^^^^^^^^^^^^^^^^^^^^^^^^^^^^^^^^^^^^^^^^^^^^^^^^^^^^^^^^^^^^^^^^^^^^^^^^^^^^^^^^^^^^^^^^^^^^^^^
help: this trait has no implementations, consider adding one
      --> /jet/build/impl_shape_matrix.rs:127315:1
       |
127315 | pub trait __jet_Printable {
       | ^^^^^^^^^^^^^^^^^^^^^^^^^
note: required by a bound in `__jet__shome_snate_sProjects_sGithub_sjet_sexamples_sfeatures_straits_c_cimpl_ushape_umatrix_djet_c_cGenericOwner`
      --> /jet/build/impl_shape_matrix.rs:127223:131
       |
127223 | ...hape_umatrix_djet_c_cGenericOwner<__jet_T: __jet_Printable> {
       |                                               ^^^^^^^^^^^^^^^ required by this bound in `__jet__shome_snate_sProjects_sGithub_sjet_sexamples_sfeatures_straits_c_cimpl_ushape_umatrix_djet_c_cGenericOwner`

error[E0277]: the trait bound `__jet__shome_snate_sProjects_sGithub_sjet_sexamples_sfeatures_straits_c_cimpl_ushape_umatrix_djet_c_cGenericOwner<...>: JetDisplay` is not satisfied
      --> /jet/build/impl_shape_matrix.rs:133033:68
       |
133033 |                 __jet_v_6679782491550949325 = Some(jet_fmt_display(__jet_l_15508935606792645896.as_ref().expect("MIR local")));
       |                                                    --------------- ^^^^^^^^^^^^^^^^^^^^^^^^^^^^^^^^^^^^^^^^^^^^^^^^^^^^^^^^^ unsatisfied trait bound
       |                                                    |
       |                                                    required by a bound introduced by this call
       |
help: the trait `JetDisplay` is not implemented for `__jet__shome_snate_sProjects_sGithub_sjet_sexamples_sfeatures_straits_c_cimpl_ushape_umatrix_djet_c_cGenericOwner<...>`
      --> /jet/build/impl_shape_matrix.rs:127223:1
       |
127223 | struct __jet__shome_snate_sProjects_sGithub_sjet_sexamples_sfeatures_straits_c_cimpl_ushape_umatrix_djet_c_cGenericOwner<__jet_T: __jet_Printable> {
       | ^^^^^^^^^^^^^^^^^^^^^^^^^^^^^^^^^^^^^^^^^^^^^^^^^^^^^^^^^^^^^^^^^^^^^^^^^^^^^^^^^^^^^^^^^^^^^^^^^^^^^^^^^^^^^^^^^^^^^^^^^^^^^^^^^^^^^^^^^^^^^^^^^^
       = help: the following other types implement trait `JetDisplay`:
                 &T
                 AllocError
                 BTreeMap<K, V>
                 BTreeSet<T>
                 BinaryHeap<T>
                 DBError
                 DBValue
                 DataError
               and 94 others
note: required for `Vec<...>` to implement `JetDisplay`
      --> /jet/build/impl_shape_matrix.rs:19346:21
       |
 19346 | impl<T: JetDisplay> JetDisplay for Vec<T> {
       |         ----------  ^^^^^^^^^^     ^^^^^^
       |         |
       |         unsatisfied trait bound introduced here
note: required by a bound in `jet_fmt_display`
      --> /jet/build/impl_shape_matrix.rs:18736:23
       |
 18736 | fn jet_fmt_display<T: JetDisplay + ?Sized>(value: &T) -> String {
       |                       ^^^^^^^^^^ required by this bound in `jet_fmt_display`
       = note: the full name for the type has been written to 'build/.work.impl_shape_matrix.2237217/impl_shape_matrix.long-type-9898009968451341708.txt'
       = note: consider using `--verbose` to print the full type name to the console

error[E0277]: the trait bound `__jet__shome_snate_sProjects_sGithub_sjet_sexamples_sfeatures_straits_c_cimpl_ushape_umatrix_djet_c_cDisplayDebugOwner: __jet_Printable` is not satisfied
      --> /jet/build/impl_shape_matrix.rs:133033:52
       |
133033 |                 __jet_v_6679782491550949325 = Some(jet_fmt_display(__jet_l_15508935606792645896.as_ref().expect("MIR local")));
       |                                                    ^^^^^^^^^^^^^^^ unsatisfied trait bound
       |
help: the trait `__jet_Printable` is not implemented for `__jet__shome_snate_sProjects_sGithub_sjet_sexamples_sfeatures_straits_c_cimpl_ushape_umatrix_djet_c_cDisplayDebugOwner`
      --> /jet/build/impl_shape_matrix.rs:127210:1
       |
127210 | struct __jet__shome_snate_sProjects_sGithub_sjet_sexamples_sfeatures_straits_c_cimpl_ushape_umatrix_djet_c_cDisplayDebugOwner {
       | ^^^^^^^^^^^^^^^^^^^^^^^^^^^^^^^^^^^^^^^^^^^^^^^^^^^^^^^^^^^^^^^^^^^^^^^^^^^^^^^^^^^^^^^^^^^^^^^^^^^^^^^^^^^^^^^^^^^^^^^^^^^^^
help: this trait has no implementations, consider adding one
      --> /jet/build/impl_shape_matrix.rs:127315:1
       |
127315 | pub trait __jet_Printable {
       | ^^^^^^^^^^^^^^^^^^^^^^^^^
note: required by a bound in `__jet__shome_snate_sProjects_sGithub_sjet_sexamples_sfeatures_straits_c_cimpl_ushape_umatrix_djet_c_cGenericOwner`
      --> /jet/build/impl_shape_matrix.rs:127223:131
       |
127223 | ...hape_umatrix_djet_c_cGenericOwner<__jet_T: __jet_Printable> {
       |                                               ^^^^^^^^^^^^^^^ required by this bound in `__jet__shome_snate_sProjects_sGithub_sjet_sexamples_sfeatures_straits_c_cimpl_ushape_umatrix_djet_c_cGenericOwner`

error[E0277]: the trait bound `__jet__shome_snate_sProjects_sGithub_sjet_sexamples_sfeatures_straits_c_cimpl_ushape_umatrix_djet_c_cDisplayDebugOwner: __jet_Printable` is not satisfied
      --> /jet/build/impl_shape_matrix.rs:133034:69
       |
133034 |                 __jet_v_16277840557491883776 = Some(jet_fmt_display(__jet_l_5163473685819706357.as_ref().expect("MIR local")));
       |                                                                     ^^^^^^^^^^^^^^^^^^^^^^^^^^^^^^^^^^^^ unsatisfied trait bound
       |
help: the trait `__jet_Printable` is not implemented for `__jet__shome_snate_sProjects_sGithub_sjet_sexamples_sfeatures_straits_c_cimpl_ushape_umatrix_djet_c_cDisplayDebugOwner`
      --> /jet/build/impl_shape_matrix.rs:127210:1
       |
127210 | struct __jet__shome_snate_sProjects_sGithub_sjet_sexamples_sfeatures_straits_c_cimpl_ushape_umatrix_djet_c_cDisplayDebugOwner {
       | ^^^^^^^^^^^^^^^^^^^^^^^^^^^^^^^^^^^^^^^^^^^^^^^^^^^^^^^^^^^^^^^^^^^^^^^^^^^^^^^^^^^^^^^^^^^^^^^^^^^^^^^^^^^^^^^^^^^^^^^^^^^^^
help: this trait has no implementations, consider adding one
      --> /jet/build/impl_shape_matrix.rs:127315:1
       |
127315 | pub trait __jet_Printable {
       | ^^^^^^^^^^^^^^^^^^^^^^^^^
note: required by a bound in `__jet__shome_snate_sProjects_sGithub_sjet_sexamples_sfeatures_straits_c_cimpl_ushape_umatrix_djet_c_cGenericOwner`
      --> /jet/build/impl_shape_matrix.rs:127223:131
       |
127223 | ...hape_umatrix_djet_c_cGenericOwner<__jet_T: __jet_Printable> {
       |                                               ^^^^^^^^^^^^^^^ required by this bound in `__jet__shome_snate_sProjects_sGithub_sjet_sexamples_sfeatures_straits_c_cimpl_ushape_umatrix_djet_c_cGenericOwner`

error[E0277]: the trait bound `__jet__shome_snate_sProjects_sGithub_sjet_sexamples_sfeatures_straits_c_cimpl_ushape_umatrix_djet_c_cDisplayDebugOwner: __jet_Printable` is not satisfied
      --> /jet/build/impl_shape_matrix.rs:133034:69
       |
133034 |                 __jet_v_16277840557491883776 = Some(jet_fmt_display(__jet_l_5163473685819706357.as_ref().expect("MIR local")));
       |                                                                     ^^^^^^^^^^^^^^^^^^^^^^^^^^^^^^^^^^^^^^^^^^^^^^^^^^^^^^^^ unsatisfied trait bound
       |
help: the trait `__jet_Printable` is not implemented for `__jet__shome_snate_sProjects_sGithub_sjet_sexamples_sfeatures_straits_c_cimpl_ushape_umatrix_djet_c_cDisplayDebugOwner`
      --> /jet/build/impl_shape_matrix.rs:127210:1
       |
127210 | struct __jet__shome_snate_sProjects_sGithub_sjet_sexamples_sfeatures_straits_c_cimpl_ushape_umatrix_djet_c_cDisplayDebugOwner {
       | ^^^^^^^^^^^^^^^^^^^^^^^^^^^^^^^^^^^^^^^^^^^^^^^^^^^^^^^^^^^^^^^^^^^^^^^^^^^^^^^^^^^^^^^^^^^^^^^^^^^^^^^^^^^^^^^^^^^^^^^^^^^^^
help: this trait has no implementations, consider adding one
      --> /jet/build/impl_shape_matrix.rs:127315:1
       |
127315 | pub trait __jet_Printable {
       | ^^^^^^^^^^^^^^^^^^^^^^^^^
note: required by a bound in `__jet__shome_snate_sProjects_sGithub_sjet_sexamples_sfeatures_straits_c_cimpl_ushape_umatrix_djet_c_cGenericOwner`
      --> /jet/build/impl_shape_matrix.rs:127223:131
       |
127223 | ...hape_umatrix_djet_c_cGenericOwner<__jet_T: __jet_Printable> {
       |                                               ^^^^^^^^^^^^^^^ required by this bound in `__jet__shome_snate_sProjects_sGithub_sjet_sexamples_sfeatures_straits_c_cimpl_ushape_umatrix_djet_c_cGenericOwner`

error[E0277]: the trait bound `__jet__shome_snate_sProjects_sGithub_sjet_sexamples_sfeatures_straits_c_cimpl_ushape_umatrix_djet_c_cGenericOwner<...>: JetDisplay` is not satisfied
      --> /jet/build/impl_shape_matrix.rs:133034:69
       |
133034 |                 __jet_v_16277840557491883776 = Some(jet_fmt_display(__jet_l_5163473685819706357.as_ref().expect("MIR local")));
       |                                                     --------------- ^^^^^^^^^^^^^^^^^^^^^^^^^^^^^^^^^^^^^^^^^^^^^^^^^^^^^^^^ unsatisfied trait bound
       |                                                     |
       |                                                     required by a bound introduced by this call
       |
help: the trait `JetDisplay` is not implemented for `__jet__shome_snate_sProjects_sGithub_sjet_sexamples_sfeatures_straits_c_cimpl_ushape_umatrix_djet_c_cGenericOwner<...>`
      --> /jet/build/impl_shape_matrix.rs:127223:1
       |
127223 | struct __jet__shome_snate_sProjects_sGithub_sjet_sexamples_sfeatures_straits_c_cimpl_ushape_umatrix_djet_c_cGenericOwner<__jet_T: __jet_Printable> {
       | ^^^^^^^^^^^^^^^^^^^^^^^^^^^^^^^^^^^^^^^^^^^^^^^^^^^^^^^^^^^^^^^^^^^^^^^^^^^^^^^^^^^^^^^^^^^^^^^^^^^^^^^^^^^^^^^^^^^^^^^^^^^^^^^^^^^^^^^^^^^^^^^^^^
       = help: the following other types implement trait `JetDisplay`:
                 &T
                 AllocError
                 BTreeMap<K, V>
                 BTreeSet<T>
                 BinaryHeap<T>
                 DBError
                 DBValue
                 DataError
               and 94 others
note: required for `JetMap<String, ...>` to implement `JetDisplay`
      --> /jet/build/impl_shape_matrix.rs:19113:42
       |
 19113 | impl<K: Ord + JetDisplay, V: JetDisplay> JetDisplay for JetMap<K, V> {
       |                              ----------  ^^^^^^^^^^     ^^^^^^^^^^^^
       |                              |
       |                              unsatisfied trait bound introduced here
note: required by a bound in `jet_fmt_display`
      --> /jet/build/impl_shape_matrix.rs:18736:23
       |
 18736 | fn jet_fmt_display<T: JetDisplay + ?Sized>(value: &T) -> String {
       |                       ^^^^^^^^^^ required by this bound in `jet_fmt_display`
       = note: the full name for the type has been written to 'build/.work.impl_shape_matrix.2237217/impl_shape_matrix.long-type-9898009968451341708.txt'
       = note: consider using `--verbose` to print the full type name to the console

error[E0277]: the trait bound `__jet__shome_snate_sProjects_sGithub_sjet_sexamples_sfeatures_straits_c_cimpl_ushape_umatrix_djet_c_cDisplayDebugOwner: __jet_Printable` is not satisfied
      --> /jet/build/impl_shape_matrix.rs:133034:53
       |
133034 |                 __jet_v_16277840557491883776 = Some(jet_fmt_display(__jet_l_5163473685819706357.as_ref().expect("MIR local")));
       |                                                     ^^^^^^^^^^^^^^^ unsatisfied trait bound
       |
help: the trait `__jet_Printable` is not implemented for `__jet__shome_snate_sProjects_sGithub_sjet_sexamples_sfeatures_straits_c_cimpl_ushape_umatrix_djet_c_cDisplayDebugOwner`
      --> /jet/build/impl_shape_matrix.rs:127210:1
       |
127210 | struct __jet__shome_snate_sProjects_sGithub_sjet_sexamples_sfeatures_straits_c_cimpl_ushape_umatrix_djet_c_cDisplayDebugOwner {
       | ^^^^^^^^^^^^^^^^^^^^^^^^^^^^^^^^^^^^^^^^^^^^^^^^^^^^^^^^^^^^^^^^^^^^^^^^^^^^^^^^^^^^^^^^^^^^^^^^^^^^^^^^^^^^^^^^^^^^^^^^^^^^^
help: this trait has no implementations, consider adding one
      --> /jet/build/impl_shape_matrix.rs:127315:1
       |
127315 | pub trait __jet_Printable {
       | ^^^^^^^^^^^^^^^^^^^^^^^^^
note: required by a bound in `__jet__shome_snate_sProjects_sGithub_sjet_sexamples_sfeatures_straits_c_cimpl_ushape_umatrix_djet_c_cGenericOwner`
      --> /jet/build/impl_shape_matrix.rs:127223:131
       |
127223 | ...hape_umatrix_djet_c_cGenericOwner<__jet_T: __jet_Printable> {
       |                                               ^^^^^^^^^^^^^^^ required by this bound in `__jet__shome_snate_sProjects_sGithub_sjet_sexamples_sfeatures_straits_c_cimpl_ushape_umatrix_djet_c_cGenericOwner`

error[E0277]: the trait bound `__jet__shome_snate_sProjects_sGithub_sjet_sexamples_sfeatures_straits_c_cimpl_ushape_umatrix_djet_c_cDisplayDebugOwner: __jet_Printable` is not satisfied
      --> /jet/build/impl_shape_matrix.rs:133035:69
       |
133035 |                 __jet_v_18273731066085559406 = Some(jet_fmt_display(__jet_l_7558517867557400085.as_ref().expect("MIR local")));
       |                                                                     ^^^^^^^^^^^^^^^^^^^^^^^^^^^^^^^^^^^^ unsatisfied trait bound
       |
help: the trait `__jet_Printable` is not implemented for `__jet__shome_snate_sProjects_sGithub_sjet_sexamples_sfeatures_straits_c_cimpl_ushape_umatrix_djet_c_cDisplayDebugOwner`
      --> /jet/build/impl_shape_matrix.rs:127210:1
       |
127210 | struct __jet__shome_snate_sProjects_sGithub_sjet_sexamples_sfeatures_straits_c_cimpl_ushape_umatrix_djet_c_cDisplayDebugOwner {
       | ^^^^^^^^^^^^^^^^^^^^^^^^^^^^^^^^^^^^^^^^^^^^^^^^^^^^^^^^^^^^^^^^^^^^^^^^^^^^^^^^^^^^^^^^^^^^^^^^^^^^^^^^^^^^^^^^^^^^^^^^^^^^^
help: this trait has no implementations, consider adding one
      --> /jet/build/impl_shape_matrix.rs:127315:1
       |
127315 | pub trait __jet_Printable {
       | ^^^^^^^^^^^^^^^^^^^^^^^^^
note: required by a bound in `__jet__shome_snate_sProjects_sGithub_sjet_sexamples_sfeatures_straits_c_cimpl_ushape_umatrix_djet_c_cGenericOwner`
      --> /jet/build/impl_shape_matrix.rs:127223:131
       |
127223 | ...hape_umatrix_djet_c_cGenericOwner<__jet_T: __jet_Printable> {
       |                                               ^^^^^^^^^^^^^^^ required by this bound in `__jet__shome_snate_sProjects_sGithub_sjet_sexamples_sfeatures_straits_c_cimpl_ushape_umatrix_djet_c_cGenericOwner`

error[E0277]: the trait bound `__jet__shome_snate_sProjects_sGithub_sjet_sexamples_sfeatures_straits_c_cimpl_ushape_umatrix_djet_c_cDisplayDebugOwner: __jet_Printable` is not satisfied
      --> /jet/build/impl_shape_matrix.rs:133035:69
       |
133035 |                 __jet_v_18273731066085559406 = Some(jet_fmt_display(__jet_l_7558517867557400085.as_ref().expect("MIR local")));
       |                                                                     ^^^^^^^^^^^^^^^^^^^^^^^^^^^^^^^^^^^^^^^^^^^^^^^^^^^^^^^^ unsatisfied trait bound
       |
help: the trait `__jet_Printable` is not implemented for `__jet__shome_snate_sProjects_sGithub_sjet_sexamples_sfeatures_straits_c_cimpl_ushape_umatrix_djet_c_cDisplayDebugOwner`
      --> /jet/build/impl_shape_matrix.rs:127210:1
       |
127210 | struct __jet__shome_snate_sProjects_sGithub_sjet_sexamples_sfeatures_straits_c_cimpl_ushape_umatrix_djet_c_cDisplayDebugOwner {
       | ^^^^^^^^^^^^^^^^^^^^^^^^^^^^^^^^^^^^^^^^^^^^^^^^^^^^^^^^^^^^^^^^^^^^^^^^^^^^^^^^^^^^^^^^^^^^^^^^^^^^^^^^^^^^^^^^^^^^^^^^^^^^^
help: this trait has no implementations, consider adding one
      --> /jet/build/impl_shape_matrix.rs:127315:1
       |
127315 | pub trait __jet_Printable {
       | ^^^^^^^^^^^^^^^^^^^^^^^^^
note: required by a bound in `__jet__shome_snate_sProjects_sGithub_sjet_sexamples_sfeatures_straits_c_cimpl_ushape_umatrix_djet_c_cGenericOwner`
      --> /jet/build/impl_shape_matrix.rs:127223:131
       |
127223 | ...hape_umatrix_djet_c_cGenericOwner<__jet_T: __jet_Printable> {
       |                                               ^^^^^^^^^^^^^^^ required by this bound in `__jet__shome_snate_sProjects_sGithub_sjet_sexamples_sfeatures_straits_c_cimpl_ushape_umatrix_djet_c_cGenericOwner`

error[E0277]: the trait bound `(String, ...): JetDisplay` is not satisfied
      --> /jet/build/impl_shape_matrix.rs:133035:69
       |
133035 |                 __jet_v_18273731066085559406 = Some(jet_fmt_display(__jet_l_7558517867557400085.as_ref().expect("MIR local")));
       |                                                     --------------- ^^^^^^^^^^^^^^^^^^^^^^^^^^^^^^^^^^^^^^^^^^^^^^^^^^^^^^^^ the trait `JetDisplay` is not implemented for `(String, ...)`
       |                                                     |
       |                                                     required by a bound introduced by this call
       |
       = help: the following other types implement trait `JetDisplay`:
                 &T
                 AllocError
                 BTreeMap<K, V>
                 BTreeSet<T>
                 BinaryHeap<T>
                 DBError
                 DBValue
                 DataError
               and 94 others
note: required by a bound in `jet_fmt_display`
      --> /jet/build/impl_shape_matrix.rs:18736:23
       |
 18736 | fn jet_fmt_display<T: JetDisplay + ?Sized>(value: &T) -> String {
       |                       ^^^^^^^^^^ required by this bound in `jet_fmt_display`
       = note: the full name for the type has been written to 'build/.work.impl_shape_matrix.2237217/impl_shape_matrix.long-type-13023779528972417693.txt'
       = note: consider using `--verbose` to print the full type name to the console

error[E0277]: the trait bound `__jet__shome_snate_sProjects_sGithub_sjet_sexamples_sfeatures_straits_c_cimpl_ushape_umatrix_djet_c_cDisplayDebugOwner: __jet_Printable` is not satisfied
      --> /jet/build/impl_shape_matrix.rs:133035:53
       |
133035 |                 __jet_v_18273731066085559406 = Some(jet_fmt_display(__jet_l_7558517867557400085.as_ref().expect("MIR local")));
       |                                                     ^^^^^^^^^^^^^^^ unsatisfied trait bound
       |
help: the trait `__jet_Printable` is not implemented for `__jet__shome_snate_sProjects_sGithub_sjet_sexamples_sfeatures_straits_c_cimpl_ushape_umatrix_djet_c_cDisplayDebugOwner`
      --> /jet/build/impl_shape_matrix.rs:127210:1
       |
127210 | struct __jet__shome_snate_sProjects_sGithub_sjet_sexamples_sfeatures_straits_c_cimpl_ushape_umatrix_djet_c_cDisplayDebugOwner {
       | ^^^^^^^^^^^^^^^^^^^^^^^^^^^^^^^^^^^^^^^^^^^^^^^^^^^^^^^^^^^^^^^^^^^^^^^^^^^^^^^^^^^^^^^^^^^^^^^^^^^^^^^^^^^^^^^^^^^^^^^^^^^^^
help: this trait has no implementations, consider adding one
      --> /jet/build/impl_shape_matrix.rs:127315:1
       |
127315 | pub trait __jet_Printable {
       | ^^^^^^^^^^^^^^^^^^^^^^^^^
note: required by a bound in `__jet__shome_snate_sProjects_sGithub_sjet_sexamples_sfeatures_straits_c_cimpl_ushape_umatrix_djet_c_cGenericOwner`
      --> /jet/build/impl_shape_matrix.rs:127223:131
       |
127223 | ...hape_umatrix_djet_c_cGenericOwner<__jet_T: __jet_Printable> {
       |                                               ^^^^^^^^^^^^^^^ required by this bound in `__jet__shome_snate_sProjects_sGithub_sjet_sexamples_sfeatures_straits_c_cimpl_ushape_umatrix_djet_c_cGenericOwner`

error[E0425]: cannot find function `__jet__shome_snate_sProjects_sGithub_sjet_sexamples_sfeatures_straits_c_cimpl_ushape_umatrix_djet_c_cEnumOwner_c_cDebug_c_cdebug` in this scope
      --> /jet/build/impl_shape_matrix.rs:133042:53
       |
127258 | struct __jet__shome_snate_sProjects_sGithub_sjet_sexamples_sfeatures_straits_c_cimpl_ushape_umatrix_djet_c_cDistinctOwner(pub jet_foundation::Numeric::JetInt);
       | --------------------------------------------------------------------------------------------------------------------------------------------------------------- similarly named tuple struct `__jet__shome_snate_sProjects_sGithub_sjet_sexamples_sfeatures_straits_c_cimpl_ushape_umatrix_djet_c_cDistinctOwner` defined here
...
133042 |                 __jet_v_13469115852865415941 = Some(__jet__shome_snate_sProjects_sGithub_sjet_sexamples_sfeatures_straits_c_cimpl_ushape_umatrix_djet_c_cEnumOwner_c_cDebug_c_cdebug(__...
       |                                                     ^^^^^^^^^^^^^^^^^^^^^^^^^^^^^^^^^^^^^^^^^^^^^^^^^^^^^^^^^^^^^^^^^^^^^^^^^^^^^^^^^^^^^^^^^^^^^^^^^^^^^^^^^^^^^^^^^^^^^^^^^^^^^^^^
       |
help: a tuple struct with a similar name exists
       |
133042 -                 __jet_v_13469115852865415941 = Some(__jet__shome_snate_sProjects_sGithub_sjet_sexamples_sfeatures_straits_c_cimpl_ushape_umatrix_djet_c_cEnumOwner_c_cDebug_c_cdebug(__jet_l_7808104671088698291.as_ref().expect("MIR local")));
133042 +                 __jet_v_13469115852865415941 = Some(__jet__shome_snate_sProjects_sGithub_sjet_sexamples_sfeatures_straits_c_cimpl_ushape_umatrix_djet_c_cDistinctOwner(__jet_l_7808104671088698291.as_ref().expect("MIR local")));
       |

error[E0425]: cannot find function `__jet__shome_snate_sProjects_sGithub_sjet_sexamples_sfeatures_straits_c_cimpl_ushape_umatrix_djet_c_cEnumOwner_c_cDebug_c_cdebug` in this scope
      --> /jet/build/impl_shape_matrix.rs:133045:53
       |
127258 | struct __jet__shome_snate_sProjects_sGithub_sjet_sexamples_sfeatures_straits_c_cimpl_ushape_umatrix_djet_c_cDistinctOwner(pub jet_foundation::Numeric::JetInt);
       | --------------------------------------------------------------------------------------------------------------------------------------------------------------- similarly named tuple struct `__jet__shome_snate_sProjects_sGithub_sjet_sexamples_sfeatures_straits_c_cimpl_ushape_umatrix_djet_c_cDistinctOwner` defined here
...
133045 |                 __jet_v_14860255661233663512 = Some(__jet__shome_snate_sProjects_sGithub_sjet_sexamples_sfeatures_straits_c_cimpl_ushape_umatrix_djet_c_cEnumOwner_c_cDebug_c_cdebug(__...
       |                                                     ^^^^^^^^^^^^^^^^^^^^^^^^^^^^^^^^^^^^^^^^^^^^^^^^^^^^^^^^^^^^^^^^^^^^^^^^^^^^^^^^^^^^^^^^^^^^^^^^^^^^^^^^^^^^^^^^^^^^^^^^^^^^^^^^
       |
help: a tuple struct with a similar name exists
       |
133045 -                 __jet_v_14860255661233663512 = Some(__jet__shome_snate_sProjects_sGithub_sjet_sexamples_sfeatures_straits_c_cimpl_ushape_umatrix_djet_c_cEnumOwner_c_cDebug_c_cdebug(__jet_l_7808104671088698291.as_ref().expect("MIR local")));
133045 +                 __jet_v_14860255661233663512 = Some(__jet__shome_snate_sProjects_sGithub_sjet_sexamples_sfeatures_straits_c_cimpl_ushape_umatrix_djet_c_cDistinctOwner(__jet_l_7808104671088698291.as_ref().expect("MIR local")));
       |

error[E0277]: the trait bound `__jet__shome_snate_sProjects_sGithub_sjet_sexamples_sfeatures_straits_c_cimpl_ushape_umatrix_djet_c_cEnumOwner: JetDisplay` is not satisfied
      --> /jet/build/impl_shape_matrix.rs:133068:68
       |
133068 |                 __jet_v_2246941598679339086 = Some(jet_fmt_display(__jet_l_8488542947141698017.as_ref().expect("MIR local")));
       |                                                    --------------- ^^^^^^^^^^^^^^^^^^^^^^^^^^^^^^^^^^^^^^^^^^^^^^^^^^^^^^^^ unsatisfied trait bound
       |                                                    |
       |                                                    required by a bound introduced by this call
       |
help: the trait `JetDisplay` is not implemented for `__jet__shome_snate_sProjects_sGithub_sjet_sexamples_sfeatures_straits_c_cimpl_ushape_umatrix_djet_c_cEnumOwner`
      --> /jet/build/impl_shape_matrix.rs:127176:1
       |
127176 | enum __jet__shome_snate_sProjects_sGithub_sjet_sexamples_sfeatures_straits_c_cimpl_ushape_umatrix_djet_c_cEnumOwner {
       | ^^^^^^^^^^^^^^^^^^^^^^^^^^^^^^^^^^^^^^^^^^^^^^^^^^^^^^^^^^^^^^^^^^^^^^^^^^^^^^^^^^^^^^^^^^^^^^^^^^^^^^^^^^^^^^^^^^^
       = help: the following other types implement trait `JetDisplay`:
                 &T
                 AllocError
                 BTreeMap<K, V>
                 BTreeSet<T>
                 BinaryHeap<T>
                 DBError
                 DBValue
                 DataError
               and 94 others
note: required for `Vec<...>` to implement `JetDisplay`
      --> /jet/build/impl_shape_matrix.rs:19346:21
       |
 19346 | impl<T: JetDisplay> JetDisplay for Vec<T> {
       |         ----------  ^^^^^^^^^^     ^^^^^^
       |         |
       |         unsatisfied trait bound introduced here
note: required by a bound in `jet_fmt_display`
      --> /jet/build/impl_shape_matrix.rs:18736:23
       |
 18736 | fn jet_fmt_display<T: JetDisplay + ?Sized>(value: &T) -> String {
       |                       ^^^^^^^^^^ required by this bound in `jet_fmt_display`
       = note: the full name for the type has been written to 'build/.work.impl_shape_matrix.2237217/impl_shape_matrix.long-type-8924431117428134828.txt'
       = note: consider using `--verbose` to print the full type name to the console

error[E0277]: the trait bound `__jet__shome_snate_sProjects_sGithub_sjet_sexamples_sfeatures_straits_c_cimpl_ushape_umatrix_djet_c_cEnumOwner: JetDisplay` is not satisfied
      --> /jet/build/impl_shape_matrix.rs:133069:68
       |
133069 |                 __jet_v_8021592210689055993 = Some(jet_fmt_display(__jet_l_3196013321194617304.as_ref().expect("MIR local")));
       |                                                    --------------- ^^^^^^^^^^^^^^^^^^^^^^^^^^^^^^^^^^^^^^^^^^^^^^^^^^^^^^^^ unsatisfied trait bound
       |                                                    |
       |                                                    required by a bound introduced by this call
       |
help: the trait `JetDisplay` is not implemented for `__jet__shome_snate_sProjects_sGithub_sjet_sexamples_sfeatures_straits_c_cimpl_ushape_umatrix_djet_c_cEnumOwner`
      --> /jet/build/impl_shape_matrix.rs:127176:1
       |
127176 | enum __jet__shome_snate_sProjects_sGithub_sjet_sexamples_sfeatures_straits_c_cimpl_ushape_umatrix_djet_c_cEnumOwner {
       | ^^^^^^^^^^^^^^^^^^^^^^^^^^^^^^^^^^^^^^^^^^^^^^^^^^^^^^^^^^^^^^^^^^^^^^^^^^^^^^^^^^^^^^^^^^^^^^^^^^^^^^^^^^^^^^^^^^^
       = help: the following other types implement trait `JetDisplay`:
                 &T
                 AllocError
                 BTreeMap<K, V>
                 BTreeSet<T>
                 BinaryHeap<T>
                 DBError
                 DBValue
                 DataError
               and 94 others
note: required for `JetMap<String, ...>` to implement `JetDisplay`
      --> /jet/build/impl_shape_matrix.rs:19113:42
       |
 19113 | impl<K: Ord + JetDisplay, V: JetDisplay> JetDisplay for JetMap<K, V> {
       |                              ----------  ^^^^^^^^^^     ^^^^^^^^^^^^
       |                              |
       |                              unsatisfied trait bound introduced here
note: required by a bound in `jet_fmt_display`
      --> /jet/build/impl_shape_matrix.rs:18736:23
       |
 18736 | fn jet_fmt_display<T: JetDisplay + ?Sized>(value: &T) -> String {
       |                       ^^^^^^^^^^ required by this bound in `jet_fmt_display`
       = note: the full name for the type has been written to 'build/.work.impl_shape_matrix.2237217/impl_shape_matrix.long-type-17181272945010856388.txt'
       = note: consider using `--verbose` to print the full type name to the console

error[E0277]: the trait bound `(String, ...): JetDisplay` is not satisfied
      --> /jet/build/impl_shape_matrix.rs:133070:69
       |
133070 |                 __jet_v_14301875090020877503 = Some(jet_fmt_display(__jet_l_3506783511251417430.as_ref().expect("MIR local")));
       |                                                     --------------- ^^^^^^^^^^^^^^^^^^^^^^^^^^^^^^^^^^^^^^^^^^^^^^^^^^^^^^^^ the trait `JetDisplay` is not implemented for `(String, ...)`
       |                                                     |
       |                                                     required by a bound introduced by this call
       |
       = help: the following other types implement trait `JetDisplay`:
                 &T
                 AllocError
                 BTreeMap<K, V>
                 BTreeSet<T>
                 BinaryHeap<T>
                 DBError
                 DBValue
                 DataError
               and 94 others
note: required by a bound in `jet_fmt_display`
      --> /jet/build/impl_shape_matrix.rs:18736:23
       |
 18736 | fn jet_fmt_display<T: JetDisplay + ?Sized>(value: &T) -> String {
       |                       ^^^^^^^^^^ required by this bound in `jet_fmt_display`
       = note: the full name for the type has been written to 'build/.work.impl_shape_matrix.2237217/impl_shape_matrix.long-type-15356440550481895896.txt'
       = note: consider using `--verbose` to print the full type name to the console

error[E0425]: cannot find function `__jet__shome_snate_sProjects_sGithub_sjet_sexamples_sfeatures_straits_c_cimpl_ushape_umatrix_djet_c_cUnitOwner_c_cDebug_c_cdebug` in this scope
      --> /jet/build/impl_shape_matrix.rs:133077:52
       |
127258 | struct __jet__shome_snate_sProjects_sGithub_sjet_sexamples_sfeatures_straits_c_cimpl_ushape_umatrix_djet_c_cDistinctOwner(pub jet_foundation::Numeric::JetInt);
       | --------------------------------------------------------------------------------------------------------------------------------------------------------------- similarly named tuple struct `__jet__shome_snate_sProjects_sGithub_sjet_sexamples_sfeatures_straits_c_cimpl_ushape_umatrix_djet_c_cDistinctOwner` defined here
...
133077 |                 __jet_v_2532085274858407703 = Some(__jet__shome_snate_sProjects_sGithub_sjet_sexamples_sfeatures_straits_c_cimpl_ushape_umatrix_djet_c_cUnitOwner_c_cDebug_c_cdebug(__...
       |                                                    ^^^^^^^^^^^^^^^^^^^^^^^^^^^^^^^^^^^^^^^^^^^^^^^^^^^^^^^^^^^^^^^^^^^^^^^^^^^^^^^^^^^^^^^^^^^^^^^^^^^^^^^^^^^^^^^^^^^^^^^^^^^^^^^^
       |
help: a tuple struct with a similar name exists
       |
133077 -                 __jet_v_2532085274858407703 = Some(__jet__shome_snate_sProjects_sGithub_sjet_sexamples_sfeatures_straits_c_cimpl_ushape_umatrix_djet_c_cUnitOwner_c_cDebug_c_cdebug(__jet_l_14774680174939703262.as_ref().expect("MIR local")));
133077 +                 __jet_v_2532085274858407703 = Some(__jet__shome_snate_sProjects_sGithub_sjet_sexamples_sfeatures_straits_c_cimpl_ushape_umatrix_djet_c_cDistinctOwner(__jet_l_14774680174939703262.as_ref().expect("MIR local")));
       |

error[E0425]: cannot find function `__jet__shome_snate_sProjects_sGithub_sjet_sexamples_sfeatures_straits_c_cimpl_ushape_umatrix_djet_c_cUnitOwner_c_cDebug_c_cdebug` in this scope
      --> /jet/build/impl_shape_matrix.rs:133080:53
       |
127258 | struct __jet__shome_snate_sProjects_sGithub_sjet_sexamples_sfeatures_straits_c_cimpl_ushape_umatrix_djet_c_cDistinctOwner(pub jet_foundation::Numeric::JetInt);
       | --------------------------------------------------------------------------------------------------------------------------------------------------------------- similarly named tuple struct `__jet__shome_snate_sProjects_sGithub_sjet_sexamples_sfeatures_straits_c_cimpl_ushape_umatrix_djet_c_cDistinctOwner` defined here
...
133080 |                 __jet_v_10713902097497968818 = Some(__jet__shome_snate_sProjects_sGithub_sjet_sexamples_sfeatures_straits_c_cimpl_ushape_umatrix_djet_c_cUnitOwner_c_cDebug_c_cdebug(__...
       |                                                     ^^^^^^^^^^^^^^^^^^^^^^^^^^^^^^^^^^^^^^^^^^^^^^^^^^^^^^^^^^^^^^^^^^^^^^^^^^^^^^^^^^^^^^^^^^^^^^^^^^^^^^^^^^^^^^^^^^^^^^^^^^^^^^^^
       |
help: a tuple struct with a similar name exists
       |
133080 -                 __jet_v_10713902097497968818 = Some(__jet__shome_snate_sProjects_sGithub_sjet_sexamples_sfeatures_straits_c_cimpl_ushape_umatrix_djet_c_cUnitOwner_c_cDebug_c_cdebug(__jet_l_14774680174939703262.as_ref().expect("MIR local")));
133080 +                 __jet_v_10713902097497968818 = Some(__jet__shome_snate_sProjects_sGithub_sjet_sexamples_sfeatures_straits_c_cimpl_ushape_umatrix_djet_c_cDistinctOwner(__jet_l_14774680174939703262.as_ref().expect("MIR local")));
       |

error[E0277]: the trait bound `__jet__shome_snate_sProjects_sGithub_sjet_sexamples_sfeatures_straits_c_cimpl_ushape_umatrix_djet_c_cUnitOwner: JetDisplay` is not satisfied
      --> /jet/build/impl_shape_matrix.rs:133099:68
       |
133099 |                 __jet_v_1194486238467611702 = Some(jet_fmt_display(__jet_l_8012995032751362240.as_ref().expect("MIR local")));
       |                                                    --------------- ^^^^^^^^^^^^^^^^^^^^^^^^^^^^^^^^^^^^^^^^^^^^^^^^^^^^^^^^ unsatisfied trait bound
       |                                                    |
       |                                                    required by a bound introduced by this call
       |
help: the trait `JetDisplay` is not implemented for `__jet__shome_snate_sProjects_sGithub_sjet_sexamples_sfeatures_straits_c_cimpl_ushape_umatrix_djet_c_cUnitOwner`
      --> /jet/build/impl_shape_matrix.rs:127284:1
       |
127284 | struct __jet__shome_snate_sProjects_sGithub_sjet_sexamples_sfeatures_straits_c_cimpl_ushape_umatrix_djet_c_cUnitOwner {
       | ^^^^^^^^^^^^^^^^^^^^^^^^^^^^^^^^^^^^^^^^^^^^^^^^^^^^^^^^^^^^^^^^^^^^^^^^^^^^^^^^^^^^^^^^^^^^^^^^^^^^^^^^^^^^^^^^^^^^^
       = help: the following other types implement trait `JetDisplay`:
                 &T
                 AllocError
                 BTreeMap<K, V>
                 BTreeSet<T>
                 BinaryHeap<T>
                 DBError
                 DBValue
                 DataError
               and 94 others
note: required for `Vec<...>` to implement `JetDisplay`
      --> /jet/build/impl_shape_matrix.rs:19346:21
       |
 19346 | impl<T: JetDisplay> JetDisplay for Vec<T> {
       |         ----------  ^^^^^^^^^^     ^^^^^^
       |         |
       |         unsatisfied trait bound introduced here
note: required by a bound in `jet_fmt_display`
      --> /jet/build/impl_shape_matrix.rs:18736:23
       |
 18736 | fn jet_fmt_display<T: JetDisplay + ?Sized>(value: &T) -> String {
       |                       ^^^^^^^^^^ required by this bound in `jet_fmt_display`
       = note: the full name for the type has been written to 'build/.work.impl_shape_matrix.2237217/impl_shape_matrix.long-type-3656362485898793984.txt'
       = note: consider using `--verbose` to print the full type name to the console

error[E0277]: the trait bound `__jet__shome_snate_sProjects_sGithub_sjet_sexamples_sfeatures_straits_c_cimpl_ushape_umatrix_djet_c_cUnitOwner: JetDisplay` is not satisfied
      --> /jet/build/impl_shape_matrix.rs:133100:69
       |
133100 |                 __jet_v_17642910380465975030 = Some(jet_fmt_display(__jet_l_2679635170898632489.as_ref().expect("MIR local")));
       |                                                     --------------- ^^^^^^^^^^^^^^^^^^^^^^^^^^^^^^^^^^^^^^^^^^^^^^^^^^^^^^^^ unsatisfied trait bound
       |                                                     |
       |                                                     required by a bound introduced by this call
       |
help: the trait `JetDisplay` is not implemented for `__jet__shome_snate_sProjects_sGithub_sjet_sexamples_sfeatures_straits_c_cimpl_ushape_umatrix_djet_c_cUnitOwner`
      --> /jet/build/impl_shape_matrix.rs:127284:1
       |
127284 | struct __jet__shome_snate_sProjects_sGithub_sjet_sexamples_sfeatures_straits_c_cimpl_ushape_umatrix_djet_c_cUnitOwner {
       | ^^^^^^^^^^^^^^^^^^^^^^^^^^^^^^^^^^^^^^^^^^^^^^^^^^^^^^^^^^^^^^^^^^^^^^^^^^^^^^^^^^^^^^^^^^^^^^^^^^^^^^^^^^^^^^^^^^^^^
       = help: the following other types implement trait `JetDisplay`:
                 &T
                 AllocError
                 BTreeMap<K, V>
                 BTreeSet<T>
                 BinaryHeap<T>
                 DBError
                 DBValue
                 DataError
               and 94 others
note: required for `JetMap<String, ...>` to implement `JetDisplay`
      --> /jet/build/impl_shape_matrix.rs:19113:42
       |
 19113 | impl<K: Ord + JetDisplay, V: JetDisplay> JetDisplay for JetMap<K, V> {
       |                              ----------  ^^^^^^^^^^     ^^^^^^^^^^^^
       |                              |
       |                              unsatisfied trait bound introduced here
note: required by a bound in `jet_fmt_display`
      --> /jet/build/impl_shape_matrix.rs:18736:23
       |
 18736 | fn jet_fmt_display<T: JetDisplay + ?Sized>(value: &T) -> String {
       |                       ^^^^^^^^^^ required by this bound in `jet_fmt_display`
       = note: the full name for the type has been written to 'build/.work.impl_shape_matrix.2237217/impl_shape_matrix.long-type-16427682738505094042.txt'
       = note: consider using `--verbose` to print the full type name to the console

error[E0277]: the trait bound `(String, ...): JetDisplay` is not satisfied
      --> /jet/build/impl_shape_matrix.rs:133101:69
       |
133101 |                 __jet_v_11399493463781405051 = Some(jet_fmt_display(__jet_l_6498780405389307761.as_ref().expect("MIR local")));
       |                                                     --------------- ^^^^^^^^^^^^^^^^^^^^^^^^^^^^^^^^^^^^^^^^^^^^^^^^^^^^^^^^ the trait `JetDisplay` is not implemented for `(String, ...)`
       |                                                     |
       |                                                     required by a bound introduced by this call
       |
       = help: the following other types implement trait `JetDisplay`:
                 &T
                 AllocError
                 BTreeMap<K, V>
                 BTreeSet<T>
                 BinaryHeap<T>
                 DBError
                 DBValue
                 DataError
               and 94 others
note: required by a bound in `jet_fmt_display`
      --> /jet/build/impl_shape_matrix.rs:18736:23
       |
 18736 | fn jet_fmt_display<T: JetDisplay + ?Sized>(value: &T) -> String {
       |                       ^^^^^^^^^^ required by this bound in `jet_fmt_display`
       = note: the full name for the type has been written to 'build/.work.impl_shape_matrix.2237217/impl_shape_matrix.long-type-5733945237354346630.txt'
       = note: consider using `--verbose` to print the full type name to the console

error[E0277]: the trait bound `__jet__shome_snate_sProjects_sGithub_sjet_sexamples_sfeatures_straits_c_cimpl_ushape_umatrix_djet_c_cDistinctOwner: JetDisplay` is not satisfied
      --> /jet/build/impl_shape_matrix.rs:133104:69
       |
133104 |                 __jet_v_11751949043229805656 = Some(jet_fmt_display(__jet_l_4807452827529898525.as_ref().expect("MIR local")));
       |                                                     --------------- ^^^^^^^^^^^^^^^^^^^^^^^^^^^^^^^^^^^^^^^^^^^^^^^^^^^^^^^^ unsatisfied trait bound
       |                                                     |
       |                                                     required by a bound introduced by this call
       |
help: the trait `JetDisplay` is not implemented for `__jet__shome_snate_sProjects_sGithub_sjet_sexamples_sfeatures_straits_c_cimpl_ushape_umatrix_djet_c_cDistinctOwner`
      --> /jet/build/impl_shape_matrix.rs:127258:1
       |
127258 | struct __jet__shome_snate_sProjects_sGithub_sjet_sexamples_sfeatures_straits_c_cimpl_ushape_umatrix_djet_c_cDistinctOwner(pub je...
       | ^^^^^^^^^^^^^^^^^^^^^^^^^^^^^^^^^^^^^^^^^^^^^^^^^^^^^^^^^^^^^^^^^^^^^^^^^^^^^^^^^^^^^^^^^^^^^^^^^^^^^^^^^^^^^^^^^^^^^^^^^
       = help: the following other types implement trait `JetDisplay`:
                 &T
                 AllocError
                 BTreeMap<K, V>
                 BTreeSet<T>
                 BinaryHeap<T>
                 DBError
                 DBValue
                 DataError
               and 94 others
note: required by a bound in `jet_fmt_display`
      --> /jet/build/impl_shape_matrix.rs:18736:23
       |
 18736 | fn jet_fmt_display<T: JetDisplay + ?Sized>(value: &T) -> String {
       |                       ^^^^^^^^^^ required by this bound in `jet_fmt_display`

error[E0599]: no method named `jet_show` found for struct `__jet__shome_snate_sProjects_sGithub_sjet_sexamples_sfeatures_straits_c_cimpl_ushape_umatrix_djet_c_cDistinctOwner` in the current scope
      --> /jet/build/impl_shape_matrix.rs:133122:161
       |
127258 | struct __jet__shome_snate_sProjects_sGithub_sjet_sexamples_sfeatures_straits_c_cimpl_ushape_umatrix_djet_c_cDistinctOwner(pub jet_foundation::Numeric::JetInt);
       | ------------------------------------------------------------------------------------------------------------------------- method `jet_show` not found for this struct
...
133122 |                 __jet_v_17427918011033302242 = Some({ let _ = jet_term_write_stdout_line(&(((__jet_v_6373943406819053403.as_ref().expect("MIR value")).clone()).jet_show())...
       |                                                                                                                                                                 ^^^^^^^^ method not found in `__jet__shome_snate_sProjects_sGithub_sjet_sexamples_sfeatures_straits_c_cimpl_ushape_umatrix_djet_c_cDistinctOwner`
       |
       = help: items from traits can only be used if the trait is implemented and in scope
note: `JetShow` defines an item `jet_show`, perhaps you need to implement it
      --> /jet/build/impl_shape_matrix.rs:18698:1
       |
 18698 | trait JetShow {
       | ^^^^^^^^^^^^^
help: one of the expressions' fields has a method of the same name
       |
133122 |                 __jet_v_17427918011033302242 = Some({ let _ = jet_term_write_stdout_line(&(((__jet_v_6373943406819053403.as_ref().expect("MIR value")).clone()).0.jet_show()), true); });
       |                                                                                                                                                                 ++

error[E0277]: the trait bound `__jet__shome_snate_sProjects_sGithub_sjet_sexamples_sfeatures_straits_c_cimpl_ushape_umatrix_djet_c_cDistinctOwner: JetDisplay` is not satisfied
      --> /jet/build/impl_shape_matrix.rs:133137:67
       |
133137 |                 __jet_v_857965426382278180 = Some(jet_fmt_display(__jet_l_6578067380937227228.as_ref().expect("MIR local")));
       |                                                   --------------- ^^^^^^^^^^^^^^^^^^^^^^^^^^^^^^^^^^^^^^^^^^^^^^^^^^^^^^^^ unsatisfied trait bound
       |                                                   |
       |                                                   required by a bound introduced by this call
       |
help: the trait `JetDisplay` is not implemented for `__jet__shome_snate_sProjects_sGithub_sjet_sexamples_sfeatures_straits_c_cimpl_ushape_umatrix_djet_c_cDistinctOwner`
      --> /jet/build/impl_shape_matrix.rs:127258:1
       |
127258 | struct __jet__shome_snate_sProjects_sGithub_sjet_sexamples_sfeatures_straits_c_cimpl_ushape_umatrix_djet_c_cDistinctOwner(pub je...
       | ^^^^^^^^^^^^^^^^^^^^^^^^^^^^^^^^^^^^^^^^^^^^^^^^^^^^^^^^^^^^^^^^^^^^^^^^^^^^^^^^^^^^^^^^^^^^^^^^^^^^^^^^^^^^^^^^^^^^^^^^^
       = help: the following other types implement trait `JetDisplay`:
                 &T
                 AllocError
                 BTreeMap<K, V>
                 BTreeSet<T>
                 BinaryHeap<T>
                 DBError
                 DBValue
                 DataError
               and 94 others
note: required for `Vec<...>` to implement `JetDisplay`
      --> /jet/build/impl_shape_matrix.rs:19346:21
       |
 19346 | impl<T: JetDisplay> JetDisplay for Vec<T> {
       |         ----------  ^^^^^^^^^^     ^^^^^^
       |         |
       |         unsatisfied trait bound introduced here
note: required by a bound in `jet_fmt_display`
      --> /jet/build/impl_shape_matrix.rs:18736:23
       |
 18736 | fn jet_fmt_display<T: JetDisplay + ?Sized>(value: &T) -> String {
       |                       ^^^^^^^^^^ required by this bound in `jet_fmt_display`
       = note: the full name for the type has been written to 'build/.work.impl_shape_matrix.2237217/impl_shape_matrix.long-type-16786798446381607153.txt'
       = note: consider using `--verbose` to print the full type name to the console

error[E0277]: the trait bound `(String, jet_foundation_numeric::JetInt): JetDisplay` is not satisfied
      --> /jet/build/impl_shape_matrix.rs:133139:68
       |
133139 |                 __jet_v_4832179984424351302 = Some(jet_fmt_display(__jet_l_16226988272438383003.as_ref().expect("MIR local")));
       |                                                    --------------- ^^^^^^^^^^^^^^^^^^^^^^^^^^^^^^^^^^^^^^^^^^^^^^^^^^^^^^^^^ the trait `JetDisplay` is not implemented for `(String, jet_foundation_numeric::JetInt)`
       |                                                    |
       |                                                    required by a bound introduced by this call
       |
       = help: the following other types implement trait `JetDisplay`:
                 &T
                 AllocError
                 BTreeMap<K, V>
                 BTreeSet<T>
                 BinaryHeap<T>
                 DBError
                 DBValue
                 DataError
               and 94 others
note: required by a bound in `jet_fmt_display`
      --> /jet/build/impl_shape_matrix.rs:18736:23
       |
 18736 | fn jet_fmt_display<T: JetDisplay + ?Sized>(value: &T) -> String {
       |                       ^^^^^^^^^^ required by this bound in `jet_fmt_display`

warning: unused import: `Read`
      --> /jet/build/impl_shape_matrix.rs:114736:15
       |
114736 | use std::io::{Read, Seek, SeekFrom, Write};
       |               ^^^^

warning: unused import: `Write`
      --> /jet/build/impl_shape_matrix.rs:114736:37
       |
114736 | use std::io::{Read, Seek, SeekFrom, Write};
       |                                     ^^^^^

warning: unused import: `Any`
      --> /jet/build/impl_shape_matrix.rs:114733:16
       |
114733 | use std::any::{Any as JetWebStoreAny, TypeId as JetWebStoreTypeId};
       |                ^^^

warning: value assigned to `cursor` is never read
      --> /jet/build/impl_shape_matrix.rs:121850:17
       |
121850 |                 cursor += 2;
       |                 ^^^^^^^^^^^ this value is reassigned later and never used
...
121853 |                 cursor += 1;
       |                 ----------- `cursor` is overwritten here before the previous value is read
       |
       = note: `#[warn(unused_assignments)]` (part of `#[warn(unused)]`) on by default

warning: value assigned to `cursor` is never read
      --> /jet/build/impl_shape_matrix.rs:121853:17
       |
121853 |                 cursor += 1;
       |                 ^^^^^^^^^^^
       |
       = help: maybe it is overwritten before being read?

error: aborting due to 160 previous errors; 122 warnings emitted

Some errors have detailed explanations: E0119, E0277, E0308, E0407, E0425, E0599.
For more information about an error, try `rustc --explain E0119`.
